ss,task,seed,step,U,K,gap_norm,retains_top,sel_obj_rank,reg_restrict,reg_full
6767,146065,0,5,44253,1000,0.0137,0,0.9237,0.007782592529365973,0.03891062412743984
6767,146065,0,6,44252,1250,0.02482,0,0.2366,0.007782592529365973,0.03891062412743984
6767,146065,0,7,44251,1415,0.01627,0,0.9237,0.007782592529365973,0.03891062412743984
6767,146065,0,8,44250,1096,0.01627,0,0.2235,0.007782592529365973,0.03891062412743984
6767,146065,0,9,44249,1325,0.01873,0,0.9237,0.007782592529365973,0.03891062412743984
6767,146065,0,10,44248,1198,0.0115,0,0.9237,0.007782592529365973,0.03891062412743984
6767,146065,0,11,44247,1171,0.03525,0,0.9237,0.007782592529365973,0.03891062412743984
6767,146065,0,12,44246,1285,0.08751,0,0.9237,0.007782592529365973,0.03891062412743984
6767,146065,0,13,44245,1529,0.01638,0,0.2119,0.007782592529365973,0.03891062412743984
6767,146065,0,14,44244,1356,0.03555,0,0.9237,0.007782592529365973,0.03891062412743984
6767,146065,0,15,44243,1359,0.15229,0,0.9237,0.007782592529365973,0.03891062412743984
6767,146065,0,16,44242,1674,0.0547,0,0.9336,0.007782592529365973,0.03891062412743984
6767,146065,0,17,44241,1672,0.13686,0,0.9237,0.007782592529365973,0.03891062412743984
6767,146065,0,18,44240,1836,0.09267,0,0.0584,0.007782592529365973,0.03891062412743984
6767,146065,0,19,44239,2053,0.06197,0,0.9237,0.007782592529365973,0.03891062412743984
6767,146065,0,20,44238,1846,0.01939,0,0.9966,0.007782592529365973,0.03891062412743984
6767,146065,0,21,44237,1000,0.01964,0,0.9237,0.007782592529365973,0.03891062412743984
6767,146065,0,22,44236,1000,0.08215,0,0.0061,0.007782592529365973,0.03891062412743984
6767,146065,0,23,44235,1078,0.12511,0,0.9237,0.007782592529365973,0.03891062412743984
6767,146065,0,24,44234,1000,0.08434,0,0.9237,0.007782592529365973,0.03891062412743984
6767,146065,1,5,44253,1000,0.03631,0,0.9237,0.0,0.0
6767,146065,1,6,44252,1133,0.01151,0,0.9237,0.0,0.0
6767,146065,1,7,44251,1140,0.01804,0,0.1836,0.0,0.0
6767,146065,1,8,44250,1114,0.05093,0,0.9832,0.0,0.0
6767,146065,1,9,44249,1073,0.02889,0,0.0054,0.0,0.0
6767,146065,1,10,44248,1091,0.02683,0,0.9237,0.0,0.0
6767,146065,1,11,44247,1158,0.02128,0,0.9237,0.0,0.0
6767,146065,1,12,44246,1177,0.07566,0,0.9503,0.0,0.0
6767,146065,1,13,44245,1144,0.08638,0,0.9237,0.0,0.0
6767,146065,1,14,44244,1311,0.0,1,0.2035,0.0,0.0
6767,146065,1,15,44243,1184,0.04525,0,1.0,0.0,0.0
6767,146065,1,16,44242,1165,0.02474,0,0.045,0.0,0.0
6767,146065,1,17,44241,1136,0.01759,0,0.9618,0.0,0.0
6767,146065,1,18,44240,1190,0.09112,0,0.9866,0.0,0.0
6767,146065,1,19,44239,1123,0.04951,0,1.0,0.0,0.0
6767,146065,1,20,44238,1072,0.02379,0,0.9919,0.0,0.0
6767,146065,1,21,44237,1097,0.0133,0,0.9951,0.0,0.0
6767,146065,1,22,44236,1036,0.01765,0,0.9238,0.0,0.0
6767,146065,1,23,44235,1156,0.00853,1,0.9238,0.0,0.0
6767,146065,1,24,44234,1166,0.01018,0,0.9238,0.0,0.0
6767,146065,2,5,44253,1000,0.0,1,0.9237,0.01945414280402502,0.40466908781374156
6767,146065,2,6,44252,1016,0.00859,1,0.9237,0.01945414280402502,0.40466908781374156
6767,146065,2,7,44251,1029,0.01027,0,0.9329,0.01945414280402502,0.40466908781374156
6767,146065,2,8,44250,1000,0.07035,0,0.9237,0.01945414280402502,0.40466908781374156
6767,146065,2,9,44249,1000,0.04369,0,0.9237,0.01945414280402502,0.40466908781374156
6767,146065,2,10,44248,1053,0.0573,0,0.9237,0.01945414280402502,0.40466908781374156
6767,146065,2,11,44247,1128,0.05522,0,0.9832,0.01945414280402502,0.40466908781374156
6767,146065,2,12,44246,1000,0.03176,0,0.9237,0.01945414280402502,0.40466908781374156
6767,146065,2,13,44245,1000,0.0,1,0.9597,0.01945414280402502,0.40466908781374156
6767,146065,2,14,44244,1000,0.06732,0,0.1934,0.01945414280402502,0.40466908781374156
6767,146065,2,15,44243,1000,0.08713,0,0.9329,0.01945414280402502,0.40466908781374156
6767,146065,2,16,44242,1000,0.03676,0,0.9675,0.01945414280402502,0.40466908781374156
6767,146065,2,17,44241,1000,0.03336,0,0.9238,0.01945414280402502,0.40466908781374156
6767,146065,2,18,44240,1000,0.0763,0,0.9918,0.01945414280402502,0.40466908781374156
6767,146065,2,19,44239,1000,0.03151,0,0.9238,0.01945414280402502,0.40466908781374156
6767,146065,2,20,44238,1000,0.09049,0,0.9837,0.01945414280402502,0.40466908781374156
6767,146065,2,21,44237,1000,0.03418,0,0.9918,0.01945414280402502,0.40466908781374156
6767,146065,2,22,44236,1000,0.04111,0,0.9407,0.01945414280402502,0.40466908781374156
6767,146065,2,23,44235,1000,0.04389,0,0.9918,0.01945414280402502,0.40466908781374156
6767,146065,2,24,44234,1000,0.04297,0,0.045,0.01945414280402502,0.40466908781374156
6767,146065,3,5,44253,1000,0.00592,1,0.9237,0.023345439068708007,0.011673888794048959
6767,146065,3,6,44252,1009,0.00663,1,0.9237,0.023345439068708007,0.011673888794048959
6767,146065,3,7,44251,1021,0.00604,1,0.0583,0.023345439068708007,0.011673888794048959
6767,146065,3,8,44250,1018,0.01656,0,0.9237,0.023345439068708007,0.011673888794048959
6767,146065,3,9,44249,1035,0.00935,1,0.9237,0.023345439068708007,0.011673888794048959
6767,146065,3,10,44248,1035,0.00454,1,0.9237,0.023345439068708007,0.011673888794048959
6767,146065,3,11,44247,1066,0.00636,1,0.9237,0.023345439068708007,0.011673888794048959
6767,146065,3,12,44246,1052,0.01621,0,0.0076,0.023345439068708007,0.011673888794048959
6767,146065,3,13,44245,1029,0.00602,1,0.9237,0.023345439068708007,0.011673888794048959
6767,146065,3,14,44244,1024,0.01095,0,0.9237,0.023345439068708007,0.011673888794048959
6767,146065,3,15,44243,1103,0.00875,1,0.9236,0.023345439068708007,0.011673888794048959
6767,146065,3,16,44242,1059,0.00373,1,0.9236,0.023345439068708007,0.011673888794048959
6767,146065,3,17,44241,1128,0.03501,0,0.0085,0.023345439068708007,0.011673888794048959
6767,146065,3,18,44240,1091,0.01238,0,0.9236,0.023345439068708007,0.011673888794048959
6767,146065,3,19,44239,1056,0.0,1,0.9236,0.023345439068708007,0.011673888794048959
6767,146065,3,20,44238,1069,0.00936,1,0.9908,0.023345439068708007,0.011673888794048959
6767,146065,3,21,44237,1000,0.04638,0,0.9763,0.023345439068708007,0.011673888794048959
6767,146065,3,22,44236,1000,0.05364,0,0.0595,0.023345439068708007,0.011673888794048959
6767,146065,3,23,44235,1000,0.04132,0,0.9237,0.023345439068708007,0.011673888794048959
6767,146065,3,24,44234,1000,0.01005,0,0.985,0.023345439068708007,0.011673888794048959
6767,146065,4,5,44253,1000,0.0,1,0.9237,0.023345439068708007,0.015565185058731945
6767,146065,4,6,44252,1065,0.0,1,0.1934,0.023345439068708007,0.015565185058731945
6767,146065,4,7,44251,1000,0.03246,0,0.9237,0.023345439068708007,0.015565185058731945
6767,146065,4,8,44250,1000,0.00014,1,0.9247,0.023345439068708007,0.015565185058731945
6767,146065,4,9,44249,1000,0.095,0,0.9823,0.023345439068708007,0.015565185058731945
6767,146065,4,10,44248,1000,0.00155,1,0.9635,0.023345439068708007,0.015565185058731945
6767,146065,4,11,44247,1000,0.0,1,0.9908,0.023345439068708007,0.015565185058731945
6767,146065,4,12,44246,1000,0.01646,0,0.045,0.023345439068708007,0.015565185058731945
6767,146065,4,13,44245,1000,0.01355,0,0.1678,0.023345439068708007,0.015565185058731945
6767,146065,4,14,44244,1000,0.03583,0,0.045,0.023345439068708007,0.015565185058731945
6767,146065,4,15,44243,1000,0.00021,1,0.9908,0.023345439068708007,0.015565185058731945
6767,146065,4,16,44242,1000,0.02742,0,0.9238,0.023345439068708007,0.015565185058731945
6767,146065,4,17,44241,1000,0.02693,0,0.9908,0.023345439068708007,0.015565185058731945
6767,146065,4,18,44240,1000,0.06318,0,0.9238,0.023345439068708007,0.015565185058731945
6767,146065,4,19,44239,1000,0.02152,0,0.9531,0.023345439068708007,0.015565185058731945
6767,146065,4,20,44238,1000,0.07997,0,0.2119,0.023345439068708007,0.015565185058731945
6767,146065,4,21,44237,1000,0.07945,0,0.9838,0.023345439068708007,0.015565185058731945
6767,146065,4,22,44236,1000,0.00809,1,0.985,0.023345439068708007,0.015565185058731945
6767,146065,4,23,44235,1000,0.0,1,0.9817,0.023345439068708007,0.015565185058731945
6767,146065,4,24,44234,1000,0.02614,0,0.1285,0.023345439068708007,0.015565185058731945
6767,145804,0,5,45098,1000,0.03822,0,0.8171,0.0016002427954586729,0.0047991955867633385
6767,145804,0,6,45097,1000,0.0859,0,0.407,0.0016002427954586729,0.0047991955867633385
6767,145804,0,7,45096,1039,0.06963,0,0.407,0.0016002427954586729,0.0047991955867633385
6767,145804,0,8,45095,1036,0.10419,0,0.7458,0.0016002427954586729,0.0047991955867633385
6767,145804,0,9,45094,1042,0.05839,0,0.407,0.0016002427954586729,0.0047991955867633385
6767,145804,0,10,45093,1149,0.15362,0,0.9993,0.0016002427954586729,0.0047991955867633385
6767,145804,0,11,45092,1097,0.0995,0,0.9946,0.0016002427954586729,0.0047991955867633385
6767,145804,0,12,45091,1002,0.05572,0,0.963,0.0016002427954586729,0.0047991955867633385
6767,145804,0,13,45090,1066,0.08811,0,0.4122,0.0016002427954586729,0.0047991955867633385
6767,145804,0,14,45089,1114,0.06927,0,0.7876,0.0016002427954586729,0.0047991955867633385
6767,145804,0,15,45088,1085,0.0414,0,0.966,0.0016002427954586729,0.0047991955867633385
6767,145804,0,16,45087,1170,0.04815,0,0.8213,0.0016002427954586729,0.0047991955867633385
6767,145804,0,17,45086,1182,0.08109,0,0.8233,0.0016002427954586729,0.0047991955867633385
6767,145804,0,18,45085,1197,0.02726,0,0.7687,0.0016002427954586729,0.0047991955867633385
6767,145804,0,19,45084,1213,0.13075,0,0.407,0.0016002427954586729,0.0047991955867633385
6767,145804,0,20,45083,1273,0.02179,0,0.9689,0.0016002427954586729,0.0047991955867633385
6767,145804,0,21,45082,1235,0.02468,0,0.9999,0.0016002427954586729,0.0047991955867633385
6767,145804,0,22,45081,1214,0.03949,0,0.972,0.0016002427954586729,0.0047991955867633385
6767,145804,0,23,45080,1122,0.07288,0,0.5345,0.0016002427954586729,0.0047991955867633385
6767,145804,0,24,45079,1164,0.05606,0,0.46,0.0016002427954586729,0.0047991955867633385
6767,145804,1,5,45098,1000,0.01216,0,0.9596,0.02399904353304183,0.02399904353304183
6767,145804,1,6,45097,1000,0.01028,0,0.407,0.02399904353304183,0.02399904353304183
6767,145804,1,7,45096,1002,0.01473,0,0.5483,0.02399904353304183,0.02399904353304183
6767,145804,1,8,45095,1057,0.01184,0,0.5162,0.02399904353304183,0.02399904353304183
6767,145804,1,9,45094,1080,0.00379,1,0.6919,0.02399904353304183,0.02399904353304183
6767,145804,1,10,45093,1101,0.02518,0,0.9596,0.02399904353304183,0.02399904353304183
6767,145804,1,11,45092,1088,0.02954,0,0.9596,0.02399904353304183,0.02399904353304183
6767,145804,1,12,45091,1107,0.01955,0,0.9596,0.02399904353304183,0.02399904353304183
6767,145804,1,13,45090,1130,0.02767,0,0.407,0.02399904353304183,0.02399904353304183
6767,145804,1,14,45089,1098,0.00402,1,0.9596,0.02399904353304183,0.02399904353304183
6767,145804,1,15,45088,1149,0.00546,1,0.9596,0.02399904353304183,0.02399904353304183
6767,145804,1,16,45087,1175,0.00294,1,0.7746,0.02399904353304183,0.02399904353304183
6767,145804,1,17,45086,1244,0.01287,0,0.407,0.02399904353304183,0.02399904353304183
6767,145804,1,18,45085,1103,0.00743,1,0.8282,0.02399904353304183,0.02399904353304183
6767,145804,1,19,45084,1161,0.01491,0,0.6148,0.02399904353304183,0.02399904353304183
6767,145804,1,20,45083,1188,0.02177,0,0.9596,0.02399904353304183,0.02399904353304183
6767,145804,1,21,45082,1158,0.03327,0,0.6845,0.02399904353304183,0.02399904353304183
6767,145804,1,22,45081,1280,0.03107,0,0.8141,0.02399904353304183,0.02399904353304183
6767,145804,1,23,45080,1274,0.01821,0,0.9596,0.02399904353304183,0.02399904353304183
6767,145804,1,24,45079,1328,0.01273,0,0.7843,0.02399904353304183,0.02399904353304183
6767,145804,2,5,45098,1000,0.00239,1,0.9719,0.009599923973139024,0.02399904353304183
6767,145804,2,6,45097,1000,0.02005,0,0.8213,0.009599923973139024,0.02399904353304183
6767,145804,2,7,45096,1000,0.02036,0,0.9596,0.009599923973139024,0.02399904353304183
6767,145804,2,8,45095,1000,0.01513,0,0.8531,0.009599923973139024,0.02399904353304183
6767,145804,2,9,45094,1000,0.00265,1,0.9596,0.009599923973139024,0.02399904353304183
6767,145804,2,10,45093,1000,0.00786,1,0.407,0.009599923973139024,0.02399904353304183
6767,145804,2,11,45092,1000,0.02143,0,0.9596,0.009599923973139024,0.02399904353304183
6767,145804,2,12,45091,1000,0.0044,1,0.7214,0.009599923973139024,0.02399904353304183
6767,145804,2,13,45090,1000,0.00382,1,0.7573,0.009599923973139024,0.02399904353304183
6767,145804,2,14,45089,1000,0.03196,0,0.0971,0.009599923973139024,0.02399904353304183
6767,145804,2,15,45088,1000,0.04037,0,0.407,0.009599923973139024,0.02399904353304183
6767,145804,2,16,45087,1000,0.03608,0,0.7479,0.009599923973139024,0.02399904353304183
6767,145804,2,17,45086,1000,0.06108,0,0.407,0.009599923973139024,0.02399904353304183
6767,145804,2,18,45085,1000,0.14263,0,0.9596,0.009599923973139024,0.02399904353304183
6767,145804,2,19,45084,1000,0.05146,0,0.5521,0.009599923973139024,0.02399904353304183
6767,145804,2,20,45083,1000,0.04776,0,0.407,0.009599923973139024,0.02399904353304183
6767,145804,2,21,45082,1000,0.0199,0,0.963,0.009599923973139024,0.02399904353304183
6767,145804,2,22,45081,1000,0.06218,0,0.9965,0.009599923973139024,0.02399904353304183
6767,145804,2,23,45080,1000,0.16689,0,0.8214,0.009599923973139024,0.02399904353304183
6767,145804,2,24,45079,1000,0.07732,0,0.8053,0.009599923973139024,0.02399904353304183
6767,146064,0,5,46061,1000,0.0,1,0.8812,0.0,0.015290863058954773
6767,146064,0,6,46060,1034,0.0,1,0.8812,0.0,0.015290863058954773
6767,146064,0,7,46059,1183,0.00016,1,0.1637,0.0,0.015290863058954773
6767,146064,0,8,46058,1007,0.0,1,0.395,0.0,0.015290863058954773
6767,146064,0,9,46057,1146,0.00967,1,0.9179,0.0,0.015290863058954773
6767,146064,0,10,46056,1244,0.14102,0,0.0256,0.0,0.015290863058954773
6767,146064,0,11,46055,1000,0.05041,0,0.3355,0.0,0.015290863058954773
6767,146064,0,12,46054,1000,0.00811,1,0.395,0.0,0.015290863058954773
6767,146064,0,13,46053,1000,0.02689,0,0.8812,0.0,0.015290863058954773
6767,146064,0,14,46052,1000,0.0209,0,0.1785,0.0,0.015290863058954773
6767,146064,0,15,46051,1000,0.05931,0,0.8812,0.0,0.015290863058954773
6767,146064,0,16,46050,1000,0.02976,0,0.0275,0.0,0.015290863058954773
6767,146064,0,17,46049,1000,0.06688,0,0.9256,0.0,0.015290863058954773
6767,146064,0,18,46048,1000,0.05505,0,0.3355,0.0,0.015290863058954773
6767,146064,0,19,46047,1000,0.10103,0,1.0,0.0,0.015290863058954773
6767,146064,0,20,46046,1000,0.03537,0,0.8812,0.0,0.015290863058954773
6767,146064,0,21,46045,1000,0.03633,0,1.0,0.0,0.015290863058954773
6767,146064,0,22,46044,1000,0.08905,0,0.3355,0.0,0.015290863058954773
6767,146064,0,23,46043,1000,0.11412,0,1.0,0.0,0.015290863058954773
6767,146064,0,24,46042,1000,0.07368,0,0.3532,0.0,0.015290863058954773
6767,145804,3,5,45098,1000,0.01503,0,0.0971,0.020800090741737165,0.015999362355361146
6767,145804,3,6,45097,1000,0.03885,0,0.7492,0.020800090741737165,0.015999362355361146
6767,145804,3,7,45096,1000,0.03598,0,0.407,0.020800090741737165,0.015999362355361146
6767,145804,3,8,45095,1006,0.01991,0,0.966,0.020800090741737165,0.015999362355361146
6767,145804,3,9,45094,1000,0.03104,0,0.8044,0.020800090741737165,0.015999362355361146
6767,145804,3,10,45093,1000,0.00864,1,0.5268,0.020800090741737165,0.015999362355361146
6767,145804,3,11,45092,1000,0.03258,0,0.0971,0.020800090741737165,0.015999362355361146
6767,145804,3,12,45091,1050,0.05753,0,0.6552,0.020800090741737165,0.015999362355361146
6767,145804,3,13,45090,1073,0.03092,0,0.407,0.020800090741737165,0.015999362355361146
6767,145804,3,14,45089,1198,0.03292,0,0.5569,0.020800090741737165,0.015999362355361146
6767,145804,3,15,45088,1205,0.07662,0,0.0971,0.020800090741737165,0.015999362355361146
6767,145804,3,16,45087,1145,0.02406,0,0.5235,0.020800090741737165,0.015999362355361146
6767,145804,3,17,45086,1123,0.04467,0,0.6038,0.020800090741737165,0.015999362355361146
6767,145804,3,18,45085,1246,0.0408,0,0.8232,0.020800090741737165,0.015999362355361146
6767,145804,3,19,45084,1254,0.07831,0,0.963,0.020800090741737165,0.015999362355361146
6767,145804,3,20,45083,1350,0.00612,1,0.8604,0.020800090741737165,0.015999362355361146
6767,145804,3,21,45082,1256,0.04369,0,0.8373,0.020800090741737165,0.015999362355361146
6767,145804,3,22,45081,1296,0.06366,0,0.8373,0.020800090741737165,0.015999362355361146
6767,145804,3,23,45080,1196,0.09383,0,0.097,0.020800090741737165,0.015999362355361146
6767,145804,3,24,45079,1311,0.05127,0,0.407,0.020800090741737165,0.015999362355361146
6767,145804,4,5,45098,1000,0.01239,0,0.7887,0.02399904353304183,0.0047991955867633385
6767,145804,4,6,45097,1000,0.0399,0,0.9596,0.02399904353304183,0.0047991955867633385
6767,145804,4,7,45096,1000,0.00353,1,0.9596,0.02399904353304183,0.0047991955867633385
6767,145804,4,8,45095,1000,0.02305,0,0.9596,0.02399904353304183,0.0047991955867633385
6767,145804,4,9,45094,1000,0.01166,0,0.6784,0.02399904353304183,0.0047991955867633385
6767,145804,4,10,45093,1100,0.00681,1,0.407,0.02399904353304183,0.0047991955867633385
6767,145804,4,11,45092,1079,0.04834,0,0.9596,0.02399904353304183,0.0047991955867633385
6767,145804,4,12,45091,1151,0.01117,0,0.7184,0.02399904353304183,0.0047991955867633385
6767,145804,4,13,45090,1246,0.01851,0,0.6305,0.02399904353304183,0.0047991955867633385
6767,145804,4,14,45089,1305,0.01102,0,0.831,0.02399904353304183,0.0047991955867633385
6767,145804,4,15,45088,1353,0.00632,1,0.9596,0.02399904353304183,0.0047991955867633385
6767,145804,4,16,45087,1472,0.00798,1,0.4071,0.02399904353304183,0.0047991955867633385
6767,145804,4,17,45086,1124,0.01771,0,0.9596,0.02399904353304183,0.0047991955867633385
6767,145804,4,18,45085,1167,0.01864,0,0.806,0.02399904353304183,0.0047991955867633385
6767,145804,4,19,45084,1242,0.02163,0,0.9596,0.02399904353304183,0.0047991955867633385
6767,145804,4,20,45083,1213,0.00913,1,0.8427,0.02399904353304183,0.0047991955867633385
6767,145804,4,21,45082,1291,0.0664,0,0.6894,0.02399904353304183,0.0047991955867633385
6767,145804,4,22,45081,1340,0.05458,0,0.7613,0.02399904353304183,0.0047991955867633385
6767,145804,4,23,45080,1359,0.01071,0,0.9596,0.02399904353304183,0.0047991955867633385
6767,145804,4,24,45079,1349,0.0227,0,0.7506,0.02399904353304183,0.0047991955867633385
6767,146064,1,5,46061,1000,0.01843,0,0.3355,0.0,0.0
6767,146064,1,6,46060,1000,0.01268,0,0.3355,0.0,0.0
6767,146064,1,7,46059,1000,0.00708,1,0.3355,0.0,0.0
6767,146064,1,8,46058,1000,0.00517,1,0.8812,0.0,0.0
6767,146064,1,9,46057,1000,0.00733,1,0.8812,0.0,0.0
6767,146064,1,10,46056,1000,0.00669,1,0.8812,0.0,0.0
6767,146064,1,11,46055,1000,0.00554,1,0.8812,0.0,0.0
6767,146064,1,12,46054,1000,0.00047,1,0.8812,0.0,0.0
6767,146064,1,13,46053,1000,0.00664,1,0.0256,0.0,0.0
6767,146064,1,14,46052,1000,0.00396,1,1.0,0.0,0.0
6767,146064,1,15,46051,1000,0.03192,0,0.9404,0.0,0.0
6767,146064,1,16,46050,1000,0.06416,0,0.8812,0.0,0.0
6767,146064,1,17,46049,1000,0.06957,0,0.3466,0.0,0.0
6767,146064,1,18,46048,1000,0.08984,0,0.0151,0.0,0.0
6767,146064,1,19,46047,1000,0.013,0,1.0,0.0,0.0
6767,146064,1,20,46046,1000,0.05707,0,1.0,0.0,0.0
6767,146064,1,21,46045,1000,0.03963,0,1.0,0.0,0.0
6767,146064,1,22,46044,1000,0.05362,0,0.9063,0.0,0.0
6767,146064,1,23,46043,1000,0.05165,0,1.0,0.0,0.0
6767,146064,1,24,46042,1000,0.03488,0,0.3355,0.0,0.0
6767,146064,2,5,46061,1000,0.03705,0,0.3355,0.0,0.0
6767,146064,2,6,46060,1114,0.01163,0,0.1785,0.0,0.0
6767,146064,2,7,46059,1088,0.04571,0,1.0,0.0,0.0
6767,146064,2,8,46058,1052,0.03406,0,0.8812,0.0,0.0
6767,146064,2,9,46057,1220,0.0454,0,0.9019,0.0,0.0
6767,146064,2,10,46056,1245,0.00314,1,1.0,0.0,0.0
6767,146064,2,11,46055,1275,0.0,1,0.3526,0.0,0.0
6767,146064,2,12,46054,1335,0.08709,0,0.9063,0.0,0.0
6767,146064,2,13,46053,1247,0.06994,0,0.9354,0.0,0.0
6767,146064,2,14,46052,1290,0.0,1,1.0,0.0,0.0
6767,146064,2,15,46051,1335,0.00984,1,0.3355,0.0,0.0
6767,146064,2,16,46050,1314,0.02528,0,0.0083,0.0,0.0
6767,146064,2,17,46049,1328,0.04175,0,0.3355,0.0,0.0
6767,146064,2,18,46048,1161,0.04452,0,1.0,0.0,0.0
6767,146064,2,19,46047,1164,0.09582,0,0.8813,0.0,0.0
6767,146064,2,20,46046,1148,0.00594,1,1.0,0.0,0.0
6767,146064,2,21,46045,1234,0.0131,0,1.0,0.0,0.0
6767,146064,2,22,46044,1194,0.06854,0,1.0,0.0,0.0
6767,146064,2,23,46043,1221,0.0724,0,0.0102,0.0,0.0
6767,146064,2,24,46042,1310,0.07187,0,0.9169,0.0,0.0
6767,146064,3,5,46061,1000,0.0,1,1.0,0.0,0.0
6767,146064,3,6,46060,1000,0.03933,0,0.3406,0.0,0.0
6767,146064,3,7,46059,1000,0.0,1,0.0236,0.0,0.0
6767,146064,3,8,46058,1000,0.07474,0,0.3656,0.0,0.0
6767,146064,3,9,46057,1000,0.0,1,0.8812,0.0,0.0
6767,146064,3,10,46056,1000,0.02566,0,1.0,0.0,0.0
6767,146064,3,11,46055,1000,0.18039,0,0.3547,0.0,0.0
6767,146064,3,12,46054,1000,0.08596,0,0.3355,0.0,0.0
6767,146064,3,13,46053,1000,0.04723,0,0.8812,0.0,0.0
6767,146064,3,14,46052,1000,0.06133,0,1.0,0.0,0.0
6767,146064,3,15,46051,1000,0.0488,0,0.3355,0.0,0.0
6767,146064,3,16,46050,1000,0.0407,0,0.0002,0.0,0.0
6767,146064,3,17,46049,1000,0.04851,0,0.8812,0.0,0.0
6767,146064,3,18,46048,1000,0.0813,0,0.3355,0.0,0.0
6767,146064,3,19,46047,1000,0.02906,0,0.9266,0.0,0.0
6767,146064,3,20,46046,1000,0.05776,0,0.3545,0.0,0.0
6767,146064,3,21,46045,1000,0.06079,0,1.0,0.0,0.0
6767,146064,3,22,46044,1000,0.01723,0,1.0,0.0,0.0
6767,146064,3,23,46043,1000,0.03524,0,0.3355,0.0,0.0
6767,146064,3,24,46042,1000,0.02471,0,0.9078,0.0,0.0
6767,146064,4,5,46061,1000,0.0,1,0.1637,0.0,0.0
6767,146064,4,6,46060,1027,0.0,1,0.8812,0.0,0.0
6767,146064,4,7,46059,1084,0.00032,1,0.1637,0.0,0.0
6767,146064,4,8,46058,1000,0.0,1,0.3949,0.0,0.0
6767,146064,4,9,46057,1009,0.00016,1,0.8811,0.0,0.0
6767,146064,4,10,46056,1056,0.0,1,0.8936,0.0,0.0
6767,146064,4,11,46055,1068,0.00038,1,0.8812,0.0,0.0
6767,146064,4,12,46054,1132,0.00023,1,0.8812,0.0,0.0
6767,146064,4,13,46053,1302,0.02226,0,0.8812,0.0,0.0
6767,146064,4,14,46052,1206,0.0,1,0.1637,0.0,0.0
6767,146064,4,15,46051,1236,0.00138,1,0.1637,0.0,0.0
6767,146064,4,16,46050,1231,0.00142,1,0.1636,0.0,0.0
6767,146064,4,17,46049,1232,0.0,1,0.8811,0.0,0.0
6767,146064,4,18,46048,1311,0.00046,1,0.3544,0.0,0.0
6767,146064,4,19,46047,1451,0.00323,1,0.3355,0.0,0.0
6767,146064,4,20,46046,1279,0.00188,1,1.0,0.0,0.0
6767,146064,4,21,46045,1010,0.01369,0,0.1785,0.0,0.0
6767,146064,4,22,46044,1051,0.05186,0,0.8812,0.0,0.0
6767,146064,4,23,46043,1159,0.00937,1,0.3354,0.0,0.0
6767,146064,4,24,46042,1106,0.0,1,0.9172,0.0,0.0
6767,9914,1,5,47405,1000,0.0,1,0.9984,0.03347997221579202,0.03347997221579202
6767,9914,1,6,47404,1000,0.0023,1,0.6824,0.03347997221579202,0.03347997221579202
6767,9914,1,7,47403,1000,0.02061,0,0.6824,0.03347997221579202,0.03347997221579202
6767,9914,1,8,47402,1000,0.01677,0,0.967,0.03347997221579202,0.03347997221579202
6767,9914,1,9,47401,1000,0.01204,0,0.6824,0.03347997221579202,0.03347997221579202
6767,9914,1,10,47400,1000,0.03685,0,0.9809,0.03347997221579202,0.03347997221579202
6767,9914,1,11,47399,1000,0.01144,0,0.9539,0.03347997221579202,0.03347997221579202
6767,9914,1,12,47398,1000,0.15737,0,0.6825,0.03347997221579202,0.03347997221579202
6767,9914,1,13,47397,1000,0.03023,0,0.9854,0.03347997221579202,0.03347997221579202
6767,9914,1,14,47396,1000,0.0173,0,0.6825,0.03347997221579202,0.03347997221579202
6767,9914,1,15,47395,1000,0.0166,0,0.9938,0.03347997221579202,0.03347997221579202
6767,9914,1,16,47394,1000,0.00209,1,0.9646,0.03347997221579202,0.03347997221579202
6767,9914,1,17,47393,1000,0.02987,0,0.8855,0.03347997221579202,0.03347997221579202
6767,9914,1,18,47392,1000,0.03899,0,0.897,0.03347997221579202,0.03347997221579202
6767,9914,1,19,47391,1000,0.03177,0,0.7235,0.03347997221579202,0.03347997221579202
6767,9914,1,20,47390,1000,0.08644,0,0.9762,0.03347997221579202,0.03347997221579202
6767,9914,1,21,47389,1000,0.03087,0,0.9854,0.03347997221579202,0.03347997221579202
6767,9914,1,22,47388,1000,0.05525,0,0.9977,0.03347997221579202,0.03347997221579202
6767,9914,1,23,47387,1000,0.05599,0,0.9922,0.03347997221579202,0.03347997221579202
6767,9914,1,24,47386,1000,0.0608,0,0.9473,0.03347997221579202,0.03347997221579202
6767,9914,0,5,47405,1000,0.00576,1,0.8916,0.03827274832137095,0.043042370919195494
6767,9914,0,6,47404,1010,0.01117,0,0.6824,0.03827274832137095,0.043042370919195494
6767,9914,0,7,47403,1018,0.02559,0,0.6824,0.03827274832137095,0.043042370919195494
6767,9914,0,8,47402,1046,0.00871,1,0.921,0.03827274832137095,0.043042370919195494
6767,9914,0,9,47401,1000,0.02393,0,0.6824,0.03827274832137095,0.043042370919195494
6767,9914,0,10,47400,1000,0.06899,0,0.9741,0.03827274832137095,0.043042370919195494
6767,9914,0,11,47399,1000,0.04527,0,0.6824,0.03827274832137095,0.043042370919195494
6767,9914,0,12,47398,1000,0.0577,0,0.9539,0.03827274832137095,0.043042370919195494
6767,9914,0,13,47397,1000,0.04573,0,0.9218,0.03827274832137095,0.043042370919195494
6767,9914,0,14,47396,1000,0.01419,0,0.9691,0.03827274832137095,0.043042370919195494
6767,9914,0,15,47395,1000,0.01619,0,0.7354,0.03827274832137095,0.043042370919195494
6767,9914,0,16,47394,1000,0.0388,0,0.6825,0.03827274832137095,0.043042370919195494
6767,9914,0,17,47393,1000,0.00077,1,0.6825,0.03827274832137095,0.043042370919195494
6767,9914,0,18,47392,1000,0.04671,0,0.974,0.03827274832137095,0.043042370919195494
6767,9914,0,19,47391,1000,0.02074,0,0.9571,0.03827274832137095,0.043042370919195494
6767,9914,0,20,47390,1000,0.02241,0,0.9809,0.03827274832137095,0.043042370919195494
6767,9914,0,21,47389,1000,0.0048,1,0.9715,0.03827274832137095,0.043042370919195494
6767,9914,0,22,47388,1000,0.01761,0,0.9977,0.03827274832137095,0.043042370919195494
6767,9914,0,23,47387,1000,0.03262,0,0.9099,0.03827274832137095,0.043042370919195494
6767,9914,0,24,47386,1000,0.00815,1,0.9646,0.03827274832137095,0.043042370919195494
6767,9914,2,5,47405,1000,0.00526,1,0.6824,0.04783514702477443,0.03827274832137095
6767,9914,2,6,47404,1180,0.04937,0,0.6824,0.04783514702477443,0.03827274832137095
6767,9914,2,7,47403,1276,0.08702,0,0.6824,0.04783514702477443,0.03827274832137095
6767,9914,2,8,47402,1111,0.02971,0,0.7007,0.04783514702477443,0.03827274832137095
6767,9914,2,9,47401,1243,0.06178,0,0.6824,0.04783514702477443,0.03827274832137095
6767,9914,2,10,47400,1475,0.06717,0,0.6824,0.04783514702477443,0.03827274832137095
6767,9914,2,11,47399,1683,0.03707,0,0.8977,0.04783514702477443,0.03827274832137095
6767,9914,2,12,47398,1167,0.02019,0,0.6824,0.04783514702477443,0.03827274832137095
6767,9914,2,13,47397,1393,0.03084,0,0.6824,0.04783514702477443,0.03827274832137095
6767,9914,2,14,47396,1245,0.0804,0,0.7108,0.04783514702477443,0.03827274832137095
6767,9914,2,15,47395,1422,0.07814,0,0.9714,0.04783514702477443,0.03827274832137095
6767,9914,2,16,47394,1000,0.08014,0,0.9921,0.04783514702477443,0.03827274832137095
6767,9914,2,17,47393,1000,0.00692,1,0.9294,0.04783514702477443,0.03827274832137095
6767,9914,2,18,47392,1000,0.00463,1,0.125,0.04783514702477443,0.03827274832137095
6767,9914,2,19,47391,1000,0.00399,1,0.6824,0.04783514702477443,0.03827274832137095
6767,9914,2,20,47390,1266,0.00771,1,0.081,0.04783514702477443,0.03827274832137095
6767,9914,2,21,47389,1273,0.01957,0,0.7312,0.04783514702477443,0.03827274832137095
6767,9914,2,22,47388,1333,0.04852,0,0.9953,0.04783514702477443,0.03827274832137095
6767,9914,2,23,47387,1257,0.01475,0,0.961,0.04783514702477443,0.03827274832137095
6767,9914,2,24,47386,1675,0.00499,1,0.9157,0.04783514702477443,0.03827274832137095
6767,9914,4,5,47405,1000,0.0,1,0.6824,0.18659411900903045,0.023917573512388546
6767,9914,4,6,47404,1046,0.0,1,0.784,0.18659411900903045,0.023917573512388546
6767,9914,4,7,47403,1000,0.00365,1,0.6824,0.18659411900903045,0.023917573512388546
6767,9914,4,8,47402,1000,0.01017,0,0.7054,0.18659411900903045,0.023917573512388546
6767,9914,4,9,47401,1000,0.01344,0,0.8701,0.18659411900903045,0.023917573512388546
6767,9914,4,10,47400,1000,0.0147,0,0.8643,0.18659411900903045,0.023917573512388546
6767,9914,4,11,47399,1000,0.0,1,0.8853,0.18659411900903045,0.023917573512388546
6767,9914,4,12,47398,1000,0.00755,1,0.8701,0.18659411900903045,0.023917573512388546
6767,9914,4,13,47397,1000,0.00383,1,0.7462,0.18659411900903045,0.023917573512388546
6767,9914,4,14,47396,1000,0.03143,0,0.8422,0.18659411900903045,0.023917573512388546
6767,9914,4,15,47395,1000,0.00768,1,0.8469,0.18659411900903045,0.023917573512388546
6767,9914,4,16,47394,1000,0.02229,0,0.8758,0.18659411900903045,0.023917573512388546
6767,9914,4,17,47393,1000,0.00366,1,0.8325,0.18659411900903045,0.023917573512388546
6767,9914,4,18,47392,1000,0.00484,1,0.8036,0.18659411900903045,0.023917573512388546
6767,9914,4,19,47391,1000,0.03016,0,0.9327,0.18659411900903045,0.023917573512388546
6767,9914,4,20,47390,1000,0.03507,0,0.6825,0.18659411900903045,0.023917573512388546
6767,9914,4,21,47389,1000,0.03474,0,0.921,0.18659411900903045,0.023917573512388546
6767,9914,4,22,47388,1000,0.06778,0,0.9435,0.18659411900903045,0.023917573512388546
6767,9914,4,23,47387,1000,0.07583,0,0.6826,0.18659411900903045,0.023917573512388546
6767,9914,4,24,47386,1000,0.02429,0,0.8143,0.18659411900903045,0.023917573512388546
6767,9914,3,5,47405,1000,0.00585,1,0.9118,0.04783514702477443,0.0573975457281779
6767,9914,3,6,47404,1203,0.02855,0,0.8854,0.04783514702477443,0.0573975457281779
6767,9914,3,7,47403,1193,0.03102,0,0.9921,0.04783514702477443,0.0573975457281779
6767,9914,3,8,47402,1123,0.03445,0,0.957,0.04783514702477443,0.0573975457281779
6767,9914,3,9,47401,1064,0.03565,0,0.6825,0.04783514702477443,0.0573975457281779
6767,9914,3,10,47400,1000,0.00656,1,0.6824,0.04783514702477443,0.0573975457281779
6767,9914,3,11,47399,1006,0.03418,0,0.6824,0.04783514702477443,0.0573975457281779
6767,9914,3,12,47398,1000,0.03098,0,0.9889,0.04783514702477443,0.0573975457281779
6767,9914,3,13,47397,1000,0.01434,0,0.9762,0.04783514702477443,0.0573975457281779
6767,9914,3,14,47396,1000,0.0,1,0.9953,0.04783514702477443,0.0573975457281779
6767,9914,3,15,47395,1000,0.00503,1,0.7008,0.04783514702477443,0.0573975457281779
6767,9914,3,16,47394,1046,0.04306,0,0.94,0.04783514702477443,0.0573975457281779
6767,9914,3,17,47393,1123,0.04328,0,0.7638,0.04783514702477443,0.0573975457281779
6767,9914,3,18,47392,1017,0.03206,0,0.6825,0.04783514702477443,0.0573975457281779
6767,9914,3,19,47391,1000,0.06289,0,0.9873,0.04783514702477443,0.0573975457281779
6767,9914,3,20,47390,1000,0.05213,0,0.9212,0.04783514702477443,0.0573975457281779
6767,9914,3,21,47389,1009,0.0635,0,0.9889,0.04783514702477443,0.0573975457281779
6767,9914,3,22,47388,1074,0.05235,0,0.9611,0.04783514702477443,0.0573975457281779
6767,9914,3,23,47387,1096,0.05754,0,0.9472,0.04783514702477443,0.0573975457281779
6767,9914,3,24,47386,1160,0.0854,0,0.945,0.04783514702477443,0.0573975457281779
6767,9967,0,5,48619,1000,0.00285,1,0.1645,0.0013600196476626358,0.0
6767,9967,0,6,48618,1013,0.02766,0,0.3906,0.0013600196476626358,0.0
6767,9967,0,7,48617,1042,0.03352,0,0.6792,0.0013600196476626358,0.0
6767,9967,0,8,48616,1065,0.05191,0,0.6821,0.0013600196476626358,0.0
6767,9967,0,9,48615,1074,0.07655,0,0.8186,0.0013600196476626358,0.0
6767,9967,0,10,48614,1081,0.01773,0,0.487,0.0013600196476626358,0.0
6767,9967,0,11,48613,1132,0.02951,0,0.969,0.0013600196476626358,0.0
6767,9967,0,12,48612,1215,0.02139,0,0.5471,0.0013600196476626358,0.0
6767,9967,0,13,48611,1299,0.01521,0,0.969,0.0013600196476626358,0.0
6767,9967,0,14,48610,1299,0.04853,0,0.969,0.0013600196476626358,0.0
6767,9967,0,15,48609,1401,0.05129,0,0.5797,0.0013600196476626358,0.0
6767,9967,0,16,48608,1417,0.0246,0,0.1581,0.0013600196476626358,0.0
6767,9967,0,17,48607,1337,0.04881,0,0.6744,0.0013600196476626358,0.0
6767,9967,0,18,48606,1438,0.04739,0,0.6686,0.0013600196476626358,0.0
6767,9967,0,19,48605,1488,0.0497,0,0.3488,0.0013600196476626358,0.0
6767,9967,0,20,48604,1418,0.02525,0,0.969,0.0013600196476626358,0.0
6767,9967,0,21,48603,1365,0.06742,0,0.6238,0.0013600196476626358,0.0
6767,9967,0,22,48602,1373,0.08855,0,0.3324,0.0013600196476626358,0.0
6767,9967,0,23,48601,1305,0.05636,0,0.5927,0.0013600196476626358,0.0
6767,9967,0,24,48600,1349,0.05261,0,0.1391,0.0013600196476626358,0.0
6767,9967,1,5,48619,1000,0.00225,1,0.2044,0.0027200392953249386,0.0
6767,9967,1,6,48618,1000,0.00212,1,0.6727,0.0027200392953249386,0.0
6767,9967,1,7,48617,1000,0.00543,1,0.6381,0.0027200392953249386,0.0
6767,9967,1,8,48616,1000,0.00646,1,0.7783,0.0027200392953249386,0.0
6767,9967,1,9,48615,1089,0.03136,0,0.4105,0.0027200392953249386,0.0
6767,9967,1,10,48614,1208,0.00477,1,0.6598,0.0027200392953249386,0.0
6767,9967,1,11,48613,1341,0.0196,0,0.1391,0.0027200392953249386,0.0
6767,9967,1,12,48612,1427,0.01303,0,0.6632,0.0027200392953249386,0.0
6767,9967,1,13,48611,1419,0.0606,0,0.5937,0.0027200392953249386,0.0
6767,9967,1,14,48610,1636,0.04553,0,0.139,0.0027200392953249386,0.0
6767,9967,1,15,48609,1654,0.06838,0,0.5105,0.0027200392953249386,0.0
6767,9967,1,16,48608,1918,0.01862,0,0.4409,0.0027200392953249386,0.0
6767,9967,1,17,48607,1620,0.01876,0,0.1865,0.0027200392953249386,0.0
6767,9967,1,18,48606,1228,0.03859,0,0.9689,0.0027200392953249386,0.0
6767,9967,1,19,48605,1201,0.04484,0,0.9689,0.0027200392953249386,0.0
6767,9967,1,20,48604,1155,0.01463,0,0.6565,0.0027200392953249386,0.0
6767,9967,1,21,48603,1213,0.03675,0,0.9689,0.0027200392953249386,0.0
6767,9967,1,22,48602,1239,0.03258,0,0.9689,0.0027200392953249386,0.0
6767,9967,1,23,48601,1251,0.03175,0,0.5986,0.0027200392953249386,0.0
6767,9967,1,24,48600,1436,0.03349,0,0.7247,0.0027200392953249386,0.0
6767,9967,2,5,48619,1000,0.00011,1,0.2389,0.0027200392953249386,0.0013600196476626358
6767,9967,2,6,48618,1000,0.00304,1,0.6065,0.0027200392953249386,0.0013600196476626358
6767,9967,2,7,48617,1000,8e-05,1,0.9689,0.0027200392953249386,0.0013600196476626358
6767,9967,2,8,48616,1000,0.01184,0,0.1898,0.0027200392953249386,0.0013600196476626358
6767,9967,2,9,48615,1015,0.00351,1,0.9689,0.0027200392953249386,0.0013600196476626358
6767,9967,2,10,48614,1101,0.00641,1,0.139,0.0027200392953249386,0.0013600196476626358
6767,9967,2,11,48613,1000,0.00434,1,0.7248,0.0027200392953249386,0.0013600196476626358
6767,9967,2,12,48612,1011,0.00444,1,0.5649,0.0027200392953249386,0.0013600196476626358
6767,9967,2,13,48611,1070,0.0049,1,0.3179,0.0027200392953249386,0.0013600196476626358
6767,9967,2,14,48610,1082,0.01614,0,0.2466,0.0027200392953249386,0.0013600196476626358
6767,9967,2,15,48609,1054,0.01065,0,0.5577,0.0027200392953249386,0.0013600196476626358
6767,9967,2,16,48608,1081,0.00335,1,0.171,0.0027200392953249386,0.0013600196476626358
6767,9967,2,17,48607,1073,0.01212,0,0.605,0.0027200392953249386,0.0013600196476626358
6767,9967,2,18,48606,1087,0.02301,0,0.9689,0.0027200392953249386,0.0013600196476626358
6767,9967,2,19,48605,1108,0.0072,1,0.9689,0.0027200392953249386,0.0013600196476626358
6767,9967,2,20,48604,1075,0.00737,1,0.513,0.0027200392953249386,0.0013600196476626358
6767,9967,2,21,48603,1114,0.00468,1,0.6237,0.0027200392953249386,0.0013600196476626358
6767,9967,2,22,48602,1132,0.00511,1,0.3944,0.0027200392953249386,0.0013600196476626358
6767,9967,2,23,48601,1123,0.0237,0,0.1391,0.0027200392953249386,0.0013600196476626358
6767,9967,2,24,48600,1128,0.02906,0,0.7642,0.0027200392953249386,0.0013600196476626358
6767,9967,3,5,48619,1000,0.0133,0,0.5078,0.0013600196476626358,0.0027200392953249386
6767,9967,3,6,48618,1082,0.00999,1,0.2389,0.0013600196476626358,0.0027200392953249386
6767,9967,3,7,48617,1083,0.00137,1,0.7783,0.0013600196476626358,0.0027200392953249386
6767,9967,3,8,48616,1095,0.00439,1,0.7409,0.0013600196476626358,0.0027200392953249386
6767,9967,3,9,48615,1114,0.00702,1,0.9962,0.0013600196476626358,0.0027200392953249386
6767,9967,3,10,48614,1236,0.00164,1,0.3573,0.0013600196476626358,0.0027200392953249386
6767,9967,3,11,48613,1275,0.00205,1,0.969,0.0013600196476626358,0.0027200392953249386
6767,9967,3,12,48612,1403,0.00541,1,0.49,0.0013600196476626358,0.0027200392953249386
6767,9967,3,13,48611,1420,0.0003,1,0.969,0.0013600196476626358,0.0027200392953249386
6767,9967,3,14,48610,1281,0.01345,0,0.753,0.0013600196476626358,0.0027200392953249386
6767,9967,3,15,48609,1481,0.00491,1,0.969,0.0013600196476626358,0.0027200392953249386
6767,9967,3,16,48608,1583,0.00376,1,0.8186,0.0013600196476626358,0.0027200392953249386
6767,9967,3,17,48607,1708,0.0105,0,0.969,0.0013600196476626358,0.0027200392953249386
6767,9967,3,18,48606,1687,0.02685,0,0.5946,0.0013600196476626358,0.0027200392953249386
6767,9967,3,19,48605,1860,0.0,1,0.5618,0.0013600196476626358,0.0027200392953249386
6767,9967,3,20,48604,1887,0.00316,1,0.5475,0.0013600196476626358,0.0027200392953249386
6767,9967,3,21,48603,2095,0.00089,1,0.7298,0.0013600196476626358,0.0027200392953249386
6767,9967,3,22,48602,2241,0.01301,0,0.969,0.0013600196476626358,0.0027200392953249386
6767,9967,3,23,48601,2475,0.02251,0,0.1391,0.0013600196476626358,0.0027200392953249386
6767,9967,3,24,48600,1447,0.00125,1,0.1391,0.0013600196476626358,0.0027200392953249386
6767,9967,4,5,48619,1000,0.00024,1,0.969,0.0013600196476626358,0.0013600196476626358
6767,9967,4,6,48618,1091,0.0,1,0.1391,0.0013600196476626358,0.0013600196476626358
6767,9967,4,7,48617,1072,0.00926,1,0.7361,0.0013600196476626358,0.0013600196476626358
6767,9967,4,8,48616,1150,0.00096,1,0.6686,0.0013600196476626358,0.0013600196476626358
6767,9967,4,9,48615,1283,0.00852,1,0.7036,0.0013600196476626358,0.0013600196476626358
6767,9967,4,10,48614,1294,0.05197,0,0.1391,0.0013600196476626358,0.0013600196476626358
6767,9967,4,11,48613,1028,0.00311,1,0.5374,0.0013600196476626358,0.0013600196476626358
6767,9967,4,12,48612,1022,0.00452,1,0.9962,0.0013600196476626358,0.0013600196476626358
6767,9967,4,13,48611,1079,0.00511,1,0.7112,0.0013600196476626358,0.0013600196476626358
6767,9967,4,14,48610,1037,0.00284,1,0.969,0.0013600196476626358,0.0013600196476626358
6767,9967,4,15,48609,1138,0.01185,0,0.9962,0.0013600196476626358,0.0013600196476626358
6767,9967,4,16,48608,1146,0.04947,0,0.969,0.0013600196476626358,0.0013600196476626358
6767,9967,4,17,48607,1170,0.01361,0,0.6307,0.0013600196476626358,0.0013600196476626358
6767,9967,4,18,48606,1180,0.00378,1,0.5862,0.0013600196476626358,0.0013600196476626358
6767,9967,4,19,48605,1178,0.00455,1,0.1391,0.0013600196476626358,0.0013600196476626358
6767,9967,4,20,48604,1107,0.01689,0,0.6925,0.0013600196476626358,0.0013600196476626358
6767,9967,4,21,48603,1078,0.02039,0,0.4294,0.0013600196476626358,0.0013600196476626358
6767,9967,4,22,48602,1119,0.02437,0,0.1401,0.0013600196476626358,0.0013600196476626358
6767,9967,4,23,48601,1177,0.00584,1,0.5666,0.0013600196476626358,0.0013600196476626358
6767,9967,4,24,48600,1117,0.01239,0,0.622,0.0013600196476626358,0.0013600196476626358
5906,9971,0,,,,,,,0.05881445155095133,0.05881445155095133
6767,31,0,5,68243,1000,0.02348,0,0.4434,0.16666666666666685,0.15000000000000013
6767,31,0,6,68242,1000,0.00261,1,0.8262,0.16666666666666685,0.15000000000000013
6767,31,0,7,68241,1000,0.00186,1,0.3313,0.16666666666666685,0.15000000000000013
6767,31,0,8,68240,1000,0.01061,0,0.0143,0.16666666666666685,0.15000000000000013
6767,31,0,9,68239,1000,0.00673,1,0.4349,0.16666666666666685,0.15000000000000013
6767,31,0,10,68238,1000,0.0081,1,0.5815,0.16666666666666685,0.15000000000000013
6767,31,0,11,68237,1000,0.01038,0,0.5879,0.16666666666666685,0.15000000000000013
6767,31,0,12,68236,1000,0.01255,0,0.0352,0.16666666666666685,0.15000000000000013
6767,31,0,13,68235,1000,0.02886,0,0.7726,0.16666666666666685,0.15000000000000013
6767,31,0,14,68234,1000,0.02264,0,0.7726,0.16666666666666685,0.15000000000000013
6767,31,0,15,68233,1000,0.02097,0,0.8262,0.16666666666666685,0.15000000000000013
6767,31,0,16,68232,1000,0.04348,0,0.8484,0.16666666666666685,0.15000000000000013
6767,31,0,17,68231,1000,0.0,1,0.8484,0.16666666666666685,0.15000000000000013
6767,31,0,18,68230,1000,0.02303,0,0.8262,0.16666666666666685,0.15000000000000013
6767,31,0,19,68229,1022,0.06697,0,0.7925,0.16666666666666685,0.15000000000000013
6767,31,0,20,68228,1000,0.03995,0,0.8955,0.16666666666666685,0.15000000000000013
6767,31,0,21,68227,1000,0.02121,0,0.5244,0.16666666666666685,0.15000000000000013
6767,31,0,22,68226,1000,0.00892,1,0.8079,0.16666666666666685,0.15000000000000013
6767,31,0,23,68225,1000,0.01068,0,0.8079,0.16666666666666685,0.15000000000000013
6767,31,0,24,68224,1000,0.00555,1,0.9379,0.16666666666666685,0.15000000000000013
5906,9971,1,,,,,,,0.0,0.0
5906,9971,2,,,,,,,0.02940722577547661,0.02940722577547661
6767,31,1,5,68243,1000,0.00849,1,0.8484,0.10833333333333339,0.10833333333333339
6767,31,1,6,68242,1014,0.00786,1,0.0352,0.10833333333333339,0.10833333333333339
6767,31,1,7,68241,1060,0.01438,0,0.6096,0.10833333333333339,0.10833333333333339
6767,31,1,8,68240,1259,0.02362,0,0.8955,0.10833333333333339,0.10833333333333339
6767,31,1,9,68239,1293,0.01852,0,0.6281,0.10833333333333339,0.10833333333333339
6767,31,1,10,68238,1340,0.05122,0,0.9543,0.10833333333333339,0.10833333333333339
6767,31,1,11,68237,1501,0.00441,1,0.4349,0.10833333333333339,0.10833333333333339
6767,31,1,12,68236,1201,0.03984,0,0.9156,0.10833333333333339,0.10833333333333339
6767,31,1,13,68235,1109,0.02009,0,0.8262,0.10833333333333339,0.10833333333333339
6767,31,1,14,68234,1272,0.03655,0,0.7727,0.10833333333333339,0.10833333333333339
6767,31,1,15,68233,1274,0.02423,0,0.9952,0.10833333333333339,0.10833333333333339
6767,31,1,16,68232,1132,0.0379,0,0.0547,0.10833333333333339,0.10833333333333339
6767,31,1,17,68231,1078,0.01886,0,0.8485,0.10833333333333339,0.10833333333333339
6767,31,1,18,68230,1249,0.01232,0,0.3313,0.10833333333333339,0.10833333333333339
6767,31,1,19,68229,1211,0.06555,0,0.3313,0.10833333333333339,0.10833333333333339
6767,31,1,20,68228,1140,0.05284,0,0.5437,0.10833333333333339,0.10833333333333339
6767,31,1,21,68227,1138,0.05102,0,0.9156,0.10833333333333339,0.10833333333333339
6767,31,1,22,68226,1230,0.06776,0,0.6449,0.10833333333333339,0.10833333333333339
6767,31,1,23,68225,1207,0.05395,0,0.7152,0.10833333333333339,0.10833333333333339
6767,31,1,24,68224,1176,0.11012,0,0.3313,0.10833333333333339,0.10833333333333339
6767,31,3,5,68243,1000,0.00984,1,0.003,0.11666666666666681,0.19166666666666687
6767,31,3,6,68242,1000,0.01265,0,0.0352,0.11666666666666681,0.19166666666666687
6767,31,3,7,68241,1000,0.00489,1,0.9379,0.11666666666666681,0.19166666666666687
6767,31,3,8,68240,1000,0.05698,0,0.7726,0.11666666666666681,0.19166666666666687
6767,31,3,9,68239,1000,0.00602,1,0.0143,0.11666666666666681,0.19166666666666687
6767,31,3,10,68238,1000,0.03011,0,0.3312,0.11666666666666681,0.19166666666666687
6767,31,3,11,68237,1000,0.05808,0,0.3312,0.11666666666666681,0.19166666666666687
6767,31,3,12,68236,1000,0.02049,0,0.6366,0.11666666666666681,0.19166666666666687
6767,31,3,13,68235,1000,0.02075,0,0.9764,0.11666666666666681,0.19166666666666687
6767,31,3,14,68234,1000,0.05821,0,0.9925,0.11666666666666681,0.19166666666666687
6767,31,3,15,68233,1000,0.02987,0,0.8721,0.11666666666666681,0.19166666666666687
6767,31,3,16,68232,1000,0.07156,0,0.8484,0.11666666666666681,0.19166666666666687
6767,31,3,17,68231,1000,0.04917,0,0.5436,0.11666666666666681,0.19166666666666687
6767,31,3,18,68230,1000,0.0578,0,0.3312,0.11666666666666681,0.19166666666666687
6767,31,3,19,68229,1000,0.04133,0,0.4555,0.11666666666666681,0.19166666666666687
6767,31,3,20,68228,1000,0.06438,0,0.7924,0.11666666666666681,0.19166666666666687
6767,31,3,21,68227,1000,0.05357,0,0.5006,0.11666666666666681,0.19166666666666687
6767,31,3,22,68226,1000,0.04062,0,0.6013,0.11666666666666681,0.19166666666666687
6767,31,3,23,68225,1000,0.03439,0,0.5436,0.11666666666666681,0.19166666666666687
6767,31,3,24,68224,1000,0.07803,0,0.4664,0.11666666666666681,0.19166666666666687
6767,31,2,5,68243,1000,0.00692,1,0.3313,0.15833333333333344,0.10833333333333339
6767,31,2,6,68242,1000,0.00333,1,0.4162,0.15833333333333344,0.10833333333333339
6767,31,2,7,68241,1047,0.0358,0,0.3313,0.15833333333333344,0.10833333333333339
6767,31,2,8,68240,1073,0.02991,0,0.628,0.15833333333333344,0.10833333333333339
6767,31,2,9,68239,1083,0.08211,0,0.9156,0.15833333333333344,0.10833333333333339
6767,31,2,10,68238,1019,0.0323,0,0.3313,0.15833333333333344,0.10833333333333339
6767,31,2,11,68237,1038,0.0,1,0.6096,0.15833333333333344,0.10833333333333339
6767,31,2,12,68236,1035,0.08746,0,0.7379,0.15833333333333344,0.10833333333333339
6767,31,2,13,68235,1006,0.07871,0,0.9379,0.15833333333333344,0.10833333333333339
6767,31,2,14,68234,1000,0.01026,0,0.9379,0.15833333333333344,0.10833333333333339
6767,31,2,15,68233,1009,0.0,1,0.9543,0.15833333333333344,0.10833333333333339
6767,31,2,16,68232,1025,0.01775,0,0.8955,0.15833333333333344,0.10833333333333339
6767,31,2,17,68231,1073,0.00561,1,0.493,0.15833333333333344,0.10833333333333339
6767,31,2,18,68230,1089,0.00969,1,0.8485,0.15833333333333344,0.10833333333333339
6767,31,2,19,68229,1078,0.01343,0,0.9379,0.15833333333333344,0.10833333333333339
6767,31,2,20,68228,1096,0.01223,0,0.8722,0.15833333333333344,0.10833333333333339
6767,31,2,21,68227,1105,0.01389,0,0.6917,0.15833333333333344,0.10833333333333339
6767,31,2,22,68226,1126,0.00649,1,0.5879,0.15833333333333344,0.10833333333333339
6767,31,2,23,68225,1113,0.01265,0,0.8079,0.15833333333333344,0.10833333333333339
6767,31,2,24,68224,1118,0.01635,0,0.738,0.15833333333333344,0.10833333333333339
5906,9971,3,,,,,,,0.08823882439685149,0.08823882439685149
5906,9971,4,,,,,,,0.05881445155095133,0.05881445155095133
6767,31,4,5,68243,1000,0.0,1,0.9156,0.13333333333333341,0.16666666666666685
6767,31,4,6,68242,1077,0.00651,1,0.8721,0.13333333333333341,0.16666666666666685
6767,31,4,7,68241,1245,0.00269,1,0.9674,0.13333333333333341,0.16666666666666685
6767,31,4,8,68240,1181,0.0288,0,0.4858,0.13333333333333341,0.16666666666666685
6767,31,4,9,68239,1162,0.02987,0,0.8079,0.13333333333333341,0.16666666666666685
6767,31,4,10,68238,1383,0.0,1,0.9764,0.13333333333333341,0.16666666666666685
6767,31,4,11,68237,1276,0.02726,0,0.9827,0.13333333333333341,0.16666666666666685
6767,31,4,12,68236,1331,0.07313,0,0.3442,0.13333333333333341,0.16666666666666685
6767,31,4,13,68235,1253,0.04773,0,0.8485,0.13333333333333341,0.16666666666666685
6767,31,4,14,68234,1228,0.05262,0,0.738,0.13333333333333341,0.16666666666666685
6767,31,4,15,68233,1281,0.04502,0,0.9674,0.13333333333333341,0.16666666666666685
6767,31,4,16,68232,1355,0.04282,0,0.5007,0.13333333333333341,0.16666666666666685
6767,31,4,17,68231,1306,0.07486,0,0.5669,0.13333333333333341,0.16666666666666685
6767,31,4,18,68230,1204,0.04606,0,0.9674,0.13333333333333341,0.16666666666666685
6767,31,4,19,68229,1323,0.07973,0,0.6617,0.13333333333333341,0.16666666666666685
6767,31,4,20,68228,1496,0.03461,0,0.5592,0.13333333333333341,0.16666666666666685
6767,31,4,21,68227,1433,0.0,1,0.9544,0.13333333333333341,0.16666666666666685
6767,31,4,22,68226,1540,0.04165,0,0.6281,0.13333333333333341,0.16666666666666685
6767,31,4,23,68225,1565,0.0834,0,0.7925,0.13333333333333341,0.16666666666666685
6767,31,4,24,68224,1667,0.04805,0,0.6014,0.13333333333333341,0.16666666666666685
5906,3918,0,,,,,,,0.15152737171085728,0.15152737171085728
5906,3918,1,,,,,,,0.09090298081123616,0.09090298081123616
5906,3918,2,,,,,,,0.0,0.0
5906,3918,3,,,,,,,0.0,0.0
5906,3918,4,,,,,,,0.15152737171085728,0.15152737171085728
5971,10093,0,,,,,,,0.018120831157793726,0.018120831157793726
5971,10093,2,,,,,,,0.0032932582009360667,0.0032932582009360667
5971,10093,1,,,,,,,0.00658877670262803,0.00658877670262803
5971,10093,3,,,,,,,0.018120831157793726,0.018120831157793726
5971,10093,4,,,,,,,0.004941017451781882,0.004941017451781882
5971,3954,0,,,,,,,0.014704286489419238,0.014704286489419238
5971,3954,1,,,,,,,0.0024124546099585364,0.0024124546099585364
5971,3954,2,,,,,,,0.015797821278016322,0.015797821278016322
5971,3954,3,,,,,,,0.034671730873575446,0.034671730873575446
5971,3954,4,,,,,,,0.0,0.0
5971,43,0,5,3368,1000,0.00164,1,0.057,0.01673816804344841,0.03843674410113651
5971,43,0,6,3367,1000,0.00388,1,0.9168,0.01673816804344841,0.03843674410113651
5971,43,0,7,3366,1000,0.02447,0,0.91,0.01673816804344841,0.03843674410113651
5971,43,0,8,3365,1000,0.0,1,0.2568,0.01673816804344841,0.03843674410113651
5971,43,0,9,3364,1000,0.00216,1,0.9414,0.01673816804344841,0.03843674410113651
5971,43,0,10,3363,1000,0.0,1,0.2536,0.01673816804344841,0.03843674410113651
5971,43,0,11,3362,1000,0.0,1,0.3664,0.01673816804344841,0.03843674410113651
5971,43,0,12,3361,1000,0.01054,0,0.0622,0.01673816804344841,0.03843674410113651
5971,43,0,13,3360,1000,0.0493,0,0.4119,0.01673816804344841,0.03843674410113651
5971,43,0,14,3359,1000,0.0,1,0.2135,0.01673816804344841,0.03843674410113651
5971,43,0,15,3358,1000,0.03449,0,0.2787,0.01673816804344841,0.03843674410113651
5971,43,0,16,3357,1000,0.09539,0,0.1588,0.01673816804344841,0.03843674410113651
5971,43,0,17,3356,1000,0.05472,0,0.857,0.01673816804344841,0.03843674410113651
5971,43,0,18,3355,1000,0.06504,0,0.1782,0.01673816804344841,0.03843674410113651
5971,43,0,19,3354,1000,0.05814,0,0.3834,0.01673816804344841,0.03843674410113651
5971,43,0,20,3353,1000,0.01767,0,0.5177,0.01673816804344841,0.03843674410113651
5971,43,0,21,3352,1000,0.0,1,0.1372,0.01673816804344841,0.03843674410113651
5971,43,0,22,3351,1000,0.0,1,0.8221,0.01673816804344841,0.03843674410113651
5971,43,0,23,3350,1000,0.00914,1,0.9519,0.01673816804344841,0.03843674410113651
5971,43,0,24,3349,1000,0.04298,0,0.8038,0.01673816804344841,0.03843674410113651
5971,43,1,5,3368,1000,0.00702,1,0.4071,0.003100611564967548,0.003100611564967548
5971,43,1,6,3367,1039,0.0,1,0.5091,0.003100611564967548,0.003100611564967548
5971,43,1,7,3366,1238,0.0,1,0.9938,0.003100611564967548,0.003100611564967548
5971,43,1,8,3365,1158,0.0,1,0.8591,0.003100611564967548,0.003100611564967548
5971,43,1,9,3364,1189,0.06305,0,0.3847,0.003100611564967548,0.003100611564967548
5971,43,1,10,3363,1206,0.03624,0,0.9631,0.003100611564967548,0.003100611564967548
5971,43,1,11,3362,1212,0.04218,0,0.8593,0.003100611564967548,0.003100611564967548
5971,43,1,12,3361,1251,0.00381,1,0.6465,0.003100611564967548,0.003100611564967548
5971,43,1,13,3360,1267,0.0,1,0.8884,0.003100611564967548,0.003100611564967548
5971,43,1,14,3359,1363,0.03319,0,0.4406,0.003100611564967548,0.003100611564967548
5971,43,1,15,3358,1307,0.03825,0,0.9559,0.003100611564967548,0.003100611564967548
5971,43,1,16,3357,1395,0.05324,0,0.8749,0.003100611564967548,0.003100611564967548
5971,43,1,17,3356,1454,0.0,1,0.8483,0.003100611564967548,0.003100611564967548
5971,43,1,18,3355,1546,0.0,1,0.6903,0.003100611564967548,0.003100611564967548
5971,43,1,19,3354,1548,0.0,1,0.6547,0.003100611564967548,0.003100611564967548
5971,43,1,20,3353,1499,0.01413,0,0.0611,0.003100611564967548,0.003100611564967548
5971,43,1,21,3352,1077,0.0,1,0.7557,0.003100611564967548,0.003100611564967548
5971,43,1,22,3351,1000,0.0,1,0.5201,0.003100611564967548,0.003100611564967548
5971,43,1,23,3350,1029,0.00543,1,0.4221,0.003100611564967548,0.003100611564967548
5971,43,1,24,3349,1000,0.01802,0,0.3953,0.003100611564967548,0.003100611564967548
5971,43,2,5,3368,1000,0.0,1,0.4418,0.01053979736205557,0.017978983159143924
5971,43,2,6,3367,1062,0.00389,1,0.621,0.01053979736205557,0.017978983159143924
5971,43,2,7,3366,1258,0.0,1,0.3134,0.01053979736205557,0.017978983159143924
5971,43,2,8,3365,1464,0.00789,1,0.521,0.01053979736205557,0.017978983159143924
5971,43,2,9,3364,1568,0.00309,1,0.2337,0.01053979736205557,0.017978983159143924
5971,43,2,10,3363,1456,0.0,1,0.5789,0.01053979736205557,0.017978983159143924
5971,43,2,11,3362,1592,0.0,1,0.1817,0.01053979736205557,0.017978983159143924
5971,43,2,12,3361,2038,0.0,1,0.7194,0.01053979736205557,0.017978983159143924
5971,43,2,13,3360,2083,0.00893,1,0.6423,0.01053979736205557,0.017978983159143924
5971,43,2,14,3359,1963,0.09903,0,0.5335,0.01053979736205557,0.017978983159143924
5971,43,2,15,3358,2575,0.0,1,0.3773,0.01053979736205557,0.017978983159143924
5971,43,2,16,3357,2476,0.0,1,0.4144,0.01053979736205557,0.017978983159143924
5971,43,2,17,3356,2078,0.0,1,0.6883,0.01053979736205557,0.017978983159143924
5971,43,2,18,3355,2627,0.0,1,0.7189,0.01053979736205557,0.017978983159143924
5971,43,2,19,3354,2740,0.0,1,0.0572,0.01053979736205557,0.017978983159143924
5971,43,2,20,3353,1224,0.00558,1,0.9075,0.01053979736205557,0.017978983159143924
5971,43,2,21,3352,1200,0.02126,0,0.9743,0.01053979736205557,0.017978983159143924
5971,43,2,22,3351,1087,0.0,1,0.1617,0.01053979736205557,0.017978983159143924
5971,43,2,23,3350,1211,0.0,1,0.3239,0.01053979736205557,0.017978983159143924
5971,43,2,24,3349,1373,0.0217,0,0.057,0.01053979736205557,0.017978983159143924
5971,43,3,5,3368,1000,0.03579,0,0.057,0.015497352927753227,0.016119186709872002
5971,43,3,6,3367,1000,0.0,1,0.8396,0.015497352927753227,0.016119186709872002
5971,43,3,7,3366,1000,0.01652,0,0.8241,0.015497352927753227,0.016119186709872002
5971,43,3,8,3365,1000,0.0,1,0.1426,0.015497352927753227,0.016119186709872002
5971,43,3,9,3364,1000,0.01888,0,0.9566,0.015497352927753227,0.016119186709872002
5971,43,3,10,3363,1000,0.0,1,0.215,0.015497352927753227,0.016119186709872002
5971,43,3,11,3362,1011,0.0,1,0.0568,0.015497352927753227,0.016119186709872002
5971,43,3,12,3361,1040,0.01701,0,0.4865,0.015497352927753227,0.016119186709872002
5971,43,3,13,3360,1080,0.02764,0,0.3932,0.015497352927753227,0.016119186709872002
5971,43,3,14,3359,1179,0.07984,0,0.1712,0.015497352927753227,0.016119186709872002
5971,43,3,15,3358,1213,0.0,1,0.0566,0.015497352927753227,0.016119186709872002
5971,43,3,16,3357,1144,0.08924,0,0.9172,0.015497352927753227,0.016119186709872002
5971,43,3,17,3356,1136,0.0,1,0.0563,0.015497352927753227,0.016119186709872002
5971,43,3,18,3355,1104,0.01055,0,0.434,0.015497352927753227,0.016119186709872002
5971,43,3,19,3354,1273,0.00211,1,0.2752,0.015497352927753227,0.016119186709872002
5971,43,3,20,3353,1326,0.01098,0,0.0561,0.015497352927753227,0.016119186709872002
5971,43,3,21,3352,1431,0.0,1,0.4147,0.015497352927753227,0.016119186709872002
5971,43,3,22,3351,1472,0.05011,0,0.103,0.015497352927753227,0.016119186709872002
5971,43,3,23,3350,1332,0.02455,0,0.5346,0.015497352927753227,0.016119186709872002
5971,43,3,24,3349,1427,0.08985,0,0.215,0.015497352927753227,0.016119186709872002
5971,43,4,5,3368,1000,0.01514,0,0.9273,0.011777760029209161,0.013018575144904454
5971,43,4,6,3367,1000,0.03094,0,0.7202,0.011777760029209161,0.013018575144904454
5971,43,4,7,3366,1056,0.01638,0,0.765,0.011777760029209161,0.013018575144904454
5971,43,4,8,3365,1092,0.0,1,0.9694,0.011777760029209161,0.013018575144904454
5971,43,4,9,3364,1120,0.0,1,0.9034,0.011777760029209161,0.013018575144904454
5971,43,4,10,3363,1164,0.0,1,0.1992,0.011777760029209161,0.013018575144904454
5971,43,4,11,3362,1261,0.0,1,0.6431,0.011777760029209161,0.013018575144904454
5971,43,4,12,3361,1404,0.02108,0,0.5213,0.011777760029209161,0.013018575144904454
5971,43,4,13,3360,1404,0.0,1,0.3131,0.011777760029209161,0.013018575144904454
5971,43,4,14,3359,1450,0.0,1,0.9428,0.011777760029209161,0.013018575144904454
5971,43,4,15,3358,1374,0.04179,0,0.5548,0.011777760029209161,0.013018575144904454
5971,43,4,16,3357,1247,0.0,1,0.9419,0.011777760029209161,0.013018575144904454
5971,43,4,17,3356,1420,0.01669,0,0.4583,0.011777760029209161,0.013018575144904454
5971,43,4,18,3355,1337,0.04587,0,0.3803,0.011777760029209161,0.013018575144904454
5971,43,4,19,3354,1480,0.02575,0,0.4738,0.011777760029209161,0.013018575144904454
5971,43,4,20,3353,1518,0.0,1,0.1927,0.011777760029209161,0.013018575144904454
5971,43,4,21,3352,1327,0.0,1,0.6536,0.011777760029209161,0.013018575144904454
5971,43,4,22,3351,1330,0.0,1,0.9346,0.011777760029209161,0.013018575144904454
5971,43,4,23,3350,1323,0.03732,0,0.8227,0.011777760029209161,0.013018575144904454
5971,43,4,24,3349,1252,0.04724,0,0.4168,0.011777760029209161,0.013018575144904454
5971,34536,0,5,3482,1000,0.0,1,0.1502,0.002548477776915692,0.002548477776915692
5971,34536,0,6,3481,1000,0.01552,0,0.9882,0.002548477776915692,0.002548477776915692
5971,34536,0,7,3480,1000,0.00035,1,0.4103,0.002548477776915692,0.002548477776915692
5971,34536,0,8,3479,1021,0.0,1,0.8626,0.002548477776915692,0.002548477776915692
5971,34536,0,9,3478,1036,0.0,1,0.8283,0.002548477776915692,0.002548477776915692
5971,34536,0,10,3477,1057,0.0,1,0.6284,0.002548477776915692,0.002548477776915692
5971,34536,0,11,3476,1030,0.01838,0,0.3553,0.002548477776915692,0.002548477776915692
5971,34536,0,12,3475,1101,0.0,1,0.9804,0.002548477776915692,0.002548477776915692
5971,34536,0,13,3474,1079,0.01742,0,0.7268,0.002548477776915692,0.002548477776915692
5971,34536,0,14,3473,1126,0.0,1,0.9954,0.002548477776915692,0.002548477776915692
5971,34536,0,15,3472,1146,0.0,1,0.7909,0.002548477776915692,0.002548477776915692
5971,34536,0,16,3471,1121,0.00159,1,0.6969,0.002548477776915692,0.002548477776915692
5971,34536,0,17,3470,1156,0.06731,0,0.4686,0.002548477776915692,0.002548477776915692
5971,34536,0,18,3469,1237,0.0,1,0.6691,0.002548477776915692,0.002548477776915692
5971,34536,0,19,3468,1276,0.0,1,0.2321,0.002548477776915692,0.002548477776915692
5971,34536,0,20,3467,1291,0.04107,0,0.3556,0.002548477776915692,0.002548477776915692
5971,34536,0,21,3466,1252,0.02602,0,0.4827,0.002548477776915692,0.002548477776915692
5971,34536,0,22,3465,1290,0.08384,0,0.5994,0.002548477776915692,0.002548477776915692
5971,34536,0,23,3464,1293,0.08943,0,0.5586,0.002548477776915692,0.002548477776915692
5971,34536,0,24,3463,1345,0.11056,0,0.6754,0.002548477776915692,0.002548477776915692
5971,34536,1,5,3482,1000,0.02609,0,0.3868,0.0047328872999862215,0.005095761887425443
5971,34536,1,6,3481,1000,0.0,1,0.9015,0.0047328872999862215,0.005095761887425443
5971,34536,1,7,3480,1000,0.03081,0,0.3555,0.0047328872999862215,0.005095761887425443
5971,34536,1,8,3479,1000,0.01075,0,0.4056,0.0047328872999862215,0.005095761887425443
5971,34536,1,9,3478,1000,0.02754,0,0.3082,0.0047328872999862215,0.005095761887425443
5971,34536,1,10,3477,1000,0.03359,0,0.3647,0.0047328872999862215,0.005095761887425443
5971,34536,1,11,3476,1000,0.0,1,0.6887,0.0047328872999862215,0.005095761887425443
5971,34536,1,12,3475,1029,0.03669,0,0.9801,0.0047328872999862215,0.005095761887425443
5971,34536,1,13,3474,1000,0.00018,1,0.937,0.0047328872999862215,0.005095761887425443
5971,34536,1,14,3473,1000,0.00184,1,0.9369,0.0047328872999862215,0.005095761887425443
5971,34536,1,15,3472,1000,0.00174,1,0.9531,0.0047328872999862215,0.005095761887425443
5971,34536,1,16,3471,1000,0.0,1,0.8634,0.0047328872999862215,0.005095761887425443
5971,34536,1,17,3470,1000,0.02446,0,0.8847,0.0047328872999862215,0.005095761887425443
5971,34536,1,18,3469,1000,0.02617,0,0.9305,0.0047328872999862215,0.005095761887425443
5971,34536,1,19,3468,1000,0.0,1,0.7336,0.0047328872999862215,0.005095761887425443
5971,34536,1,20,3467,1000,0.02325,0,0.8918,0.0047328872999862215,0.005095761887425443
5971,34536,1,21,3466,1000,0.02263,0,0.9608,0.0047328872999862215,0.005095761887425443
5971,34536,1,22,3465,1000,0.0,1,0.9801,0.0047328872999862215,0.005095761887425443
5971,34536,1,23,3464,1022,0.0,1,0.8857,0.0047328872999862215,0.005095761887425443
5971,34536,1,24,3463,1122,0.00941,1,0.8856,0.0047328872999862215,0.005095761887425443
5971,34536,2,5,3482,1000,0.00129,1,0.6565,0.005459830141270494,0.001456273015380427
5971,34536,2,6,3481,1074,0.04022,0,0.7262,0.005459830141270494,0.001456273015380427
5971,34536,2,7,3480,1073,0.0,1,0.1523,0.005459830141270494,0.001456273015380427
5971,34536,2,8,3479,1000,0.02241,0,0.1909,0.005459830141270494,0.001456273015380427
5971,34536,2,9,3478,1000,0.02585,0,0.2027,0.005459830141270494,0.001456273015380427
5971,34536,2,10,3477,1000,0.0,1,0.6281,0.005459830141270494,0.001456273015380427
5971,34536,2,11,3476,1000,0.0,1,0.8452,0.005459830141270494,0.001456273015380427
5971,34536,2,12,3475,1000,0.0,1,0.9669,0.005459830141270494,0.001456273015380427
5971,34536,2,13,3474,1000,0.04911,0,0.5556,0.005459830141270494,0.001456273015380427
5971,34536,2,14,3473,1000,0.03706,0,0.5502,0.005459830141270494,0.001456273015380427
5971,34536,2,15,3472,1000,0.0143,0,0.8453,0.005459830141270494,0.001456273015380427
5971,34536,2,16,3471,1000,0.02129,0,0.4105,0.005459830141270494,0.001456273015380427
5971,34536,2,17,3470,1021,0.05807,0,0.9297,0.005459830141270494,0.001456273015380427
5971,34536,2,18,3469,1045,0.01233,0,0.7654,0.005459830141270494,0.001456273015380427
5971,34536,2,19,3468,1076,0.0,1,0.1883,0.005459830141270494,0.001456273015380427
5971,34536,2,20,3467,1002,0.0,1,0.5053,0.005459830141270494,0.001456273015380427
5971,34536,2,21,3466,1030,0.0,1,0.9368,0.005459830141270494,0.001456273015380427
5971,34536,2,22,3465,1051,0.00024,1,0.8225,0.005459830141270494,0.001456273015380427
5971,34536,2,23,3464,1080,0.00759,1,0.8912,0.005459830141270494,0.001456273015380427
5971,34536,2,24,3463,1055,0.0,1,0.6942,0.005459830141270494,0.001456273015380427
5971,34536,3,5,3482,1000,0.0,1,0.8326,0.0047328872999862215,0.005459830141270494
5971,34536,3,6,3481,1000,0.00873,1,0.1807,0.0047328872999862215,0.005459830141270494
5971,34536,3,7,3480,1000,0.02099,0,0.7287,0.0047328872999862215,0.005459830141270494
5971,34536,3,8,3479,1017,0.0,1,0.6781,0.0047328872999862215,0.005459830141270494
5971,34536,3,9,3478,1049,0.01982,0,0.4106,0.0047328872999862215,0.005459830141270494
5971,34536,3,10,3477,1120,0.00138,1,0.732,0.0047328872999862215,0.005459830141270494
5971,34536,3,11,3476,1154,0.07748,0,0.1505,0.0047328872999862215,0.005459830141270494
5971,34536,3,12,3475,1214,0.0,1,0.9801,0.0047328872999862215,0.005459830141270494
5971,34536,3,13,3474,1166,0.03226,0,0.4059,0.0047328872999862215,0.005459830141270494
5971,34536,3,14,3473,1169,0.01237,0,0.9801,0.0047328872999862215,0.005459830141270494
5971,34536,3,15,3472,1161,0.01345,0,0.9018,0.0047328872999862215,0.005459830141270494
5971,34536,3,16,3471,1251,0.0,1,0.8626,0.0047328872999862215,0.005459830141270494
5971,34536,3,17,3470,1273,0.0,1,0.5991,0.0047328872999862215,0.005459830141270494
5971,34536,3,18,3469,1346,0.0,1,0.7754,0.0047328872999862215,0.005459830141270494
5971,34536,3,19,3468,1328,0.02096,0,0.9152,0.0047328872999862215,0.005459830141270494
5971,34536,3,20,3467,1404,0.01077,0,0.7274,0.0047328872999862215,0.005459830141270494
5971,34536,3,21,3466,1359,0.00194,1,0.7389,0.0047328872999862215,0.005459830141270494
5971,34536,3,22,3465,1399,0.00261,1,0.5997,0.0047328872999862215,0.005459830141270494
5971,34536,3,23,3464,1336,0.00374,1,0.7699,0.0047328872999862215,0.005459830141270494
5971,34536,3,24,3463,1299,0.0,1,0.5131,0.0047328872999862215,0.005459830141270494
5971,34536,4,5,3482,1000,0.0,1,0.8096,0.01092085394894693,0.0058238983951156564
5971,34536,4,6,3481,1000,0.0152,0,0.3077,0.01092085394894693,0.0058238983951156564
5971,34536,4,7,3480,1065,0.00713,1,0.2,0.01092085394894693,0.0058238983951156564
5971,34536,4,8,3479,1094,0.0,1,0.2598,0.01092085394894693,0.0058238983951156564
5971,34536,4,9,3478,1126,0.03866,0,0.8275,0.01092085394894693,0.0058238983951156564
5971,34536,4,10,3477,1149,0.06319,0,0.8274,0.01092085394894693,0.0058238983951156564
5971,34536,4,11,3476,1056,0.05003,0,0.8449,0.01092085394894693,0.0058238983951156564
5971,34536,4,12,3475,1057,0.06556,0,0.7965,0.01092085394894693,0.0058238983951156564
5971,34536,4,13,3474,1035,0.07854,0,0.7124,0.01092085394894693,0.0058238983951156564
5971,34536,4,14,3473,1064,0.0176,0,0.6856,0.01092085394894693,0.0058238983951156564
5971,34536,4,15,3472,1107,0.00412,1,0.4107,0.01092085394894693,0.0058238983951156564
5971,34536,4,16,3471,1104,0.0,1,0.6448,0.01092085394894693,0.0058238983951156564
5971,34536,4,17,3470,1196,0.03601,0,0.7049,0.01092085394894693,0.0058238983951156564
5971,34536,4,18,3469,1207,0.02051,0,0.1508,0.01092085394894693,0.0058238983951156564
5971,34536,4,19,3468,1131,0.00044,1,0.3454,0.01092085394894693,0.0058238983951156564
5971,34536,4,20,3467,1121,0.0,1,0.5079,0.01092085394894693,0.0058238983951156564
5971,34536,4,21,3466,1123,0.05721,0,0.4784,0.01092085394894693,0.0058238983951156564
5971,34536,4,22,3465,1086,0.0,1,0.2569,0.01092085394894693,0.0058238983951156564
5971,34536,4,23,3464,1218,0.0,1,0.8369,0.01092085394894693,0.0058238983951156564
5971,34536,4,24,3463,1210,0.0,1,0.8273,0.01092085394894693,0.0058238983951156564
5971,9970,0,5,3861,1000,0.00234,1,0.7128,0.005830326886994253,0.0029151634434969598
5971,9970,0,6,3860,1000,0.02108,0,0.5746,0.005830326886994253,0.0029151634434969598
5971,9970,0,7,3859,1000,0.00631,1,0.9788,0.005830326886994253,0.0029151634434969598
5971,9970,0,8,3858,1000,0.0,1,0.1721,0.005830326886994253,0.0029151634434969598
5971,9970,0,9,3857,1000,0.01587,0,0.9404,0.005830326886994253,0.0029151634434969598
5971,9970,0,10,3856,1000,0.00708,1,0.7762,0.005830326886994253,0.0029151634434969598
5971,9970,0,11,3855,1000,0.0454,0,0.2005,0.005830326886994253,0.0029151634434969598
5971,9970,0,12,3854,1000,0.00509,1,0.849,0.005830326886994253,0.0029151634434969598
5971,9970,0,13,3853,1000,0.0,1,0.9987,0.005830326886994253,0.0029151634434969598
5971,9970,0,14,3852,1000,0.01289,0,0.3396,0.005830326886994253,0.0029151634434969598
5971,9970,0,15,3851,1000,0.02551,0,0.885,0.005830326886994253,0.0029151634434969598
5971,9970,0,16,3850,1000,0.01384,0,0.8639,0.005830326886994253,0.0029151634434969598
5971,9970,0,17,3849,1000,0.0,1,0.9774,0.005830326886994253,0.0029151634434969598
5971,9970,0,18,3848,1000,0.00584,1,0.979,0.005830326886994253,0.0029151634434969598
5971,9970,0,19,3847,1000,0.02128,0,0.941,0.005830326886994253,0.0029151634434969598
5971,9970,0,20,3846,1000,0.01693,0,0.8502,0.005830326886994253,0.0029151634434969598
5971,9970,0,21,3845,1000,0.0,1,0.9433,0.005830326886994253,0.0029151634434969598
5971,9970,0,22,3844,1000,0.06061,0,0.7856,0.005830326886994253,0.0029151634434969598
5971,9970,0,23,3843,1000,0.0517,0,0.8873,0.005830326886994253,0.0029151634434969598
5971,9970,0,24,3842,1000,0.01787,0,0.5034,0.005830326886994253,0.0029151634434969598
5971,9970,1,5,3861,1000,0.0,1,0.8026,0.014575817217485465,0.008745490330491212
5971,9970,1,6,3860,1018,0.032,0,0.8171,0.014575817217485465,0.008745490330491212
5971,9970,1,7,3859,1201,0.07638,0,0.7033,0.014575817217485465,0.008745490330491212
5971,9970,1,8,3858,1234,0.0,1,0.1724,0.014575817217485465,0.008745490330491212
5971,9970,1,9,3857,1319,0.0,1,0.7101,0.014575817217485465,0.008745490330491212
5971,9970,1,10,3856,1237,0.0,1,0.9103,0.014575817217485465,0.008745490330491212
5971,9970,1,11,3855,1380,0.01265,0,0.8752,0.014575817217485465,0.008745490330491212
5971,9970,1,12,3854,1588,0.00268,1,0.3861,0.014575817217485465,0.008745490330491212
5971,9970,1,13,3853,1020,0.01539,0,0.9424,0.014575817217485465,0.008745490330491212
5971,9970,1,14,3852,1008,0.0,1,0.8014,0.014575817217485465,0.008745490330491212
5971,9970,1,15,3851,1098,0.0,1,0.9951,0.014575817217485465,0.008745490330491212
5971,9970,1,16,3850,1095,0.0,1,0.8291,0.014575817217485465,0.008745490330491212
5971,9970,1,17,3849,1109,0.04478,0,0.9221,0.014575817217485465,0.008745490330491212
5971,9970,1,18,3848,1080,0.02229,0,0.9841,0.014575817217485465,0.008745490330491212
5971,9970,1,19,3847,1088,0.04565,0,0.2389,0.014575817217485465,0.008745490330491212
5971,9970,1,20,3846,1001,0.03648,0,0.4246,0.014575817217485465,0.008745490330491212
5971,9970,1,21,3845,1000,0.0,1,0.1727,0.014575817217485465,0.008745490330491212
5971,9970,1,22,3844,1023,0.01313,0,0.461,0.014575817217485465,0.008745490330491212
5971,9970,1,23,3843,1000,0.03985,0,0.5282,0.014575817217485465,0.008745490330491212
5971,9970,1,24,3842,1000,0.00296,1,0.8821,0.014575817217485465,0.008745490330491212
5971,9970,2,5,3861,1000,0.00056,1,0.172,0.005830326886994253,0.037900658296908585
5971,9970,2,6,3860,1012,0.0035,1,0.9521,0.005830326886994253,0.037900658296908585
5971,9970,2,7,3859,1000,0.0,1,0.1718,0.005830326886994253,0.037900658296908585
5971,9970,2,8,3858,1040,0.04085,0,0.1716,0.005830326886994253,0.037900658296908585
5971,9970,2,9,3857,1013,0.00238,1,0.8395,0.005830326886994253,0.037900658296908585
5971,9970,2,10,3856,1027,0.02414,0,0.9564,0.005830326886994253,0.037900658296908585
5971,9970,2,11,3855,1035,0.01155,0,0.9787,0.005830326886994253,0.037900658296908585
5971,9970,2,12,3854,1057,0.0,1,0.9702,0.005830326886994253,0.037900658296908585
5971,9970,2,13,3853,1079,0.00563,1,0.9896,0.005830326886994253,0.037900658296908585
5971,9970,2,14,3852,1311,0.00211,1,0.9943,0.005830326886994253,0.037900658296908585
5971,9970,2,15,3851,1361,0.0,1,0.7112,0.005830326886994253,0.037900658296908585
5971,9970,2,16,3850,1376,0.0,1,0.714,0.005830326886994253,0.037900658296908585
5971,9970,2,17,3849,1281,0.00824,1,0.6264,0.005830326886994253,0.037900658296908585
5971,9970,2,18,3848,1147,0.01537,0,0.92,0.005830326886994253,0.037900658296908585
5971,9970,2,19,3847,1562,0.02111,0,0.6137,0.005830326886994253,0.037900658296908585
5971,9970,2,20,3846,1611,0.0,1,0.9909,0.005830326886994253,0.037900658296908585
5971,9970,2,21,3845,1468,0.00282,1,0.9534,0.005830326886994253,0.037900658296908585
5971,9970,2,22,3844,1354,0.0,1,0.9004,0.005830326886994253,0.037900658296908585
5971,9970,2,23,3843,1411,0.0,1,0.8473,0.005830326886994253,0.037900658296908585
5971,9970,2,24,3842,1665,0.00771,1,0.9987,0.005830326886994253,0.037900658296908585
5971,9970,3,5,3861,1000,0.01895,0,0.3553,0.008745490330491212,0.026236470991473637
5971,9970,3,6,3860,1000,0.0,1,0.5671,0.008745490330491212,0.026236470991473637
5971,9970,3,7,3859,1000,0.00014,1,0.2244,0.008745490330491212,0.026236470991473637
5971,9970,3,8,3858,1000,0.0,1,0.795,0.008745490330491212,0.026236470991473637
5971,9970,3,9,3857,1000,0.02556,0,0.7003,0.008745490330491212,0.026236470991473637
5971,9970,3,10,3856,1000,0.09977,0,0.0078,0.008745490330491212,0.026236470991473637
5971,9970,3,11,3855,1000,0.00597,1,0.0208,0.008745490330491212,0.026236470991473637
5971,9970,3,12,3854,1000,0.0131,0,0.9123,0.008745490330491212,0.026236470991473637
5971,9970,3,13,3853,1000,0.00528,1,0.9216,0.008745490330491212,0.026236470991473637
5971,9970,3,14,3852,1000,0.06643,0,0.9971,0.008745490330491212,0.026236470991473637
5971,9970,3,15,3851,1000,0.0216,0,0.9875,0.008745490330491212,0.026236470991473637
5971,9970,3,16,3850,1000,0.04343,0,0.88,0.008745490330491212,0.026236470991473637
5971,9970,3,17,3849,1000,0.01562,0,0.9844,0.008745490330491212,0.026236470991473637
5971,9970,3,18,3848,1000,0.0115,0,0.9623,0.008745490330491212,0.026236470991473637
5971,9970,3,19,3847,1000,0.0,1,0.9225,0.008745490330491212,0.026236470991473637
5971,9970,3,20,3846,1000,0.00756,1,0.8341,0.008745490330491212,0.026236470991473637
5971,9970,3,21,3845,1000,0.00972,1,0.9282,0.008745490330491212,0.026236470991473637
5971,9970,3,22,3844,1000,0.00598,1,0.7482,0.008745490330491212,0.026236470991473637
5971,9970,3,23,3843,1000,0.01198,0,0.0385,0.008745490330491212,0.026236470991473637
5971,9970,3,24,3842,1000,0.0,1,0.7356,0.008745490330491212,0.026236470991473637
5971,9970,4,5,3861,1000,0.02225,0,0.1722,0.05539163895789101,0.14285714285714302
5971,9970,4,6,3860,1000,0.0318,0,0.4339,0.05539163895789101,0.14285714285714302
5971,9970,4,7,3859,1009,0.0,1,0.391,0.05539163895789101,0.14285714285714302
5971,9970,4,8,3858,1113,0.05427,0,0.5363,0.05539163895789101,0.14285714285714302
5971,9970,4,9,3857,1100,0.0,1,0.1722,0.05539163895789101,0.14285714285714302
5971,9970,4,10,3856,1021,0.01308,0,0.6564,0.05539163895789101,0.14285714285714302
5971,9970,4,11,3855,1000,0.05189,0,0.6244,0.05539163895789101,0.14285714285714302
5971,9970,4,12,3854,1000,0.07857,0,0.172,0.05539163895789101,0.14285714285714302
5971,9970,4,13,3853,1000,0.09536,0,0.51,0.05539163895789101,0.14285714285714302
5971,9970,4,14,3852,1000,0.10926,0,0.5963,0.05539163895789101,0.14285714285714302
5971,9970,4,15,3851,1000,0.00985,1,0.424,0.05539163895789101,0.14285714285714302
5971,9970,4,16,3850,1000,0.00717,1,0.6377,0.05539163895789101,0.14285714285714302
5971,9970,4,17,3849,1000,0.06086,0,0.5438,0.05539163895789101,0.14285714285714302
5971,9970,4,18,3848,1019,0.10754,0,0.9699,0.05539163895789101,0.14285714285714302
5971,9970,4,19,3847,1000,0.02092,0,0.8596,0.05539163895789101,0.14285714285714302
5971,9970,4,20,3846,1000,0.02923,0,0.1721,0.05539163895789101,0.14285714285714302
5971,9970,4,21,3845,1000,0.00262,1,0.9345,0.05539163895789101,0.14285714285714302
5971,9970,4,22,3844,1000,0.0,1,0.172,0.05539163895789101,0.14285714285714302
5971,9970,4,23,3843,1000,0.0,1,0.1717,0.05539163895789101,0.14285714285714302
5971,9970,4,24,3842,1000,0.00838,1,0.9672,0.05539163895789101,0.14285714285714302
5971,6566,0,5,4249,1000,0.01505,0,0.4801,0.00582177887024804,0.0061857146266377505
5971,6566,0,6,4248,1177,0.00495,1,0.9096,0.00582177887024804,0.0061857146266377505
5971,6566,0,7,4247,1088,0.02157,0,0.7907,0.00582177887024804,0.0061857146266377505
5971,6566,0,8,4246,1119,0.0,1,0.7642,0.00582177887024804,0.0061857146266377505
5971,6566,0,9,4245,1146,0.00732,1,0.9519,0.00582177887024804,0.0061857146266377505
5971,6566,0,10,4244,1081,0.0,1,0.9658,0.00582177887024804,0.0061857146266377505
5971,6566,0,11,4243,1049,0.03802,0,0.9276,0.00582177887024804,0.0061857146266377505
5971,6566,0,12,4242,1181,0.06219,0,0.6301,0.00582177887024804,0.0061857146266377505
5971,6566,0,13,4241,1253,0.02053,0,0.5416,0.00582177887024804,0.0061857146266377505
5971,6566,0,14,4240,1199,0.01509,0,0.2946,0.00582177887024804,0.0061857146266377505
5971,6566,0,15,4239,1317,0.03593,0,0.7353,0.00582177887024804,0.0061857146266377505
5971,6566,0,16,4238,1345,0.05967,0,0.9582,0.00582177887024804,0.0061857146266377505
5971,6566,0,17,4237,1324,0.02116,0,0.9372,0.00582177887024804,0.0061857146266377505
5971,6566,0,18,4236,1404,0.0,1,0.618,0.00582177887024804,0.0061857146266377505
5971,6566,0,19,4235,1446,0.00711,1,0.6014,0.00582177887024804,0.0061857146266377505
5971,6566,0,20,4234,1479,0.01701,0,0.8035,0.00582177887024804,0.0061857146266377505
5971,6566,0,21,4233,1554,0.0,1,0.7512,0.00582177887024804,0.0061857146266377505
5971,6566,0,22,4232,1508,0.06153,0,0.1808,0.00582177887024804,0.0061857146266377505
5971,6566,0,23,4231,1406,0.0,1,0.3446,0.00582177887024804,0.0061857146266377505
5971,6566,0,24,4230,1297,0.02673,0,0.9522,0.00582177887024804,0.0061857146266377505
5971,6566,1,5,4249,1000,0.00632,1,0.8531,0.0010918072691692426,0.0010918072691692426
5971,6566,1,6,4248,1055,0.00106,1,0.7644,0.0010918072691692426,0.0010918072691692426
5971,6566,1,7,4247,1055,0.00973,1,0.7716,0.0010918072691692426,0.0010918072691692426
5971,6566,1,8,4246,1033,0.02384,0,0.1418,0.0010918072691692426,0.0010918072691692426
5971,6566,1,9,4245,1080,0.02169,0,0.391,0.0010918072691692426,0.0010918072691692426
5971,6566,1,10,4244,1128,0.02087,0,0.1416,0.0010918072691692426,0.0010918072691692426
5971,6566,1,11,4243,1036,0.05431,0,0.3665,0.0010918072691692426,0.0010918072691692426
5971,6566,1,12,4242,1033,0.03576,0,0.633,0.0010918072691692426,0.0010918072691692426
5971,6566,1,13,4241,1049,0.01392,0,0.9007,0.0010918072691692426,0.0010918072691692426
5971,6566,1,14,4240,1077,0.04606,0,0.9958,0.0010918072691692426,0.0010918072691692426
5971,6566,1,15,4239,1082,0.05198,0,0.7181,0.0010918072691692426,0.0010918072691692426
5971,6566,1,16,4238,1091,0.04062,0,0.4597,0.0010918072691692426,0.0010918072691692426
5971,6566,1,17,4237,1113,0.02835,0,0.51,0.0010918072691692426,0.0010918072691692426
5971,6566,1,18,4236,1218,0.06616,0,0.5902,0.0010918072691692426,0.0010918072691692426
5971,6566,1,19,4235,1203,0.05551,0,0.6808,0.0010918072691692426,0.0010918072691692426
5971,6566,1,20,4234,1235,0.07394,0,0.1417,0.0010918072691692426,0.0010918072691692426
5971,6566,1,21,4233,1192,0.01296,0,0.8245,0.0010918072691692426,0.0010918072691692426
5971,6566,1,22,4232,1212,0.01402,0,0.1902,0.0010918072691692426,0.0010918072691692426
5971,6566,1,23,4231,1248,0.0,1,0.8752,0.0010918072691692426,0.0010918072691692426
5971,6566,1,24,4230,1266,0.0,1,0.8752,0.0010918072691692426,0.0010918072691692426
5971,6566,2,5,4249,1000,0.00681,1,0.6218,0.007641457652196815,0.0061857146266377505
5971,6566,2,6,4248,1071,0.02211,0,0.0179,0.007641457652196815,0.0061857146266377505
5971,6566,2,7,4247,1000,0.03251,0,0.8032,0.007641457652196815,0.0061857146266377505
5971,6566,2,8,4246,1000,0.04615,0,0.1418,0.007641457652196815,0.0061857146266377505
5971,6566,2,9,4245,1000,0.0,1,0.8299,0.007641457652196815,0.0061857146266377505
5971,6566,2,10,4244,1000,0.01729,0,0.8749,0.007641457652196815,0.0061857146266377505
5971,6566,2,11,4243,1000,0.0,1,0.8244,0.007641457652196815,0.0061857146266377505
5971,6566,2,12,4242,1000,0.02634,0,0.5519,0.007641457652196815,0.0061857146266377505
5971,6566,2,13,4241,1000,0.03349,0,0.5173,0.007641457652196815,0.0061857146266377505
5971,6566,2,14,4240,1000,0.003,1,0.8243,0.007641457652196815,0.0061857146266377505
5971,6566,2,15,4239,1000,0.06693,0,0.1418,0.007641457652196815,0.0061857146266377505
5971,6566,2,16,4238,1000,0.0,1,0.8915,0.007641457652196815,0.0061857146266377505
5971,6566,2,17,4237,1000,0.0,1,0.6752,0.007641457652196815,0.0061857146266377505
5971,6566,2,18,4236,1000,0.0,1,0.8914,0.007641457652196815,0.0061857146266377505
5971,6566,2,19,4235,1000,0.0,1,0.4437,0.007641457652196815,0.0061857146266377505
5971,6566,2,20,4234,1000,0.05206,0,0.8751,0.007641457652196815,0.0061857146266377505
5971,6566,2,21,4233,1000,0.00451,1,0.7408,0.007641457652196815,0.0061857146266377505
5971,6566,2,22,4232,1000,0.02559,0,0.732,0.007641457652196815,0.0061857146266377505
5971,6566,2,23,4231,1000,0.00892,1,0.6816,0.007641457652196815,0.0061857146266377505
5971,6566,2,24,4230,1000,0.0456,0,0.6154,0.007641457652196815,0.0061857146266377505
5971,6566,3,5,4249,1000,0.00726,1,0.7967,0.004367229076677082,0.004731164833066792
5971,6566,3,6,4248,1000,0.00434,1,0.972,0.004367229076677082,0.004731164833066792
5971,6566,3,7,4247,1000,0.01446,0,0.9887,0.004367229076677082,0.004731164833066792
5971,6566,3,8,4246,1107,0.00706,1,0.7913,0.004367229076677082,0.004731164833066792
5971,6566,3,9,4245,1109,0.00217,1,0.1849,0.004367229076677082,0.004731164833066792
5971,6566,3,10,4244,1000,0.03194,0,0.3857,0.004367229076677082,0.004731164833066792
5971,6566,3,11,4243,1000,0.00759,1,0.7092,0.004367229076677082,0.004731164833066792
5971,6566,3,12,4242,1000,0.0,1,0.1421,0.004367229076677082,0.004731164833066792
5971,6566,3,13,4241,1000,0.01407,0,0.5902,0.004367229076677082,0.004731164833066792
5971,6566,3,14,4240,1000,0.04632,0,0.7601,0.004367229076677082,0.004731164833066792
5971,6566,3,15,4239,1000,0.06711,0,0.9887,0.004367229076677082,0.004731164833066792
5971,6566,3,16,4238,1000,0.01798,0,0.7647,0.004367229076677082,0.004731164833066792
5971,6566,3,17,4237,1012,0.00567,1,0.194,0.004367229076677082,0.004731164833066792
5971,6566,3,18,4236,1000,0.0,1,0.3284,0.004367229076677082,0.004731164833066792
5971,6566,3,19,4235,1000,0.01282,0,0.791,0.004367229076677082,0.004731164833066792
5971,6566,3,20,4234,1033,0.01722,0,0.7407,0.004367229076677082,0.004731164833066792
5971,6566,3,21,4233,1036,0.05377,0,0.618,0.004367229076677082,0.004731164833066792
5971,6566,3,22,4232,1080,0.0,1,0.203,0.004367229076677082,0.004731164833066792
5971,6566,3,23,4231,1057,0.03644,0,0.978,0.004367229076677082,0.004731164833066792
5971,6566,3,24,4230,1072,0.07385,0,0.5605,0.004367229076677082,0.004731164833066792
5971,6566,4,5,4249,1000,0.02786,0,0.9776,0.005095100589456614,0.004367229076677082
5971,6566,4,6,4248,1000,0.01426,0,0.9776,0.005095100589456614,0.004367229076677082
5971,6566,4,7,4247,1026,0.01231,0,0.9588,0.005095100589456614,0.004367229076677082
5971,6566,4,8,4246,1088,0.01045,0,0.9724,0.005095100589456614,0.004367229076677082
5971,6566,4,9,4245,1093,0.0,1,0.5152,0.005095100589456614,0.004367229076677082
5971,6566,4,10,4244,1173,0.00056,1,0.959,0.005095100589456614,0.004367229076677082
5971,6566,4,11,4243,1278,0.0,1,0.8541,0.005095100589456614,0.004367229076677082
5971,6566,4,12,4242,1228,0.01103,0,0.9111,0.005095100589456614,0.004367229076677082
5971,6566,4,13,4241,1256,0.0,1,0.9288,0.005095100589456614,0.004367229076677082
5971,6566,4,14,4240,1287,0.02295,0,0.5604,0.005095100589456614,0.004367229076677082
5971,6566,4,15,4239,1473,0.0,1,0.456,0.005095100589456614,0.004367229076677082
5971,6566,4,16,4238,1388,0.0,1,0.9533,0.005095100589456614,0.004367229076677082
5971,6566,4,17,4237,1483,0.0,1,0.832,0.005095100589456614,0.004367229076677082
5971,6566,4,18,4236,1457,0.01316,0,0.9115,0.005095100589456614,0.004367229076677082
5971,6566,4,19,4235,1526,0.0,1,0.9462,0.005095100589456614,0.004367229076677082
5971,6566,4,20,4234,1614,0.0,1,0.7485,0.005095100589456614,0.004367229076677082
5971,6566,4,21,4233,1664,0.0,1,0.8661,0.005095100589456614,0.004367229076677082
5971,6566,4,22,4232,1783,0.0,1,0.72,0.005095100589456614,0.004367229076677082
5971,6566,4,23,4231,1706,0.00844,1,0.9664,0.005095100589456614,0.004367229076677082
5971,6566,4,24,4230,1617,0.01265,0,0.9723,0.005095100589456614,0.004367229076677082
5965,145836,0,5,11223,1000,0.00568,1,0.9719,0.0909049696832328,0.04544681815606122
5965,145836,0,6,11222,1014,0.00624,1,0.3374,0.0909049696832328,0.04544681815606122
5965,145836,0,7,11221,1000,0.02778,0,0.9719,0.0909049696832328,0.04544681815606122
5965,145836,0,8,11220,1000,0.01039,0,0.9278,0.0909049696832328,0.04544681815606122
5965,145836,0,9,11219,1000,0.02254,0,0.5866,0.0909049696832328,0.04544681815606122
5965,145836,0,10,11218,1000,0.0,1,0.3796,0.0909049696832328,0.04544681815606122
5965,145836,0,11,11217,1016,0.00294,1,0.9517,0.0909049696832328,0.04544681815606122
5965,145836,0,12,11216,1074,0.01504,0,0.9279,0.0909049696832328,0.04544681815606122
5965,145836,0,13,11215,1112,0.04528,0,0.4477,0.0909049696832328,0.04544681815606122
5965,145836,0,14,11214,1090,0.05257,0,0.9517,0.0909049696832328,0.04544681815606122
5965,145836,0,15,11213,1056,0.04775,0,0.8717,0.0909049696832328,0.04544681815606122
5965,145836,0,16,11212,1207,0.01312,0,0.9517,0.0909049696832328,0.04544681815606122
5965,145836,0,17,11211,1151,0.06674,0,0.7289,0.0909049696832328,0.04544681815606122
5965,145836,0,18,11210,1174,0.04024,0,0.6365,0.0909049696832328,0.04544681815606122
5965,145836,0,19,11209,1297,0.00547,1,0.6365,0.0909049696832328,0.04544681815606122
5965,145836,0,20,11208,1280,0.02994,0,0.8998,0.0909049696832328,0.04544681815606122
5965,145836,0,21,11207,1455,0.01898,0,0.587,0.0909049696832328,0.04544681815606122
5965,145836,0,22,11206,1348,0.02932,0,0.3799,0.0909049696832328,0.04544681815606122
5965,145836,0,23,11205,1384,0.02398,0,0.3581,0.0909049696832328,0.04544681815606122
5965,145836,0,24,11204,1424,0.0387,0,0.7288,0.0909049696832328,0.04544681815606122
5965,145836,2,5,11223,1000,0.02196,0,0.9516,0.030294100980337024,0.060599535331784304
5965,145836,2,6,11222,1000,0.02191,0,0.8713,0.030294100980337024,0.060599535331784304
5965,145836,2,7,11221,1000,0.02694,0,0.5868,0.030294100980337024,0.060599535331784304
5965,145836,2,8,11220,1095,0.02415,0,0.6364,0.030294100980337024,0.060599535331784304
5965,145836,2,9,11219,1150,0.02966,0,0.9719,0.030294100980337024,0.060599535331784304
5965,145836,2,10,11218,1138,0.04542,0,0.9278,0.030294100980337024,0.060599535331784304
5965,145836,2,11,11217,1186,0.0,1,0.8402,0.030294100980337024,0.060599535331784304
5965,145836,2,12,11216,1194,0.01462,0,0.8401,0.030294100980337024,0.060599535331784304
5965,145836,2,13,11215,1227,0.03234,0,0.8995,0.030294100980337024,0.060599535331784304
5965,145836,2,14,11214,1300,0.0,1,0.8402,0.030294100980337024,0.060599535331784304
5965,145836,2,15,11213,1277,0.02578,0,0.3378,0.030294100980337024,0.060599535331784304
5965,145836,2,16,11212,1000,0.03428,0,0.1018,0.030294100980337024,0.060599535331784304
5965,145836,2,17,11211,1000,0.0,1,0.9943,0.030294100980337024,0.060599535331784304
5965,145836,2,18,11210,1000,0.06734,0,0.9993,0.030294100980337024,0.060599535331784304
5965,145836,2,19,11209,1000,0.01568,0,0.9944,0.030294100980337024,0.060599535331784304
5965,145836,2,20,11208,1000,0.0,1,0.9722,0.030294100980337024,0.060599535331784304
5965,145836,2,21,11207,1000,0.02577,0,0.1017,0.030294100980337024,0.060599535331784304
5965,145836,2,22,11206,1000,0.0,1,0.4743,0.030294100980337024,0.060599535331784304
5965,145836,2,23,11205,1000,0.02213,0,0.7293,0.030294100980337024,0.060599535331784304
5965,145836,2,24,11204,1000,0.13516,0,0.9944,0.030294100980337024,0.060599535331784304
5965,145836,1,5,11223,1000,0.0,1,0.3374,0.0909049696832328,0.07575225250750861
5965,145836,1,6,11222,1000,0.03656,0,0.6836,0.0909049696832328,0.07575225250750861
5965,145836,1,7,11221,1001,0.05409,0,0.3374,0.0909049696832328,0.07575225250750861
5965,145836,1,8,11220,1029,0.03285,0,0.8398,0.0909049696832328,0.07575225250750861
5965,145836,1,9,11219,1000,0.04666,0,0.3795,0.0909049696832328,0.07575225250750861
5965,145836,1,10,11218,1015,0.05194,0,0.9275,0.0909049696832328,0.07575225250750861
5965,145836,1,11,11217,1000,0.02689,0,0.6836,0.0909049696832328,0.07575225250750861
5965,145836,1,12,11216,1046,0.04765,0,0.8036,0.0909049696832328,0.07575225250750861
5965,145836,1,13,11215,1193,0.0,1,0.9719,0.0909049696832328,0.07575225250750861
5965,145836,1,14,11214,1012,0.06642,0,0.5037,0.0909049696832328,0.07575225250750861
5965,145836,1,15,11213,1165,0.00303,1,0.8036,0.0909049696832328,0.07575225250750861
5965,145836,1,16,11212,1179,0.04097,0,0.8036,0.0909049696832328,0.07575225250750861
5965,145836,1,17,11211,1205,0.06067,0,0.9516,0.0909049696832328,0.07575225250750861
5965,145836,1,18,11210,1237,0.12349,0,0.8713,0.0909049696832328,0.07575225250750861
5965,145836,1,19,11209,1261,0.09742,0,0.7672,0.0909049696832328,0.07575225250750861
5965,145836,1,20,11208,1295,0.0,1,0.5038,0.0909049696832328,0.07575225250750861
5965,145836,1,21,11207,1299,0.0476,0,0.8712,0.0909049696832328,0.07575225250750861
5965,145836,1,22,11206,1320,0.04889,0,0.3799,0.0909049696832328,0.07575225250750861
5965,145836,1,23,11205,1161,0.02813,0,0.54,0.0909049696832328,0.07575225250750861
5965,145836,1,24,11204,1184,0.02116,0,0.7289,0.0909049696832328,0.07575225250750861
5965,145836,3,5,11223,1000,0.0,1,0.9276,0.060599535331784304,0.015141383804612718
5965,145836,3,6,11222,1123,0.01462,0,0.767,0.060599535331784304,0.015141383804612718
5965,145836,3,7,11221,1254,0.00567,1,0.3375,0.060599535331784304,0.015141383804612718
5965,145836,3,8,11220,1517,0.01874,0,0.9515,0.060599535331784304,0.015141383804612718
5965,145836,3,9,11219,1409,0.01921,0,0.5037,0.060599535331784304,0.015141383804612718
5965,145836,3,10,11218,1311,0.0,1,0.3375,0.060599535331784304,0.015141383804612718
5965,145836,3,11,11217,1423,0.0,1,0.9719,0.060599535331784304,0.015141383804612718
5965,145836,3,12,11216,1369,0.13109,0,0.5399,0.060599535331784304,0.015141383804612718
5965,145836,3,13,11215,1287,0.07471,0,0.3578,0.060599535331784304,0.015141383804612718
5965,145836,3,14,11214,1253,0.05101,0,0.9719,0.060599535331784304,0.015141383804612718
5965,145836,3,15,11213,1172,0.0,1,0.8401,0.060599535331784304,0.015141383804612718
5965,145836,3,16,11212,1190,0.0562,0,0.9943,0.060599535331784304,0.015141383804612718
5965,145836,3,17,11211,1146,0.06137,0,0.9279,0.060599535331784304,0.015141383804612718
5965,145836,3,18,11210,1222,0.02946,0,0.972,0.060599535331784304,0.015141383804612718
5965,145836,3,19,11209,1189,0.03414,0,0.4742,0.060599535331784304,0.015141383804612718
5965,145836,3,20,11208,1288,0.0,1,0.9518,0.060599535331784304,0.015141383804612718
5965,145836,3,21,11207,1205,0.01241,0,0.9281,0.060599535331784304,0.015141383804612718
5965,145836,3,22,11206,1198,0.03861,0,0.9281,0.060599535331784304,0.015141383804612718
5965,145836,3,23,11205,1264,0.06104,0,0.7675,0.060599535331784304,0.015141383804612718
5965,145836,3,24,11204,1276,0.02559,0,0.1018,0.060599535331784304,0.015141383804612718
5965,145836,4,5,11223,1000,0.0,1,0.9515,0.04544681815606122,0.060599535331784304
5965,145836,4,6,11222,1000,0.00222,1,0.8712,0.04544681815606122,0.060599535331784304
5965,145836,4,7,11221,1000,0.00672,1,0.9276,0.04544681815606122,0.060599535331784304
5965,145836,4,8,11220,1018,0.06046,0,0.3795,0.04544681815606122,0.060599535331784304
5965,145836,4,9,11219,1050,0.0,1,0.8713,0.04544681815606122,0.060599535331784304
5965,145836,4,10,11218,1113,0.04796,0,0.9842,0.04544681815606122,0.060599535331784304
5965,145836,4,11,11217,1151,0.02116,0,0.9277,0.04544681815606122,0.060599535331784304
5965,145836,4,12,11216,1473,0.001,1,0.4047,0.04544681815606122,0.060599535331784304
5965,145836,4,13,11215,1643,0.06197,0,0.972,0.04544681815606122,0.060599535331784304
5965,145836,4,14,11214,1768,0.0,1,0.9943,0.04544681815606122,0.060599535331784304
5965,145836,4,15,11213,1731,0.08817,0,0.5869,0.04544681815606122,0.060599535331784304
5965,145836,4,16,11212,1543,0.06112,0,0.4047,0.04544681815606122,0.060599535331784304
5965,145836,4,17,11211,1394,0.0,1,0.6365,0.04544681815606122,0.060599535331784304
5965,145836,4,18,11210,1313,0.04912,0,0.5037,0.04544681815606122,0.060599535331784304
5965,145836,4,19,11209,1465,0.08658,0,0.54,0.04544681815606122,0.060599535331784304
5965,145836,4,20,11208,1628,0.0,1,0.9843,0.04544681815606122,0.060599535331784304
5965,145836,4,21,11207,1476,0.00561,1,0.9518,0.04544681815606122,0.060599535331784304
5965,145836,4,22,11206,1712,0.0108,0,0.9977,0.04544681815606122,0.060599535331784304
5965,145836,4,23,11205,1361,0.03769,0,0.9281,0.04544681815606122,0.060599535331784304
5965,145836,4,24,11204,1398,0.0,1,0.9281,0.04544681815606122,0.060599535331784304
5965,9914,0,5,11315,1000,0.02235,0,0.9224,0.04123119902222483,0.0360679454241587
5965,9914,0,6,11314,1038,0.0103,0,0.6777,0.04123119902222483,0.0360679454241587
5965,9914,0,7,11313,1035,0.0,1,0.9514,0.04123119902222483,0.0360679454241587
5965,9914,0,8,11312,1000,0.0,1,0.7476,0.04123119902222483,0.0360679454241587
5965,9914,0,9,11311,1110,0.00062,1,0.9743,0.04123119902222483,0.0360679454241587
5965,9914,0,10,11310,1343,0.01748,0,0.4149,0.04123119902222483,0.0360679454241587
5965,9914,0,11,11309,1569,0.00988,1,0.4732,0.04123119902222483,0.0360679454241587
5965,9914,0,12,11308,1537,0.04123,0,0.3527,0.04123119902222483,0.0360679454241587
5965,9914,0,13,11307,1702,0.00659,1,0.2119,0.04123119902222483,0.0360679454241587
5965,9914,0,14,11306,1948,0.00378,1,0.9225,0.04123119902222483,0.0360679454241587
5965,9914,0,15,11305,1820,0.00562,1,0.8621,0.04123119902222483,0.0360679454241587
5965,9914,0,16,11304,2082,0.01536,0,0.2119,0.04123119902222483,0.0360679454241587
5965,9914,0,17,11303,1584,0.00377,1,0.5482,0.04123119902222483,0.0360679454241587
5965,9914,0,18,11302,1726,0.0,1,0.3613,0.04123119902222483,0.0360679454241587
5965,9914,0,19,11301,1729,0.0,1,0.9743,0.04123119902222483,0.0360679454241587
5965,9914,0,20,11300,1857,0.0,1,0.3527,0.04123119902222483,0.0360679454241587
5965,9914,0,21,11299,2029,0.01352,0,0.9226,0.04123119902222483,0.0360679454241587
5965,9914,0,22,11298,1978,0.00514,1,0.5968,0.04123119902222483,0.0360679454241587
5965,9914,0,23,11297,2222,8e-05,1,0.6086,0.04123119902222483,0.0360679454241587
5965,9914,0,24,11296,1770,0.0067,1,0.9515,0.04123119902222483,0.0360679454241587
5965,9914,1,5,11315,1000,0.00092,1,0.7476,0.030929635080193085,0.030929635080193085
5965,9914,1,6,11314,1046,0.00555,1,0.5481,0.030929635080193085,0.030929635080193085
5965,9914,1,7,11313,1284,0.00816,1,0.5851,0.030929635080193085,0.030929635080193085
5965,9914,1,8,11312,1364,0.00712,1,0.3847,0.030929635080193085,0.030929635080193085
5965,9914,1,9,11311,1332,0.0,1,0.4386,0.030929635080193085,0.030929635080193085
5965,9914,1,10,11310,1646,0.02388,0,0.3286,0.030929635080193085,0.030929635080193085
5965,9914,1,11,11309,1658,0.0,1,0.9892,0.030929635080193085,0.030929635080193085
5965,9914,1,12,11308,1637,0.00503,1,0.9515,0.030929635080193085,0.030929635080193085
5965,9914,1,13,11307,1760,0.00394,1,0.3212,0.030929635080193085,0.030929635080193085
5965,9914,1,14,11306,2128,0.03385,0,0.4801,0.030929635080193085,0.030929635080193085
5965,9914,1,15,11305,1856,0.01635,0,0.9948,0.030929635080193085,0.030929635080193085
5965,9914,1,16,11304,2076,0.0013,1,0.212,0.030929635080193085,0.030929635080193085
5965,9914,1,17,11303,1952,0.00666,1,0.9893,0.030929635080193085,0.030929635080193085
5965,9914,1,18,11302,2495,0.00018,1,0.5203,0.030929635080193085,0.030929635080193085
5965,9914,1,19,11301,2299,0.00177,1,0.9746,0.030929635080193085,0.030929635080193085
5965,9914,1,20,11300,2090,0.0,1,0.7042,0.030929635080193085,0.030929635080193085
5965,9914,1,21,11299,2297,0.02362,0,0.415,0.030929635080193085,0.030929635080193085
5965,9914,1,22,11298,2518,0.00273,1,0.6778,0.030929635080193085,0.030929635080193085
5965,9914,1,23,11297,2535,0.01147,0,0.8909,0.030929635080193085,0.030929635080193085
5965,9914,1,24,11296,2318,0.0,1,0.9228,0.030929635080193085,0.030929635080193085
5965,9914,2,5,11315,1000,0.0,1,0.8906,0.05669601656231993,0.046394452620288185
5965,9914,2,6,11314,1000,0.00241,1,0.4385,0.05669601656231993,0.046394452620288185
5965,9914,2,7,11313,1068,0.00726,1,0.5726,0.05669601656231993,0.046394452620288185
5965,9914,2,8,11312,1058,0.02097,0,0.5882,0.05669601656231993,0.046394452620288185
5965,9914,2,9,11311,1097,0.00104,1,0.7978,0.05669601656231993,0.046394452620288185
5965,9914,2,10,11310,1245,0.01526,0,0.5202,0.05669601656231993,0.046394452620288185
5965,9914,2,11,11309,1374,0.07175,0,0.3366,0.05669601656231993,0.046394452620288185
5965,9914,2,12,11308,1728,0.00589,1,0.3612,0.05669601656231993,0.046394452620288185
5965,9914,2,13,11307,1876,0.01799,0,0.5542,0.05669601656231993,0.046394452620288185
5965,9914,2,14,11306,1771,0.0,1,0.6906,0.05669601656231993,0.046394452620288185
5965,9914,2,15,11305,2047,0.02037,0,0.4058,0.05669601656231993,0.046394452620288185
5965,9914,2,16,11304,1935,0.00908,1,0.4801,0.05669601656231993,0.046394452620288185
5965,9914,2,17,11303,1922,0.00027,1,0.7038,0.05669601656231993,0.046394452620288185
5965,9914,2,18,11302,2272,0.00425,1,0.5755,0.05669601656231993,0.046394452620288185
5965,9914,2,19,11301,2156,0.01061,0,0.7321,0.05669601656231993,0.046394452620288185
5965,9914,2,20,11300,2212,0.008,1,0.732,0.05669601656231993,0.046394452620288185
5965,9914,2,21,11299,2354,0.02681,0,0.3768,0.05669601656231993,0.046394452620288185
5965,9914,2,22,11298,2406,0.0328,0,0.4872,0.05669601656231993,0.046394452620288185
5965,9914,2,23,11297,2289,0.0,1,0.3369,0.05669601656231993,0.046394452620288185
5965,9914,2,24,11296,2726,0.04547,0,0.5665,0.05669601656231993,0.046394452620288185
5965,9914,3,5,11315,1000,0.0,1,0.7039,0.04123119902222483,0.061859270160383284
5965,9914,3,6,11314,1000,0.01763,0,0.7978,0.04123119902222483,0.061859270160383284
5965,9914,3,7,11313,1000,0.02256,0,0.5785,0.04123119902222483,0.061859270160383284
5965,9914,3,8,11312,1000,0.01154,0,0.8379,0.04123119902222483,0.061859270160383284
5965,9914,3,9,11311,1000,0.00187,1,0.7475,0.04123119902222483,0.061859270160383284
5965,9914,3,10,11310,1000,0.00244,1,0.5415,0.04123119902222483,0.061859270160383284
5965,9914,3,11,11309,1000,0.0,1,0.3286,0.04123119902222483,0.061859270160383284
5965,9914,3,12,11308,1021,0.01788,0,0.7635,0.04123119902222483,0.061859270160383284
5965,9914,3,13,11307,1029,0.01521,0,0.9223,0.04123119902222483,0.061859270160383284
5965,9914,3,14,11306,1094,0.01283,0,0.78,0.04123119902222483,0.061859270160383284
5965,9914,3,15,11305,1170,0.0,1,0.9743,0.04123119902222483,0.061859270160383284
5965,9914,3,16,11304,1244,0.05073,0,0.7637,0.04123119902222483,0.061859270160383284
5965,9914,3,17,11303,1119,0.0,1,0.6403,0.04123119902222483,0.061859270160383284
5965,9914,3,18,11302,1152,0.01969,0,0.7978,0.04123119902222483,0.061859270160383284
5965,9914,3,19,11301,1321,0.0,1,0.6403,0.04123119902222483,0.061859270160383284
5965,9914,3,20,11300,1104,0.0,1,0.7637,0.04123119902222483,0.061859270160383284
5965,9914,3,21,11299,1082,0.02854,0,0.6662,0.04123119902222483,0.061859270160383284
5965,9914,3,22,11298,1062,0.02198,0,0.511,0.04123119902222483,0.061859270160383284
5965,9914,3,23,11297,1103,0.01149,0,0.439,0.04123119902222483,0.061859270160383284
5965,9914,3,24,11296,1087,0.03592,0,0.6403,0.04123119902222483,0.061859270160383284
5965,9914,4,5,11315,1000,0.0,1,0.7477,0.051532762964256684,0.0360679454241587
5965,9914,4,6,11314,1000,0.10208,0,0.8907,0.051532762964256684,0.0360679454241587
5965,9914,4,7,11313,1000,0.04779,0,0.6403,0.051532762964256684,0.0360679454241587
5965,9914,4,8,11312,1073,0.00879,1,0.8381,0.051532762964256684,0.0360679454241587
5965,9914,4,9,11311,1093,0.02365,0,0.8906,0.051532762964256684,0.0360679454241587
5965,9914,4,10,11310,1067,0.00121,1,0.8175,0.051532762964256684,0.0360679454241587
5965,9914,4,11,11309,1072,0.01798,0,0.3369,0.051532762964256684,0.0360679454241587
5965,9914,4,12,11308,1000,0.04045,0,0.5485,0.051532762964256684,0.0360679454241587
5965,9914,4,13,11307,1000,0.0231,0,0.5546,0.051532762964256684,0.0360679454241587
5965,9914,4,14,11306,1000,0.16455,0,0.439,0.051532762964256684,0.0360679454241587
5965,9914,4,15,11305,1000,0.07175,0,0.7327,0.051532762964256684,0.0360679454241587
5965,9914,4,16,11304,1000,0.03671,0,0.6781,0.051532762964256684,0.0360679454241587
5965,9914,4,17,11303,1000,0.0,1,0.5421,0.051532762964256684,0.0360679454241587
5965,9914,4,18,11302,1000,0.06791,0,0.7638,0.051532762964256684,0.0360679454241587
5965,9914,4,19,11301,1000,0.07168,0,0.5856,0.051532762964256684,0.0360679454241587
5965,9914,4,20,11300,1000,0.00348,1,0.8905,0.051532762964256684,0.0360679454241587
5965,9914,4,21,11299,1000,0.02546,0,0.2943,0.051532762964256684,0.0360679454241587
5965,9914,4,22,11298,1000,0.01959,0,0.353,0.051532762964256684,0.0360679454241587
5965,9914,4,23,11297,1000,0.00354,1,0.4877,0.051532762964256684,0.0360679454241587
5965,9914,4,24,11296,1000,0.02189,0,0.8621,0.051532762964256684,0.0360679454241587
5965,3903,0,5,11531,1000,0.00099,1,0.5839,0.0909076556308126,0.06059457837982929
5965,3903,0,6,11530,1141,0.00454,1,0.0213,0.0909076556308126,0.06059457837982929
5965,3903,0,7,11529,1000,0.0725,0,0.7682,0.0909076556308126,0.06059457837982929
5965,3903,0,8,11528,1000,0.0,1,0.0026,0.0909076556308126,0.06059457837982929
5965,3903,0,9,11527,1000,0.06131,0,0.0104,0.0909076556308126,0.06059457837982929
5965,3903,0,10,11526,1000,0.13326,0,0.9283,0.0909076556308126,0.06059457837982929
5965,3903,0,11,11525,1000,0.02092,0,0.5839,0.0909076556308126,0.06059457837982929
5965,3903,0,12,11524,1000,0.04171,0,0.9283,0.0909076556308126,0.06059457837982929
5965,3903,0,13,11523,1000,0.02033,0,0.9283,0.0909076556308126,0.06059457837982929
5965,3903,0,14,11522,1000,0.00678,1,0.7684,0.0909076556308126,0.06059457837982929
5965,3903,0,15,11521,1000,0.21322,0,0.0062,0.0909076556308126,0.06059457837982929
5965,3903,0,16,11520,1000,0.076,0,0.0249,0.0909076556308126,0.06059457837982929
5965,3903,0,17,11519,1000,0.05206,0,0.704,0.0909076556308126,0.06059457837982929
5965,3903,0,18,11518,1000,0.06015,0,0.0405,0.0909076556308126,0.06059457837982929
5965,3903,0,19,11517,1000,0.12442,0,0.831,0.0909076556308126,0.06059457837982929
5965,3903,0,20,11516,1000,0.00905,1,0.0798,0.0909076556308126,0.06059457837982929
5965,3903,0,21,11515,1000,0.05237,0,0.8881,0.0909076556308126,0.06059457837982929
5965,3903,0,22,11514,1000,0.00218,1,0.1307,0.0909076556308126,0.06059457837982929
5965,3903,0,23,11513,1000,0.03697,0,0.0405,0.0909076556308126,0.06059457837982929
5965,3903,0,24,11512,1000,0.06333,0,0.831,0.0909076556308126,0.06059457837982929
5965,3903,1,5,11531,1000,0.01214,0,0.0189,0.07069893746348976,0.06059457837982929
5965,3903,1,6,11530,1000,0.01588,0,0.0408,0.07069893746348976,0.06059457837982929
5965,3903,1,7,11529,1000,0.00559,1,0.7682,0.07069893746348976,0.06059457837982929
5965,3903,1,8,11528,1000,0.02437,0,0.9283,0.07069893746348976,0.06059457837982929
5965,3903,1,9,11527,1000,0.05435,0,0.6423,0.07069893746348976,0.06059457837982929
5965,3903,1,10,11526,1000,0.10066,0,0.7683,0.07069893746348976,0.06059457837982929
5965,3903,1,11,11525,1022,0.12219,0,0.584,0.07069893746348976,0.06059457837982929
5965,3903,1,12,11524,1038,0.10056,0,0.888,0.07069893746348976,0.06059457837982929
5965,3903,1,13,11523,1008,0.17061,0,0.7683,0.07069893746348976,0.06059457837982929
5965,3903,1,14,11522,1105,0.14348,0,0.5841,0.07069893746348976,0.06059457837982929
5965,3903,1,15,11521,1165,0.0,1,0.1969,0.07069893746348976,0.06059457837982929
5965,3903,1,16,11520,1117,0.02131,0,0.584,0.07069893746348976,0.06059457837982929
5965,3903,1,17,11519,1125,0.05119,0,0.6423,0.07069893746348976,0.06059457837982929
5965,3903,1,18,11518,1154,0.00794,1,0.9698,0.07069893746348976,0.06059457837982929
5965,3903,1,19,11517,1009,0.03146,0,0.5841,0.07069893746348976,0.06059457837982929
5965,3903,1,20,11516,1091,0.01842,0,0.6423,0.07069893746348976,0.06059457837982929
5965,3903,1,21,11515,1156,0.03446,0,0.704,0.07069893746348976,0.06059457837982929
5965,3903,1,22,11514,1133,0.0,1,0.888,0.07069893746348976,0.06059457837982929
5965,3903,1,23,11513,1111,0.0508,0,0.9811,0.07069893746348976,0.06059457837982929
5965,3903,1,24,11512,1011,0.05708,0,0.888,0.07069893746348976,0.06059457837982929
5965,3903,3,5,11531,1000,0.00871,1,0.5843,0.01008857102259364,0.01008857102259364
5965,3903,3,6,11530,1000,0.04471,0,0.9283,0.01008857102259364,0.01008857102259364
5965,3903,3,7,11529,1020,0.02584,0,0.5843,0.01008857102259364,0.01008857102259364
5965,3903,3,8,11528,1000,0.00581,1,0.5842,0.01008857102259364,0.01008857102259364
5965,3903,3,9,11527,1000,0.0,1,0.5842,0.01008857102259364,0.01008857102259364
5965,3903,3,10,11526,1000,0.0081,1,0.5842,0.01008857102259364,0.01008857102259364
5965,3903,3,11,11525,1000,0.01622,0,0.9999,0.01008857102259364,0.01008857102259364
5965,3903,3,12,11524,1000,0.12254,0,0.6424,0.01008857102259364,0.01008857102259364
5965,3903,3,13,11523,1000,0.09602,0,0.9942,0.01008857102259364,0.01008857102259364
5965,3903,3,14,11522,1000,0.14616,0,0.9547,0.01008857102259364,0.01008857102259364
5965,3903,3,15,11521,1000,0.13724,0,0.7041,0.01008857102259364,0.01008857102259364
5965,3903,3,16,11520,1000,0.16098,0,0.9812,0.01008857102259364,0.01008857102259364
5965,3903,3,17,11519,1000,0.21327,0,0.9548,0.01008857102259364,0.01008857102259364
5965,3903,3,18,11518,1000,0.19578,0,0.9286,0.01008857102259364,0.01008857102259364
5965,3903,3,19,11517,1000,0.19409,0,0.8315,0.01008857102259364,0.01008857102259364
5965,3903,3,20,11516,1000,0.35664,0,0.7688,0.01008857102259364,0.01008857102259364
5965,3903,3,21,11515,1000,0.0,1,0.9286,0.01008857102259364,0.01008857102259364
5965,3903,3,22,11514,1000,0.09383,0,0.6429,0.01008857102259364,0.01008857102259364
5965,3903,3,23,11513,1000,0.12794,0,0.6428,0.01008857102259364,0.01008857102259364
5965,3903,3,24,11512,1000,0.11512,0,0.97,0.01008857102259364,0.01008857102259364
5965,3903,2,5,11531,1000,0.00264,1,0.7682,0.08080329654715201,0.08080329654715201
5965,3903,2,6,11530,1208,0.0,1,0.1969,0.08080329654715201,0.08080329654715201
5965,3903,2,7,11529,1313,0.03111,0,0.5839,0.08080329654715201,0.08080329654715201
5965,3903,2,8,11528,1040,0.00296,1,0.9545,0.08080329654715201,0.08080329654715201
5965,3903,2,9,11527,1206,0.0,1,0.7682,0.08080329654715201,0.08080329654715201
5965,3903,2,10,11526,1409,0.03773,0,0.0252,0.08080329654715201,0.08080329654715201
5965,3903,2,11,11525,1224,0.01978,0,0.7039,0.08080329654715201,0.08080329654715201
5965,3903,2,12,11524,1480,0.09001,0,0.1309,0.08080329654715201,0.08080329654715201
5965,3903,2,13,11523,2029,0.09458,0,0.584,0.08080329654715201,0.08080329654715201
5965,3903,2,14,11522,1977,0.0,1,0.9698,0.08080329654715201,0.08080329654715201
5965,3903,2,15,11521,1822,0.0,1,0.8309,0.08080329654715201,0.08080329654715201
5965,3903,2,16,11520,1717,0.0052,1,0.7039,0.08080329654715201,0.08080329654715201
5965,3903,2,17,11519,1941,0.01117,0,0.1968,0.08080329654715201,0.08080329654715201
5965,3903,2,18,11518,1956,0.0,1,0.9546,0.08080329654715201,0.08080329654715201
5965,3903,2,19,11517,1907,0.04283,0,0.9698,0.08080329654715201,0.08080329654715201
5965,3903,2,20,11516,1903,0.04192,0,0.1968,0.08080329654715201,0.08080329654715201
5965,3903,2,21,11515,1948,0.0,1,0.9285,0.08080329654715201,0.08080329654715201
5965,3903,2,22,11514,1931,0.01745,0,0.5842,0.08080329654715201,0.08080329654715201
5965,3903,2,23,11513,1969,0.03051,0,0.7683,0.08080329654715201,0.08080329654715201
5965,3903,2,24,11512,1906,0.03204,0,0.9285,0.08080329654715201,0.08080329654715201
5965,3903,4,5,11531,1000,0.00592,1,0.1311,0.03029728918991459,0.020192930106254114
5965,3903,4,6,11530,1000,0.02199,0,0.9546,0.03029728918991459,0.020192930106254114
5965,3903,4,7,11529,1000,0.02151,0,0.8312,0.03029728918991459,0.020192930106254114
5965,3903,4,8,11528,1059,0.04548,0,0.0409,0.03029728918991459,0.020192930106254114
5965,3903,4,9,11527,1000,0.04486,0,0.8312,0.03029728918991459,0.020192930106254114
5965,3903,4,10,11526,1000,0.02136,0,0.5843,0.03029728918991459,0.020192930106254114
5965,3903,4,11,11525,1000,0.09609,0,0.9546,0.03029728918991459,0.020192930106254114
5965,3903,4,12,11524,1000,0.12321,0,0.9546,0.03029728918991459,0.020192930106254114
5965,3903,4,13,11523,1000,0.10237,0,0.0802,0.03029728918991459,0.020192930106254114
5965,3903,4,14,11522,1000,0.08663,0,0.9986,0.03029728918991459,0.020192930106254114
5965,3903,4,15,11521,1000,0.04414,0,0.0409,0.03029728918991459,0.020192930106254114
5965,3903,4,16,11520,1000,0.02107,0,0.9894,0.03029728918991459,0.020192930106254114
5965,3903,4,17,11519,1000,0.02236,0,0.9288,0.03029728918991459,0.020192930106254114
5965,3903,4,18,11518,1000,0.03493,0,0.5845,0.03029728918991459,0.020192930106254114
5965,3903,4,19,11517,1000,0.02114,0,0.9942,0.03029728918991459,0.020192930106254114
5965,3903,4,20,11516,1000,0.04552,0,0.0801,0.03029728918991459,0.020192930106254114
5965,3903,4,21,11515,1000,0.0,1,0.6429,0.03029728918991459,0.020192930106254114
5965,3903,4,22,11514,1000,0.02179,0,0.5845,0.03029728918991459,0.020192930106254114
5965,3903,4,23,11513,1000,0.06379,0,0.8886,0.03029728918991459,0.020192930106254114
5965,3903,4,24,11512,1000,0.10131,0,0.9814,0.03029728918991459,0.020192930106254114
5965,10101,0,5,11643,1000,0.0,1,0.6682,0.14285714285714257,0.19999358857912308
5965,10101,0,6,11642,1000,0.0,1,0.6234,0.14285714285714257,0.19999358857912308
5965,10101,0,7,11641,1000,0.0,1,0.5735,0.14285714285714257,0.19999358857912308
5965,10101,0,8,11640,1009,0.0,1,0.4599,0.14285714285714257,0.19999358857912308
5965,10101,0,9,11639,1029,0.00328,1,0.7556,0.14285714285714257,0.19999358857912308
5965,10101,0,10,11638,1000,0.0,1,0.6682,0.14285714285714257,0.19999358857912308
5965,10101,0,11,11637,1045,0.007,1,0.7138,0.14285714285714257,0.19999358857912308
5965,10101,0,12,11636,1018,0.03574,0,0.7137,0.14285714285714257,0.19999358857912308
5965,10101,0,13,11635,1038,0.0244,0,0.7137,0.14285714285714257,0.19999358857912308
5965,10101,0,14,11634,1040,0.0,1,0.3895,0.14285714285714257,0.19999358857912308
5965,10101,0,15,11633,1074,0.0,1,0.0552,0.14285714285714257,0.19999358857912308
5965,10101,0,16,11632,1077,0.01149,0,0.3646,0.14285714285714257,0.19999358857912308
5965,10101,0,17,11631,1085,0.0,1,0.4888,0.14285714285714257,0.19999358857912308
5965,10101,0,18,11630,1110,0.0077,1,0.323,0.14285714285714257,0.19999358857912308
5965,10101,0,19,11629,1157,0.00241,1,0.6682,0.14285714285714257,0.19999358857912308
5965,10101,0,20,11628,1139,0.05275,0,0.0316,0.14285714285714257,0.19999358857912308
5965,10101,0,21,11627,1168,0.06725,0,0.5735,0.14285714285714257,0.19999358857912308
5965,10101,0,22,11626,1167,0.02857,0,0.3645,0.14285714285714257,0.19999358857912308
5965,10101,0,23,11625,1222,0.02558,0,0.5277,0.14285714285714257,0.19999358857912308
5965,10101,0,24,11624,1246,0.01878,0,0.9439,0.14285714285714257,0.19999358857912308
5965,10101,1,5,11643,1000,0.00147,1,0.9929,0.09999679428956088,0.07142322857784023
5965,10101,1,6,11642,1000,0.0,1,0.8298,0.09999679428956088,0.07142322857784023
5965,10101,1,7,11641,1000,0.01987,0,0.9836,0.09999679428956088,0.07142322857784023
5965,10101,1,8,11640,1011,0.0069,1,0.9836,0.09999679428956088,0.07142322857784023
5965,10101,1,9,11639,1002,0.03357,0,0.9661,0.09999679428956088,0.07142322857784023
5965,10101,1,10,11638,1035,0.0109,0,0.83,0.09999679428956088,0.07142322857784023
5965,10101,1,11,11637,1069,0.00698,1,0.3424,0.09999679428956088,0.07142322857784023
5965,10101,1,12,11636,1074,0.0226,0,0.1205,0.09999679428956088,0.07142322857784023
5965,10101,1,13,11635,1055,0.0139,0,0.8902,0.09999679428956088,0.07142322857784023
5965,10101,1,14,11634,1121,0.00341,1,0.0939,0.09999679428956088,0.07142322857784023
5965,10101,1,15,11633,1227,0.0425,0,0.4889,0.09999679428956088,0.07142322857784023
5965,10101,1,16,11632,1186,0.0,1,0.8901,0.09999679428956088,0.07142322857784023
5965,10101,1,17,11631,1248,0.00982,1,0.4889,0.09999679428956088,0.07142322857784023
5965,10101,1,18,11630,1386,0.04398,0,0.8901,0.09999679428956088,0.07142322857784023
5965,10101,1,19,11629,1315,0.00285,1,0.4119,0.09999679428956088,0.07142322857784023
5965,10101,1,20,11628,1286,0.0,1,0.9836,0.09999679428956088,0.07142322857784023
5965,10101,1,21,11627,1372,0.0144,0,0.9662,0.09999679428956088,0.07142322857784023
5965,10101,1,22,11626,1351,0.06886,0,0.6688,0.09999679428956088,0.07142322857784023
5965,10101,1,23,11625,1489,0.01042,0,0.9836,0.09999679428956088,0.07142322857784023
5965,10101,1,24,11624,1385,0.02205,0,0.9445,0.09999679428956088,0.07142322857784023
5965,10101,2,5,11643,1000,0.00246,1,0.966,0.08571001143370116,0.08571001143370116
5965,10101,2,6,11642,1221,0.08388,0,0.9443,0.08571001143370116,0.08571001143370116
5965,10101,2,7,11641,1163,0.0,1,0.3646,0.08571001143370116,0.08571001143370116
5965,10101,2,8,11640,1030,0.0326,0,0.9836,0.08571001143370116,0.08571001143370116
5965,10101,2,9,11639,1163,0.07466,0,0.9661,0.08571001143370116,0.08571001143370116
5965,10101,2,10,11638,1105,0.03857,0,0.7929,0.08571001143370116,0.08571001143370116
5965,10101,2,11,11637,1140,0.01375,0,0.7144,0.08571001143370116,0.08571001143370116
5965,10101,2,12,11636,1144,0.0295,0,0.7929,0.08571001143370116,0.08571001143370116
5965,10101,2,13,11635,1166,0.00922,1,0.6689,0.08571001143370116,0.08571001143370116
5965,10101,2,14,11634,1181,0.0234,0,0.83,0.08571001143370116,0.08571001143370116
5965,10101,2,15,11633,1243,0.06669,0,0.8903,0.08571001143370116,0.08571001143370116
5965,10101,2,16,11632,1203,0.01838,0,0.4121,0.08571001143370116,0.08571001143370116
5965,10101,2,17,11631,1259,0.01917,0,0.83,0.08571001143370116,0.08571001143370116
5965,10101,2,18,11630,1292,0.12459,0,0.3233,0.08571001143370116,0.08571001143370116
5965,10101,2,19,11629,1238,0.0609,0,0.3232,0.08571001143370116,0.08571001143370116
5965,10101,2,20,11628,1176,0.03922,0,0.3896,0.08571001143370116,0.08571001143370116
5965,10101,2,21,11627,1186,0.09742,0,0.3232,0.08571001143370116,0.08571001143370116
5965,10101,2,22,11626,1178,0.02662,0,0.1206,0.08571001143370116,0.08571001143370116
5965,10101,2,23,11625,1139,0.01924,0,0.86,0.08571001143370116,0.08571001143370116
5965,10101,2,24,11624,1150,0.03433,0,0.4891,0.08571001143370116,0.08571001143370116
5965,10101,3,5,11643,1000,0.01101,0,0.6685,0.08571001143370116,0.042860348567581585
5965,10101,3,6,11642,1134,0.00733,1,0.8297,0.08571001143370116,0.042860348567581585
5965,10101,3,7,11641,1107,0.06126,0,0.9441,0.08571001143370116,0.042860348567581585
5965,10101,3,8,11640,1246,0.02715,0,0.6686,0.08571001143370116,0.042860348567581585
5965,10101,3,9,11639,1341,0.0255,0,0.6238,0.08571001143370116,0.042860348567581585
5965,10101,3,10,11638,1500,0.07682,0,0.8596,0.08571001143370116,0.042860348567581585
5965,10101,3,11,11637,1515,0.07152,0,0.756,0.08571001143370116,0.042860348567581585
5965,10101,3,12,11636,1534,0.0,1,0.6238,0.08571001143370116,0.042860348567581585
5965,10101,3,13,11635,1555,0.0,1,0.998,0.08571001143370116,0.042860348567581585
5965,10101,3,14,11634,1571,0.0666,0,0.8596,0.08571001143370116,0.042860348567581585
5965,10101,3,15,11633,1630,0.07089,0,0.3231,0.08571001143370116,0.042860348567581585
5965,10101,3,16,11632,1389,0.0,1,0.3231,0.08571001143370116,0.042860348567581585
5965,10101,3,17,11631,1483,0.09939,0,0.7143,0.08571001143370116,0.042860348567581585
5965,10101,3,18,11630,1479,0.07386,0,0.89,0.08571001143370116,0.042860348567581585
5965,10101,3,19,11629,1633,0.08266,0,0.5282,0.08571001143370116,0.042860348567581585
5965,10101,3,20,11628,1639,0.0004,1,0.5281,0.08571001143370116,0.042860348567581585
5965,10101,3,21,11627,1752,0.02914,0,0.8299,0.08571001143370116,0.042860348567581585
5965,10101,3,22,11626,1702,0.07553,0,0.9929,0.08571001143370116,0.042860348567581585
5965,10101,3,23,11625,1585,0.0,1,0.9181,0.08571001143370116,0.042860348567581585
5965,10101,3,24,11624,1652,0.12379,0,0.83,0.08571001143370116,0.042860348567581585
5965,10101,4,5,11643,1000,0.0,1,0.7556,0.11428357714542181,0.09999679428956088
5965,10101,4,6,11642,1047,0.00132,1,0.6235,0.11428357714542181,0.09999679428956088
5965,10101,4,7,11641,1106,0.00572,1,0.6684,0.11428357714542181,0.09999679428956088
5965,10101,4,8,11640,1210,0.00411,1,0.0939,0.11428357714542181,0.09999679428956088
5965,10101,4,9,11639,1089,0.00342,1,0.5277,0.11428357714542181,0.09999679428956088
5965,10101,4,10,11638,1212,0.02118,0,0.8294,0.11428357714542181,0.09999679428956088
5965,10101,4,11,11637,1127,0.01648,0,0.3893,0.11428357714542181,0.09999679428956088
5965,10101,4,12,11636,1184,0.05175,0,0.9659,0.11428357714542181,0.09999679428956088
5965,10101,4,13,11635,1035,0.02482,0,0.3893,0.11428357714542181,0.09999679428956088
5965,10101,4,14,11634,1071,0.0444,0,0.9835,0.11428357714542181,0.09999679428956088
5965,10101,4,15,11633,1019,0.02063,0,0.8595,0.11428357714542181,0.09999679428956088
5965,10101,4,16,11632,1087,0.0174,0,0.8594,0.11428357714542181,0.09999679428956088
5965,10101,4,17,11631,1054,0.05122,0,0.4118,0.11428357714542181,0.09999679428956088
5965,10101,4,18,11630,1070,0.0,1,0.8594,0.11428357714542181,0.09999679428956088
5965,10101,4,19,11629,1084,0.06747,0,0.8594,0.11428357714542181,0.09999679428956088
5965,10101,4,20,11628,1080,0.07366,0,0.3231,0.11428357714542181,0.09999679428956088
5965,10101,4,21,11627,1051,0.02368,0,0.8898,0.11428357714542181,0.09999679428956088
5965,10101,4,22,11626,1036,0.02038,0,0.6238,0.11428357714542181,0.09999679428956088
5965,10101,4,23,11625,1066,0.04372,0,0.3894,0.11428357714542181,0.09999679428956088
5965,10101,4,24,11624,1066,0.03163,0,0.8594,0.11428357714542181,0.09999679428956088
5965,9889,0,5,12314,1000,0.0,1,0.4559,0.041445191054057084,0.036280212616587426
5965,9889,0,6,12313,1000,0.0143,0,0.8144,0.041445191054057084,0.036280212616587426
5965,9889,0,7,12312,1007,0.01955,0,0.797,0.041445191054057084,0.036280212616587426
5965,9889,0,8,12311,1005,0.009,1,0.6591,0.041445191054057084,0.036280212616587426
5965,9889,0,9,12310,1042,0.03895,0,0.5966,0.041445191054057084,0.036280212616587426
5965,9889,0,10,12309,1098,0.04258,0,0.5685,0.041445191054057084,0.036280212616587426
5965,9889,0,11,12308,1127,0.01986,0,0.7652,0.041445191054057084,0.036280212616587426
5965,9889,0,12,12307,1182,0.02281,0,0.7818,0.041445191054057084,0.036280212616587426
5965,9889,0,13,12306,1190,0.02177,0,0.9313,0.041445191054057084,0.036280212616587426
5965,9889,0,14,12305,1283,0.03185,0,0.7494,0.041445191054057084,0.036280212616587426
5965,9889,0,15,12304,1273,0.04273,0,0.8532,0.041445191054057084,0.036280212616587426
5965,9889,0,16,12303,1414,0.03438,0,0.5026,0.041445191054057084,0.036280212616587426
5965,9889,0,17,12302,1459,0.01379,0,0.8144,0.041445191054057084,0.036280212616587426
5965,9889,0,18,12301,1416,0.06537,0,0.6439,0.041445191054057084,0.036280212616587426
5965,9889,0,19,12300,1560,0.00773,1,0.4692,0.041445191054057084,0.036280212616587426
5965,9889,0,20,12299,1647,0.04489,0,0.8754,0.041445191054057084,0.036280212616587426
5965,9889,0,21,12298,1647,0.0,1,0.5102,0.041445191054057084,0.036280212616587426
5965,9889,0,22,12297,1531,0.0,1,0.782,0.041445191054057084,0.036280212616587426
5965,9889,0,23,12296,1691,0.00492,1,0.7172,0.041445191054057084,0.036280212616587426
5965,9889,0,24,12295,1632,0.0,1,0.4761,0.041445191054057084,0.036280212616587426
5965,9889,1,5,12314,1000,0.01027,0,0.422,0.036280212616587426,0.02590011031992656
5965,9889,1,6,12313,1165,0.0004,1,0.8147,0.036280212616587426,0.02590011031992656
5965,9889,1,7,12312,1245,0.00569,1,0.9314,0.036280212616587426,0.02590011031992656
5965,9889,1,8,12311,1406,0.02327,0,0.4902,0.036280212616587426,0.02590011031992656
5965,9889,1,9,12310,1526,0.0,1,0.7973,0.036280212616587426,0.02590011031992656
5965,9889,1,10,12309,1590,0.01985,0,0.9565,0.036280212616587426,0.02590011031992656
5965,9889,1,11,12308,1725,0.00779,1,0.9314,0.036280212616587426,0.02590011031992656
5965,9889,1,12,12307,1598,0.0,1,0.9014,0.036280212616587426,0.02590011031992656
5965,9889,1,13,12306,1638,0.00014,1,0.5102,0.036280212616587426,0.02590011031992656
5965,9889,1,14,12305,1803,0.02254,0,0.4413,0.036280212616587426,0.02590011031992656
5965,9889,1,15,12304,1409,0.02064,0,0.876,0.036280212616587426,0.02590011031992656
5965,9889,1,16,12303,1407,0.00094,1,0.8538,0.036280212616587426,0.02590011031992656
5965,9889,1,17,12302,1484,0.00414,1,0.629,0.036280212616587426,0.02590011031992656
5965,9889,1,18,12301,1529,0.00652,1,0.8759,0.036280212616587426,0.02590011031992656
5965,9889,1,19,12300,1490,0.0094,1,0.2193,0.036280212616587426,0.02590011031992656
5965,9889,1,20,12299,1000,0.05013,0,0.304,0.036280212616587426,0.02590011031992656
5965,9889,1,21,12298,1000,0.00082,1,0.3473,0.036280212616587426,0.02590011031992656
5965,9889,1,22,12297,1000,0.0434,0,0.2553,0.036280212616587426,0.02590011031992656
5965,9889,1,23,12296,1000,0.00421,1,0.4103,0.036280212616587426,0.02590011031992656
5965,9889,1,24,12295,1000,0.02002,0,0.8759,0.036280212616587426,0.02590011031992656
5965,9889,2,5,12314,1000,0.0,1,0.7653,0.03109016146825838,0.03109016146825838
5965,9889,2,6,12313,1011,0.02483,0,0.9566,0.03109016146825838,0.03109016146825838
5965,9889,2,7,12312,1107,0.0,1,0.4219,0.03109016146825838,0.03109016146825838
5965,9889,2,8,12311,1243,0.00246,1,0.8332,0.03109016146825838,0.03109016146825838
5965,9889,2,9,12310,1209,0.00041,1,0.6072,0.03109016146825838,0.03109016146825838
5965,9889,2,10,12309,1338,0.00155,1,0.5609,0.03109016146825838,0.03109016146825838
5965,9889,2,11,12308,1451,0.0,1,0.4323,0.03109016146825838,0.03109016146825838
5965,9889,2,12,12307,1476,0.04213,0,0.901,0.03109016146825838,0.03109016146825838
5965,9889,2,13,12306,1512,0.00444,1,0.6351,0.03109016146825838,0.03109016146825838
5965,9889,2,14,12305,1600,0.01761,0,0.3907,0.03109016146825838,0.03109016146825838
5965,9889,2,15,12304,1700,0.03196,0,0.3235,0.03109016146825838,0.03109016146825838
5965,9889,2,16,12303,1785,0.02511,0,0.901,0.03109016146825838,0.03109016146825838
5965,9889,2,17,12302,1791,0.0164,0,0.9764,0.03109016146825838,0.03109016146825838
5965,9889,2,18,12301,1888,0.0,1,0.8148,0.03109016146825838,0.03109016146825838
5965,9889,2,19,12300,1801,0.00426,1,0.3324,0.03109016146825838,0.03109016146825838
5965,9889,2,20,12299,1978,0.01701,0,0.8536,0.03109016146825838,0.03109016146825838
5965,9889,2,21,12298,1968,0.00044,1,0.9567,0.03109016146825838,0.03109016146825838
5965,9889,2,22,12297,1946,0.01097,0,0.5482,0.03109016146825838,0.03109016146825838
5965,9889,2,23,12296,1894,1e-05,1,0.6352,0.03109016146825838,0.03109016146825838
5965,9889,2,24,12295,2101,0.00098,1,0.7975,0.03109016146825838,0.03109016146825838
5965,9889,3,5,12314,1000,0.00641,1,0.7651,0.07253535252231269,0.036280212616587426
5965,9889,3,6,12313,1113,0.0,1,0.219,0.07253535252231269,0.036280212616587426
5965,9889,3,7,12312,1106,0.01144,0,0.7969,0.07253535252231269,0.036280212616587426
5965,9889,3,8,12311,1109,0.0,1,0.7818,0.07253535252231269,0.036280212616587426
5965,9889,3,9,12310,1146,0.0,1,0.7818,0.07253535252231269,0.036280212616587426
5965,9889,3,10,12309,1259,0.01845,0,0.5165,0.07253535252231269,0.036280212616587426
5965,9889,3,11,12308,1547,0.00273,1,0.3814,0.07253535252231269,0.036280212616587426
5965,9889,3,12,12307,1618,0.00021,1,0.3233,0.07253535252231269,0.036280212616587426
5965,9889,3,13,12306,1591,0.04155,0,0.2191,0.07253535252231269,0.036280212616587426
5965,9889,3,14,12305,1689,0.0,1,0.4834,0.07253535252231269,0.036280212616587426
5965,9889,3,15,12304,1598,0.00062,1,0.615,0.07253535252231269,0.036280212616587426
5965,9889,3,16,12303,1921,0.02528,0,0.4834,0.07253535252231269,0.036280212616587426
5965,9889,3,17,12302,1924,0.00744,1,0.5163,0.07253535252231269,0.036280212616587426
5965,9889,3,18,12301,2046,0.01863,0,0.3409,0.07253535252231269,0.036280212616587426
5965,9889,3,19,12300,1701,0.01864,0,0.6923,0.07253535252231269,0.036280212616587426
5965,9889,3,20,12299,1902,0.03551,0,0.5025,0.07253535252231269,0.036280212616587426
5965,9889,3,21,12298,2141,0.02778,0,0.4491,0.07253535252231269,0.036280212616587426
5965,9889,3,22,12297,1952,0.00949,1,0.4691,0.07253535252231269,0.036280212616587426
5965,9889,3,23,12296,2007,0.0,1,0.5319,0.07253535252231269,0.036280212616587426
5965,9889,3,24,12295,1931,0.00035,1,0.3323,0.07253535252231269,0.036280212616587426
5965,9889,4,5,12314,1000,0.0,1,0.8755,0.041445191054057084,0.04663524220238624
5965,9889,4,6,12313,1093,0.0,1,0.308,0.041445191054057084,0.04663524220238624
5965,9889,4,7,12312,1144,0.00722,1,0.3142,0.041445191054057084,0.04663524220238624
5965,9889,4,8,12311,1206,0.0,1,0.8755,0.041445191054057084,0.04663524220238624
5965,9889,4,9,12310,1300,0.0,1,0.8755,0.041445191054057084,0.04663524220238624
5965,9889,4,10,12309,1348,0.04945,0,0.7493,0.041445191054057084,0.04663524220238624
5965,9889,4,11,12308,1272,0.00806,1,0.7819,0.041445191054057084,0.04663524220238624
5965,9889,4,12,12307,1307,0.0179,0,0.7493,0.041445191054057084,0.04663524220238624
5965,9889,4,13,12306,1360,0.00101,1,0.2191,0.041445191054057084,0.04663524220238624
5965,9889,4,14,12305,1544,0.02588,0,0.219,0.041445191054057084,0.04663524220238624
5965,9889,4,15,12304,1463,0.0,1,0.219,0.041445191054057084,0.04663524220238624
5965,9889,4,16,12303,1395,0.00607,1,0.3632,0.041445191054057084,0.04663524220238624
5965,9889,4,17,12302,1470,0.02251,0,0.5477,0.041445191054057084,0.04663524220238624
5965,9889,4,18,12301,1471,0.0309,0,0.3231,0.041445191054057084,0.04663524220238624
5965,9889,4,19,12300,1614,0.01091,0,0.3407,0.041445191054057084,0.04663524220238624
5965,9889,4,20,12299,1765,0.02571,0,0.7818,0.041445191054057084,0.04663524220238624
5965,9889,4,21,12298,1773,0.004,1,0.5743,0.041445191054057084,0.04663524220238624
5965,9889,4,22,12297,1891,0.0,1,0.6741,0.041445191054057084,0.04663524220238624
5965,9889,4,23,12296,1861,0.00187,1,0.7492,0.041445191054057084,0.04663524220238624
5965,9889,4,24,12295,1934,0.00204,1,0.9312,0.041445191054057084,0.04663524220238624
5965,49,0,5,12401,1000,0.00093,1,0.5803,0.0061171397098459535,0.00305856985492281
5965,49,0,6,12400,1140,0.00197,1,0.4502,0.0061171397098459535,0.00305856985492281
5965,49,0,7,12399,1208,0.01114,0,0.8356,0.0061171397098459535,0.00305856985492281
5965,49,0,8,12398,1124,0.02549,0,0.928,0.0061171397098459535,0.00305856985492281
5965,49,0,9,12397,1243,0.00232,1,0.907,0.0061171397098459535,0.00305856985492281
5965,49,0,10,12396,1089,0.02504,0,0.7475,0.0061171397098459535,0.00305856985492281
5965,49,0,11,12395,1089,0.00905,1,0.5021,0.0061171397098459535,0.00305856985492281
5965,49,0,12,12394,1341,0.00352,1,0.8164,0.0061171397098459535,0.00305856985492281
5965,49,0,13,12393,1376,0.04698,0,0.5591,0.0061171397098459535,0.00305856985492281
5965,49,0,14,12392,1418,0.00919,1,0.2418,0.0061171397098459535,0.00305856985492281
5965,49,0,15,12391,1575,0.0272,0,0.657,0.0061171397098459535,0.00305856985492281
5965,49,0,16,12390,1678,0.01722,0,0.7985,0.0061171397098459535,0.00305856985492281
5965,49,0,17,12389,1594,0.0142,0,0.78,0.0061171397098459535,0.00305856985492281
5965,49,0,18,12388,1944,0.09507,0,0.3286,0.0061171397098459535,0.00305856985492281
5965,49,0,19,12387,1920,0.04448,0,0.8622,0.0061171397098459535,0.00305856985492281
5965,49,0,20,12386,2079,0.0,1,0.3851,0.0061171397098459535,0.00305856985492281
5965,49,0,21,12385,1826,0.00291,1,0.9719,0.0061171397098459535,0.00305856985492281
5965,49,0,22,12384,1597,0.0,1,0.928,0.0061171397098459535,0.00305856985492281
5965,49,0,23,12383,1826,0.00025,1,0.907,0.0061171397098459535,0.00305856985492281
5965,49,0,24,12382,1762,0.01618,0,0.4742,0.0061171397098459535,0.00305856985492281
5965,49,1,5,12401,1000,0.02137,0,0.3698,0.00305856985492281,0.0061171397098459535
5965,49,1,6,12400,1011,0.02262,0,0.9968,0.00305856985492281,0.0061171397098459535
5965,49,1,7,12399,1027,0.01838,0,0.907,0.00305856985492281,0.0061171397098459535
5965,49,1,8,12398,1090,0.00759,1,0.3347,0.00305856985492281,0.0061171397098459535
5965,49,1,9,12397,1059,0.01741,0,0.9968,0.00305856985492281,0.0061171397098459535
5965,49,1,10,12396,1054,0.001,1,0.2368,0.00305856985492281,0.0061171397098459535
5965,49,1,11,12395,1106,0.00128,1,0.9968,0.00305856985492281,0.0061171397098459535
5965,49,1,12,12394,1246,0.01434,0,0.9282,0.00305856985492281,0.0061171397098459535
5965,49,1,13,12393,1353,0.01775,0,0.7781,0.00305856985492281,0.0061171397098459535
5965,49,1,14,12392,1276,0.03042,0,0.7724,0.00305856985492281,0.0061171397098459535
5965,49,1,15,12391,1324,0.00083,1,0.333,0.00305856985492281,0.0061171397098459535
5965,49,1,16,12390,1360,0.02408,0,0.5504,0.00305856985492281,0.0061171397098459535
5965,49,1,17,12389,1456,0.0,1,0.5618,0.00305856985492281,0.0061171397098459535
5965,49,1,18,12388,1539,0.01143,0,0.7025,0.00305856985492281,0.0061171397098459535
5965,49,1,19,12387,1760,0.0,1,0.7691,0.00305856985492281,0.0061171397098459535
5965,49,1,20,12386,1844,0.00684,1,0.8625,0.00305856985492281,0.0061171397098459535
5965,49,1,21,12385,1745,0.01587,0,0.7829,0.00305856985492281,0.0061171397098459535
5965,49,1,22,12384,1623,0.01172,0,0.8166,0.00305856985492281,0.0061171397098459535
5965,49,1,23,12383,1914,0.0277,0,0.8625,0.00305856985492281,0.0061171397098459535
5965,49,1,24,12382,1761,0.0,1,0.9968,0.00305856985492281,0.0061171397098459535
5965,49,2,5,12401,1000,0.01637,0,0.6653,0.009175709564769097,0.00305856985492281
5965,49,2,6,12400,1000,0.0,1,0.8164,0.009175709564769097,0.00305856985492281
5965,49,2,7,12399,1022,0.00703,1,0.7852,0.009175709564769097,0.00305856985492281
5965,49,2,8,12398,1060,0.00812,1,0.3899,0.009175709564769097,0.00305856985492281
5965,49,2,9,12397,1331,0.00524,1,0.928,0.009175709564769097,0.00305856985492281
5965,49,2,10,12396,1397,0.01205,0,0.4644,0.009175709564769097,0.00305856985492281
5965,49,2,11,12395,1441,0.0135,0,0.8622,0.009175709564769097,0.00305856985492281
5965,49,2,12,12394,1340,0.03733,0,0.9279,0.009175709564769097,0.00305856985492281
5965,49,2,13,12393,1451,0.00273,1,0.8433,0.009175709564769097,0.00305856985492281
5965,49,2,14,12392,1426,0.01467,0,0.535,0.009175709564769097,0.00305856985492281
5965,49,2,15,12391,1434,0.00851,1,0.8763,0.009175709564769097,0.00305856985492281
5965,49,2,16,12390,1419,0.03533,0,0.907,0.009175709564769097,0.00305856985492281
5965,49,2,17,12389,1391,0.06251,0,0.8299,0.009175709564769097,0.00305856985492281
5965,49,2,18,12388,1516,0.00608,1,0.8168,0.009175709564769097,0.00305856985492281
5965,49,2,19,12387,1464,0.052,0,0.6827,0.009175709564769097,0.00305856985492281
5965,49,2,20,12386,1409,0.00654,1,0.907,0.009175709564769097,0.00305856985492281
5965,49,2,21,12385,1681,0.01335,0,0.7805,0.009175709564769097,0.00305856985492281
5965,49,2,22,12384,1544,0.0,1,0.8242,0.009175709564769097,0.00305856985492281
5965,49,2,23,12383,1661,0.01835,0,0.7481,0.009175709564769097,0.00305856985492281
5965,49,2,24,12382,1726,0.00753,1,0.8043,0.009175709564769097,0.00305856985492281
5965,49,3,5,12401,1000,0.01289,0,0.6165,0.0061171397098459535,0.0061171397098459535
5965,49,3,6,12400,1037,0.02908,0,0.3003,0.0061171397098459535,0.0061171397098459535
5965,49,3,7,12399,1034,0.0,1,0.6704,0.0061171397098459535,0.0061171397098459535
5965,49,3,8,12398,1047,0.0407,0,0.5151,0.0061171397098459535,0.0061171397098459535
5965,49,3,9,12397,1100,0.03758,0,0.7046,0.0061171397098459535,0.0061171397098459535
5965,49,3,10,12396,1085,0.03297,0,0.928,0.0061171397098459535,0.0061171397098459535
5965,49,3,11,12395,1000,0.02178,0,0.8622,0.0061171397098459535,0.0061171397098459535
5965,49,3,12,12394,1000,0.01971,0,0.9719,0.0061171397098459535,0.0061171397098459535
5965,49,3,13,12393,1000,0.00844,1,0.8297,0.0061171397098459535,0.0061171397098459535
5965,49,3,14,12392,1041,0.00762,1,0.7853,0.0061171397098459535,0.0061171397098459535
5965,49,3,15,12391,1051,0.0,1,0.8011,0.0061171397098459535,0.0061171397098459535
5965,49,3,16,12390,1005,0.00493,1,0.928,0.0061171397098459535,0.0061171397098459535
5965,49,3,17,12389,1047,0.0156,0,0.824,0.0061171397098459535,0.0061171397098459535
5965,49,3,18,12388,1047,0.00051,1,0.928,0.0061171397098459535,0.0061171397098459535
5965,49,3,19,12387,1097,0.02497,0,0.7373,0.0061171397098459535,0.0061171397098459535
5965,49,3,20,12386,1074,0.00367,1,0.5212,0.0061171397098459535,0.0061171397098459535
5965,49,3,21,12385,1135,0.02638,0,0.4568,0.0061171397098459535,0.0061171397098459535
5965,49,3,22,12384,1251,0.0,1,0.8166,0.0061171397098459535,0.0061171397098459535
5965,49,3,23,12383,1251,0.00893,1,0.8433,0.0061171397098459535,0.0061171397098459535
5965,49,3,24,12382,1368,0.03252,0,0.587,0.0061171397098459535,0.0061171397098459535
5965,49,4,5,12401,1000,0.0,1,0.5164,0.00305856985492281,0.00305856985492281
5965,49,4,6,12400,1024,0.00611,1,0.8075,0.00305856985492281,0.00305856985492281
5965,49,4,7,12399,1112,0.00498,1,0.7627,0.00305856985492281,0.00305856985492281
5965,49,4,8,12398,1187,0.00665,1,0.5287,0.00305856985492281,0.00305856985492281
5965,49,4,9,12397,1307,0.00364,1,0.9968,0.00305856985492281,0.00305856985492281
5965,49,4,10,12396,1266,0.00345,1,0.7501,0.00305856985492281,0.00305856985492281
5965,49,4,11,12395,1359,0.00475,1,0.3916,0.00305856985492281,0.00305856985492281
5965,49,4,12,12394,1350,0.04934,0,0.7917,0.00305856985492281,0.00305856985492281
5965,49,4,13,12393,1569,0.01858,0,0.8197,0.00305856985492281,0.00305856985492281
5965,49,4,14,12392,1469,0.0,1,0.3791,0.00305856985492281,0.00305856985492281
5965,49,4,15,12391,1506,0.03097,0,0.8101,0.00305856985492281,0.00305856985492281
5965,49,4,16,12390,1526,0.04084,0,0.7986,0.00305856985492281,0.00305856985492281
5965,49,4,17,12389,1516,0.02103,0,0.7599,0.00305856985492281,0.00305856985492281
5965,49,4,18,12388,1450,0.03565,0,0.8515,0.00305856985492281,0.00305856985492281
5965,49,4,19,12387,1751,0.01756,0,0.8197,0.00305856985492281,0.00305856985492281
5965,49,4,20,12386,1676,0.04963,0,0.8296,0.00305856985492281,0.00305856985492281
5965,49,4,21,12385,1760,0.01393,0,0.7901,0.00305856985492281,0.00305856985492281
5965,49,4,22,12384,2000,0.00718,1,0.4434,0.00305856985492281,0.00305856985492281
5965,49,4,23,12383,1772,0.0509,0,0.8915,0.00305856985492281,0.00305856985492281
5965,49,4,24,12382,1628,0.0,1,0.8915,0.00305856985492281,0.00305856985492281
5965,9946,0,5,13135,1000,0.01152,0,0.2393,0.020513180854724866,0.020513180854724866
5965,9946,0,6,13134,1110,0.0,1,0.1498,0.020513180854724866,0.020513180854724866
5965,9946,0,7,13133,1376,0.0,1,0.2538,0.020513180854724866,0.020513180854724866
5965,9946,0,8,13132,1227,0.00824,1,0.2035,0.020513180854724866,0.020513180854724866
5965,9946,0,9,13131,1199,0.00031,1,0.3297,0.020513180854724866,0.020513180854724866
5965,9946,0,10,13130,2129,0.0,1,0.1294,0.020513180854724866,0.020513180854724866
5965,9946,0,11,13129,1399,0.00316,1,0.7129,0.020513180854724866,0.020513180854724866
5965,9946,0,12,13128,1805,0.0,1,0.1027,0.020513180854724866,0.020513180854724866
5965,9946,0,13,13127,2598,0.0,1,0.102,0.020513180854724866,0.020513180854724866
5965,9946,0,14,13126,2116,0.00052,1,0.5343,0.020513180854724866,0.020513180854724866
5965,9946,0,15,13125,2452,0.00087,1,0.1019,0.020513180854724866,0.020513180854724866
5965,9946,0,16,13124,3624,0.00618,1,0.1019,0.020513180854724866,0.020513180854724866
5965,9946,0,17,13123,1941,0.0,1,0.5342,0.020513180854724866,0.020513180854724866
5965,9946,0,18,13122,2786,0.00589,1,0.9433,0.020513180854724866,0.020513180854724866
5965,9946,0,19,13121,2435,0.0052,1,0.4468,0.020513180854724866,0.020513180854724866
5965,9946,0,20,13120,2513,0.00456,1,0.1018,0.020513180854724866,0.020513180854724866
5965,9946,0,21,13119,2281,0.00302,1,0.1018,0.020513180854724866,0.020513180854724866
5965,9946,0,22,13118,1945,0.0055,1,0.1017,0.020513180854724866,0.020513180854724866
5965,9946,0,23,13117,1676,0.00202,1,0.271,0.020513180854724866,0.020513180854724866
5965,9946,0,24,13116,1785,0.00215,1,0.2534,0.020513180854724866,0.020513180854724866
5965,9946,1,5,13135,1000,0.03609,0,0.625,0.010256590427362267,0.010256590427362267
5965,9946,1,6,13134,1016,0.01932,0,0.9826,0.010256590427362267,0.010256590427362267
5965,9946,1,7,13133,1000,0.04181,0,0.9433,0.010256590427362267,0.010256590427362267
5965,9946,1,8,13132,1000,0.00477,1,0.254,0.010256590427362267,0.010256590427362267
5965,9946,1,9,13131,1000,0.01108,0,0.8842,0.010256590427362267,0.010256590427362267
5965,9946,1,10,13130,1000,0.04582,0,0.7132,0.010256590427362267,0.010256590427362267
5965,9946,1,11,13129,1000,0.14177,0,0.6251,0.010256590427362267,0.010256590427362267
5965,9946,1,12,13128,1000,0.03991,0,0.9433,0.010256590427362267,0.010256590427362267
5965,9946,1,13,13127,1000,0.02455,0,0.9826,0.010256590427362267,0.010256590427362267
5965,9946,1,14,13126,1000,0.07381,0,0.5349,0.010256590427362267,0.010256590427362267
5965,9946,1,15,13125,1000,0.01907,0,0.2938,0.010256590427362267,0.010256590427362267
5965,9946,1,16,13124,1000,0.09181,0,0.8047,0.010256590427362267,0.010256590427362267
5965,9946,1,17,13123,1000,0.01294,0,0.9825,0.010256590427362267,0.010256590427362267
5965,9946,1,18,13122,1000,0.04253,0,0.8844,0.010256590427362267,0.010256590427362267
5965,9946,1,19,13121,1000,0.04404,0,0.9825,0.010256590427362267,0.010256590427362267
5965,9946,1,20,13120,1000,0.0,1,0.9989,0.010256590427362267,0.010256590427362267
5965,9946,1,21,13119,1000,0.09819,0,0.6254,0.010256590427362267,0.010256590427362267
5965,9946,1,22,13118,1000,0.06738,0,0.9436,0.010256590427362267,0.010256590427362267
5965,9946,1,23,13117,1000,0.0,1,0.805,0.010256590427362267,0.010256590427362267
5965,9946,1,24,13116,1000,0.09363,0,0.4477,0.010256590427362267,0.010256590427362267
5965,9946,2,5,13135,1000,0.0027,1,0.1895,0.035896607521312074,0.04102636170944962
5965,9946,2,6,13134,1212,0.00319,1,0.1019,0.035896607521312074,0.04102636170944962
5965,9946,2,7,13133,1093,0.00182,1,0.1216,0.035896607521312074,0.04102636170944962
5965,9946,2,8,13132,1158,0.00328,1,0.8044,0.035896607521312074,0.04102636170944962
5965,9946,2,9,13131,1407,0.0002,1,0.2033,0.035896607521312074,0.04102636170944962
5965,9946,2,10,13130,1834,0.00279,1,0.6248,0.035896607521312074,0.04102636170944962
5965,9946,2,11,13129,1942,0.00035,1,0.2715,0.035896607521312074,0.04102636170944962
5965,9946,2,12,13128,2009,0.01189,0,0.7128,0.035896607521312074,0.04102636170944962
5965,9946,2,13,13127,1584,0.00175,1,0.3833,0.035896607521312074,0.04102636170944962
5965,9946,2,14,13126,2907,0.17462,0,0.447,0.035896607521312074,0.04102636170944962
5965,9946,2,15,13125,3978,0.01499,0,0.2934,0.035896607521312074,0.04102636170944962
5965,9946,2,16,13124,1873,0.0,1,0.4469,0.035896607521312074,0.04102636170944962
5965,9946,2,17,13123,2742,0.00682,1,0.3832,0.035896607521312074,0.04102636170944962
5965,9946,2,18,13122,2586,0.00814,1,0.3298,0.035896607521312074,0.04102636170944962
5965,9946,2,19,13121,3492,0.08585,0,0.102,0.035896607521312074,0.04102636170944962
5965,9946,2,20,13120,6191,0.05104,0,0.2147,0.035896607521312074,0.04102636170944962
5965,9946,2,21,13119,3509,0.08461,0,0.1019,0.035896607521312074,0.04102636170944962
5965,9946,2,22,13118,2131,0.01318,0,0.2391,0.035896607521312074,0.04102636170944962
5965,9946,2,23,13117,2162,0.0,1,0.2713,0.035896607521312074,0.04102636170944962
5965,9946,2,24,13116,2223,0.00057,1,0.4466,0.035896607521312074,0.04102636170944962
5965,9946,3,5,13135,1000,0.0034,1,0.8044,0.025640017093949807,0.025640017093949807
5965,9946,3,6,13134,1051,0.0,1,0.2936,0.025640017093949807,0.025640017093949807
5965,9946,3,7,13133,1324,0.00328,1,0.5345,0.025640017093949807,0.025640017093949807
5965,9946,3,8,13132,1200,0.00497,1,0.1294,0.025640017093949807,0.025640017093949807
5965,9946,3,9,13131,1410,0.00256,1,0.102,0.025640017093949807,0.025640017093949807
5965,9946,3,10,13130,1206,0.00225,1,0.2392,0.025640017093949807,0.025640017093949807
5965,9946,3,11,13129,1222,0.00294,1,0.3833,0.025640017093949807,0.025640017093949807
5965,9946,3,12,13128,1580,0.00536,1,0.2273,0.025640017093949807,0.025640017093949807
5965,9946,3,13,13127,1667,0.0014,1,0.1019,0.025640017093949807,0.025640017093949807
5965,9946,3,14,13126,1319,0.00194,1,0.9432,0.025640017093949807,0.025640017093949807
5965,9946,3,15,13125,1581,0.00604,1,0.8043,0.025640017093949807,0.025640017093949807
5965,9946,3,16,13124,1701,0.00608,1,0.3832,0.025640017093949807,0.025640017093949807
5965,9946,3,17,13123,1802,0.00415,1,0.2934,0.025640017093949807,0.025640017093949807
5965,9946,3,18,13122,1645,0.0,1,0.5342,0.025640017093949807,0.025640017093949807
5965,9946,3,19,13121,1821,0.00316,1,0.4469,0.025640017093949807,0.025640017093949807
5965,9946,3,20,13120,2050,0.00167,1,0.3832,0.025640017093949807,0.025640017093949807
5965,9946,3,21,13119,2115,0.00227,1,0.2934,0.025640017093949807,0.025640017093949807
5965,9946,3,22,13118,2249,0.0,1,0.3831,0.025640017093949807,0.025640017093949807
5965,9946,3,23,13117,2199,0.0,1,0.3297,0.025640017093949807,0.025640017093949807
5965,9946,3,24,13116,2550,0.00655,1,0.1895,0.025640017093949807,0.025640017093949807
5965,9946,4,5,13135,1000,0.01144,0,0.8843,0.020513180854724866,0.020513180854724866
5965,9946,4,6,13134,1042,0.0,1,0.9826,0.020513180854724866,0.020513180854724866
5965,9946,4,7,13133,1108,0.00956,1,0.7131,0.020513180854724866,0.020513180854724866
5965,9946,4,8,13132,1564,0.01969,0,0.102,0.020513180854724866,0.020513180854724866
5965,9946,4,9,13131,1305,0.01116,0,0.8843,0.020513180854724866,0.020513180854724866
5965,9946,4,10,13130,1407,0.00243,1,0.3835,0.020513180854724866,0.020513180854724866
5965,9946,4,11,13129,1501,0.00055,1,0.7131,0.020513180854724866,0.020513180854724866
5965,9946,4,12,13128,1972,0.09309,0,0.1019,0.020513180854724866,0.020513180854724866
5965,9946,4,13,13127,1515,0.00079,1,0.3834,0.020513180854724866,0.020513180854724866
5965,9946,4,14,13126,1361,0.00144,1,0.3834,0.020513180854724866,0.020513180854724866
5965,9946,4,15,13125,1460,0.00749,1,0.175,0.020513180854724866,0.020513180854724866
5965,9946,4,16,13124,1576,0.0,1,0.1019,0.020513180854724866,0.020513180854724866
5965,9946,4,17,13123,1346,0.00047,1,0.7129,0.020513180854724866,0.020513180854724866
5965,9946,4,18,13122,1455,0.00313,1,0.625,0.020513180854724866,0.020513180854724866
5965,9946,4,19,13121,1635,0.0,1,0.2715,0.020513180854724866,0.020513180854724866
5965,9946,4,20,13120,1648,0.00404,1,0.2538,0.020513180854724866,0.020513180854724866
5965,9946,4,21,13119,1842,0.00317,1,0.2934,0.020513180854724866,0.020513180854724866
5965,9946,4,22,13118,1751,0.00849,1,0.3831,0.020513180854724866,0.020513180854724866
5965,9946,4,23,13117,1879,0.00358,1,0.1216,0.020513180854724866,0.020513180854724866
5965,9946,4,24,13116,1818,0.00309,1,0.2714,0.020513180854724866,0.020513180854724866
6794,145804,0,5,52443,1000,0.00639,1,0.7629,0.0055104852288381245,0.0027552426144189512
6794,145804,0,6,52442,1000,0.00636,1,0.7838,0.0055104852288381245,0.0027552426144189512
6794,145804,0,7,52441,1000,0.0,1,0.1787,0.0055104852288381245,0.0027552426144189512
6794,145804,0,8,52440,1000,0.0142,0,0.7314,0.0055104852288381245,0.0027552426144189512
6794,145804,0,9,52439,1000,0.01452,0,0.1868,0.0055104852288381245,0.0027552426144189512
6794,145804,0,10,52438,1000,0.03048,0,0.8673,0.0055104852288381245,0.0027552426144189512
6794,145804,0,11,52437,1000,0.00048,1,0.9076,0.0055104852288381245,0.0027552426144189512
6794,145804,0,12,52436,1000,0.0506,0,0.04,0.0055104852288381245,0.0027552426144189512
6794,145804,0,13,52435,1000,0.03293,0,0.0634,0.0055104852288381245,0.0027552426144189512
6794,145804,0,14,52434,1000,0.02835,0,0.2459,0.0055104852288381245,0.0027552426144189512
6794,145804,0,15,52433,1000,0.02584,0,0.9955,0.0055104852288381245,0.0027552426144189512
6794,145804,0,16,52432,1000,0.01127,0,0.9076,0.0055104852288381245,0.0027552426144189512
6794,145804,0,17,52431,1000,0.06346,0,0.9537,0.0055104852288381245,0.0027552426144189512
6794,145804,0,18,52430,1000,0.03472,0,0.7839,0.0055104852288381245,0.0027552426144189512
6794,145804,0,19,52429,1000,0.02248,0,0.9076,0.0055104852288381245,0.0027552426144189512
6794,145804,0,20,52428,1000,0.04194,0,0.6917,0.0055104852288381245,0.0027552426144189512
6794,145804,0,21,52427,1000,0.03529,0,0.8391,0.0055104852288381245,0.0027552426144189512
6794,145804,0,22,52426,1000,0.02703,0,0.6832,0.0055104852288381245,0.0027552426144189512
6794,145804,0,23,52425,1000,0.13165,0,0.7243,0.0055104852288381245,0.0027552426144189512
6794,145804,0,24,52424,1000,0.10319,0,0.1754,0.0055104852288381245,0.0027552426144189512
6794,145804,1,5,52443,1000,0.00195,1,0.7839,0.011018331336398068,0.008265727843257409
6794,145804,1,6,52442,1117,0.0,1,0.6855,0.011018331336398068,0.008265727843257409
6794,145804,1,7,52441,1202,0.00083,1,0.5398,0.011018331336398068,0.008265727843257409
6794,145804,1,8,52440,1277,0.04216,0,0.04,0.011018331336398068,0.008265727843257409
6794,145804,1,9,52439,1152,0.01609,0,0.6882,0.011018331336398068,0.008265727843257409
6794,145804,1,10,52438,1196,0.01973,0,0.8117,0.011018331336398068,0.008265727843257409
6794,145804,1,11,52437,1266,0.0,1,0.0399,0.011018331336398068,0.008265727843257409
6794,145804,1,12,52436,1357,0.08099,0,0.1073,0.011018331336398068,0.008265727843257409
6794,145804,1,13,52435,1240,0.04435,0,0.839,0.011018331336398068,0.008265727843257409
6794,145804,1,14,52434,1310,0.03944,0,0.8117,0.011018331336398068,0.008265727843257409
6794,145804,1,15,52433,1363,0.07736,0,0.4512,0.011018331336398068,0.008265727843257409
6794,145804,1,16,52432,1331,0.08127,0,0.5398,0.011018331336398068,0.008265727843257409
6794,145804,1,17,52431,1679,0.04313,0,0.0699,0.011018331336398068,0.008265727843257409
6794,145804,1,18,52430,1456,0.03145,0,0.6678,0.011018331336398068,0.008265727843257409
6794,145804,1,19,52429,1550,0.01947,0,0.1447,0.011018331336398068,0.008265727843257409
6794,145804,1,20,52428,1600,0.05945,0,0.9075,0.011018331336398068,0.008265727843257409
6794,145804,1,21,52427,1666,0.09468,0,0.177,0.011018331336398068,0.008265727843257409
6794,145804,1,22,52426,1684,7e-05,1,0.8117,0.011018331336398068,0.008265727843257409
6794,145804,1,23,52425,2074,0.01167,0,0.2824,0.011018331336398068,0.008265727843257409
6794,145804,1,24,52424,1777,0.00244,1,0.6549,0.011018331336398068,0.008265727843257409
6794,145804,2,5,52443,1000,0.00844,1,0.0489,0.0055104852288381245,0.008265727843257409
6794,145804,2,6,52442,1009,0.0071,1,0.0445,0.0055104852288381245,0.008265727843257409
6794,145804,2,7,52441,1278,0.02305,0,0.9076,0.0055104852288381245,0.008265727843257409
6794,145804,2,8,52440,1232,0.0,1,0.4737,0.0055104852288381245,0.008265727843257409
6794,145804,2,9,52439,1143,0.04274,0,0.7839,0.0055104852288381245,0.008265727843257409
6794,145804,2,10,52438,1165,0.02301,0,0.5849,0.0055104852288381245,0.008265727843257409
6794,145804,2,11,52437,1294,0.02104,0,0.0486,0.0055104852288381245,0.008265727843257409
6794,145804,2,12,52436,1000,0.00474,1,0.9536,0.0055104852288381245,0.008265727843257409
6794,145804,2,13,52435,1041,0.00134,1,0.1471,0.0055104852288381245,0.008265727843257409
6794,145804,2,14,52434,1013,0.02049,0,0.7839,0.0055104852288381245,0.008265727843257409
6794,145804,2,15,52433,1072,0.04108,0,0.9955,0.0055104852288381245,0.008265727843257409
6794,145804,2,16,52432,1122,0.0166,0,0.9955,0.0055104852288381245,0.008265727843257409
6794,145804,2,17,52431,1091,0.01849,0,0.4696,0.0055104852288381245,0.008265727843257409
6794,145804,2,18,52430,1246,0.02642,0,0.5982,0.0055104852288381245,0.008265727843257409
6794,145804,2,19,52429,1219,0.01739,0,0.6762,0.0055104852288381245,0.008265727843257409
6794,145804,2,20,52428,1224,0.01876,0,0.2926,0.0055104852288381245,0.008265727843257409
6794,145804,2,21,52427,1241,0.02074,0,0.7394,0.0055104852288381245,0.008265727843257409
6794,145804,2,22,52426,1215,0.03912,0,0.2556,0.0055104852288381245,0.008265727843257409
6794,145804,2,23,52425,1276,0.01995,0,0.9537,0.0055104852288381245,0.008265727843257409
6794,145804,2,24,52424,1337,0.07722,0,0.7839,0.0055104852288381245,0.008265727843257409
6794,145804,4,5,52443,1000,0.00917,1,0.5849,0.0055104852288381245,0.0055104852288381245
6794,145804,4,6,52442,1000,0.0,1,0.0399,0.0055104852288381245,0.0055104852288381245
6794,145804,4,7,52441,1081,0.03378,0,0.1965,0.0055104852288381245,0.0055104852288381245
6794,145804,4,8,52440,1028,0.01561,0,0.9536,0.0055104852288381245,0.0055104852288381245
6794,145804,4,9,52439,1000,0.02061,0,0.9076,0.0055104852288381245,0.0055104852288381245
6794,145804,4,10,52438,1015,0.031,0,0.5525,0.0055104852288381245,0.0055104852288381245
6794,145804,4,11,52437,1010,0.05177,0,0.9955,0.0055104852288381245,0.0055104852288381245
6794,145804,4,12,52436,1000,0.02141,0,0.3586,0.0055104852288381245,0.0055104852288381245
6794,145804,4,13,52435,1095,0.02853,0,0.9955,0.0055104852288381245,0.0055104852288381245
6794,145804,4,14,52434,1127,0.00221,1,0.5485,0.0055104852288381245,0.0055104852288381245
6794,145804,4,15,52433,1271,0.02356,0,0.9955,0.0055104852288381245,0.0055104852288381245
6794,145804,4,16,52432,1205,0.02574,0,0.4402,0.0055104852288381245,0.0055104852288381245
6794,145804,4,17,52431,1302,0.08122,0,0.7839,0.0055104852288381245,0.0055104852288381245
6794,145804,4,18,52430,1378,0.08314,0,0.2125,0.0055104852288381245,0.0055104852288381245
6794,145804,4,19,52429,1303,0.01751,0,0.8391,0.0055104852288381245,0.0055104852288381245
6794,145804,4,20,52428,1528,0.02394,0,0.1965,0.0055104852288381245,0.0055104852288381245
6794,145804,4,21,52427,1554,0.01123,0,0.7123,0.0055104852288381245,0.0055104852288381245
6794,145804,4,22,52426,1562,0.02165,0,0.1185,0.0055104852288381245,0.0055104852288381245
6794,145804,4,23,52425,1325,0.01986,0,0.8117,0.0055104852288381245,0.0055104852288381245
6794,145804,4,24,52424,1485,0.00344,1,0.2824,0.0055104852288381245,0.0055104852288381245
6794,145804,3,5,52443,1000,0.0222,0,0.657,0.011018331336398068,0.011018331336398068
6794,145804,3,6,52442,1040,0.02175,0,0.5305,0.011018331336398068,0.011018331336398068
6794,145804,3,7,52441,1161,0.03084,0,0.657,0.011018331336398068,0.011018331336398068
6794,145804,3,8,52440,1367,0.00824,1,0.5849,0.011018331336398068,0.011018331336398068
6794,145804,3,9,52439,1513,0.00267,1,0.8673,0.011018331336398068,0.011018331336398068
6794,145804,3,10,52438,1117,0.0,1,0.7838,0.011018331336398068,0.011018331336398068
6794,145804,3,11,52437,1088,0.01575,0,0.6807,0.011018331336398068,0.011018331336398068
6794,145804,3,12,52436,1068,0.03402,0,0.4817,0.011018331336398068,0.011018331336398068
6794,145804,3,13,52435,1162,0.00283,1,0.564,0.011018331336398068,0.011018331336398068
6794,145804,3,14,52434,1235,0.07222,0,0.839,0.011018331336398068,0.011018331336398068
6794,145804,3,15,52433,1116,0.08294,0,0.839,0.011018331336398068,0.011018331336398068
6794,145804,3,16,52432,1122,0.03243,0,0.8117,0.011018331336398068,0.011018331336398068
6794,145804,3,17,52431,1099,0.08019,0,0.9076,0.011018331336398068,0.011018331336398068
6794,145804,3,18,52430,1057,0.09301,0,0.7314,0.011018331336398068,0.011018331336398068
6794,145804,3,19,52429,1027,0.04953,0,0.4236,0.011018331336398068,0.011018331336398068
6794,145804,3,20,52428,1125,0.02292,0,0.0724,0.011018331336398068,0.011018331336398068
6794,145804,3,21,52427,1000,0.05612,0,0.6762,0.011018331336398068,0.011018331336398068
6794,145804,3,22,52426,1000,0.07689,0,0.7243,0.011018331336398068,0.011018331336398068
6794,145804,3,23,52425,1000,0.07045,0,0.253,0.011018331336398068,0.011018331336398068
6794,145804,3,24,52424,1000,0.07346,0,0.5606,0.011018331336398068,0.011018331336398068
6794,3,0,5,55455,1000,0.00089,1,0.6696,0.004565715024329453,0.00261017132897734
6794,3,0,6,55454,1108,0.01333,0,0.6495,0.004565715024329453,0.00261017132897734
6794,3,0,7,55453,1198,0.04451,0,0.544,0.004565715024329453,0.00261017132897734
6794,3,0,8,55452,1142,0.0,1,0.8748,0.004565715024329453,0.00261017132897734
6794,3,0,9,55451,1184,0.01166,0,0.7381,0.004565715024329453,0.00261017132897734
6794,3,0,10,55450,1325,0.04254,0,0.307,0.004565715024329453,0.00261017132897734
6794,3,0,11,55449,1338,0.03252,0,0.7977,0.004565715024329453,0.00261017132897734
6794,3,0,12,55448,1617,0.0,1,0.5032,0.004565715024329453,0.00261017132897734
6794,3,0,13,55447,1557,0.00646,1,0.3723,0.004565715024329453,0.00261017132897734
6794,3,0,14,55446,1687,0.11483,0,0.3723,0.004565715024329453,0.00261017132897734
6794,3,0,15,55445,1659,0.02919,0,0.7977,0.004565715024329453,0.00261017132897734
6794,3,0,16,55444,1725,0.02277,0,0.7977,0.004565715024329453,0.00261017132897734
6794,3,0,17,55443,1751,0.02141,0,0.5897,0.004565715024329453,0.00261017132897734
6794,3,0,18,55442,1794,0.05227,0,0.7611,0.004565715024329453,0.00261017132897734
6794,3,0,19,55441,1757,0.1252,0,0.7489,0.004565715024329453,0.00261017132897734
6794,3,0,20,55440,1800,0.03589,0,0.7382,0.004565715024329453,0.00261017132897734
6794,3,0,21,55439,1810,0.04221,0,0.6327,0.004565715024329453,0.00261017132897734
6794,3,0,22,55438,1676,0.02615,0,0.4578,0.004565715024329453,0.00261017132897734
6794,3,0,23,55437,1711,0.04798,0,0.8135,0.004565715024329453,0.00261017132897734
6794,3,0,24,55436,1673,0.04645,0,0.6143,0.004565715024329453,0.00261017132897734
6794,3,1,5,55455,1000,0.0,1,0.6789,0.001957628496732977,0.001957628496732977
6794,3,1,6,55454,1055,0.00056,1,0.7381,0.001957628496732977,0.001957628496732977
6794,3,1,7,55453,1032,0.00447,1,0.9838,0.001957628496732977,0.001957628496732977
6794,3,1,8,55452,1067,0.0029,1,0.7793,0.001957628496732977,0.001957628496732977
6794,3,1,9,55451,1206,0.00276,1,0.7611,0.001957628496732977,0.001957628496732977
6794,3,1,10,55450,1235,0.00081,1,0.9641,0.001957628496732977,0.001957628496732977
6794,3,1,11,55449,1465,0.00169,1,0.6696,0.001957628496732977,0.001957628496732977
6794,3,1,12,55448,2270,0.00421,1,0.2238,0.001957628496732977,0.001957628496732977
6794,3,1,13,55447,2161,0.00349,1,0.3971,0.001957628496732977,0.001957628496732977
6794,3,1,14,55446,2279,0.0066,1,0.0614,0.001957628496732977,0.001957628496732977
6794,3,1,15,55445,2181,0.00217,1,0.2238,0.001957628496732977,0.001957628496732977
6794,3,1,16,55444,2503,0.0086,1,0.0611,0.001957628496732977,0.001957628496732977
6794,3,1,17,55443,2079,0.00058,1,0.57,0.001957628496732977,0.001957628496732977
6794,3,1,18,55442,2723,0.00542,1,0.2449,0.001957628496732977,0.001957628496732977
6794,3,1,19,55441,3775,0.0647,0,0.061,0.001957628496732977,0.001957628496732977
6794,3,1,20,55440,2549,0.0,1,0.4774,0.001957628496732977,0.001957628496732977
6794,3,1,21,55439,2806,0.00053,1,0.5073,0.001957628496732977,0.001957628496732977
6794,3,1,22,55438,2934,0.00091,1,0.3822,0.001957628496732977,0.001957628496732977
6794,3,1,23,55437,3610,0.0016,1,0.3902,0.001957628496732977,0.001957628496732977
6794,3,1,24,55436,3561,0.00572,1,0.4965,0.001957628496732977,0.001957628496732977
6794,3,2,5,55455,1000,0.00083,1,0.9972,0.0013050856644885034,0.001957628496732977
6794,3,2,6,55454,1019,0.00088,1,0.2238,0.0013050856644885034,0.001957628496732977
6794,3,2,7,55453,1230,0.00383,1,0.5167,0.0013050856644885034,0.001957628496732977
6794,3,2,8,55452,1315,0.02048,0,0.4577,0.0013050856644885034,0.001957628496732977
6794,3,2,9,55451,1295,0.0093,1,0.7611,0.0013050856644885034,0.001957628496732977
6794,3,2,10,55450,1543,0.02302,0,0.3386,0.0013050856644885034,0.001957628496732977
6794,3,2,11,55449,2170,0.0026,1,0.0611,0.0013050856644885034,0.001957628496732977
6794,3,2,12,55448,2255,0.00388,1,0.2238,0.0013050856644885034,0.001957628496732977
6794,3,2,13,55447,2632,0.02009,0,0.1279,0.0013050856644885034,0.001957628496732977
6794,3,2,14,55446,2594,0.00976,1,0.1539,0.0013050856644885034,0.001957628496732977
6794,3,2,15,55445,3112,0.11048,0,0.2238,0.0013050856644885034,0.001957628496732977
6794,3,2,16,55444,2945,0.0372,0,0.0611,0.0013050856644885034,0.001957628496732977
6794,3,2,17,55443,2776,0.02008,0,0.3822,0.0013050856644885034,0.001957628496732977
6794,3,2,18,55442,3560,0.02015,0,0.2238,0.0013050856644885034,0.001957628496732977
6794,3,2,19,55441,4783,0.00415,1,0.1257,0.0013050856644885034,0.001957628496732977
6794,3,2,20,55440,5465,0.04609,0,0.061,0.0013050856644885034,0.001957628496732977
6794,3,2,21,55439,3650,0.0042,1,0.2237,0.0013050856644885034,0.001957628496732977
6794,3,2,22,55438,5356,0.05157,0,0.3821,0.0013050856644885034,0.001957628496732977
6794,3,2,23,55437,7507,0.0,1,0.2237,0.0013050856644885034,0.001957628496732977
6794,3,2,24,55436,3730,0.16637,0,0.7977,0.0013050856644885034,0.001957628496732977
6794,3,3,5,55455,1000,0.00273,1,0.323,0.0013050856644885034,0.0013050856644885034
6794,3,3,6,55454,1098,0.01263,0,0.3723,0.0013050856644885034,0.0013050856644885034
6794,3,3,7,55453,1202,0.0,1,0.6895,0.0013050856644885034,0.0013050856644885034
6794,3,3,8,55452,1266,0.01304,0,0.4721,0.0013050856644885034,0.0013050856644885034
6794,3,3,9,55451,1639,0.01769,0,0.5032,0.0013050856644885034,0.0013050856644885034
6794,3,3,10,55450,1603,0.00167,1,0.9838,0.0013050856644885034,0.0013050856644885034
6794,3,3,11,55449,1908,0.01472,0,0.4462,0.0013050856644885034,0.0013050856644885034
6794,3,3,12,55448,1663,0.00056,1,0.9154,0.0013050856644885034,0.0013050856644885034
6794,3,3,13,55447,2029,0.0,1,0.4312,0.0013050856644885034,0.0013050856644885034
6794,3,3,14,55446,2299,0.01145,0,0.4504,0.0013050856644885034,0.0013050856644885034
6794,3,3,15,55445,2125,0.01034,0,0.9423,0.0013050856644885034,0.0013050856644885034
6794,3,3,16,55444,2748,0.00994,1,0.9154,0.0013050856644885034,0.0013050856644885034
6794,3,3,17,55443,2670,0.00843,1,0.9972,0.0013050856644885034,0.0013050856644885034
6794,3,3,18,55442,2682,0.07735,0,0.9423,0.0013050856644885034,0.0013050856644885034
6794,3,3,19,55441,2977,0.00052,1,0.3092,0.0013050856644885034,0.0013050856644885034
6794,3,3,20,55440,3236,0.00661,1,0.287,0.0013050856644885034,0.0013050856644885034
6794,3,3,21,55439,2839,0.0074,1,0.7026,0.0013050856644885034,0.0013050856644885034
6794,3,3,22,55438,2893,0.01002,0,0.5835,0.0013050856644885034,0.0013050856644885034
6794,3,3,23,55437,3134,0.01777,0,0.9154,0.0013050856644885034,0.0013050856644885034
6794,3,3,24,55436,3067,0.00389,1,0.9154,0.0013050856644885034,0.0013050856644885034
6794,3,4,5,55455,1000,0.0,1,0.9422,0.0006525428322443627,0.0006525428322443627
6794,3,4,6,55454,1000,0.00088,1,0.5073,0.0006525428322443627,0.0006525428322443627
6794,3,4,7,55453,1311,0.0,1,0.3069,0.0006525428322443627,0.0006525428322443627
6794,3,4,8,55452,1198,0.04124,0,0.5166,0.0006525428322443627,0.0006525428322443627
6794,3,4,9,55451,1278,0.05468,0,0.4965,0.0006525428322443627,0.0006525428322443627
6794,3,4,10,55450,1262,0.00974,1,0.0894,0.0006525428322443627,0.0006525428322443627
6794,3,4,11,55449,1306,0.02555,0,0.9641,0.0006525428322443627,0.0006525428322443627
6794,3,4,12,55448,1227,0.0098,1,0.7978,0.0006525428322443627,0.0006525428322443627
6794,3,4,13,55447,1602,0.00928,1,0.7793,0.0006525428322443627,0.0006525428322443627
6794,3,4,14,55446,1461,0.01714,0,0.5835,0.0006525428322443627,0.0006525428322443627
6794,3,4,15,55445,1333,0.00222,1,0.4873,0.0006525428322443627,0.0006525428322443627
6794,3,4,16,55444,1723,0.03929,0,0.544,0.0006525428322443627,0.0006525428322443627
6794,3,4,17,55443,1589,0.03945,0,0.3192,0.0006525428322443627,0.0006525428322443627
6794,3,4,18,55442,1632,0.00677,1,0.6021,0.0006525428322443627,0.0006525428322443627
6794,3,4,19,55441,1711,0.00846,1,0.2982,0.0006525428322443627,0.0006525428322443627
6794,3,4,20,55440,2012,0.01594,0,0.3723,0.0006525428322443627,0.0006525428322443627
6794,3,4,21,55439,2022,0.00976,1,0.3148,0.0006525428322443627,0.0006525428322443627
6794,3,4,22,55438,1978,0.01699,0,0.4548,0.0006525428322443627,0.0006525428322443627
6794,3,4,23,55437,2509,0.0,1,0.4747,0.0006525428322443627,0.0006525428322443627
6794,3,4,24,55436,2417,0.01306,0,0.9988,0.0006525428322443627,0.0006525428322443627
6794,146065,0,5,60774,1000,0.0,1,0.1754,0.01619535648763204,0.02024419560954005
6794,146065,0,6,60773,1000,0.0,1,0.9384,0.01619535648763204,0.02024419560954005
6794,146065,0,7,60772,1000,0.0,1,0.7558,0.01619535648763204,0.02024419560954005
6794,146065,0,8,60771,1000,0.0052,1,0.1754,0.01619535648763204,0.02024419560954005
6794,146065,0,9,60770,1000,0.00539,1,0.7435,0.01619535648763204,0.02024419560954005
6794,146065,0,10,60769,1018,0.0259,0,0.6892,0.01619535648763204,0.02024419560954005
6794,146065,0,11,60768,1056,0.0212,0,0.9039,0.01619535648763204,0.02024419560954005
6794,146065,0,12,60767,1041,0.022,0,0.8118,0.01619535648763204,0.02024419560954005
6794,146065,0,13,60766,1078,0.01835,0,0.7235,0.01619535648763204,0.02024419560954005
6794,146065,0,14,60765,1177,0.01236,0,0.9878,0.01619535648763204,0.02024419560954005
6794,146065,0,15,60764,1155,0.01849,0,0.8295,0.01619535648763204,0.02024419560954005
6794,146065,0,16,60763,1296,0.0124,0,0.841,0.01619535648763204,0.02024419560954005
6794,146065,0,17,60762,1471,0.03934,0,0.9791,0.01619535648763204,0.02024419560954005
6794,146065,0,18,60761,1377,0.01746,0,0.8118,0.01619535648763204,0.02024419560954005
6794,146065,0,19,60760,1533,0.00654,1,0.6112,0.01619535648763204,0.02024419560954005
6794,146065,0,20,60759,1407,0.01755,0,0.8502,0.01619535648763204,0.02024419560954005
6794,146065,0,21,60758,1488,0.02995,0,0.7044,0.01619535648763204,0.02024419560954005
6794,146065,0,22,60757,1642,0.02003,0,0.6452,0.01619535648763204,0.02024419560954005
6794,146065,0,23,60756,1884,0.01821,0,0.531,0.01619535648763204,0.02024419560954005
6794,146065,0,24,60755,1707,0.04988,0,0.9539,0.01619535648763204,0.02024419560954005
6794,146065,1,5,60774,1000,0.0,1,0.9791,0.01214651736572403,0.01214651736572403
6794,146065,1,6,60773,1051,0.0,1,0.2718,0.01214651736572403,0.01214651736572403
6794,146065,1,7,60772,1131,0.02906,0,0.9539,0.01214651736572403,0.01214651736572403
6794,146065,1,8,60771,1298,0.03353,0,0.208,0.01214651736572403,0.01214651736572403
6794,146065,1,9,60770,1021,0.0,1,0.8655,0.01214651736572403,0.01214651736572403
6794,146065,1,10,60769,1042,0.02843,0,0.9878,0.01214651736572403,0.01214651736572403
6794,146065,1,11,60768,1116,0.00028,1,0.9195,0.01214651736572403,0.01214651736572403
6794,146065,1,12,60767,1110,0.02431,0,0.904,0.01214651736572403,0.01214651736572403
6794,146065,1,13,60766,1207,0.0083,1,0.49,0.01214651736572403,0.01214651736572403
6794,146065,1,14,60765,1194,0.04331,0,0.8891,0.01214651736572403,0.01214651736572403
6794,146065,1,15,60764,1158,0.07241,0,0.997,0.01214651736572403,0.01214651736572403
6794,146065,1,16,60763,1185,0.03895,0,0.8503,0.01214651736572403,0.01214651736572403
6794,146065,1,17,60762,1175,0.02243,0,0.8412,0.01214651736572403,0.01214651736572403
6794,146065,1,18,60761,1148,0.02467,0,0.8656,0.01214651736572403,0.01214651736572403
6794,146065,1,19,60760,1149,0.00817,1,0.5901,0.01214651736572403,0.01214651736572403
6794,146065,1,20,60759,1208,0.0016,1,0.8236,0.01214651736572403,0.01214651736572403
6794,146065,1,21,60758,1310,0.01208,0,0.65,0.01214651736572403,0.01214651736572403
6794,146065,1,22,60757,1316,0.03002,0,0.8296,0.01214651736572403,0.01214651736572403
6794,146065,1,23,60756,1294,0.07575,0,0.997,0.01214651736572403,0.01214651736572403
6794,146065,1,24,60755,1374,0.07428,0,0.9195,0.01214651736572403,0.01214651736572403
6794,146065,2,5,60774,1000,0.0,1,0.9688,0.01619535648763204,0.02024419560954005
6794,146065,2,6,60773,1027,0.0,1,0.9878,0.01619535648763204,0.02024419560954005
6794,146065,2,7,60772,1224,0.036,0,0.9539,0.01619535648763204,0.02024419560954005
6794,146065,2,8,60771,1250,0.01492,0,0.8295,0.01619535648763204,0.02024419560954005
6794,146065,2,9,60770,1303,0.00591,1,0.7104,0.01619535648763204,0.02024419560954005
6794,146065,2,10,60769,1435,0.0,1,0.9688,0.01619535648763204,0.02024419560954005
6794,146065,2,11,60768,1478,0.02843,0,0.522,0.01619535648763204,0.02024419560954005
6794,146065,2,12,60767,1792,0.0,1,0.7297,0.01619535648763204,0.02024419560954005
6794,146065,2,13,60766,1765,0.01574,0,0.2081,0.01619535648763204,0.02024419560954005
6794,146065,2,14,60765,1135,0.01533,0,0.2196,0.01619535648763204,0.02024419560954005
6794,146065,2,15,60764,1066,0.02485,0,0.9539,0.01619535648763204,0.02024419560954005
6794,146065,2,16,60763,1174,0.00054,1,0.9688,0.01619535648763204,0.02024419560954005
6794,146065,2,17,60762,1304,0.00778,1,0.9791,0.01619535648763204,0.02024419560954005
6794,146065,2,18,60761,1346,0.05182,0,0.9539,0.01619535648763204,0.02024419560954005
6794,146065,2,19,60760,1332,0.03557,0,0.9688,0.01619535648763204,0.02024419560954005
6794,146065,2,20,60759,1381,0.00048,1,0.8119,0.01619535648763204,0.02024419560954005
6794,146065,2,21,60758,1435,0.06138,0,0.7105,0.01619535648763204,0.02024419560954005
6794,146065,2,22,60757,1294,0.01353,0,0.9539,0.01619535648763204,0.02024419560954005
6794,146065,2,23,60756,1482,0.00797,1,0.6251,0.01619535648763204,0.02024419560954005
6794,146065,2,24,60755,1710,0.00319,1,0.9688,0.01619535648763204,0.02024419560954005
6794,146065,3,5,60774,1000,0.03241,0,0.9039,0.01214651736572403,0.01619535648763204
6794,146065,3,6,60773,1208,0.02983,0,0.3197,0.01214651736572403,0.01619535648763204
6794,146065,3,7,60772,1141,0.0,1,0.9039,0.01214651736572403,0.01619535648763204
6794,146065,3,8,60771,1597,0.00797,1,0.6157,0.01214651736572403,0.01619535648763204
6794,146065,3,9,60770,1484,0.01902,0,0.6249,0.01214651736572403,0.01619535648763204
6794,146065,3,10,60769,1801,0.00052,1,0.997,0.01214651736572403,0.01619535648763204
6794,146065,3,11,60768,2271,0.00669,1,0.9384,0.01214651736572403,0.01619535648763204
6794,146065,3,12,60767,2054,0.0,1,0.9539,0.01214651736572403,0.01619535648763204
6794,146065,3,13,60766,2334,0.01785,0,0.3094,0.01214651736572403,0.01619535648763204
6794,146065,3,14,60765,2353,0.03242,0,0.5341,0.01214651736572403,0.01619535648763204
6794,146065,3,15,60764,1779,0.00118,1,0.7621,0.01214651736572403,0.01619535648763204
6794,146065,3,16,60763,1895,0.00177,1,0.5973,0.01214651736572403,0.01619535648763204
6794,146065,3,17,60762,2138,0.02237,0,0.9384,0.01214651736572403,0.01619535648763204
6794,146065,3,18,60761,2110,0.00187,1,0.2081,0.01214651736572403,0.01619535648763204
6794,146065,3,19,60760,1406,0.0,1,0.9878,0.01214651736572403,0.01619535648763204
6794,146065,3,20,60759,1476,0.01149,0,0.9539,0.01214651736572403,0.01619535648763204
6794,146065,3,21,60758,1604,0.0,1,0.9792,0.01214651736572403,0.01619535648763204
6794,146065,3,22,60757,1546,0.03734,0,0.7622,0.01214651736572403,0.01619535648763204
6794,146065,3,23,60756,1773,0.00902,1,0.997,0.01214651736572403,0.01619535648763204
6794,146065,3,24,60755,1644,0.00023,1,0.997,0.01214651736572403,0.01619535648763204
6794,146065,4,5,60774,1000,0.0,1,0.9195,0.01214651736572403,0.00809767824381602
6794,146065,4,6,60773,1011,0.00743,1,0.208,0.01214651736572403,0.00809767824381602
6794,146065,4,7,60772,1146,0.0042,1,0.3822,0.01214651736572403,0.00809767824381602
6794,146065,4,8,60771,1038,0.00866,1,0.9688,0.01214651736572403,0.00809767824381602
6794,146065,4,9,60770,1054,0.00926,1,0.9195,0.01214651736572403,0.00809767824381602
6794,146065,4,10,60769,1173,0.01035,0,0.7722,0.01214651736572403,0.00809767824381602
6794,146065,4,11,60768,1259,0.0067,1,0.671,0.01214651736572403,0.00809767824381602
6794,146065,4,12,60767,1278,0.00679,1,0.9195,0.01214651736572403,0.00809767824381602
6794,146065,4,13,60766,1393,0.00394,1,0.9384,0.01214651736572403,0.00809767824381602
6794,146065,4,14,60765,1286,0.00167,1,0.904,0.01214651736572403,0.00809767824381602
6794,146065,4,15,60764,1394,0.00286,1,0.8598,0.01214651736572403,0.00809767824381602
6794,146065,4,16,60763,1520,0.00285,1,0.4524,0.01214651736572403,0.00809767824381602
6794,146065,4,17,60762,1475,0.01103,0,0.6892,0.01214651736572403,0.00809767824381602
6794,146065,4,18,60761,1494,0.01371,0,0.2196,0.01214651736572403,0.00809767824381602
6794,146065,4,19,60760,1666,0.00793,1,0.8656,0.01214651736572403,0.00809767824381602
6794,146065,4,20,60759,1846,0.00313,1,0.5766,0.01214651736572403,0.00809767824381602
6794,146065,4,21,60758,1831,0.0065,1,0.8457,0.01214651736572403,0.00809767824381602
6794,146065,4,22,60757,1822,0.02358,0,0.6452,0.01214651736572403,0.00809767824381602
6794,146065,4,23,60756,1863,0.01524,0,0.8891,0.01214651736572403,0.00809767824381602
6794,146065,4,24,60755,1613,0.0103,0,0.9195,0.01214651736572403,0.00809767824381602
6794,10101,0,5,65947,1000,0.01708,0,0.7669,0.07462153351493783,0.0597061581744297
6794,10101,0,6,65946,1030,0.0,1,0.9815,0.07462153351493783,0.0597061581744297
6794,10101,0,7,65945,1000,0.03017,0,0.9916,0.07462153351493783,0.0597061581744297
6794,10101,0,8,65944,1000,0.06486,0,0.9188,0.07462153351493783,0.0597061581744297
6794,10101,0,9,65943,1000,0.01796,0,0.8273,0.07462153351493783,0.0597061581744297
6794,10101,0,10,65942,1029,0.05399,0,0.9973,0.07462153351493783,0.0597061581744297
6794,10101,0,11,65941,1000,0.05021,0,0.9188,0.07462153351493783,0.0597061581744297
6794,10101,0,12,65940,1000,0.02442,0,0.9188,0.07462153351493783,0.0597061581744297
6794,10101,0,13,65939,1037,0.07243,0,0.7273,0.07462153351493783,0.0597061581744297
6794,10101,0,14,65938,1144,0.01345,0,0.8514,0.07462153351493783,0.0597061581744297
6794,10101,0,15,65937,1076,0.04743,0,0.9188,0.07462153351493783,0.0597061581744297
6794,10101,0,16,65936,1185,0.06796,0,0.9634,0.07462153351493783,0.0597061581744297
6794,10101,0,17,65935,1201,0.12611,0,0.9815,0.07462153351493783,0.0597061581744297
6794,10101,0,18,65934,1213,0.03387,0,0.9634,0.07462153351493783,0.0597061581744297
6794,10101,0,19,65933,1187,0.12135,0,0.941,0.07462153351493783,0.0597061581744297
6794,10101,0,20,65932,1245,0.07842,0,0.941,0.07462153351493783,0.0597061581744297
6794,10101,0,21,65931,1254,0.03806,0,0.9815,0.07462153351493783,0.0597061581744297
6794,10101,0,22,65930,1163,0.10637,0,0.9411,0.07462153351493783,0.0597061581744297
6794,10101,0,23,65929,1258,0.07617,0,0.8004,0.07462153351493783,0.0597061581744297
6794,10101,0,24,65928,1209,0.12254,0,0.8961,0.07462153351493783,0.0597061581744297
6794,10101,1,5,65947,1000,0.0,1,0.683,0.04477961863082314,0.0597061581744297
6794,10101,1,6,65946,1065,0.02108,0,0.683,0.04477961863082314,0.0597061581744297
6794,10101,1,7,65945,1120,0.0,1,0.8959,0.04477961863082314,0.0597061581744297
6794,10101,1,8,65944,1012,0.00886,1,0.683,0.04477961863082314,0.0597061581744297
6794,10101,1,9,65943,1063,0.0,1,0.8743,0.04477961863082314,0.0597061581744297
6794,10101,1,10,65942,1166,0.0,1,0.8743,0.04477961863082314,0.0597061581744297
6794,10101,1,11,65941,1140,0.0212,0,0.8959,0.04477961863082314,0.0597061581744297
6794,10101,1,12,65940,1173,0.02256,0,0.9973,0.04477961863082314,0.0597061581744297
6794,10101,1,13,65939,1064,0.02586,0,0.941,0.04477961863082314,0.0597061581744297
6794,10101,1,14,65938,1031,0.00363,1,0.9815,0.04477961863082314,0.0597061581744297
6794,10101,1,15,65937,1110,0.02934,0,0.9634,0.04477961863082314,0.0597061581744297
6794,10101,1,16,65936,1118,0.04286,0,0.5254,0.04477961863082314,0.0597061581744297
6794,10101,1,17,65935,1000,0.04421,0,0.8743,0.04477961863082314,0.0597061581744297
6794,10101,1,18,65934,1069,0.08222,0,0.8743,0.04477961863082314,0.0597061581744297
6794,10101,1,19,65933,1046,0.0944,0,0.896,0.04477961863082314,0.0597061581744297
6794,10101,1,20,65932,1000,0.1197,0,0.941,0.04477961863082314,0.0597061581744297
6794,10101,1,21,65931,1171,0.09911,0,0.8743,0.04477961863082314,0.0597061581744297
6794,10101,1,22,65930,1148,0.08557,0,0.941,0.04477961863082314,0.0597061581744297
6794,10101,1,23,65929,1132,0.14012,0,0.9998,0.04477961863082314,0.0597061581744297
6794,10101,1,24,65928,1153,0.0788,0,0.8514,0.04477961863082314,0.0597061581744297
6794,10101,2,5,65947,1000,0.0,1,0.9815,0.07462153351493783,0.07462153351493783
6794,10101,2,6,65946,1077,0.04133,0,0.7273,0.07462153351493783,0.07462153351493783
6794,10101,2,7,65945,1180,0.00349,1,0.941,0.07462153351493783,0.07462153351493783
6794,10101,2,8,65944,1299,0.01178,0,0.9916,0.07462153351493783,0.07462153351493783
6794,10101,2,9,65943,1270,2e-05,1,0.941,0.07462153351493783,0.07462153351493783
6794,10101,2,10,65942,1439,0.02245,0,0.9189,0.07462153351493783,0.07462153351493783
6794,10101,2,11,65941,1448,0.04774,0,0.941,0.07462153351493783,0.07462153351493783
6794,10101,2,12,65940,1497,0.02029,0,0.9973,0.07462153351493783,0.07462153351493783
6794,10101,2,13,65939,1438,0.03644,0,0.896,0.07462153351493783,0.07462153351493783
6794,10101,2,14,65938,1464,0.0467,0,0.9917,0.07462153351493783,0.07462153351493783
6794,10101,2,15,65937,1483,0.02799,0,0.9635,0.07462153351493783,0.07462153351493783
6794,10101,2,16,65936,1460,0.01724,0,0.941,0.07462153351493783,0.07462153351493783
6794,10101,2,17,65935,1519,0.03532,0,0.9635,0.07462153351493783,0.07462153351493783
6794,10101,2,18,65934,1497,0.05823,0,0.9635,0.07462153351493783,0.07462153351493783
6794,10101,2,19,65933,1505,0.04593,0,0.9815,0.07462153351493783,0.07462153351493783
6794,10101,2,20,65932,1503,0.0372,0,0.9635,0.07462153351493783,0.07462153351493783
6794,10101,2,21,65931,1522,0.05524,0,0.9815,0.07462153351493783,0.07462153351493783
6794,10101,2,22,65930,1497,0.0,1,0.9635,0.07462153351493783,0.07462153351493783
6794,10101,2,23,65929,1512,0.03701,0,0.9635,0.07462153351493783,0.07462153351493783
6794,10101,2,24,65928,1681,0.03815,0,0.9815,0.07462153351493783,0.07462153351493783
6794,10101,3,5,65947,1000,0.00388,1,0.683,0.26865538337873507,0.16418077077658177
6794,10101,3,6,65946,1000,0.0,1,0.5253,0.26865538337873507,0.16418077077658177
6794,10101,3,7,65945,1025,0.00023,1,0.3736,0.26865538337873507,0.16418077077658177
6794,10101,3,8,65944,1049,0.0,1,0.2978,0.26865538337873507,0.16418077077658177
6794,10101,3,9,65943,1004,0.01166,0,0.5851,0.26865538337873507,0.16418077077658177
6794,10101,3,10,65942,1061,0.0408,0,0.3735,0.26865538337873507,0.16418077077658177
6794,10101,3,11,65941,1071,0.05174,0,0.683,0.26865538337873507,0.16418077077658177
6794,10101,3,12,65940,1028,0.00178,1,0.5851,0.26865538337873507,0.16418077077658177
6794,10101,3,13,65939,1122,0.01133,0,0.683,0.26865538337873507,0.16418077077658177
6794,10101,3,14,65938,1100,0.02619,0,0.6349,0.26865538337873507,0.16418077077658177
6794,10101,3,15,65937,1106,0.02889,0,0.4514,0.26865538337873507,0.16418077077658177
6794,10101,3,16,65936,1199,0.00228,1,0.6349,0.26865538337873507,0.16418077077658177
6794,10101,3,17,65935,1236,0.05753,0,0.6349,0.26865538337873507,0.16418077077658177
6794,10101,3,18,65934,1235,0.0358,0,0.5851,0.26865538337873507,0.16418077077658177
6794,10101,3,19,65933,1237,0.07725,0,0.5253,0.26865538337873507,0.16418077077658177
6794,10101,3,20,65932,1308,0.0815,0,0.6349,0.26865538337873507,0.16418077077658177
6794,10101,3,21,65931,1306,0.05015,0,0.5253,0.26865538337873507,0.16418077077658177
6794,10101,3,22,65930,1336,0.03239,0,0.6349,0.26865538337873507,0.16418077077658177
6794,10101,3,23,65929,1357,0.09531,0,0.6829,0.26865538337873507,0.16418077077658177
6794,10101,3,24,65928,1327,0.01799,0,0.5851,0.26865538337873507,0.16418077077658177
6794,10101,4,5,65947,1000,0.0,1,0.8742,0.07462153351493783,0.08954807305854562
6794,10101,4,6,65946,1122,0.0386,0,0.8272,0.07462153351493783,0.08954807305854562
6794,10101,4,7,65945,1109,0.02144,0,0.941,0.07462153351493783,0.08954807305854562
6794,10101,4,8,65944,1106,0.05479,0,0.9634,0.07462153351493783,0.08954807305854562
6794,10101,4,9,65943,1133,0.10843,0,0.3736,0.07462153351493783,0.08954807305854562
6794,10101,4,10,65942,1249,0.07406,0,0.767,0.07462153351493783,0.08954807305854562
6794,10101,4,11,65941,1210,0.0,1,0.7273,0.07462153351493783,0.08954807305854562
6794,10101,4,12,65940,1277,0.01008,0,0.9188,0.07462153351493783,0.08954807305854562
6794,10101,4,13,65939,1314,0.0859,0,0.9815,0.07462153351493783,0.08954807305854562
6794,10101,4,14,65938,1209,0.01672,0,0.896,0.07462153351493783,0.08954807305854562
6794,10101,4,15,65937,1340,0.03116,0,0.767,0.07462153351493783,0.08954807305854562
6794,10101,4,16,65936,1277,0.02438,0,0.9815,0.07462153351493783,0.08954807305854562
6794,10101,4,17,65935,1243,0.052,0,0.8003,0.07462153351493783,0.08954807305854562
6794,10101,4,18,65934,1195,0.04348,0,0.9815,0.07462153351493783,0.08954807305854562
6794,10101,4,19,65933,1259,0.0372,0,0.941,0.07462153351493783,0.08954807305854562
6794,10101,4,20,65932,1142,0.08419,0,0.896,0.07462153351493783,0.08954807305854562
6794,10101,4,21,65931,1245,0.01015,0,0.9916,0.07462153351493783,0.08954807305854562
6794,10101,4,22,65930,1256,0.01406,0,0.9973,0.07462153351493783,0.08954807305854562
6794,10101,4,23,65929,1161,0.05897,0,0.941,0.07462153351493783,0.08954807305854562
6794,10101,4,24,65928,1165,0.0,1,0.9189,0.07462153351493783,0.08954807305854562
6794,9914,0,5,69195,1000,0.0,1,0.672,0.033150648309050124,0.027616628792943798
6794,9914,0,6,69194,1000,0.02036,0,0.7464,0.033150648309050124,0.027616628792943798
6794,9914,0,7,69193,1000,0.0,1,0.7464,0.033150648309050124,0.027616628792943798
6794,9914,0,8,69192,1000,0.01804,0,0.5649,0.033150648309050124,0.027616628792943798
6794,9914,0,9,69191,1000,0.02178,0,0.2436,0.033150648309050124,0.027616628792943798
6794,9914,0,10,69190,1121,0.01729,0,0.5325,0.033150648309050124,0.027616628792943798
6794,9914,0,11,69189,1037,0.02735,0,0.7907,0.033150648309050124,0.027616628792943798
6794,9914,0,12,69188,1047,0.02843,0,0.9758,0.033150648309050124,0.027616628792943798
6794,9914,0,13,69187,1167,0.00779,1,0.6446,0.033150648309050124,0.027616628792943798
6794,9914,0,14,69186,1309,0.00786,1,0.702,0.033150648309050124,0.027616628792943798
6794,9914,0,15,69185,1450,0.02318,0,0.3211,0.033150648309050124,0.027616628792943798
6794,9914,0,16,69184,1669,0.00439,1,0.4952,0.033150648309050124,0.027616628792943798
6794,9914,0,17,69183,1638,0.01391,0,0.6446,0.033150648309050124,0.027616628792943798
6794,9914,0,18,69182,1710,0.00067,1,0.9457,0.033150648309050124,0.027616628792943798
6794,9914,0,19,69181,1937,0.01876,0,0.8973,0.033150648309050124,0.027616628792943798
6794,9914,0,20,69180,1886,0.01676,0,0.5649,0.033150648309050124,0.027616628792943798
6794,9914,0,21,69179,1813,0.03444,0,0.8973,0.033150648309050124,0.027616628792943798
6794,9914,0,22,69178,1856,0.0009,1,0.618,0.033150648309050124,0.027616628792943798
6794,9914,0,23,69177,1862,0.02709,0,0.3742,0.033150648309050124,0.027616628792943798
6794,9914,0,24,69176,1923,0.00568,1,0.9758,0.033150648309050124,0.027616628792943798
6794,9914,1,5,69195,1000,0.01319,0,0.2607,0.033150648309050124,0.038684667825159336
6794,9914,1,6,69194,1000,0.01714,0,0.672,0.033150648309050124,0.038684667825159336
6794,9914,1,7,69193,1035,0.0,1,0.8973,0.033150648309050124,0.038684667825159336
6794,9914,1,8,69192,1048,0.0,1,0.8973,0.033150648309050124,0.038684667825159336
6794,9914,1,9,69191,1095,0.02175,0,0.618,0.033150648309050124,0.038684667825159336
6794,9914,1,10,69190,1174,0.03967,0,0.702,0.033150648309050124,0.038684667825159336
6794,9914,1,11,69189,1195,0.02197,0,0.6446,0.033150648309050124,0.038684667825159336
6794,9914,1,12,69188,1331,0.0,1,0.3741,0.033150648309050124,0.038684667825159336
6794,9914,1,13,69187,1579,0.01291,0,0.4323,0.033150648309050124,0.038684667825159336
6794,9914,1,14,69186,1558,0.01046,0,0.39,0.033150648309050124,0.038684667825159336
6794,9914,1,15,69185,1775,0.00239,1,0.9758,0.033150648309050124,0.038684667825159336
6794,9914,1,16,69184,1723,0.00623,1,0.8396,0.033150648309050124,0.038684667825159336
6794,9914,1,17,69183,1613,0.0366,0,0.702,0.033150648309050124,0.038684667825159336
6794,9914,1,18,69182,1669,0.01861,0,0.4952,0.033150648309050124,0.038684667825159336
6794,9914,1,19,69181,1776,0.02692,0,0.5919,0.033150648309050124,0.038684667825159336
6794,9914,1,20,69180,1829,0.01618,0,0.8973,0.033150648309050124,0.038684667825159336
6794,9914,1,21,69179,1747,0.05796,0,0.4952,0.033150648309050124,0.038684667825159336
6794,9914,1,22,69178,1750,0.0,1,0.1312,0.033150648309050124,0.038684667825159336
6794,9914,1,23,69177,1956,0.00436,1,0.9758,0.033150648309050124,0.038684667825159336
6794,9914,1,24,69176,1920,0.00255,1,0.5919,0.033150648309050124,0.038684667825159336
6794,9914,2,5,69195,1000,0.0,1,0.39,0.027616628792943798,0.01657532415452656
6794,9914,2,6,69194,1000,0.0,1,0.4952,0.027616628792943798,0.01657532415452656
6794,9914,2,7,69193,1000,0.00778,1,0.8396,0.027616628792943798,0.01657532415452656
6794,9914,2,8,69192,1217,0.0,1,0.4952,0.027616628792943798,0.01657532415452656
6794,9914,2,9,69191,1296,0.00896,1,0.9758,0.027616628792943798,0.01657532415452656
6794,9914,2,10,69190,1427,0.0403,0,0.8396,0.027616628792943798,0.01657532415452656
6794,9914,2,11,69189,1421,0.00039,1,0.8973,0.027616628792943798,0.01657532415452656
6794,9914,2,12,69188,1568,0.00394,1,0.8396,0.027616628792943798,0.01657532415452656
6794,9914,2,13,69187,1350,0.02983,0,0.9935,0.027616628792943798,0.01657532415452656
6794,9914,2,14,69186,1484,0.0006,1,0.9935,0.027616628792943798,0.01657532415452656
6794,9914,2,15,69185,1478,0.04653,0,0.8396,0.027616628792943798,0.01657532415452656
6794,9914,2,16,69184,1458,0.05117,0,0.5326,0.027616628792943798,0.01657532415452656
6794,9914,2,17,69183,1500,0.03467,0,0.6446,0.027616628792943798,0.01657532415452656
6794,9914,2,18,69182,1630,0.03963,0,0.702,0.027616628792943798,0.01657532415452656
6794,9914,2,19,69181,1618,0.0,1,0.702,0.027616628792943798,0.01657532415452656
6794,9914,2,20,69180,1643,0.02488,0,0.3742,0.027616628792943798,0.01657532415452656
6794,9914,2,21,69179,1731,0.00522,1,0.6721,0.027616628792943798,0.01657532415452656
6794,9914,2,22,69178,1736,0.02082,0,0.9758,0.027616628792943798,0.01657532415452656
6794,9914,2,23,69177,1737,0.02453,0,0.7908,0.027616628792943798,0.01657532415452656
6794,9914,2,24,69176,1577,0.02571,0,0.8973,0.027616628792943798,0.01657532415452656
6794,9914,3,5,69195,1000,0.0034,1,0.2656,0.04972597246357657,0.027616628792943798
6794,9914,3,6,69194,1098,0.00136,1,0.5325,0.04972597246357657,0.027616628792943798
6794,9914,3,7,69193,1181,0.02149,0,0.0967,0.04972597246357657,0.027616628792943798
6794,9914,3,8,69192,1303,0.01536,0,0.3332,0.04972597246357657,0.027616628792943798
6794,9914,3,9,69191,1348,0.00722,1,0.6445,0.04972597246357657,0.027616628792943798
6794,9914,3,10,69190,1484,0.00425,1,0.5918,0.04972597246357657,0.027616628792943798
6794,9914,3,11,69189,1435,0.01141,0,0.2995,0.04972597246357657,0.027616628792943798
6794,9914,3,12,69188,1665,0.00434,1,0.672,0.04972597246357657,0.027616628792943798
6794,9914,3,13,69187,1699,0.01287,0,0.672,0.04972597246357657,0.027616628792943798
6794,9914,3,14,69186,1717,0.00877,1,0.6179,0.04972597246357657,0.027616628792943798
6794,9914,3,15,69185,1712,0.00137,1,0.4094,0.04972597246357657,0.027616628792943798
6794,9914,3,16,69184,2209,0.01195,0,0.291,0.04972597246357657,0.027616628792943798
6794,9914,3,17,69183,2010,0.00376,1,0.5325,0.04972597246357657,0.027616628792943798
6794,9914,3,18,69182,2004,0.01188,0,0.7019,0.04972597246357657,0.027616628792943798
6794,9914,3,19,69181,2000,0.00611,1,0.8396,0.04972597246357657,0.027616628792943798
6794,9914,3,20,69180,2184,0.0,1,0.7907,0.04972597246357657,0.027616628792943798
6794,9914,3,21,69179,2037,0.00599,1,0.7907,0.04972597246357657,0.027616628792943798
6794,9914,3,22,69178,1808,0.0,1,0.7907,0.04972597246357657,0.027616628792943798
6794,9914,3,23,69177,2236,0.02358,0,0.6445,0.04972597246357657,0.027616628792943798
6794,9914,3,24,69176,2228,0.00063,1,0.7907,0.04972597246357657,0.027616628792943798
6794,9914,4,5,69195,1000,0.00628,1,0.4094,0.033150648309050124,0.027616628792943798
6794,9914,4,6,69194,1020,0.0,1,0.9758,0.033150648309050124,0.027616628792943798
6794,9914,4,7,69193,1223,0.01703,0,0.4323,0.033150648309050124,0.027616628792943798
6794,9914,4,8,69192,1164,0.07617,0,0.7464,0.033150648309050124,0.027616628792943798
6794,9914,4,9,69191,1196,0.05942,0,0.9758,0.033150648309050124,0.027616628792943798
6794,9914,4,10,69190,1183,0.02253,0,0.4598,0.033150648309050124,0.027616628792943798
6794,9914,4,11,69189,1348,0.07879,0,0.4598,0.033150648309050124,0.027616628792943798
6794,9914,4,12,69188,1246,0.02594,0,0.6721,0.033150648309050124,0.027616628792943798
6794,9914,4,13,69187,1503,0.04243,0,0.618,0.033150648309050124,0.027616628792943798
6794,9914,4,14,69186,1541,0.03474,0,0.672,0.033150648309050124,0.027616628792943798
6794,9914,4,15,69185,1629,0.01154,0,0.5325,0.033150648309050124,0.027616628792943798
6794,9914,4,16,69184,1810,0.02686,0,0.1776,0.033150648309050124,0.027616628792943798
6794,9914,4,17,69183,1930,0.08007,0,0.5325,0.033150648309050124,0.027616628792943798
6794,9914,4,18,69182,2234,0.0,1,0.8973,0.033150648309050124,0.027616628792943798
6794,9914,4,19,69181,2260,0.00343,1,0.7908,0.033150648309050124,0.027616628792943798
6794,9914,4,20,69180,2135,0.00312,1,0.4599,0.033150648309050124,0.027616628792943798
6794,9914,4,21,69179,2290,0.01311,0,0.8973,0.033150648309050124,0.027616628792943798
6794,9914,4,22,69178,2283,0.00522,1,0.4323,0.033150648309050124,0.027616628792943798
6794,9914,4,23,69177,2292,0.02527,0,0.8973,0.033150648309050124,0.027616628792943798
6794,9914,4,24,69176,2242,0.00301,1,0.6721,0.033150648309050124,0.027616628792943798
7607,14965,0,,,,,,,0.014924780693051365,0.014924780693051365
7607,14965,1,,,,,,,0.009645536458539827,0.009645536458539827
6794,31,0,5,102301,1000,0.04816,0,0.3795,0.0625,0.050000000000000044
6794,31,0,6,102300,1031,0.04469,0,0.742,0.0625,0.050000000000000044
6794,31,0,7,102299,1315,0.12503,0,0.051,0.0625,0.050000000000000044
6794,31,0,8,102298,1038,0.00788,1,0.1306,0.0625,0.050000000000000044
6794,31,0,9,102297,1254,0.04835,0,0.1875,0.0625,0.050000000000000044
6794,31,0,10,102296,1331,0.1582,0,0.051,0.0625,0.050000000000000044
6794,31,0,11,102295,1239,0.00977,1,0.8426,0.0625,0.050000000000000044
6794,31,0,12,102294,1821,0.03353,0,0.2178,0.0625,0.050000000000000044
6794,31,0,13,102293,1640,0.05666,0,0.089,0.0625,0.050000000000000044
6794,31,0,14,102292,1295,0.00496,1,0.9912,0.0625,0.050000000000000044
6794,31,0,15,102291,1323,0.00511,1,0.9694,0.0625,0.050000000000000044
6794,31,0,16,102290,1377,0.00865,1,0.885,0.0625,0.050000000000000044
6794,31,0,17,102289,1511,0.0196,0,0.3226,0.0625,0.050000000000000044
6794,31,0,18,102288,1724,0.00632,1,0.4137,0.0625,0.050000000000000044
6794,31,0,19,102287,1771,0.01401,0,0.9827,0.0625,0.050000000000000044
6794,31,0,20,102286,1505,0.00846,1,0.8426,0.0625,0.050000000000000044
6794,31,0,21,102285,2277,0.0,1,0.2178,0.0625,0.050000000000000044
6794,31,0,22,102284,1942,0.00612,1,0.9492,0.0625,0.050000000000000044
6794,31,0,23,102283,1882,0.00603,1,0.9209,0.0625,0.050000000000000044
6794,31,0,24,102282,2078,0.0059,1,0.6881,0.0625,0.050000000000000044
7607,14965,2,,,,,,,0.021077283372367694,0.021077283372367694
6794,31,1,5,102301,1000,0.03265,0,0.051,0.10000000000000009,0.10000000000000009
6794,31,1,6,102300,1002,0.02384,0,0.0825,0.10000000000000009,0.10000000000000009
6794,31,1,7,102299,1011,0.02205,0,0.3795,0.10000000000000009,0.10000000000000009
6794,31,1,8,102298,1068,0.00592,1,0.2302,0.10000000000000009,0.10000000000000009
6794,31,1,9,102297,1061,0.07502,0,0.2067,0.10000000000000009,0.10000000000000009
6794,31,1,10,102296,1060,0.01082,0,0.5869,0.10000000000000009,0.10000000000000009
6794,31,1,11,102295,1133,0.03429,0,0.7419,0.10000000000000009,0.10000000000000009
6794,31,1,12,102294,1202,0.02715,0,0.5869,0.10000000000000009,0.10000000000000009
6794,31,1,13,102293,1264,0.01505,0,0.2976,0.10000000000000009,0.10000000000000009
6794,31,1,14,102292,1380,0.03089,0,0.7942,0.10000000000000009,0.10000000000000009
6794,31,1,15,102291,1550,0.01012,0,0.5383,0.10000000000000009,0.10000000000000009
6794,31,1,16,102290,1429,0.0,1,0.8426,0.10000000000000009,0.10000000000000009
6794,31,1,17,102289,1386,0.02482,0,0.688,0.10000000000000009,0.10000000000000009
6794,31,1,18,102288,1465,0.00355,1,0.8426,0.10000000000000009,0.10000000000000009
6794,31,1,19,102287,1707,0.0195,0,0.1875,0.10000000000000009,0.10000000000000009
6794,31,1,20,102286,1644,0.00642,1,0.6374,0.10000000000000009,0.10000000000000009
6794,31,1,21,102285,1628,0.00952,1,0.5383,0.10000000000000009,0.10000000000000009
6794,31,1,22,102284,1892,0.02,0,0.5383,0.10000000000000009,0.10000000000000009
6794,31,1,23,102283,2070,0.03695,0,0.8425,0.10000000000000009,0.10000000000000009
6794,31,1,24,102282,2188,0.07275,0,0.051,0.10000000000000009,0.10000000000000009
7607,14965,3,,,,,,,0.02984956138609829,0.02984956138609829
7607,14965,4,,,,,,,0.013178263803437451,0.013178263803437451
6794,31,2,5,102301,1000,0.0,1,0.2439,0.04375000000000007,0.04375000000000007
6794,31,2,6,102300,1224,0.00448,1,0.688,0.04375000000000007,0.04375000000000007
6794,31,2,7,102299,1260,0.10218,0,0.1174,0.04375000000000007,0.04375000000000007
6794,31,2,8,102298,1248,0.0196,0,0.7419,0.04375000000000007,0.04375000000000007
6794,31,2,9,102297,1530,0.00221,1,0.587,0.04375000000000007,0.04375000000000007
6794,31,2,10,102296,1428,0.08143,0,0.9492,0.04375000000000007,0.04375000000000007
6794,31,2,11,102295,1611,0.05372,0,0.1713,0.04375000000000007,0.04375000000000007
6794,31,2,12,102294,1406,0.08432,0,0.3226,0.04375000000000007,0.04375000000000007
6794,31,2,13,102293,1771,0.02629,0,0.1221,0.04375000000000007,0.04375000000000007
6794,31,2,14,102292,1579,0.03912,0,0.7942,0.04375000000000007,0.04375000000000007
6794,31,2,15,102291,1768,0.03293,0,0.2439,0.04375000000000007,0.04375000000000007
6794,31,2,16,102290,1650,0.08526,0,0.3226,0.04375000000000007,0.04375000000000007
6794,31,2,17,102289,1759,0.00338,1,0.8426,0.04375000000000007,0.04375000000000007
6794,31,2,18,102288,1609,0.00147,1,0.2589,0.04375000000000007,0.04375000000000007
6794,31,2,19,102287,2160,0.06364,0,0.688,0.04375000000000007,0.04375000000000007
6794,31,2,20,102286,2125,0.05704,0,0.587,0.04375000000000007,0.04375000000000007
6794,31,2,21,102285,1868,0.06322,0,0.4936,0.04375000000000007,0.04375000000000007
6794,31,2,22,102284,2179,0.01137,0,0.7419,0.04375000000000007,0.04375000000000007
6794,31,2,23,102283,2115,0.06117,0,0.1448,0.04375000000000007,0.04375000000000007
6794,31,2,24,102282,1944,0.04312,0,0.1969,0.04375000000000007,0.04375000000000007
7607,145976,0,,,,,,,0.029998156795281172,0.029998156795281172
6794,31,4,5,102301,1000,0.01346,0,0.0958,0.050000000000000044,0.0625
6794,31,4,6,102300,1000,0.0,1,0.8426,0.050000000000000044,0.0625
6794,31,4,7,102299,1000,0.01558,0,0.9492,0.050000000000000044,0.0625
6794,31,4,8,102298,1155,0.03734,0,0.9208,0.050000000000000044,0.0625
6794,31,4,9,102297,1083,0.05214,0,0.9492,0.050000000000000044,0.0625
6794,31,4,10,102296,1000,0.04349,0,0.3227,0.050000000000000044,0.0625
6794,31,4,11,102295,1165,0.02459,0,0.4512,0.050000000000000044,0.0625
6794,31,4,12,102294,1224,0.05063,0,0.8426,0.050000000000000044,0.0625
6794,31,4,13,102293,1106,0.04832,0,0.5383,0.050000000000000044,0.0625
6794,31,4,14,102292,1102,0.02533,0,0.996,0.050000000000000044,0.0625
6794,31,4,15,102291,1093,0.21641,0,0.9694,0.050000000000000044,0.0625
6794,31,4,16,102290,1068,0.01048,0,0.9984,0.050000000000000044,0.0625
6794,31,4,17,102289,1096,0.00547,1,0.9209,0.050000000000000044,0.0625
6794,31,4,18,102288,1345,0.01012,0,0.9827,0.050000000000000044,0.0625
6794,31,4,19,102287,1481,0.015,0,0.7943,0.050000000000000044,0.0625
6794,31,4,20,102286,1810,0.02449,0,0.7943,0.050000000000000044,0.0625
6794,31,4,21,102285,1806,0.05828,0,0.0726,0.050000000000000044,0.0625
6794,31,4,22,102284,1312,0.03689,0,0.6375,0.050000000000000044,0.0625
6794,31,4,23,102283,1486,0.05777,0,0.8426,0.050000000000000044,0.0625
6794,31,4,24,102282,1600,0.11247,0,0.885,0.050000000000000044,0.0625
7607,145976,1,,,,,,,0.05999631359056312,0.05999631359056312
7607,145976,2,,,,,,,0.04999692799213573,0.04999692799213573
7607,145976,3,,,,,,,0.01999877119685467,0.01999877119685467
6794,31,3,5,102301,1000,0.00145,1,0.2068,0.0625,0.06875000000000009
6794,31,3,6,102300,1024,0.00659,1,0.742,0.0625,0.06875000000000009
6794,31,3,7,102299,1118,0.03551,0,0.6374,0.0625,0.06875000000000009
6794,31,3,8,102298,1361,0.01074,0,0.3795,0.0625,0.06875000000000009
6794,31,3,9,102297,1394,0.05546,0,0.5383,0.0625,0.06875000000000009
6794,31,3,10,102296,1703,0.0553,0,0.4936,0.0625,0.06875000000000009
6794,31,3,11,102295,1769,0.10221,0,0.2439,0.0625,0.06875000000000009
6794,31,3,12,102294,1890,0.00079,1,0.6374,0.0625,0.06875000000000009
6794,31,3,13,102293,1936,0.03864,0,0.688,0.0625,0.06875000000000009
6794,31,3,14,102292,2460,0.09195,0,0.8849,0.0625,0.06875000000000009
6794,31,3,15,102291,2235,0.01978,0,0.4936,0.0625,0.06875000000000009
6794,31,3,16,102290,2639,0.04059,0,0.9492,0.0625,0.06875000000000009
6794,31,3,17,102289,2589,0.01034,0,0.9492,0.0625,0.06875000000000009
6794,31,3,18,102288,2388,0.00294,1,0.7942,0.0625,0.06875000000000009
6794,31,3,19,102287,2585,0.0274,0,0.9912,0.0625,0.06875000000000009
6794,31,3,20,102286,2982,0.01247,0,0.8426,0.0625,0.06875000000000009
6794,31,3,21,102285,2193,0.09075,0,0.0795,0.0625,0.06875000000000009
6794,31,3,22,102284,1834,0.01372,0,0.6374,0.0625,0.06875000000000009
6794,31,3,23,102283,1934,0.0458,0,0.7943,0.0625,0.06875000000000009
6794,31,3,24,102282,1986,0.03034,0,0.6881,0.0625,0.06875000000000009
7607,145976,4,,,,,,,0.0900021504055053,0.0900021504055053
7607,3896,0,,,,,,,0.014732858885334599,0.014732858885334599
7607,3896,1,,,,,,,0.03157864407756317,0.03157864407756317
7607,3896,2,,,,,,,0.00420664419281358,0.00420664419281358
7607,3896,3,,,,,,,0.00420664419281358,0.00420664419281358
7607,3896,4,,,,,,,0.012629536788927864,0.012629536788927864
7607,3913,0,,,,,,,0.0,0.0
7607,3913,1,,,,,,,0.06665970663464915,0.06665970663464915
7607,3913,2,,,,,,,0.1333194132693003,0.1333194132693003
7607,3913,3,,,,,,,0.06665970663464915,0.06665970663464915
7607,3913,4,,,,,,,0.06665970663464915,0.06665970663464915
7607,3903,0,,,,,,,0.06247252478874743,0.06247252478874743
7607,3903,1,,,,,,,0.06247252478874743,0.06247252478874743
7607,3903,2,,,,,,,0.0,0.0
7607,3903,3,,,,,,,0.06247252478874743,0.06247252478874743
7607,3903,4,,,,,,,0.0,0.0
7607,9946,1,,,,,,,0.02577511592642856,0.02577511592642856
7607,9946,0,,,,,,,0.030928379317727628,0.030928379317727628
7607,9946,2,,,,,,,0.0,0.0
7607,9946,3,,,,,,,0.036084575699004695,0.036084575699004695
7607,9946,4,,,,,,,0.0,0.0
7607,9967,0,,,,,,,0.0,0.0
7607,9967,1,,,,,,,0.0,0.0
7607,9967,2,,,,,,,0.0,0.0
7607,9967,3,,,,,,,0.0,0.0
7607,9967,4,,,,,,,0.0,0.0
7609,145854,0,,,,,,,0.00226383868978397,0.00226383868978397
7609,145854,1,,,,,,,0.0010187274104025423,0.0010187274104025423
7609,145854,2,,,,,,,0.00226383868978397,0.00226383868978397
7609,145854,3,,,,,,,0.005097540222168129,0.005097540222168129
7609,145854,4,,,,,,,0.007361378911952099,0.007361378911952099
7609,3903,0,,,,,,,0.19514333638304282,0.19514333638304282
7609,3903,1,,,,,,,0.0,0.0
7609,3903,2,,,,,,,0.0,0.0
7609,3903,3,,,,,,,0.0,0.0
7609,3903,4,,,,,,,0.09755260750228634,0.09755260750228634
7609,9967,0,,,,,,,0.0,0.0
7609,9967,1,,,,,,,0.0,0.0
7609,9967,2,,,,,,,0.0,0.0
7609,9967,3,,,,,,,0.0,0.0
7609,9967,4,,,,,,,0.0,0.0
7609,145853,0,,,,,,,0.005186517750944697,0.005186517750944697
7609,145853,2,,,,,,,0.005186517750944697,0.005186517750944697
7609,145853,1,,,,,,,0.005186517750944697,0.005186517750944697
7609,145853,3,,,,,,,0.06327659540037078,0.06327659540037078
7609,145853,4,,,,,,,0.025932588754723374,0.025932588754723374
7609,34537,0,,,,,,,0.001084624724644545,0.001084624724644545
7609,34537,1,,,,,,,0.0017373192492095013,0.0017373192492095013
7609,34537,2,,,,,,,0.0047752283231030646,0.0047752283231030646
7609,34537,3,,,,,,,0.006078217760010052,0.006078217760010052
7609,34537,4,,,,,,,0.001084624724644545,0.001084624724644545
7609,125923,0,,,,,,,0.01809922257953711,0.01809922257953711
7609,125923,1,,,,,,,0.004524025102250806,0.004524025102250806
7609,125923,2,,,,,,,0.01809922257953711,0.01809922257953711
7609,125923,3,,,,,,,0.013575197477286305,0.013575197477286305
7609,125923,4,,,,,,,0.004524025102250806,0.004524025102250806
7609,145878,0,,,,,,,0.005126843416806248,0.005126843416806248
7609,145878,1,,,,,,,0.010256604786609946,0.010256604786609946
7609,145878,2,,,,,,,0.005126843416806248,0.005126843416806248
7609,145878,3,,,,,,,0.0,0.0
7609,145878,4,,,,,,,0.015383448203416195,0.015383448203416195
5527,146064,0,5,44785,1000,0.0,1,0.856,0.0,0.0
5527,146064,0,6,44784,1088,0.0,1,0.3293,0.0,0.0
5527,146064,0,7,44783,1050,0.0,1,0.0211,0.0,0.0
5527,146064,0,8,44782,1067,0.0382,0,0.832,0.0,0.0
5527,146064,0,9,44781,1086,0.0,1,0.7611,0.0,0.0
5527,146064,0,10,44780,1281,0.00255,1,0.8587,0.0,0.0
5527,146064,0,11,44779,1248,0.00155,1,0.4533,0.0,0.0
5527,146064,0,12,44778,1293,0.00346,1,1.0,0.0,0.0
5527,146064,0,13,44777,1430,0.02516,0,1.0,0.0,0.0
5527,146064,0,14,44776,1398,0.00344,1,0.4533,0.0,0.0
5527,146064,0,15,44775,1386,0.0,1,0.4533,0.0,0.0
5527,146064,0,16,44774,1446,0.00422,1,1.0,0.0,0.0
5527,146064,0,17,44773,1424,0.01273,0,0.8295,0.0,0.0
5527,146064,0,18,44772,1323,0.01507,0,0.7606,0.0,0.0
5527,146064,0,19,44771,1489,0.00093,1,1.0,0.0,0.0
5527,146064,0,20,44770,1408,0.0,1,1.0,0.0,0.0
5527,146064,0,21,44769,1419,0.0,1,1.0,0.0,0.0
5527,146064,0,22,44768,1381,0.00071,1,1.0,0.0,0.0
5527,146064,0,23,44767,1488,0.0,1,0.8083,0.0,0.0
5527,146064,0,24,44766,1502,0.10695,0,1.0,0.0,0.0
5527,146064,1,5,44785,1000,0.0,1,0.8081,0.0,0.0
5527,146064,1,6,44784,1000,0.0,1,0.7409,0.0,0.0
5527,146064,1,7,44783,1000,0.0,1,1.0,0.0,0.0
5527,146064,1,8,44782,1000,0.0,1,0.8649,0.0,0.0
5527,146064,1,9,44781,1017,0.0,1,1.0,0.0,0.0
5527,146064,1,10,44780,1000,0.0,1,0.8332,0.0,0.0
5527,146064,1,11,44779,1079,0.0044,1,0.8321,0.0,0.0
5527,146064,1,12,44778,1000,0.02202,0,0.8175,0.0,0.0
5527,146064,1,13,44777,1016,0.0,1,1.0,0.0,0.0
5527,146064,1,14,44776,1010,0.06591,0,0.8246,0.0,0.0
5527,146064,1,15,44775,1052,0.0,1,1.0,0.0,0.0
5527,146064,1,16,44774,1000,0.01633,0,0.8619,0.0,0.0
5527,146064,1,17,44773,1162,0.0,1,0.8211,0.0,0.0
5527,146064,1,18,44772,1105,0.01982,0,0.089,0.0,0.0
5527,146064,1,19,44771,1224,0.0,1,0.8169,0.0,0.0
5527,146064,1,20,44770,1200,0.0,1,0.7695,0.0,0.0
5527,146064,1,21,44769,1272,0.0,1,0.8142,0.0,0.0
5527,146064,1,22,44768,1303,0.0,1,0.3342,0.0,0.0
5527,146064,1,23,44767,1413,0.08046,0,0.8155,0.0,0.0
5527,146064,1,24,44766,1277,0.18049,0,1.0,0.0,0.0
5527,146064,2,5,44785,1000,0.0,1,1.0,0.0,0.0
5527,146064,2,6,44784,1112,0.0,1,0.8561,0.0,0.0
5527,146064,2,7,44783,1111,0.0,1,0.7521,0.0,0.0
5527,146064,2,8,44782,1255,0.0,1,0.4533,0.0,0.0
5527,146064,2,9,44781,1242,0.0,1,1.0,0.0,0.0
5527,146064,2,10,44780,1311,0.0,1,1.0,0.0,0.0
5527,146064,2,11,44779,1274,0.01634,0,1.0,0.0,0.0
5527,146064,2,12,44778,1239,0.0,1,0.3931,0.0,0.0
5527,146064,2,13,44777,1299,0.00179,1,1.0,0.0,0.0
5527,146064,2,14,44776,1271,0.00503,1,1.0,0.0,0.0
5527,146064,2,15,44775,1269,9e-05,1,1.0,0.0,0.0
5527,146064,2,16,44774,1201,0.00138,1,1.0,0.0,0.0
5527,146064,2,17,44773,1286,0.0113,0,1.0,0.0,0.0
5527,146064,2,18,44772,1275,0.00063,1,0.862,0.0,0.0
5527,146064,2,19,44771,1300,0.00777,1,1.0,0.0,0.0
5527,146064,2,20,44770,1285,0.01117,0,0.7411,0.0,0.0
5527,146064,2,21,44769,1487,0.02442,0,1.0,0.0,0.0
5527,146064,2,22,44768,1357,0.0004,1,0.8247,0.0,0.0
5527,146064,2,23,44767,1637,0.0,1,0.7411,0.0,0.0
5527,146064,2,24,44766,1565,0.02932,0,0.8083,0.0,0.0
5527,146064,4,5,44785,1000,0.0,1,0.4533,0.0,0.0
5527,146064,4,6,44784,1029,0.0,1,1.0,0.0,0.0
5527,146064,4,7,44783,1000,0.0,1,0.7409,0.0,0.0
5527,146064,4,8,44782,1167,0.0,1,1.0,0.0,0.0
5527,146064,4,9,44781,1182,0.0,1,1.0,0.0,0.0
5527,146064,4,10,44780,1219,0.0,1,1.0,0.0,0.0
5527,146064,4,11,44779,1124,0.0,1,1.0,0.0,0.0
5527,146064,4,12,44778,1170,0.0,1,0.7578,0.0,0.0
5527,146064,4,13,44777,1269,0.0,1,0.763,0.0,0.0
5527,146064,4,14,44776,1364,0.0,1,1.0,0.0,0.0
5527,146064,4,15,44775,1319,0.0,1,1.0,0.0,0.0
5527,146064,4,16,44774,1278,0.01413,0,1.0,0.0,0.0
5527,146064,4,17,44773,1335,0.0,1,0.865,0.0,0.0
5527,146064,4,18,44772,1330,0.0,1,1.0,0.0,0.0
5527,146064,4,19,44771,1373,0.0,1,1.0,0.0,0.0
5527,146064,4,20,44770,1321,0.0232,0,0.8277,0.0,0.0
5527,146064,4,21,44769,1320,0.0,1,0.8703,0.0,0.0
5527,146064,4,22,44768,1347,0.0,1,1.0,0.0,0.0
5527,146064,4,23,44767,1312,0.00362,1,1.0,0.0,0.0
5527,146064,4,24,44766,1276,0.0,1,0.8393,0.0,0.0
5527,146064,3,5,44785,1000,0.0,1,0.3532,0.0,0.0
5527,146064,3,6,44784,1040,0.0,1,1.0,0.0,0.0
5527,146064,3,7,44783,1075,0.0,1,0.3775,0.0,0.0
5527,146064,3,8,44782,1097,0.0,1,0.7587,0.0,0.0
5527,146064,3,9,44781,1292,0.0,1,1.0,0.0,0.0
5527,146064,3,10,44780,1223,0.0014,1,0.839,0.0,0.0
5527,146064,3,11,44779,1185,0.05188,0,0.4533,0.0,0.0
5527,146064,3,12,44778,1599,0.04429,0,0.8353,0.0,0.0
5527,146064,3,13,44777,1531,0.04172,0,0.8321,0.0,0.0
5527,146064,3,14,44776,1502,0.08496,0,1.0,0.0,0.0
5527,146064,3,15,44775,1249,0.04327,0,0.4533,0.0,0.0
5527,146064,3,16,44774,1392,0.0,1,1.0,0.0,0.0
5527,146064,3,17,44773,1308,0.02291,0,0.7809,0.0,0.0
5527,146064,3,18,44772,1444,0.0,1,1.0,0.0,0.0
5527,146064,3,19,44771,1460,0.1033,0,1.0,0.0,0.0
5527,146064,3,20,44770,1373,0.09457,0,1.0,0.0,0.0
5527,146064,3,21,44769,1427,0.0,1,1.0,0.0,0.0
5527,146064,3,22,44768,1297,0.0,1,1.0,0.0,0.0
5527,146064,3,23,44767,1538,0.07288,0,1.0,0.0,0.0
5527,146064,3,24,44766,1592,0.05165,0,0.8231,0.0,0.0
5527,146065,0,5,55622,1000,0.0,1,0.0771,0.344262173945171,0.344262173945171
5527,146065,0,6,55621,1183,0.0,1,0.9665,0.344262173945171,0.344262173945171
5527,146065,0,7,55620,1061,0.00037,1,0.9665,0.344262173945171,0.344262173945171
5527,146065,0,8,55619,1318,0.0,1,0.9665,0.344262173945171,0.344262173945171
5527,146065,0,9,55618,1170,0.0733,0,0.8216,0.344262173945171,0.344262173945171
5527,146065,0,10,55617,1372,0.0,1,0.821,0.344262173945171,0.344262173945171
5527,146065,0,11,55616,1414,0.02469,0,0.7852,0.344262173945171,0.344262173945171
5527,146065,0,12,55615,1634,0.00705,1,0.9665,0.344262173945171,0.344262173945171
5527,146065,0,13,55614,1503,0.0,1,0.8211,0.344262173945171,0.344262173945171
5527,146065,0,14,55613,1519,0.0,1,0.9665,0.344262173945171,0.344262173945171
5527,146065,0,15,55612,3077,0.0,1,0.8083,0.344262173945171,0.344262173945171
5527,146065,0,16,55611,3396,0.007,1,0.104,0.344262173945171,0.344262173945171
5527,146065,0,17,55610,1979,0.03331,0,0.9665,0.344262173945171,0.344262173945171
5527,146065,0,18,55609,2398,0.05562,0,0.8211,0.344262173945171,0.344262173945171
5527,146065,0,19,55608,2438,0.13291,0,0.8162,0.344262173945171,0.344262173945171
5527,146065,0,20,55607,2052,0.00094,1,0.9665,0.344262173945171,0.344262173945171
5527,146065,0,21,55606,2314,0.13352,0,0.8168,0.344262173945171,0.344262173945171
5527,146065,0,22,55605,2302,0.00897,1,0.0305,0.344262173945171,0.344262173945171
5527,146065,0,23,55604,1939,0.0,1,0.9665,0.344262173945171,0.344262173945171
5527,146065,0,24,55603,1780,0.03356,0,0.9665,0.344262173945171,0.344262173945171
5527,146065,3,5,55622,1000,0.0,1,0.7851,0.0,0.8442621739451712
5527,146065,3,6,55621,1000,0.0,1,0.9665,0.0,0.8442621739451712
5527,146065,3,7,55620,1000,0.0,1,0.9665,0.0,0.8442621739451712
5527,146065,3,8,55619,1000,0.0,1,1.0,0.0,0.8442621739451712
5527,146065,3,9,55618,1000,0.0,1,1.0,0.0,0.8442621739451712
5527,146065,3,10,55617,1000,0.0,1,0.104,0.0,0.8442621739451712
5527,146065,3,11,55616,1000,0.04598,0,1.0,0.0,0.8442621739451712
5527,146065,3,12,55615,1000,0.0,1,0.0935,0.0,0.8442621739451712
5527,146065,3,13,55614,1000,0.0,1,0.0992,0.0,0.8442621739451712
5527,146065,3,14,55613,1000,0.10532,0,0.7852,0.0,0.8442621739451712
5527,146065,3,15,55612,1000,0.01131,0,0.9709,0.0,0.8442621739451712
5527,146065,3,16,55611,1000,0.1761,0,0.0771,0.0,0.8442621739451712
5527,146065,3,17,55610,1000,0.00319,1,1.0,0.0,0.8442621739451712
5527,146065,3,18,55609,1000,0.0019,1,0.9799,0.0,0.8442621739451712
5527,146065,3,19,55608,1000,0.0,1,0.0646,0.0,0.8442621739451712
5527,146065,3,20,55607,1000,0.01738,0,0.9796,0.0,0.8442621739451712
5527,146065,3,21,55606,1000,0.0,1,1.0,0.0,0.8442621739451712
5527,146065,3,22,55605,1000,0.00635,1,0.8147,0.0,0.8442621739451712
5527,146065,3,23,55604,1000,0.047,0,1.0,0.0,0.8442621739451712
5527,146065,3,24,55603,1000,0.02219,0,0.967,0.0,0.8442621739451712
5527,146065,1,5,55622,1000,0.0,1,0.7851,0.344262173945171,0.8442621739451712
5527,146065,1,6,55621,1084,0.0,1,0.7851,0.344262173945171,0.8442621739451712
5527,146065,1,7,55620,1196,0.0,1,0.7851,0.344262173945171,0.8442621739451712
5527,146065,1,8,55619,1196,0.12054,0,0.188,0.344262173945171,0.8442621739451712
5527,146065,1,9,55618,1308,0.0,1,0.1094,0.344262173945171,0.8442621739451712
5527,146065,1,10,55617,1314,0.05165,0,0.7851,0.344262173945171,0.8442621739451712
5527,146065,1,11,55616,1348,0.00175,1,0.7851,0.344262173945171,0.8442621739451712
5527,146065,1,12,55615,1521,0.0,1,0.2954,0.344262173945171,0.8442621739451712
5527,146065,1,13,55614,1564,0.0493,0,0.0771,0.344262173945171,0.8442621739451712
5527,146065,1,14,55613,1172,0.0,1,0.3579,0.344262173945171,0.8442621739451712
5527,146065,1,15,55612,1386,0.0,1,0.7851,0.344262173945171,0.8442621739451712
5527,146065,1,16,55611,1432,0.0,1,0.0646,0.344262173945171,0.8442621739451712
5527,146065,1,17,55610,1274,0.01254,0,0.1094,0.344262173945171,0.8442621739451712
5527,146065,1,18,55609,1414,0.00516,1,0.0646,0.344262173945171,0.8442621739451712
5527,146065,1,19,55608,1264,0.00048,1,0.8095,0.344262173945171,0.8442621739451712
5527,146065,1,20,55607,1000,0.0,1,0.7851,0.344262173945171,0.8442621739451712
5527,146065,1,21,55606,1000,0.0023,1,0.8131,0.344262173945171,0.8442621739451712
5527,146065,1,22,55605,1000,1e-05,1,0.9665,0.344262173945171,0.8442621739451712
5527,146065,1,23,55604,1000,0.00881,1,0.9665,0.344262173945171,0.8442621739451712
5527,146065,1,24,55603,1000,0.00095,1,0.9665,0.344262173945171,0.8442621739451712
5527,146065,2,5,55622,1000,0.0,1,0.0992,0.0,0.0
5527,146065,2,6,55621,1052,0.0,1,0.9766,0.0,0.0
5527,146065,2,7,55620,1000,0.0,1,0.123,0.0,0.0
5527,146065,2,8,55619,1000,0.0272,0,1.0,0.0,0.0
5527,146065,2,9,55618,1000,0.00249,1,1.0,0.0,0.0
5527,146065,2,10,55617,1000,0.0,1,1.0,0.0,0.0
5527,146065,2,11,55616,1000,0.0,1,1.0,0.0,0.0
5527,146065,2,12,55615,1000,0.00334,1,1.0,0.0,0.0
5527,146065,2,13,55614,1047,0.00606,1,1.0,0.0,0.0
5527,146065,2,14,55613,1398,0.0,1,1.0,0.0,0.0
5527,146065,2,15,55612,1234,0.0,1,0.7852,0.0,0.0
5527,146065,2,16,55611,1484,0.0,1,0.7919,0.0,0.0
5527,146065,2,17,55610,1594,0.0,1,0.8171,0.0,0.0
5527,146065,2,18,55609,1585,0.0,1,0.9739,0.0,0.0
5527,146065,2,19,55608,1658,0.0,1,1.0,0.0,0.0
5527,146065,2,20,55607,1512,0.04519,0,1.0,0.0,0.0
5527,146065,2,21,55606,1851,0.0,1,0.8064,0.0,0.0
5527,146065,2,22,55605,1881,0.0,1,1.0,0.0,0.0
5527,146065,2,23,55604,1741,0.00521,1,0.8107,0.0,0.0
5527,146065,2,24,55603,2291,0.04314,0,1.0,0.0,0.0
5527,146065,4,5,55622,1000,0.0,1,0.0771,0.0,0.0
5527,146065,4,6,55621,1000,0.0,1,0.9665,0.0,0.0
5527,146065,4,7,55620,1208,0.0,1,0.2954,0.0,0.0
5527,146065,4,8,55619,1362,0.0,1,0.0305,0.0,0.0
5527,146065,4,9,55618,1429,0.00156,1,1.0,0.0,0.0
5527,146065,4,10,55617,1445,0.00228,1,0.0022,0.0,0.0
5527,146065,4,11,55616,1444,0.0134,0,0.8288,0.0,0.0
5527,146065,4,12,55615,1439,0.0,1,1.0,0.0,0.0
5527,146065,4,13,55614,1593,0.00327,1,0.0991,0.0,0.0
5527,146065,4,14,55613,1484,0.00373,1,1.0,0.0,0.0
5527,146065,4,15,55612,1569,0.00845,1,1.0,0.0,0.0
5527,146065,4,16,55611,1550,0.01224,0,0.9691,0.0,0.0
5527,146065,4,17,55610,1982,0.01317,0,0.9761,0.0,0.0
5527,146065,4,18,55609,1896,0.07027,0,0.0534,0.0,0.0
5527,146065,4,19,55608,1881,0.07633,0,0.7977,0.0,0.0
5527,146065,4,20,55607,2139,0.01652,0,0.9675,0.0,0.0
5527,146065,4,21,55606,2167,0.03983,0,0.9706,0.0,0.0
5527,146065,4,22,55605,2805,0.0,1,0.7951,0.0,0.0
5527,146065,4,23,55604,2283,0.02709,0,0.9808,0.0,0.0
5527,146065,4,24,55603,2271,0.0181,0,0.9698,0.0,0.0
5527,9914,0,5,59350,1000,0.0,1,0.1182,0.003171756932269121,0.003171756932269121
5527,9914,0,6,59349,1000,0.0,1,0.2197,0.003171756932269121,0.003171756932269121
5527,9914,0,7,59348,1000,0.02511,0,0.8367,0.003171756932269121,0.003171756932269121
5527,9914,0,8,59347,1000,0.00037,1,0.4184,0.003171756932269121,0.003171756932269121
5527,9914,0,9,59346,1000,0.03098,0,0.3499,0.003171756932269121,0.003171756932269121
5527,9914,0,10,59345,1000,0.01585,0,0.989,0.003171756932269121,0.003171756932269121
5527,9914,0,11,59344,1000,0.0049,1,0.9312,0.003171756932269121,0.003171756932269121
5527,9914,0,12,59343,1006,0.0,1,0.9312,0.003171756932269121,0.003171756932269121
5527,9914,0,13,59342,1138,0.05606,0,0.9774,0.003171756932269121,0.003171756932269121
5527,9914,0,14,59341,1117,0.02803,0,0.9628,0.003171756932269121,0.003171756932269121
5527,9914,0,15,59340,1376,0.0,1,0.8617,0.003171756932269121,0.003171756932269121
5527,9914,0,16,59339,1313,0.0106,0,0.9774,0.003171756932269121,0.003171756932269121
5527,9914,0,17,59338,1331,0.02522,0,0.82,0.003171756932269121,0.003171756932269121
5527,9914,0,18,59337,1472,0.02334,0,0.9313,0.003171756932269121,0.003171756932269121
5527,9914,0,19,59336,1318,0.01747,0,0.9646,0.003171756932269121,0.003171756932269121
5527,9914,0,20,59335,1397,0.00955,1,0.9575,0.003171756932269121,0.003171756932269121
5527,9914,0,21,59334,1292,0.01135,0,0.9628,0.003171756932269121,0.003171756932269121
5527,9914,0,22,59333,1386,0.0042,1,0.989,0.003171756932269121,0.003171756932269121
5527,9914,0,23,59332,1548,0.00381,1,0.9774,0.003171756932269121,0.003171756932269121
5527,9914,0,24,59331,1493,0.01103,0,0.9098,0.003171756932269121,0.003171756932269121
5527,9914,1,5,59350,1000,0.0,1,0.8787,0.0025392478054083734,0.00444291605130076
5527,9914,1,6,59349,1000,0.0,1,0.7762,0.0025392478054083734,0.00444291605130076
5527,9914,1,7,59348,1077,0.0,1,0.3225,0.0025392478054083734,0.00444291605130076
5527,9914,1,8,59347,1243,0.0,1,0.8017,0.0025392478054083734,0.00444291605130076
5527,9914,1,9,59346,1274,0.0,1,0.8716,0.0025392478054083734,0.00444291605130076
5527,9914,1,10,59345,1193,0.0,1,0.9997,0.0025392478054083734,0.00444291605130076
5527,9914,1,11,59344,1169,0.0,1,0.7559,0.0025392478054083734,0.00444291605130076
5527,9914,1,12,59343,1141,0.0,1,0.9865,0.0025392478054083734,0.00444291605130076
5527,9914,1,13,59342,1312,0.002,1,0.989,0.0025392478054083734,0.00444291605130076
5527,9914,1,14,59341,1199,0.00226,1,0.8852,0.0025392478054083734,0.00444291605130076
5527,9914,1,15,59340,1245,0.00029,1,0.9997,0.0025392478054083734,0.00444291605130076
5527,9914,1,16,59339,1367,0.00185,1,0.9775,0.0025392478054083734,0.00444291605130076
5527,9914,1,17,59338,1266,0.00104,1,0.8534,0.0025392478054083734,0.00444291605130076
5527,9914,1,18,59337,1436,0.00429,1,0.9546,0.0025392478054083734,0.00444291605130076
5527,9914,1,19,59336,1387,0.02041,0,0.8981,0.0025392478054083734,0.00444291605130076
5527,9914,1,20,59335,1319,0.01781,0,0.9646,0.0025392478054083734,0.00444291605130076
5527,9914,1,21,59334,1499,0.00329,1,0.8834,0.0025392478054083734,0.00444291605130076
5527,9914,1,22,59333,1533,0.0,1,0.9228,0.0025392478054083734,0.00444291605130076
5527,9914,1,23,59332,1575,0.07257,0,0.989,0.0025392478054083734,0.00444291605130076
5527,9914,1,24,59331,1498,0.00669,1,0.9606,0.0025392478054083734,0.00444291605130076
5527,9914,3,5,59350,1000,0.0,1,0.8617,0.01015085035632346,0.001903668245892387
5527,9914,3,6,59349,1000,0.0,1,0.226,0.01015085035632346,0.001903668245892387
5527,9914,3,7,59348,1000,0.10296,0,0.7959,0.01015085035632346,0.001903668245892387
5527,9914,3,8,59347,1000,0.0,1,0.358,0.01015085035632346,0.001903668245892387
5527,9914,3,9,59346,1000,0.0,1,0.9312,0.01015085035632346,0.001903668245892387
5527,9914,3,10,59345,1000,0.00524,1,0.9545,0.01015085035632346,0.001903668245892387
5527,9914,3,11,59344,1000,0.00898,1,0.7831,0.01015085035632346,0.001903668245892387
5527,9914,3,12,59343,1000,0.01308,0,0.9227,0.01015085035632346,0.001903668245892387
5527,9914,3,13,59342,1000,0.01354,0,0.9096,0.01015085035632346,0.001903668245892387
5527,9914,3,14,59341,1000,0.02061,0,0.9448,0.01015085035632346,0.001903668245892387
5527,9914,3,15,59340,1000,0.0,1,0.8834,0.01015085035632346,0.001903668245892387
5527,9914,3,16,59339,1000,0.02645,0,0.9663,0.01015085035632346,0.001903668245892387
5527,9914,3,17,59338,1000,0.0353,0,0.7781,0.01015085035632346,0.001903668245892387
5527,9914,3,18,59337,1000,0.03442,0,0.7849,0.01015085035632346,0.001903668245892387
5527,9914,3,19,59336,1000,0.0512,0,0.7915,0.01015085035632346,0.001903668245892387
5527,9914,3,20,59335,1000,0.0,1,0.9097,0.01015085035632346,0.001903668245892387
5527,9914,3,21,59334,1000,0.0,1,0.9522,0.01015085035632346,0.001903668245892387
5527,9914,3,22,59333,1000,0.01084,0,0.9663,0.01015085035632346,0.001903668245892387
5527,9914,3,23,59332,1000,0.01424,0,0.9627,0.01015085035632346,0.001903668245892387
5527,9914,3,24,59331,1000,0.02116,0,0.8535,0.01015085035632346,0.001903668245892387
5527,9914,2,5,59350,1000,0.0,1,0.3442,0.0025392478054083734,0.01649743465351694
5527,9914,2,6,59349,1148,0.00133,1,0.8433,0.0025392478054083734,0.01649743465351694
5527,9914,2,7,59348,1104,0.0,1,0.8433,0.0025392478054083734,0.01649743465351694
5527,9914,2,8,59347,1063,0.01365,0,0.9096,0.0025392478054083734,0.01649743465351694
5527,9914,2,9,59346,1084,0.0,1,0.789,0.0025392478054083734,0.01649743465351694
5527,9914,2,10,59345,1196,0.01276,0,0.3542,0.0025392478054083734,0.01649743465351694
5527,9914,2,11,59344,1119,0.00106,1,0.9605,0.0025392478054083734,0.01649743465351694
5527,9914,2,12,59343,1156,0.0,1,0.984,0.0025392478054083734,0.01649743465351694
5527,9914,2,13,59342,1153,0.0,1,0.7194,0.0025392478054083734,0.01649743465351694
5527,9914,2,14,59341,1164,0.01569,0,0.8308,0.0025392478054083734,0.01649743465351694
5527,9914,2,15,59340,1220,0.01806,0,0.0949,0.0025392478054083734,0.01649743465351694
5527,9914,2,16,59339,1231,0.0,1,0.331,0.0025392478054083734,0.01649743465351694
5527,9914,2,17,59338,1333,0.04191,0,0.9865,0.0025392478054083734,0.01649743465351694
5527,9914,2,18,59337,1253,0.01165,0,0.9398,0.0025392478054083734,0.01649743465351694
5527,9914,2,19,59336,1221,0.0,1,0.9096,0.0025392478054083734,0.01649743465351694
5527,9914,2,20,59335,1315,0.03239,0,0.9954,0.0025392478054083734,0.01649743465351694
5527,9914,2,21,59334,1317,0.01301,0,0.9997,0.0025392478054083734,0.01649743465351694
5527,9914,2,22,59333,1269,0.11606,0,0.9605,0.0025392478054083734,0.01649743465351694
5527,9914,2,23,59332,1377,0.0634,0,0.8617,0.0025392478054083734,0.01649743465351694
5527,9914,2,24,59331,1393,0.00054,1,0.8981,0.0025392478054083734,0.01649743465351694
5527,9914,4,5,59350,1000,0.00133,1,0.8666,0.01015085035632346,0.003171756932269121
5527,9914,4,6,59349,1000,0.0,1,0.2114,0.01015085035632346,0.003171756932269121
5527,9914,4,7,59348,1089,0.0,1,0.8433,0.01015085035632346,0.003171756932269121
5527,9914,4,8,59347,1162,0.0,1,0.2109,0.01015085035632346,0.003171756932269121
5527,9914,4,9,59346,1000,0.0,1,0.8066,0.01015085035632346,0.003171756932269121
5527,9914,4,10,59345,1045,0.0,1,0.2059,0.01015085035632346,0.003171756932269121
5527,9914,4,11,59344,1000,0.00082,1,0.7613,0.01015085035632346,0.003171756932269121
5527,9914,4,12,59343,1008,0.0191,0,0.9312,0.01015085035632346,0.003171756932269121
5527,9914,4,13,59342,1063,0.00024,1,0.9036,0.01015085035632346,0.003171756932269121
5527,9914,4,14,59341,1103,0.0,1,0.9096,0.01015085035632346,0.003171756932269121
5527,9914,4,15,59340,1508,0.0,1,0.8534,0.01015085035632346,0.003171756932269121
5527,9914,4,16,59339,1258,0.00183,1,0.9158,0.01015085035632346,0.003171756932269121
5527,9914,4,17,59338,1348,0.0,1,0.9627,0.01015085035632346,0.003171756932269121
5527,9914,4,18,59337,1162,0.0,1,0.8534,0.01015085035632346,0.003171756932269121
5527,9914,4,19,59336,1728,0.0,1,0.0014,0.01015085035632346,0.003171756932269121
5527,9914,4,20,59335,1113,0.01533,0,0.8434,0.01015085035632346,0.003171756932269121
5527,9914,4,21,59334,1242,0.01031,0,0.8617,0.01015085035632346,0.003171756932269121
5527,9914,4,22,59333,1216,0.007,1,0.8534,0.01015085035632346,0.003171756932269121
5527,9914,4,23,59332,1043,0.19772,0,0.7283,0.01015085035632346,0.003171756932269121
5527,9914,4,24,59331,1442,0.0371,0,0.8981,0.01015085035632346,0.003171756932269121
5527,145804,0,5,59434,1000,0.0,1,1.0,0.0,0.0030125088369812314
5527,145804,0,6,59433,1000,0.0,1,0.1311,0.0,0.0030125088369812314
5527,145804,0,7,59432,1000,0.00182,1,1.0,0.0,0.0030125088369812314
5527,145804,0,8,59431,1000,0.0,1,0.1311,0.0,0.0030125088369812314
5527,145804,0,9,59430,1000,0.0,1,1.0,0.0,0.0030125088369812314
5527,145804,0,10,59429,1000,0.0,1,0.9182,0.0,0.0030125088369812314
5527,145804,0,11,59428,1000,0.01078,0,0.131,0.0,0.0030125088369812314
5527,145804,0,12,59427,1000,0.00034,1,0.1355,0.0,0.0030125088369812314
5527,145804,0,13,59426,1000,0.01178,0,0.8472,0.0,0.0030125088369812314
5527,145804,0,14,59425,1000,0.0,1,0.3503,0.0,0.0030125088369812314
5527,145804,0,15,59424,1000,0.05398,0,0.8391,0.0,0.0030125088369812314
5527,145804,0,16,59423,1000,0.14623,0,0.8291,0.0,0.0030125088369812314
5527,145804,0,17,59422,1000,0.04014,0,1.0,0.0,0.0030125088369812314
5527,145804,0,18,59421,1017,0.0542,0,0.8643,0.0,0.0030125088369812314
5527,145804,0,19,59420,1042,0.04647,0,0.5607,0.0,0.0030125088369812314
5527,145804,0,20,59419,1000,0.16885,0,0.4087,0.0,0.0030125088369812314
5527,145804,0,21,59418,1000,0.0,1,1.0,0.0,0.0030125088369812314
5527,145804,0,22,59417,1057,0.03548,0,0.8392,0.0,0.0030125088369812314
5527,145804,0,23,59416,1000,0.08038,0,0.2571,0.0,0.0030125088369812314
5527,145804,0,24,59415,1000,0.01041,0,0.3154,0.0,0.0030125088369812314
5527,145804,1,5,59434,1000,0.0,1,0.3526,0.0,0.0
5527,145804,1,6,59433,1000,0.0,1,0.829,0.0,0.0
5527,145804,1,7,59432,1000,0.0,1,1.0,0.0,0.0
5527,145804,1,8,59431,1000,0.0,1,1.0,0.0,0.0
5527,145804,1,9,59430,1016,0.0,1,0.9182,0.0,0.0
5527,145804,1,10,59429,1009,0.0,1,0.9182,0.0,0.0
5527,145804,1,11,59428,1000,0.0292,0,0.1317,0.0,0.0
5527,145804,1,12,59427,1060,0.01583,0,0.9182,0.0,0.0
5527,145804,1,13,59426,1093,0.02417,0,1.0,0.0,0.0
5527,145804,1,14,59425,1125,0.01174,0,0.8594,0.0,0.0
5527,145804,1,15,59424,1192,0.02144,0,0.3202,0.0,0.0
5527,145804,1,16,59423,1323,0.00925,1,0.8391,0.0,0.0
5527,145804,1,17,59422,1190,7e-05,1,0.5608,0.0,0.0
5527,145804,1,18,59421,1218,0.0005,1,0.9182,0.0,0.0
5527,145804,1,19,59420,1273,0.01803,0,0.4098,0.0,0.0
5527,145804,1,20,59419,1361,0.04621,0,0.1356,0.0,0.0
5527,145804,1,21,59418,1629,0.00981,1,0.4139,0.0,0.0
5527,145804,1,22,59417,1622,0.0,1,0.8291,0.0,0.0
5527,145804,1,23,59416,1545,0.00052,1,0.2014,0.0,0.0
5527,145804,1,24,59415,1556,0.00138,1,0.2391,0.0,0.0
5527,145804,2,5,59434,1000,0.0,1,0.1311,0.0,0.0
5527,145804,2,6,59433,1000,0.0,1,1.0,0.0,0.0
5527,145804,2,7,59432,1101,0.0,1,0.829,0.0,0.0
5527,145804,2,8,59431,1121,0.0232,0,1.0,0.0,0.0
5527,145804,2,9,59430,1140,0.0,1,0.9182,0.0,0.0
5527,145804,2,10,59429,1202,0.0,1,0.9182,0.0,0.0
5527,145804,2,11,59428,1180,0.00285,1,1.0,0.0,0.0
5527,145804,2,12,59427,1341,0.0052,1,0.8472,0.0,0.0
5527,145804,2,13,59426,1292,0.0226,0,0.1365,0.0,0.0
5527,145804,2,14,59425,1233,0.00845,1,0.5462,0.0,0.0
5527,145804,2,15,59424,1281,0.0077,1,0.3171,0.0,0.0
5527,145804,2,16,59423,1355,0.00129,1,0.8391,0.0,0.0
5527,145804,2,17,59422,1482,0.00126,1,0.3584,0.0,0.0
5527,145804,2,18,59421,1509,0.0,1,0.3041,0.0,0.0
5527,145804,2,19,59420,1691,0.00172,1,0.9182,0.0,0.0
5527,145804,2,20,59419,1580,0.0,1,0.9182,0.0,0.0
5527,145804,2,21,59418,1677,0.00018,1,0.9182,0.0,0.0
5527,145804,2,22,59417,1625,0.00029,1,0.9182,0.0,0.0
5527,145804,2,23,59416,1784,0.00017,1,0.8392,0.0,0.0
5527,145804,2,24,59415,2223,0.02369,0,0.31,0.0,0.0
5527,145804,3,5,59434,1000,0.0,1,1.0,0.0,0.0
5527,145804,3,6,59433,1066,0.0,1,0.1311,0.0,0.0
5527,145804,3,7,59432,1088,0.00283,1,1.0,0.0,0.0
5527,145804,3,8,59431,1098,0.0,1,0.9182,0.0,0.0
5527,145804,3,9,59430,1140,0.00408,1,0.9182,0.0,0.0
5527,145804,3,10,59429,1065,0.00103,1,0.9182,0.0,0.0
5527,145804,3,11,59428,1146,0.0,1,1.0,0.0,0.0
5527,145804,3,12,59427,1169,0.02543,0,0.1311,0.0,0.0
5527,145804,3,13,59426,1224,0.01,0,0.8472,0.0,0.0
5527,145804,3,14,59425,1247,0.06639,0,0.8391,0.0,0.0
5527,145804,3,15,59424,1296,0.06434,0,0.5547,0.0,0.0
5527,145804,3,16,59423,1345,0.01335,0,0.1356,0.0,0.0
5527,145804,3,17,59422,1326,0.0,1,0.3984,0.0,0.0
5527,145804,3,18,59421,1377,0.0,1,0.3283,0.0,0.0
5527,145804,3,19,59420,1409,0.00044,1,0.8789,0.0,0.0
5527,145804,3,20,59419,1477,0.02607,0,0.9182,0.0,0.0
5527,145804,3,21,59418,1526,0.0,1,0.2618,0.0,0.0
5527,145804,3,22,59417,1635,0.0137,0,0.2274,0.0,0.0
5527,145804,3,23,59416,1650,0.02478,0,0.2541,0.0,0.0
5527,145804,3,24,59415,1510,9e-05,1,0.9182,0.0,0.0
5527,145804,4,5,59434,1000,0.0,1,1.0,0.0,0.0
5527,145804,4,6,59433,1118,0.0,1,0.9182,0.0,0.0
5527,145804,4,7,59432,1020,0.0,1,1.0,0.0,0.0
5527,145804,4,8,59431,1148,0.0,1,1.0,0.0,0.0
5527,145804,4,9,59430,1188,0.0,1,0.8291,0.0,0.0
5527,145804,4,10,59429,1394,0.0,1,0.8291,0.0,0.0
5527,145804,4,11,59428,1421,0.0,1,0.9182,0.0,0.0
5527,145804,4,12,59427,1491,0.00318,1,0.1311,0.0,0.0
5527,145804,4,13,59426,1675,0.00533,1,0.3503,0.0,0.0
5527,145804,4,14,59425,2176,0.0,1,1.0,0.0,0.0
5527,145804,4,15,59424,2532,8e-05,1,0.8551,0.0,0.0
5527,145804,4,16,59423,2285,0.12211,0,0.8391,0.0,0.0
5527,145804,4,17,59422,2596,0.04067,0,0.8391,0.0,0.0
5527,145804,4,18,59421,2517,0.0,1,0.131,0.0,0.0
5527,145804,4,19,59420,2987,0.01997,0,0.5547,0.0,0.0
5527,145804,4,20,59419,3119,0.06837,0,0.4134,0.0,0.0
5527,145804,4,21,59418,2429,0.10358,0,0.9182,0.0,0.0
5527,145804,4,22,59417,2656,0.04083,0,0.5478,0.0,0.0
5527,145804,4,23,59416,2773,0.0,1,0.351,0.0,0.0
5527,145804,4,24,59415,1870,0.00256,1,0.3422,0.0,0.0
5527,31,1,5,60569,1000,0.00903,1,0.5493,0.17808219178082196,0.17808219178082196
5527,31,1,6,60568,1091,0.02566,0,0.0404,0.17808219178082196,0.17808219178082196
5527,31,1,7,60567,1000,0.0,1,0.771,0.17808219178082196,0.17808219178082196
5527,31,1,8,60566,1072,0.00455,1,0.9697,0.17808219178082196,0.17808219178082196
5527,31,1,9,60565,1042,0.00713,1,0.1549,0.17808219178082196,0.17808219178082196
5527,31,1,10,60564,1018,0.02029,0,0.8543,0.17808219178082196,0.17808219178082196
5527,31,1,11,60563,1191,0.03605,0,0.9049,0.17808219178082196,0.17808219178082196
5527,31,1,12,60562,1092,0.02432,0,0.2434,0.17808219178082196,0.17808219178082196
5527,31,1,13,60561,1165,0.0022,1,0.4999,0.17808219178082196,0.17808219178082196
5527,31,1,14,60560,1458,0.01854,0,0.9697,0.17808219178082196,0.17808219178082196
5527,31,1,15,60559,1325,0.00428,1,0.961,0.17808219178082196,0.17808219178082196
5527,31,1,16,60558,1390,0.00446,1,0.9201,0.17808219178082196,0.17808219178082196
5527,31,1,17,60557,1364,0.04893,0,0.905,0.17808219178082196,0.17808219178082196
5527,31,1,18,60556,1335,0.01773,0,0.38,0.17808219178082196,0.17808219178082196
5527,31,1,19,60555,1294,0.04154,0,0.8543,0.17808219178082196,0.17808219178082196
5527,31,1,20,60554,1308,0.0,1,0.7091,0.17808219178082196,0.17808219178082196
5527,31,1,21,60553,1428,0.00384,1,0.9478,0.17808219178082196,0.17808219178082196
5527,31,1,22,60552,1483,0.01915,0,0.905,0.17808219178082196,0.17808219178082196
5527,31,1,23,60551,1524,0.0013,1,0.905,0.17808219178082196,0.17808219178082196
5527,31,1,24,60550,1463,0.02155,0,0.934,0.17808219178082196,0.17808219178082196
5527,31,0,5,60569,1000,0.0,1,0.5831,0.1643835616438356,0.1917808219178082
5527,31,0,6,60568,1140,0.0,1,0.3739,0.1643835616438356,0.1917808219178082
5527,31,0,7,60567,1280,0.00474,1,0.5637,0.1643835616438356,0.1917808219178082
5527,31,0,8,60566,1201,0.0,1,0.8542,0.1643835616438356,0.1917808219178082
5527,31,0,9,60565,1104,0.0,1,0.8542,0.1643835616438356,0.1917808219178082
5527,31,0,10,60564,1148,0.0,1,0.6138,0.1643835616438356,0.1917808219178082
5527,31,0,11,60563,1255,0.04844,0,0.4221,0.1643835616438356,0.1917808219178082
5527,31,0,12,60562,1342,0.02316,0,0.5322,0.1643835616438356,0.1917808219178082
5527,31,0,13,60561,1343,0.03243,0,0.9478,0.1643835616438356,0.1917808219178082
5527,31,0,14,60560,1407,0.0,1,0.9609,0.1643835616438356,0.1917808219178082
5527,31,0,15,60559,1330,0.0,1,0.6138,0.1643835616438356,0.1917808219178082
5527,31,0,16,60558,1329,0.01163,0,0.4593,0.1643835616438356,0.1917808219178082
5527,31,0,17,60557,1479,0.0,1,0.9801,0.1643835616438356,0.1917808219178082
5527,31,0,18,60556,1471,0.03125,0,0.6138,0.1643835616438356,0.1917808219178082
5527,31,0,19,60555,1501,0.0,1,0.9697,0.1643835616438356,0.1917808219178082
5527,31,0,20,60554,1471,0.0,1,0.934,0.1643835616438356,0.1917808219178082
5527,31,0,21,60553,1535,0.0,1,0.9201,0.1643835616438356,0.1917808219178082
5527,31,0,22,60552,1406,0.0,1,0.9697,0.1643835616438356,0.1917808219178082
5527,31,0,23,60551,1438,0.0,1,0.6138,0.1643835616438356,0.1917808219178082
5527,31,0,24,60550,1669,0.00073,1,0.9201,0.1643835616438356,0.1917808219178082
5527,31,2,5,60569,1000,0.02857,0,0.427,0.15068493150684936,0.1917808219178082
5527,31,2,6,60568,1120,0.00125,1,0.6658,0.15068493150684936,0.1917808219178082
5527,31,2,7,60567,1118,0.0,1,0.5127,0.15068493150684936,0.1917808219178082
5527,31,2,8,60566,1249,0.03266,0,0.709,0.15068493150684936,0.1917808219178082
5527,31,2,9,60565,1240,0.04218,0,0.6138,0.15068493150684936,0.1917808219178082
5527,31,2,10,60564,1207,0.0,1,0.8542,0.15068493150684936,0.1917808219178082
5527,31,2,11,60563,1233,0.0,1,0.427,0.15068493150684936,0.1917808219178082
5527,31,2,12,60562,1432,0.00632,1,0.155,0.15068493150684936,0.1917808219178082
5527,31,2,13,60561,1434,0.0,1,0.879,0.15068493150684936,0.1917808219178082
5527,31,2,14,60560,1671,0.00322,1,0.8542,0.15068493150684936,0.1917808219178082
5527,31,2,15,60559,1621,0.0,1,0.3593,0.15068493150684936,0.1917808219178082
5527,31,2,16,60558,1489,0.00371,1,0.9201,0.15068493150684936,0.1917808219178082
5527,31,2,17,60557,1531,0.05867,0,0.9697,0.15068493150684936,0.1917808219178082
5527,31,2,18,60556,1533,0.08974,0,0.8039,0.15068493150684936,0.1917808219178082
5527,31,2,19,60555,1514,0.08339,0,0.771,0.15068493150684936,0.1917808219178082
5527,31,2,20,60554,1583,0.04231,0,0.5322,0.15068493150684936,0.1917808219178082
5527,31,2,21,60553,1672,0.0,1,0.961,0.15068493150684936,0.1917808219178082
5527,31,2,22,60552,1619,0.0114,0,0.9891,0.15068493150684936,0.1917808219178082
5527,31,2,23,60551,1596,0.07301,0,0.961,0.15068493150684936,0.1917808219178082
5527,31,2,24,60550,1685,0.03232,0,0.6659,0.15068493150684936,0.1917808219178082
5527,31,3,5,60569,1000,0.0,1,0.5493,0.1095890410958904,0.15068493150684936
5527,31,3,6,60568,1142,0.00125,1,0.9951,0.1095890410958904,0.15068493150684936
5527,31,3,7,60567,1000,0.0,1,0.6138,0.1095890410958904,0.15068493150684936
5527,31,3,8,60566,1080,0.00157,1,0.2433,0.1095890410958904,0.15068493150684936
5527,31,3,9,60565,1206,0.0,1,0.771,0.1095890410958904,0.15068493150684936
5527,31,3,10,60564,1381,0.0,1,0.4999,0.1095890410958904,0.15068493150684936
5527,31,3,11,60563,1297,0.00048,1,0.4999,0.1095890410958904,0.15068493150684936
5527,31,3,12,60562,1642,0.00493,1,0.4999,0.1095890410958904,0.15068493150684936
5527,31,3,13,60561,1597,0.00107,1,0.9969,0.1095890410958904,0.15068493150684936
5527,31,3,14,60560,1615,8e-05,1,0.9697,0.1095890410958904,0.15068493150684936
5527,31,3,15,60559,1642,0.02138,0,0.9801,0.1095890410958904,0.15068493150684936
5527,31,3,16,60558,1524,0.00373,1,0.2364,0.1095890410958904,0.15068493150684936
5527,31,3,17,60557,1139,0.0,1,0.427,0.1095890410958904,0.15068493150684936
5527,31,3,18,60556,1256,0.02342,0,0.8543,0.1095890410958904,0.15068493150684936
5527,31,3,19,60555,1302,0.01899,0,0.961,0.1095890410958904,0.15068493150684936
5527,31,3,20,60554,1322,0.01249,0,0.961,0.1095890410958904,0.15068493150684936
5527,31,3,21,60553,1310,0.00282,1,0.6138,0.1095890410958904,0.15068493150684936
5527,31,3,22,60552,1288,0.0412,0,0.6138,0.1095890410958904,0.15068493150684936
5527,31,3,23,60551,1458,0.02155,0,0.4885,0.1095890410958904,0.15068493150684936
5527,31,3,24,60550,1394,0.00959,1,0.9969,0.1095890410958904,0.15068493150684936
5527,31,4,5,60569,1000,0.0,1,0.155,0.12328767123287676,0.06849315068493156
5527,31,4,6,60568,1000,0.0,1,0.1378,0.12328767123287676,0.06849315068493156
5527,31,4,7,60567,1000,0.0041,1,0.6658,0.12328767123287676,0.06849315068493156
5527,31,4,8,60566,1000,0.02311,0,0.8791,0.12328767123287676,0.06849315068493156
5527,31,4,9,60565,1000,0.05065,0,0.4177,0.12328767123287676,0.06849315068493156
5527,31,4,10,60564,1000,0.04058,0,0.8543,0.12328767123287676,0.06849315068493156
5527,31,4,11,60563,1000,0.02038,0,0.7091,0.12328767123287676,0.06849315068493156
5527,31,4,12,60562,1000,0.06479,0,0.9697,0.12328767123287676,0.06849315068493156
5527,31,4,13,60561,1000,0.00255,1,0.8791,0.12328767123287676,0.06849315068493156
5527,31,4,14,60560,1000,0.0443,0,0.4346,0.12328767123287676,0.06849315068493156
5527,31,4,15,60559,1011,0.0308,0,0.5128,0.12328767123287676,0.06849315068493156
5527,31,4,16,60558,1000,0.0,1,0.6658,0.12328767123287676,0.06849315068493156
5527,31,4,17,60557,1000,0.00035,1,0.8039,0.12328767123287676,0.06849315068493156
5527,31,4,18,60556,1035,0.0274,0,0.6658,0.12328767123287676,0.06849315068493156
5527,31,4,19,60555,1069,0.04439,0,0.961,0.12328767123287676,0.06849315068493156
5527,31,4,20,60554,1113,0.05188,0,0.6139,0.12328767123287676,0.06849315068493156
5527,31,4,21,60553,1060,0.11538,0,0.7091,0.12328767123287676,0.06849315068493156
5527,31,4,22,60552,1055,0.07385,0,0.9697,0.12328767123287676,0.06849315068493156
5527,31,4,23,60551,1055,0.13318,0,0.8543,0.12328767123287676,0.06849315068493156
5527,31,4,24,60550,1053,0.04126,0,0.961,0.12328767123287676,0.06849315068493156
5527,10101,0,5,74526,1000,0.0,1,0.599,0.22222617987533377,0.2381003265063819
5527,10101,0,6,74525,1128,0.0,1,0.4309,0.22222617987533377,0.2381003265063819
5527,10101,0,7,74524,1159,0.0,1,0.7776,0.22222617987533377,0.2381003265063819
5527,10101,0,8,74523,1000,0.0,1,0.599,0.22222617987533377,0.2381003265063819
5527,10101,0,9,74522,1031,0.0,1,0.599,0.22222617987533377,0.2381003265063819
5527,10101,0,10,74521,1035,0.0,1,0.431,0.22222617987533377,0.2381003265063819
5527,10101,0,11,74520,1000,0.0,1,0.66,0.22222617987533377,0.2381003265063819
5527,10101,0,12,74519,1083,0.01325,0,0.7499,0.22222617987533377,0.2381003265063819
5527,10101,0,13,74518,1090,0.13899,0,0.8232,0.22222617987533377,0.2381003265063819
5527,10101,0,14,74517,1000,0.0,1,0.599,0.22222617987533377,0.2381003265063819
5527,10101,0,15,74516,1118,0.02792,0,0.431,0.22222617987533377,0.2381003265063819
5527,10101,0,16,74515,1067,0.10731,0,0.0947,0.22222617987533377,0.2381003265063819
5527,10101,0,17,74514,1019,0.03623,0,0.0947,0.22222617987533377,0.2381003265063819
5527,10101,0,18,74513,1080,0.25502,0,0.7776,0.22222617987533377,0.2381003265063819
5527,10101,0,19,74512,1099,0.38682,0,0.431,0.22222617987533377,0.2381003265063819
5527,10101,0,20,74511,1048,0.27627,0,0.9397,0.22222617987533377,0.2381003265063819
5527,10101,0,21,74510,1000,0.36941,0,0.8674,0.22222617987533377,0.2381003265063819
5527,10101,0,22,74509,1000,0.12411,0,0.66,0.22222617987533377,0.2381003265063819
5527,10101,0,23,74508,1000,0.03269,0,0.431,0.22222617987533377,0.2381003265063819
5527,10101,0,24,74507,1000,0.04034,0,0.9397,0.22222617987533377,0.2381003265063819
5527,10101,1,5,74526,1000,0.0,1,0.599,0.2381003265063819,0.25397447313743016
5527,10101,1,6,74525,1008,0.0,1,0.431,0.2381003265063819,0.25397447313743016
5527,10101,1,7,74524,1101,0.0,1,0.599,0.2381003265063819,0.25397447313743016
5527,10101,1,8,74523,1099,0.0,1,0.0947,0.2381003265063819,0.25397447313743016
5527,10101,1,9,74522,1004,0.0,1,0.599,0.2381003265063819,0.25397447313743016
5527,10101,1,10,74521,1041,0.0851,0,0.599,0.2381003265063819,0.25397447313743016
5527,10101,1,11,74520,1118,0.10655,0,0.8232,0.2381003265063819,0.25397447313743016
5527,10101,1,12,74519,1000,0.0,1,0.7776,0.2381003265063819,0.25397447313743016
5527,10101,1,13,74518,1000,0.08569,0,0.9102,0.2381003265063819,0.25397447313743016
5527,10101,1,14,74517,1000,0.0125,0,0.8232,0.2381003265063819,0.25397447313743016
5527,10101,1,15,74516,1000,0.13983,0,0.7776,0.2381003265063819,0.25397447313743016
5527,10101,1,16,74515,1000,0.01234,0,0.8674,0.2381003265063819,0.25397447313743016
5527,10101,1,17,74514,1000,0.14329,0,0.6601,0.2381003265063819,0.25397447313743016
5527,10101,1,18,74513,1000,0.2058,0,0.8232,0.2381003265063819,0.25397447313743016
5527,10101,1,19,74512,1000,0.05559,0,0.8674,0.2381003265063819,0.25397447313743016
5527,10101,1,20,74511,1000,0.14238,0,0.8674,0.2381003265063819,0.25397447313743016
5527,10101,1,21,74510,1000,0.15345,0,0.9101,0.2381003265063819,0.25397447313743016
5527,10101,1,22,74509,1000,0.14205,0,0.8674,0.2381003265063819,0.25397447313743016
5527,10101,1,23,74508,1000,0.19689,0,0.0947,0.2381003265063819,0.25397447313743016
5527,10101,1,24,74507,1000,0.15531,0,0.019,0.2381003265063819,0.25397447313743016
5891,9889,0,5,2579,1000,0.0,1,0.216,0.0015186224292811357,0.0
5891,9889,0,6,2578,1000,0.0,1,0.3115,0.0015186224292811357,0.0
5891,9889,0,7,2577,1000,0.0,1,0.7808,0.0015186224292811357,0.0
5891,9889,0,8,2576,1000,0.0,1,0.7904,0.0015186224292811357,0.0
5891,9889,0,9,2575,1000,0.0226,0,0.8039,0.0015186224292811357,0.0
5891,9889,0,10,2574,1000,0.10361,0,0.9246,0.0015186224292811357,0.0
5891,9889,0,11,2573,1000,0.0,1,0.2437,0.0015186224292811357,0.0
5891,9889,0,12,2572,1000,0.0,1,0.9086,0.0015186224292811357,0.0
5891,9889,0,13,2571,1000,0.0,1,0.1007,0.0015186224292811357,0.0
5891,9889,0,14,2570,1000,0.0,1,0.9156,0.0015186224292811357,0.0
5891,9889,0,15,2569,1000,0.01922,0,0.9194,0.0015186224292811357,0.0
5891,9889,0,16,2568,1000,0.0,1,0.9023,0.0015186224292811357,0.0
5891,9889,0,17,2567,1000,0.13716,0,0.931,0.0015186224292811357,0.0
5891,9889,0,18,2566,1000,0.01671,0,0.3663,0.0015186224292811357,0.0
5891,9889,0,19,2565,1000,0.0,1,0.931,0.0015186224292811357,0.0
5891,9889,0,20,2564,1000,0.0,1,0.883,0.0015186224292811357,0.0
5891,9889,0,21,2563,1000,0.0,1,0.9891,0.0015186224292811357,0.0
5891,9889,0,22,2562,1000,0.00866,1,0.9758,0.0015186224292811357,0.0
5891,9889,0,23,2561,1000,0.0,1,0.9949,0.0015186224292811357,0.0
5891,9889,0,24,2560,1000,0.02219,0,0.993,0.0015186224292811357,0.0
5527,10101,3,5,74526,1000,0.0,1,0.5991,0.1269813000890473,0.2381003265063819
5527,10101,3,6,74525,1243,0.0,1,0.9102,0.1269813000890473,0.2381003265063819
5527,10101,3,7,74524,1000,0.0,1,0.8232,0.1269813000890473,0.2381003265063819
5527,10101,3,8,74523,1118,0.02918,0,0.5991,0.1269813000890473,0.2381003265063819
5527,10101,3,9,74522,1135,0.00806,1,0.8232,0.1269813000890473,0.2381003265063819
5527,10101,3,10,74521,1034,0.12077,0,0.8674,0.1269813000890473,0.2381003265063819
5527,10101,3,11,74520,1000,0.08144,0,0.5991,0.1269813000890473,0.2381003265063819
5527,10101,3,12,74519,1093,0.02683,0,0.9397,0.1269813000890473,0.2381003265063819
5527,10101,3,13,74518,1000,0.06151,0,0.2323,0.1269813000890473,0.2381003265063819
5527,10101,3,14,74517,1000,0.04678,0,0.8674,0.1269813000890473,0.2381003265063819
5527,10101,3,15,74516,1000,0.03752,0,0.9563,0.1269813000890473,0.2381003265063819
5527,10101,3,16,74515,1000,0.03252,0,0.5991,0.1269813000890473,0.2381003265063819
5527,10101,3,17,74514,1000,0.03908,0,0.9562,0.1269813000890473,0.2381003265063819
5527,10101,3,18,74513,1000,0.01274,0,0.8233,0.1269813000890473,0.2381003265063819
5527,10101,3,19,74512,1000,0.02197,0,0.9562,0.1269813000890473,0.2381003265063819
5527,10101,3,20,74511,1000,0.02989,0,0.7109,0.1269813000890473,0.2381003265063819
5527,10101,3,21,74510,1000,0.06,0,0.8233,0.1269813000890473,0.2381003265063819
5527,10101,3,22,74509,1000,0.03281,0,0.8675,0.1269813000890473,0.2381003265063819
5527,10101,3,23,74508,1056,0.06023,0,0.9914,0.1269813000890473,0.2381003265063819
5527,10101,3,24,74507,1000,0.00573,1,0.9563,0.1269813000890473,0.2381003265063819
5527,10101,2,5,74526,1000,0.0,1,0.8232,0.1746037399821906,0.22222617987533377
5527,10101,2,6,74525,1098,0.0,1,0.9102,0.1746037399821906,0.22222617987533377
5527,10101,2,7,74524,1057,0.0,1,0.4309,0.1746037399821906,0.22222617987533377
5527,10101,2,8,74523,1156,0.00949,1,0.5991,0.1746037399821906,0.22222617987533377
5527,10101,2,9,74522,1321,0.0,1,0.9397,0.1746037399821906,0.22222617987533377
5527,10101,2,10,74521,1233,0.0,1,0.431,0.1746037399821906,0.22222617987533377
5527,10101,2,11,74520,1236,0.0,1,0.9397,0.1746037399821906,0.22222617987533377
5527,10101,2,12,74519,1064,0.0,1,0.9397,0.1746037399821906,0.22222617987533377
5527,10101,2,13,74518,1131,0.02308,0,0.9397,0.1746037399821906,0.22222617987533377
5527,10101,2,14,74517,1094,0.0,1,0.9102,0.1746037399821906,0.22222617987533377
5527,10101,2,15,74516,1134,0.0,1,0.7777,0.1746037399821906,0.22222617987533377
5527,10101,2,16,74515,1212,0.0,1,0.9563,0.1746037399821906,0.22222617987533377
5527,10101,2,17,74514,1311,0.0,1,0.9397,0.1746037399821906,0.22222617987533377
5527,10101,2,18,74513,1145,0.0,1,0.7777,0.1746037399821906,0.22222617987533377
5527,10101,2,19,74512,1348,0.0,1,0.9397,0.1746037399821906,0.22222617987533377
5527,10101,2,20,74511,1188,0.0,1,0.9735,0.1746037399821906,0.22222617987533377
5527,10101,2,21,74510,1136,0.0,1,0.7777,0.1746037399821906,0.22222617987533377
5527,10101,2,22,74509,1104,0.0,1,0.431,0.1746037399821906,0.22222617987533377
5527,10101,2,23,74508,1051,0.0,1,0.9655,0.1746037399821906,0.22222617987533377
5527,10101,2,24,74507,1063,0.00122,1,0.8675,0.1746037399821906,0.22222617987533377
5891,9889,1,5,2579,1000,0.0,1,0.6828,0.06534856613361639,0.06534856613361639
5891,9889,1,6,2578,1000,0.0,1,0.6827,0.06534856613361639,0.06534856613361639
5891,9889,1,7,2577,1033,0.0,1,0.5173,0.06534856613361639,0.06534856613361639
5891,9889,1,8,2576,1147,0.0,1,0.5171,0.06534856613361639,0.06534856613361639
5891,9889,1,9,2575,1267,0.0,1,0.548,0.06534856613361639,0.06534856613361639
5891,9889,1,10,2574,1235,0.0531,0,0.5423,0.06534856613361639,0.06534856613361639
5891,9889,1,11,2573,1488,0.0,1,0.5558,0.06534856613361639,0.06534856613361639
5891,9889,1,12,2572,1474,0.0,1,0.5175,0.06534856613361639,0.06534856613361639
5891,9889,1,13,2571,1521,0.0,1,0.5173,0.06534856613361639,0.06534856613361639
5891,9889,1,14,2570,1419,0.0,1,0.716,0.06534856613361639,0.06534856613361639
5891,9889,1,15,2569,1646,0.00982,1,0.7158,0.06534856613361639,0.06534856613361639
5891,9889,1,16,2568,1420,0.0,1,0.5374,0.06534856613361639,0.06534856613361639
5891,9889,1,17,2567,1799,0.0,1,0.5699,0.06534856613361639,0.06534856613361639
5891,9889,1,18,2566,1565,0.0213,0,0.6352,0.06534856613361639,0.06534856613361639
5891,9889,1,19,2565,1414,0.0,1,0.2752,0.06534856613361639,0.06534856613361639
5891,9889,1,20,2564,2122,0.01812,0,0.6817,0.06534856613361639,0.06534856613361639
5891,9889,1,21,2563,1815,0.0,1,0.6352,0.06534856613361639,0.06534856613361639
5891,9889,1,22,2562,1829,0.0,1,0.5183,0.06534856613361639,0.06534856613361639
5891,9889,1,23,2561,1816,0.0,1,0.7075,0.06534856613361639,0.06534856613361639
5891,9889,1,24,2560,1968,0.0,1,0.6816,0.06534856613361639,0.06534856613361639
5891,9889,2,5,2579,1000,0.0,1,0.8891,0.004559544339729826,0.0030372448585621603
5891,9889,2,6,2578,1167,0.0,1,0.6843,0.004559544339729826,0.0030372448585621603
5891,9889,2,7,2577,1371,0.0,1,0.3392,0.004559544339729826,0.0030372448585621603
5891,9889,2,8,2576,1269,0.0,1,0.7741,0.004559544339729826,0.0030372448585621603
5891,9889,2,9,2575,1405,0.0121,0,0.9553,0.004559544339729826,0.0030372448585621603
5891,9889,2,10,2574,1423,0.0,1,0.8722,0.004559544339729826,0.0030372448585621603
5891,9889,2,11,2573,1424,0.0,1,0.5496,0.004559544339729826,0.0030372448585621603
5891,9889,2,12,2572,1655,0.0,1,0.9837,0.004559544339729826,0.0030372448585621603
5891,9889,2,13,2571,1603,0.0,1,0.9265,0.004559544339729826,0.0030372448585621603
5891,9889,2,14,2570,1731,0.0,1,0.9739,0.004559544339729826,0.0030372448585621603
5891,9889,2,15,2569,1869,0.0,1,0.9766,0.004559544339729826,0.0030372448585621603
5891,9889,2,16,2568,1642,0.0,1,0.9338,0.004559544339729826,0.0030372448585621603
5891,9889,2,17,2567,1771,0.0,1,0.8738,0.004559544339729826,0.0030372448585621603
5891,9889,2,18,2566,1745,0.0096,1,0.85,0.004559544339729826,0.0030372448585621603
5891,9889,2,19,2565,1829,0.0,1,0.9766,0.004559544339729826,0.0030372448585621603
5891,9889,2,20,2564,1960,0.0,1,0.9189,0.004559544339729826,0.0030372448585621603
5891,9889,2,21,2563,1848,0.02015,0,0.9567,0.004559544339729826,0.0030372448585621603
5891,9889,2,22,2562,1934,0.0,1,0.7986,0.004559544339729826,0.0030372448585621603
5891,9889,2,23,2561,1836,0.01015,0,0.868,0.004559544339729826,0.0030372448585621603
5891,9889,2,24,2560,1927,0.0,1,0.968,0.004559544339729826,0.0030372448585621603
5891,9889,3,5,2579,1000,0.0,1,0.9527,0.0007574726886968586,0.0015186224292811357
5891,9889,3,6,2578,1044,0.02389,0,0.9162,0.0007574726886968586,0.0015186224292811357
5891,9889,3,7,2577,1118,0.0,1,0.8945,0.0007574726886968586,0.0015186224292811357
5891,9889,3,8,2576,1538,0.0,1,0.88,0.0007574726886968586,0.0015186224292811357
5891,9889,3,9,2575,1252,0.0,1,0.932,0.0007574726886968586,0.0015186224292811357
5891,9889,3,10,2574,1555,0.0,1,0.8089,0.0007574726886968586,0.0015186224292811357
5891,9889,3,11,2573,1600,0.01584,0,0.0027,0.0007574726886968586,0.0015186224292811357
5891,9889,3,12,2572,1181,0.04376,0,0.3659,0.0007574726886968586,0.0015186224292811357
5891,9889,3,13,2571,1302,0.0,1,0.7837,0.0007574726886968586,0.0015186224292811357
5891,9889,3,14,2570,1423,0.0,1,0.7191,0.0007574726886968586,0.0015186224292811357
5891,9889,3,15,2569,1347,0.0,1,0.3457,0.0007574726886968586,0.0015186224292811357
5891,9889,3,16,2568,1198,0.0,1,0.2157,0.0007574726886968586,0.0015186224292811357
5891,9889,3,17,2567,1111,0.0,1,0.247,0.0007574726886968586,0.0015186224292811357
5891,9889,3,18,2566,1130,0.0,1,0.993,0.0007574726886968586,0.0015186224292811357
5891,9889,3,19,2565,1173,0.0,1,0.3653,0.0007574726886968586,0.0015186224292811357
5891,9889,3,20,2564,1210,0.0,1,0.9762,0.0007574726886968586,0.0015186224292811357
5891,9889,3,21,2563,1192,0.03798,0,0.9984,0.0007574726886968586,0.0015186224292811357
5891,9889,3,22,2562,1260,0.0,1,0.7287,0.0007574726886968586,0.0015186224292811357
5891,9889,3,23,2561,1315,0.0,1,0.8571,0.0007574726886968586,0.0015186224292811357
5891,9889,3,24,2560,1233,0.0,1,0.8406,0.0007574726886968586,0.0015186224292811357
5891,9889,4,5,2579,1000,0.0,1,0.6355,0.04027107226510063,0.018234500307033552
5891,9889,4,6,2578,1056,0.0,1,0.6827,0.04027107226510063,0.018234500307033552
5891,9889,4,7,2577,1024,0.0,1,0.6356,0.04027107226510063,0.018234500307033552
5891,9889,4,8,2576,1138,0.0,1,0.3261,0.04027107226510063,0.018234500307033552
5891,9889,4,9,2575,1330,0.0,1,0.3977,0.04027107226510063,0.018234500307033552
5891,9889,4,10,2574,1750,0.0,1,0.7082,0.04027107226510063,0.018234500307033552
5891,9889,4,11,2573,1415,0.0,1,0.7081,0.04027107226510063,0.018234500307033552
5891,9889,4,12,2572,1584,0.0,1,0.4662,0.04027107226510063,0.018234500307033552
5891,9889,4,13,2571,1712,0.0,1,0.5371,0.04027107226510063,0.018234500307033552
5891,9889,4,14,2570,1818,0.0,1,0.537,0.04027107226510063,0.018234500307033552
5891,9889,4,15,2569,1778,0.0,1,0.5707,0.04027107226510063,0.018234500307033552
5891,9889,4,16,2568,1673,0.0,1,0.7636,0.04027107226510063,0.018234500307033552
5891,9889,4,17,2567,1560,0.00491,1,0.6354,0.04027107226510063,0.018234500307033552
5891,9889,4,18,2566,1562,0.00187,1,0.7634,0.04027107226510063,0.018234500307033552
5891,9889,4,19,2565,1886,0.00279,1,0.3454,0.04027107226510063,0.018234500307033552
5891,9889,4,20,2564,1710,0.0,1,0.7683,0.04027107226510063,0.018234500307033552
5891,9889,4,21,2563,1970,0.0,1,0.3699,0.04027107226510063,0.018234500307033552
5891,9889,4,22,2562,1843,0.0,1,0.3751,0.04027107226510063,0.018234500307033552
5891,9889,4,23,2561,2048,0.0,1,0.7653,0.04027107226510063,0.018234500307033552
5891,9889,4,24,2560,1817,0.0,1,0.7977,0.04027107226510063,0.018234500307033552
5891,3899,0,5,2582,1000,0.0,1,0.7421,0.036957403308382486,0.02391311694236531
5891,3899,0,6,2581,1000,0.0,1,0.363,0.036957403308382486,0.02391311694236531
5891,3899,0,7,2580,1013,0.01157,0,0.4008,0.036957403308382486,0.02391311694236531
5891,3899,0,8,2579,1000,0.00107,1,0.7367,0.036957403308382486,0.02391311694236531
5891,3899,0,9,2578,1013,0.05314,0,0.8829,0.036957403308382486,0.02391311694236531
5891,3899,0,10,2577,1000,0.00538,1,0.7738,0.036957403308382486,0.02391311694236531
5891,3899,0,11,2576,1045,0.0,1,0.8952,0.036957403308382486,0.02391311694236531
5891,3899,0,12,2575,1069,0.0,1,0.3856,0.036957403308382486,0.02391311694236531
5891,3899,0,13,2574,1067,0.004,1,0.9021,0.036957403308382486,0.02391311694236531
5891,3899,0,14,2573,1078,0.0,1,0.8861,0.036957403308382486,0.02391311694236531
5891,3899,0,15,2572,1086,0.01494,0,0.8884,0.036957403308382486,0.02391311694236531
5891,3899,0,16,2571,1049,0.03412,0,0.8545,0.036957403308382486,0.02391311694236531
5891,3899,0,17,2570,1044,0.02297,0,0.0584,0.036957403308382486,0.02391311694236531
5891,3899,0,18,2569,1000,0.0,1,0.7591,0.036957403308382486,0.02391311694236531
5891,3899,0,19,2568,1000,0.0,1,0.9618,0.036957403308382486,0.02391311694236531
5891,3899,0,20,2567,1000,0.0,1,0.8613,0.036957403308382486,0.02391311694236531
5891,3899,0,21,2566,1000,0.01193,0,0.8161,0.036957403308382486,0.02391311694236531
5891,3899,0,22,2565,1000,0.0,1,0.9571,0.036957403308382486,0.02391311694236531
5891,3899,0,23,2564,1000,0.0,1,0.9555,0.036957403308382486,0.02391311694236531
5891,3899,0,24,2563,1000,0.0,1,0.8513,0.036957403308382486,0.02391311694236531
5527,10101,4,5,74526,1000,0.0,1,0.8233,0.0952448797862877,0.11110715345800048
5527,10101,4,6,74525,1015,0.00616,1,0.8233,0.0952448797862877,0.11110715345800048
5527,10101,4,7,74524,1194,0.00529,1,0.5991,0.0952448797862877,0.11110715345800048
5527,10101,4,8,74523,1186,0.0,1,0.8233,0.0952448797862877,0.11110715345800048
5527,10101,4,9,74522,1146,0.09127,0,0.8674,0.0952448797862877,0.11110715345800048
5527,10101,4,10,74521,1350,0.14923,0,0.9735,0.0952448797862877,0.11110715345800048
5527,10101,4,11,74520,1296,0.01723,0,0.7109,0.0952448797862877,0.11110715345800048
5527,10101,4,12,74519,1260,0.13046,0,0.9972,0.0952448797862877,0.11110715345800048
5527,10101,4,13,74518,1218,0.02397,0,0.431,0.0952448797862877,0.11110715345800048
5527,10101,4,14,74517,1144,0.00576,1,0.5991,0.0952448797862877,0.11110715345800048
5527,10101,4,15,74516,1154,0.0239,0,0.5991,0.0952448797862877,0.11110715345800048
5527,10101,4,16,74515,1303,0.05255,0,0.9102,0.0952448797862877,0.11110715345800048
5527,10101,4,17,74514,1442,0.08303,0,0.9563,0.0952448797862877,0.11110715345800048
5527,10101,4,18,74513,1318,0.07429,0,0.9397,0.0952448797862877,0.11110715345800048
5527,10101,4,19,74512,1304,0.08705,0,0.9876,0.0952448797862877,0.11110715345800048
5527,10101,4,20,74511,1314,0.13073,0,0.9735,0.0952448797862877,0.11110715345800048
5527,10101,4,21,74510,1251,0.10424,0,0.9914,0.0952448797862877,0.11110715345800048
5527,10101,4,22,74509,1383,0.09893,0,0.9103,0.0952448797862877,0.11110715345800048
5527,10101,4,23,74508,1316,0.0732,0,0.9735,0.0952448797862877,0.11110715345800048
5527,10101,4,24,74507,1305,0.08354,0,0.7778,0.0952448797862877,0.11110715345800048
5891,3899,1,5,2582,1000,0.0,1,0.7769,0.07989202980585619,0.15353226433266298
5891,3899,1,6,2581,1035,0.05216,0,0.2232,0.07989202980585619,0.15353226433266298
5891,3899,1,7,2580,1000,0.0,1,0.812,0.07989202980585619,0.15353226433266298
5891,3899,1,8,2579,1000,0.02417,0,0.3032,0.07989202980585619,0.15353226433266298
5891,3899,1,9,2578,1000,0.15917,0,0.7583,0.07989202980585619,0.15353226433266298
5891,3899,1,10,2577,1000,0.01842,0,0.8615,0.07989202980585619,0.15353226433266298
5891,3899,1,11,2576,1000,0.11195,0,0.7457,0.07989202980585619,0.15353226433266298
5891,3899,1,12,2575,1000,0.22022,0,0.8586,0.07989202980585619,0.15353226433266298
5891,3899,1,13,2574,1000,0.19464,0,0.8551,0.07989202980585619,0.15353226433266298
5891,3899,1,14,2573,1000,0.0,1,0.2732,0.07989202980585619,0.15353226433266298
5891,3899,1,15,2572,1000,0.0267,0,0.3048,0.07989202980585619,0.15353226433266298
5891,3899,1,16,2571,1000,0.11467,0,0.8067,0.07989202980585619,0.15353226433266298
5891,3899,1,17,2570,1000,0.07246,0,0.0191,0.07989202980585619,0.15353226433266298
5891,3899,1,18,2569,1000,0.0,1,0.049,0.07989202980585619,0.15353226433266298
5891,3899,1,19,2568,1000,0.0,1,0.8111,0.07989202980585619,0.15353226433266298
5891,3899,1,20,2567,1000,0.0,1,0.8009,0.07989202980585619,0.15353226433266298
5891,3899,1,21,2566,1000,0.02095,0,0.4673,0.07989202980585619,0.15353226433266298
5891,3899,1,22,2565,1000,0.03261,0,0.8078,0.07989202980585619,0.15353226433266298
5891,3899,1,23,2564,1000,0.09098,0,0.9278,0.07989202980585619,0.15353226433266298
5891,3899,1,24,2563,1000,0.13529,0,0.4081,0.07989202980585619,0.15353226433266298
5891,3899,3,5,2582,1000,0.0,1,0.8594,0.016575705861480605,0.029349644323538704
5891,3899,3,6,2581,1064,0.0,1,0.3673,0.016575705861480605,0.029349644323538704
5891,3899,3,7,2580,1160,0.0,1,0.4209,0.016575705861480605,0.029349644323538704
5891,3899,3,8,2579,1528,0.0,1,0.919,0.016575705861480605,0.029349644323538704
5891,3899,3,9,2578,1195,0.0,1,0.3584,0.016575705861480605,0.029349644323538704
5891,3899,3,10,2577,1362,0.0,1,0.6705,0.016575705861480605,0.029349644323538704
5891,3899,3,11,2576,1374,0.13774,0,0.2892,0.016575705861480605,0.029349644323538704
5891,3899,3,12,2575,1511,0.0,1,0.3856,0.016575705861480605,0.029349644323538704
5891,3899,3,13,2574,1496,0.06652,0,0.9709,0.016575705861480605,0.029349644323538704
5891,3899,3,14,2573,1380,0.03202,0,0.965,0.016575705861480605,0.029349644323538704
5891,3899,3,15,2572,1347,0.04011,0,0.9549,0.016575705861480605,0.029349644323538704
5891,3899,3,16,2571,1278,0.0,1,0.9817,0.016575705861480605,0.029349644323538704
5891,3899,3,17,2570,1147,0.0,1,0.8479,0.016575705861480605,0.029349644323538704
5891,3899,3,18,2569,1478,0.01122,0,0.9062,0.016575705861480605,0.029349644323538704
5891,3899,3,19,2568,1346,0.04637,0,0.9798,0.016575705861480605,0.029349644323538704
5891,3899,3,20,2567,1349,0.00624,1,0.9166,0.016575705861480605,0.029349644323538704
5891,3899,3,21,2566,1435,0.01317,0,0.3192,0.016575705861480605,0.029349644323538704
5891,3899,3,22,2565,1377,0.01383,0,0.9895,0.016575705861480605,0.029349644323538704
5891,3899,3,23,2564,1296,0.00334,1,0.4087,0.016575705861480605,0.029349644323538704
5891,3899,3,24,2563,1207,0.0,1,0.9879,0.016575705861480605,0.029349644323538704
5891,3899,2,5,2582,1000,0.0,1,0.2239,0.2657604379636045,0.08777436088065826
5891,3899,2,6,2581,1000,0.0,1,0.6633,0.2657604379636045,0.08777436088065826
5891,3899,2,7,2580,1131,0.0,1,0.3453,0.2657604379636045,0.08777436088065826
5891,3899,2,8,2579,1176,0.0,1,0.7131,0.2657604379636045,0.08777436088065826
5891,3899,2,9,2578,1091,0.0,1,0.6843,0.2657604379636045,0.08777436088065826
5891,3899,2,10,2577,1269,0.0,1,0.6903,0.2657604379636045,0.08777436088065826
5891,3899,2,11,2576,1142,0.0,1,0.1518,0.2657604379636045,0.08777436088065826
5891,3899,2,12,2575,1276,0.0,1,0.6792,0.2657604379636045,0.08777436088065826
5891,3899,2,13,2574,1427,0.0,1,0.4262,0.2657604379636045,0.08777436088065826
5891,3899,2,14,2573,1048,0.00015,1,0.7105,0.2657604379636045,0.08777436088065826
5891,3899,2,15,2572,1383,0.0,1,0.4234,0.2657604379636045,0.08777436088065826
5891,3899,2,16,2571,1457,0.05828,0,0.1801,0.2657604379636045,0.08777436088065826
5891,3899,2,17,2570,1356,0.0,1,0.3467,0.2657604379636045,0.08777436088065826
5891,3899,2,18,2569,1146,0.0,1,0.6738,0.2657604379636045,0.08777436088065826
5891,3899,2,19,2568,1181,0.0,1,0.2609,0.2657604379636045,0.08777436088065826
5891,3899,2,20,2567,1322,0.0,1,0.7168,0.2657604379636045,0.08777436088065826
5891,3899,2,21,2566,1445,0.0,1,0.4166,0.2657604379636045,0.08777436088065826
5891,3899,2,22,2565,1474,0.0,1,0.2437,0.2657604379636045,0.08777436088065826
5891,3899,2,23,2564,1385,0.01683,0,0.422,0.2657604379636045,0.08777436088065826
5891,3899,2,24,2563,1410,0.0,1,0.4105,0.2657604379636045,0.08777436088065826
5891,3899,4,5,2582,1000,0.0,1,0.9802,0.0,0.0
5891,3899,4,6,2581,1014,0.0,1,0.4161,0.0,0.0
5891,3899,4,7,2580,1000,0.0,1,0.8601,0.0,0.0
5891,3899,4,8,2579,1000,0.0,1,0.9473,0.0,0.0
5891,3899,4,9,2578,1000,0.02017,0,0.104,0.0,0.0
5891,3899,4,10,2577,1000,0.0,1,0.813,0.0,0.0
5891,3899,4,11,2576,1000,0.0,1,0.8397,0.0,0.0
5891,3899,4,12,2575,1000,0.00463,1,0.9584,0.0,0.0
5891,3899,4,13,2574,1000,0.03289,0,0.0493,0.0,0.0
5891,3899,4,14,2573,1000,0.0,1,0.9977,0.0,0.0
5891,3899,4,15,2572,1000,0.01616,0,0.8305,0.0,0.0
5891,3899,4,16,2571,1000,0.00448,1,0.3403,0.0,0.0
5891,3899,4,17,2570,1000,0.06229,0,0.9844,0.0,0.0
5891,3899,4,18,2569,1000,0.00099,1,0.9782,0.0,0.0
5891,3899,4,19,2568,1000,0.0,1,0.9844,0.0,0.0
5891,3899,4,20,2567,1000,0.01748,0,0.9751,0.0,0.0
5891,3899,4,21,2566,1000,0.00511,1,0.9906,0.0,0.0
5891,3899,4,22,2565,1000,0.0016,1,0.991,0.0,0.0
5891,3899,4,23,2564,1000,0.00325,1,0.9988,0.0,0.0
5891,3899,4,24,2563,1000,0.0,1,1.0,0.0,0.0
5891,6566,0,5,2774,1000,0.0,1,0.6921,0.028664778403280966,0.0
5891,6566,0,6,2773,1123,0.0,1,0.692,0.028664778403280966,0.0
5891,6566,0,7,2772,1155,0.0,1,0.8175,0.028664778403280966,0.0
5891,6566,0,8,2771,1228,0.01588,0,0.3652,0.028664778403280966,0.0
5891,6566,0,9,2770,1434,0.0,1,0.6921,0.028664778403280966,0.0
5891,6566,0,10,2769,1572,0.0,1,0.204,0.028664778403280966,0.0
5891,6566,0,11,2768,1629,0.00712,1,0.9588,0.028664778403280966,0.0
5891,6566,0,12,2767,1608,0.0,1,0.9964,0.028664778403280966,0.0
5891,6566,0,13,2766,1561,0.0,1,0.9237,0.028664778403280966,0.0
5891,6566,0,14,2765,1400,0.0,1,0.804,0.028664778403280966,0.0
5891,6566,0,15,2764,1575,0.0,1,0.6639,0.028664778403280966,0.0
5891,6566,0,16,2763,1611,0.0,1,0.4857,0.028664778403280966,0.0
5891,6566,0,17,2762,1522,0.0,1,0.9938,0.028664778403280966,0.0
5891,6566,0,18,2761,1709,0.00095,1,0.2227,0.028664778403280966,0.0
5891,6566,0,19,2760,1639,0.0,1,0.9957,0.028664778403280966,0.0
5891,6566,0,20,2759,1502,0.0,1,0.9964,0.028664778403280966,0.0
5891,6566,0,21,2758,1487,0.00058,1,0.2933,0.028664778403280966,0.0
5891,6566,0,22,2757,1282,0.02267,0,0.996,0.028664778403280966,0.0
5891,6566,0,23,2756,1275,0.0,1,0.9949,0.028664778403280966,0.0
5891,6566,0,24,2755,1292,0.01429,0,0.5321,0.028664778403280966,0.0
5891,6566,1,5,2774,1000,0.00168,1,0.5768,0.0,0.007169132769988318
5891,6566,1,6,2773,1000,0.0,1,0.2492,0.0,0.007169132769988318
5891,6566,1,7,2772,1039,0.0,1,0.3506,0.0,0.007169132769988318
5891,6566,1,8,2771,1178,0.0,1,0.8964,0.0,0.007169132769988318
5891,6566,1,9,2770,1068,0.0,1,0.2646,0.0,0.007169132769988318
5891,6566,1,10,2769,1230,0.01219,0,0.8964,0.0,0.007169132769988318
5891,6566,1,11,2768,1236,0.0,1,0.6633,0.0,0.007169132769988318
5891,6566,1,12,2767,1382,0.0,1,0.279,0.0,0.007169132769988318
5891,6566,1,13,2766,1488,0.0,1,0.286,0.0,0.007169132769988318
5891,6566,1,14,2765,1826,0.0,1,0.9588,0.0,0.007169132769988318
5891,6566,1,15,2764,1982,0.04934,0,1.0,0.0,0.007169132769988318
5891,6566,1,16,2763,2050,0.01263,0,0.4025,0.0,0.007169132769988318
5891,6566,1,17,2762,2026,0.0,1,1.0,0.0,0.007169132769988318
5891,6566,1,18,2761,1904,0.0,1,0.9989,0.0,0.007169132769988318
5891,6566,1,19,2760,1689,0.01072,0,0.8572,0.0,0.007169132769988318
5891,6566,1,20,2759,1774,0.01201,0,0.9895,0.0,0.007169132769988318
5891,6566,1,21,2758,1628,0.0,1,0.9993,0.0,0.007169132769988318
5891,6566,1,22,2757,2048,0.0,1,1.0,0.0,0.007169132769988318
5891,6566,1,23,2756,1673,0.0,1,0.9982,0.0,0.007169132769988318
5891,6566,1,24,2755,1850,0.0,1,0.9989,0.0,0.007169132769988318
5891,6566,2,5,2774,1000,0.0,1,0.9232,0.014338265539976747,0.028664778403280966
5891,6566,2,6,2773,1012,0.0,1,0.454,0.014338265539976747,0.028664778403280966
5891,6566,2,7,2772,1006,0.0,1,0.496,0.014338265539976747,0.028664778403280966
5891,6566,2,8,2771,1166,0.03266,0,0.1462,0.014338265539976747,0.028664778403280966
5891,6566,2,9,2770,1000,0.13868,0,0.9726,0.014338265539976747,0.028664778403280966
5891,6566,2,10,2769,1028,0.00705,1,0.9964,0.014338265539976747,0.028664778403280966
5891,6566,2,11,2768,1103,0.09043,0,0.2699,0.014338265539976747,0.028664778403280966
5891,6566,2,12,2767,1088,0.00446,1,0.9964,0.014338265539976747,0.028664778403280966
5891,6566,2,13,2766,1124,0.12994,0,0.3315,0.014338265539976747,0.028664778403280966
5891,6566,2,14,2765,1058,0.0,1,0.345,0.014338265539976747,0.028664778403280966
5891,6566,2,15,2764,1189,0.0,1,0.996,0.014338265539976747,0.028664778403280966
5891,6566,2,16,2763,1145,0.0,1,0.9964,0.014338265539976747,0.028664778403280966
5891,6566,2,17,2762,1083,0.0,1,0.9949,0.014338265539976747,0.028664778403280966
5891,6566,2,18,2761,1106,0.10651,0,0.9986,0.014338265539976747,0.028664778403280966
5891,6566,2,19,2760,1110,0.02276,0,0.9938,0.014338265539976747,0.028664778403280966
5891,6566,2,20,2759,1160,0.0,1,0.5314,0.014338265539976747,0.028664778403280966
5891,6566,2,21,2758,1318,0.03933,0,0.3387,0.014338265539976747,0.028664778403280966
5891,6566,2,22,2757,1200,0.0,1,0.9967,0.014338265539976747,0.028664778403280966
5891,6566,2,23,2756,1335,0.05697,0,0.9753,0.014338265539976747,0.028664778403280966
5891,6566,2,24,2755,1314,0.0,1,0.9913,0.014338265539976747,0.028664778403280966
5891,6566,3,5,2774,1000,0.0,1,0.4636,0.028664778403280966,0.0
5891,6566,3,6,2773,1000,0.0,1,0.9935,0.028664778403280966,0.0
5891,6566,3,7,2772,1106,0.0,1,0.3377,0.028664778403280966,0.0
5891,6566,3,8,2771,1366,0.0,1,0.9888,0.028664778403280966,0.0
5891,6566,3,9,2770,1357,0.0,1,0.2747,0.028664778403280966,0.0
5891,6566,3,10,2769,1212,0.0,1,0.9921,0.028664778403280966,0.0
5891,6566,3,11,2768,1257,0.0,1,0.8851,0.028664778403280966,0.0
5891,6566,3,12,2767,1362,0.0,1,0.9935,0.028664778403280966,0.0
5891,6566,3,13,2766,1335,0.0,1,0.9924,0.028664778403280966,0.0
5891,6566,3,14,2765,1299,0.0,1,0.4177,0.028664778403280966,0.0
5891,6566,3,15,2764,1288,0.0,1,0.3318,0.028664778403280966,0.0
5891,6566,3,16,2763,1577,0.0,1,0.2425,0.028664778403280966,0.0
5891,6566,3,17,2762,1797,0.0,1,0.9605,0.028664778403280966,0.0
5891,6566,3,18,2761,1822,0.00351,1,0.9953,0.028664778403280966,0.0
5891,6566,3,19,2760,1832,0.0,1,0.2928,0.028664778403280966,0.0
5891,6566,3,20,2759,1714,0.0,1,0.7872,0.028664778403280966,0.0
5891,6566,3,21,2758,1865,0.0,1,0.9964,0.028664778403280966,0.0
5891,6566,3,22,2757,1928,0.0,1,0.9931,0.028664778403280966,0.0
5891,6566,3,23,2756,1814,0.0,1,0.9942,0.028664778403280966,0.0
5891,6566,3,24,2755,1899,0.0,1,0.9956,0.028664778403280966,0.0
5891,6566,4,5,2774,1000,0.0,1,0.8969,0.007169132769988318,0.007169132769988318
5891,6566,4,6,2773,1000,0.0,1,0.8182,0.007169132769988318,0.007169132769988318
5891,6566,4,7,2772,1204,0.0,1,0.5483,0.007169132769988318,0.007169132769988318
5891,6566,4,8,2771,1356,0.0,1,0.9996,0.007169132769988318,0.007169132769988318
5891,6566,4,9,2770,1242,0.0,1,0.8971,0.007169132769988318,0.007169132769988318
5891,6566,4,10,2769,1411,0.06082,0,0.4543,0.007169132769988318,0.007169132769988318
5891,6566,4,11,2768,1365,0.0,1,0.2673,0.007169132769988318,0.007169132769988318
5891,6566,4,12,2767,1596,0.0,1,0.2812,0.007169132769988318,0.007169132769988318
5891,6566,4,13,2766,1884,0.0,1,0.4049,0.007169132769988318,0.007169132769988318
5891,6566,4,14,2765,2149,0.0,1,0.9993,0.007169132769988318,0.007169132769988318
5891,6566,4,15,2764,2048,0.0,1,0.8564,0.007169132769988318,0.007169132769988318
5891,6566,4,16,2763,1868,0.0,1,0.7727,0.007169132769988318,0.007169132769988318
5891,6566,4,17,2762,1808,0.0,1,0.9993,0.007169132769988318,0.007169132769988318
5891,6566,4,18,2761,1959,0.0,1,0.9982,0.007169132769988318,0.007169132769988318
5891,6566,4,19,2760,2174,0.0,1,0.9978,0.007169132769988318,0.007169132769988318
5891,6566,4,20,2759,1915,0.0,1,0.664,0.007169132769988318,0.007169132769988318
5891,6566,4,21,2758,2170,0.00523,1,0.9355,0.007169132769988318,0.007169132769988318
5891,6566,4,22,2757,1938,0.0,1,0.9978,0.007169132769988318,0.007169132769988318
5891,6566,4,23,2756,2037,0.0,1,0.8578,0.007169132769988318,0.007169132769988318
5891,6566,4,24,2755,1951,0.0,1,0.3557,0.007169132769988318,0.007169132769988318
5891,9980,0,5,2938,1000,0.05583,0,0.1668,0.09091355358106923,0.09091355358106923
5891,9980,0,6,2937,1144,0.0,1,0.9993,0.09091355358106923,0.09091355358106923
5891,9980,0,7,2936,1125,0.0,1,0.9993,0.09091355358106923,0.09091355358106923
5891,9980,0,8,2935,1097,0.01328,0,0.9993,0.09091355358106923,0.09091355358106923
5891,9980,0,9,2934,1131,0.01786,0,0.4073,0.09091355358106923,0.09091355358106923
5891,9980,0,10,2933,1248,0.0,1,0.9993,0.09091355358106923,0.09091355358106923
5891,9980,0,11,2932,1220,0.0,1,0.0587,0.09091355358106923,0.09091355358106923
5891,9980,0,12,2931,1338,0.0,1,0.0208,0.09091355358106923,0.09091355358106923
5891,9980,0,13,2930,1329,0.0,1,0.9993,0.09091355358106923,0.09091355358106923
5891,9980,0,14,2929,1263,0.0,1,0.9993,0.09091355358106923,0.09091355358106923
5891,9980,0,15,2928,1408,0.0,1,0.9993,0.09091355358106923,0.09091355358106923
5891,9980,0,16,2927,1328,0.0,1,0.9993,0.09091355358106923,0.09091355358106923
5891,9980,0,17,2926,1460,0.0,1,0.9993,0.09091355358106923,0.09091355358106923
5891,9980,0,18,2925,1500,0.01103,0,0.9993,0.09091355358106923,0.09091355358106923
5891,9980,0,19,2924,1704,0.0,1,0.9993,0.09091355358106923,0.09091355358106923
5891,9980,0,20,2923,1542,0.00394,1,0.5036,0.09091355358106923,0.09091355358106923
5891,9980,0,21,2922,1684,0.0,1,0.9993,0.09091355358106923,0.09091355358106923
5891,9980,0,22,2921,1754,0.0,1,0.9993,0.09091355358106923,0.09091355358106923
5891,9980,0,23,2920,1737,0.0,1,0.9993,0.09091355358106923,0.09091355358106923
5891,9980,0,24,2919,1595,0.0,1,0.9993,0.09091355358106923,0.09091355358106923
5891,9980,1,5,2938,1000,0.0,1,0.2349,0.09091355358106923,0.09091355358106923
5891,9980,1,6,2937,1037,0.0,1,0.9993,0.09091355358106923,0.09091355358106923
5891,9980,1,7,2936,1042,0.0,1,0.4571,0.09091355358106923,0.09091355358106923
5891,9980,1,8,2935,1163,0.0,1,0.9993,0.09091355358106923,0.09091355358106923
5891,9980,1,9,2934,1175,0.0,1,0.9993,0.09091355358106923,0.09091355358106923
5891,9980,1,10,2933,1096,0.0,1,0.9993,0.09091355358106923,0.09091355358106923
5891,9980,1,11,2932,1189,0.13432,0,0.1671,0.09091355358106923,0.09091355358106923
5891,9980,1,12,2931,1232,0.16027,0,0.1668,0.09091355358106923,0.09091355358106923
5891,9980,1,13,2930,1360,0.0,1,0.1666,0.09091355358106923,0.09091355358106923
5891,9980,1,14,2929,1638,0.08822,0,0.9993,0.09091355358106923,0.09091355358106923
5891,9980,1,15,2928,1522,0.0,1,0.9993,0.09091355358106923,0.09091355358106923
5891,9980,1,16,2927,1478,0.0,1,0.9993,0.09091355358106923,0.09091355358106923
5891,9980,1,17,2926,1701,0.0,1,0.9993,0.09091355358106923,0.09091355358106923
5891,9980,1,18,2925,1570,0.04882,0,0.1665,0.09091355358106923,0.09091355358106923
5891,9980,1,19,2924,1250,0.0,1,0.1662,0.09091355358106923,0.09091355358106923
5891,9980,1,20,2923,1086,0.0,1,0.1659,0.09091355358106923,0.09091355358106923
5891,9980,1,21,2922,1072,0.01321,0,0.9993,0.09091355358106923,0.09091355358106923
5891,9980,1,22,2921,1110,0.0,1,0.9993,0.09091355358106923,0.09091355358106923
5891,9980,1,23,2920,1066,0.01651,0,0.9993,0.09091355358106923,0.09091355358106923
5891,9980,1,24,2919,1076,0.01971,0,0.9993,0.09091355358106923,0.09091355358106923
5891,9980,2,5,2938,1000,0.01753,0,0.9993,0.09091355358106923,0.09091355358106923
5891,9980,2,6,2937,1179,0.0,1,0.2349,0.09091355358106923,0.09091355358106923
5891,9980,2,7,2936,1266,0.0,1,0.2347,0.09091355358106923,0.09091355358106923
5891,9980,2,8,2935,1109,0.0,1,0.4068,0.09091355358106923,0.09091355358106923
5891,9980,2,9,2934,1147,0.0,1,0.9993,0.09091355358106923,0.09091355358106923
5891,9980,2,10,2933,1168,0.0,1,0.9993,0.09091355358106923,0.09091355358106923
5891,9980,2,11,2932,1230,0.02851,0,0.9993,0.09091355358106923,0.09091355358106923
5891,9980,2,12,2931,1302,0.0,1,0.059,0.09091355358106923,0.09091355358106923
5891,9980,2,13,2930,1121,0.0,1,0.9993,0.09091355358106923,0.09091355358106923
5891,9980,2,14,2929,1240,0.0,1,0.9993,0.09091355358106923,0.09091355358106923
5891,9980,2,15,2928,1206,0.0,1,0.9993,0.09091355358106923,0.09091355358106923
5891,9980,2,16,2927,1334,0.0,1,0.9993,0.09091355358106923,0.09091355358106923
5891,9980,2,17,2926,1236,0.0,1,0.9993,0.09091355358106923,0.09091355358106923
5891,9980,2,18,2925,1334,0.0,1,0.4075,0.09091355358106923,0.09091355358106923
5891,9980,2,19,2924,1541,0.0,1,0.9993,0.09091355358106923,0.09091355358106923
5891,9980,2,20,2923,1421,0.0,1,0.5029,0.09091355358106923,0.09091355358106923
5891,9980,2,21,2922,1656,0.02267,0,0.9993,0.09091355358106923,0.09091355358106923
5891,9980,2,22,2921,1555,0.0,1,0.9993,0.09091355358106923,0.09091355358106923
5891,9980,2,23,2920,1462,0.00377,1,0.9993,0.09091355358106923,0.09091355358106923
5891,9980,2,24,2919,1590,0.01074,0,0.9993,0.09091355358106923,0.09091355358106923
5891,9980,3,5,2938,1000,0.0,1,0.0589,0.09091355358106923,0.0
5891,9980,3,6,2937,1000,0.0,1,0.4065,0.09091355358106923,0.0
5891,9980,3,7,2936,1056,0.0,1,0.4567,0.09091355358106923,0.0
5891,9980,3,8,2935,1091,0.0,1,0.9993,0.09091355358106923,0.0
5891,9980,3,9,2934,1074,0.0,1,0.9993,0.09091355358106923,0.0
5891,9980,3,10,2933,1148,0.0,1,0.9993,0.09091355358106923,0.0
5891,9980,3,11,2932,1073,0.0,1,0.9993,0.09091355358106923,0.0
5891,9980,3,12,2931,1158,0.0,1,0.407,0.09091355358106923,0.0
5891,9980,3,13,2930,1365,0.0,1,0.457,0.09091355358106923,0.0
5891,9980,3,14,2929,1375,0.07683,0,0.9993,0.09091355358106923,0.0
5891,9980,3,15,2928,1399,0.0,1,0.9993,0.09091355358106923,0.0
5891,9980,3,16,2927,1413,0.00512,1,0.9993,0.09091355358106923,0.0
5891,9980,3,17,2926,1444,0.09826,0,0.9993,0.09091355358106923,0.0
5891,9980,3,18,2925,1376,0.0,1,0.9993,0.09091355358106923,0.0
5891,9980,3,19,2924,1297,0.03897,0,0.4077,0.09091355358106923,0.0
5891,9980,3,20,2923,1480,0.0,1,0.5026,0.09091355358106923,0.0
5891,9980,3,21,2922,1439,0.0,1,0.4076,0.09091355358106923,0.0
5891,9980,3,22,2921,1537,0.0,1,0.9993,0.09091355358106923,0.0
5891,9980,3,23,2920,1425,0.0,1,0.4075,0.09091355358106923,0.0
5891,9980,3,24,2919,1549,0.0,1,0.5022,0.09091355358106923,0.0
5891,9980,4,5,2938,1000,0.0,1,0.9993,0.09091355358106923,0.09091355358106923
5891,9980,4,6,2937,1007,0.0,1,0.9993,0.09091355358106923,0.09091355358106923
5891,9980,4,7,2936,1000,0.0,1,0.1328,0.09091355358106923,0.09091355358106923
5891,9980,4,8,2935,1240,0.0,1,0.9993,0.09091355358106923,0.09091355358106923
5891,9980,4,9,2934,1138,0.0,1,0.1326,0.09091355358106923,0.09091355358106923
5891,9980,4,10,2933,1092,0.03528,0,0.9993,0.09091355358106923,0.09091355358106923
5891,9980,4,11,2932,1078,0.07293,0,0.9993,0.09091355358106923,0.09091355358106923
5891,9980,4,12,2931,1150,0.0,1,0.9993,0.09091355358106923,0.09091355358106923
5891,9980,4,13,2930,1096,0.0,1,0.9993,0.09091355358106923,0.09091355358106923
5891,9980,4,14,2929,1151,0.0,1,0.9993,0.09091355358106923,0.09091355358106923
5891,9980,4,15,2928,1164,0.0,1,0.9993,0.09091355358106923,0.09091355358106923
5891,9980,4,16,2927,1093,0.0158,0,0.9993,0.09091355358106923,0.09091355358106923
5891,9980,4,17,2926,1090,0.00374,1,0.9993,0.09091355358106923,0.09091355358106923
5891,9980,4,18,2925,1033,0.0,1,0.9993,0.09091355358106923,0.09091355358106923
5891,9980,4,19,2924,1212,0.0,1,0.9993,0.09091355358106923,0.09091355358106923
5891,9980,4,20,2923,1168,0.0,1,0.9993,0.09091355358106923,0.09091355358106923
5891,9980,4,21,2922,1250,0.00151,1,0.9993,0.09091355358106923,0.09091355358106923
5891,9980,4,22,2921,1348,0.0,1,0.4084,0.09091355358106923,0.09091355358106923
5891,9980,4,23,2920,1395,0.0,1,0.9993,0.09091355358106923,0.09091355358106923
5891,9980,4,24,2919,1396,0.0,1,0.1668,0.09091355358106923,0.09091355358106923
5891,3891,0,5,3078,1000,0.0,1,0.3535,0.014875571844275237,0.014875571844275237
5891,3891,0,6,3077,1000,0.0,1,0.9158,0.014875571844275237,0.014875571844275237
5891,3891,0,7,3076,1000,0.00697,1,0.2246,0.014875571844275237,0.014875571844275237
5891,3891,0,8,3075,1010,0.0,1,0.2244,0.014875571844275237,0.014875571844275237
5891,3891,0,9,3074,1057,0.0,1,0.2241,0.014875571844275237,0.014875571844275237
5891,3891,0,10,3073,1090,0.0,1,0.3827,0.014875571844275237,0.014875571844275237
5891,3891,0,11,3072,1281,0.0,1,0.8594,0.014875571844275237,0.014875571844275237
5891,3891,0,12,3071,1337,0.01163,0,0.9531,0.014875571844275237,0.014875571844275237
5891,3891,0,13,3070,1230,0.0,1,0.902,0.014875571844275237,0.014875571844275237
5891,3891,0,14,3069,1287,0.00559,1,0.6266,0.014875571844275237,0.014875571844275237
5891,3891,0,15,3068,1366,0.0,1,0.7937,0.014875571844275237,0.014875571844275237
5891,3891,0,16,3067,1473,0.02582,0,0.3596,0.014875571844275237,0.014875571844275237
5891,3891,0,17,3066,1424,0.0026,1,0.7554,0.014875571844275237,0.014875571844275237
5891,3891,0,18,3065,1429,0.02078,0,0.8953,0.014875571844275237,0.014875571844275237
5891,3891,0,19,3064,1518,0.0,1,0.7438,0.014875571844275237,0.014875571844275237
5891,3891,0,20,3063,1524,0.01342,0,0.7421,0.014875571844275237,0.014875571844275237
5891,3891,0,21,3062,1584,0.0,1,0.6444,0.014875571844275237,0.014875571844275237
5891,3891,0,22,3061,1441,0.0,1,0.4064,0.014875571844275237,0.014875571844275237
5891,3891,0,23,3060,1692,0.0,1,0.7245,0.014875571844275237,0.014875571844275237
5891,3891,0,24,3059,1544,0.0,1,0.8228,0.014875571844275237,0.014875571844275237
5891,3891,1,5,3078,1000,0.0,1,0.8905,0.001352964210931007,0.010819024036804348
5891,3891,1,6,3077,1000,0.0,1,0.8307,0.001352964210931007,0.010819024036804348
5891,3891,1,7,3076,1024,0.00506,1,0.9896,0.001352964210931007,0.010819024036804348
5891,3891,1,8,3075,1000,0.0,1,0.9415,0.001352964210931007,0.010819024036804348
5891,3891,1,9,3074,1106,0.0,1,0.9414,0.001352964210931007,0.010819024036804348
5891,3891,1,10,3073,1039,0.00842,1,0.9896,0.001352964210931007,0.010819024036804348
5891,3891,1,11,3072,1178,0.0,1,0.9896,0.001352964210931007,0.010819024036804348
5891,3891,1,12,3071,1157,0.0,1,0.9479,0.001352964210931007,0.010819024036804348
5891,3891,1,13,3070,1260,0.0,1,0.9612,0.001352964210931007,0.010819024036804348
5891,3891,1,14,3069,1206,0.0,1,0.9945,0.001352964210931007,0.010819024036804348
5891,3891,1,15,3068,1258,0.0,1,0.9974,0.001352964210931007,0.010819024036804348
5891,3891,1,16,3067,1307,0.0,1,0.999,0.001352964210931007,0.010819024036804348
5891,3891,1,17,3066,1324,0.0,1,0.9622,0.001352964210931007,0.010819024036804348
5891,3891,1,18,3065,1406,0.0,1,0.9569,0.001352964210931007,0.010819024036804348
5891,3891,1,19,3064,1246,0.0,1,0.9497,0.001352964210931007,0.010819024036804348
5891,3891,1,20,3063,1369,0.0,1,0.9194,0.001352964210931007,0.010819024036804348
5891,3891,1,21,3062,1516,0.0,1,0.8328,0.001352964210931007,0.010819024036804348
5891,3891,1,22,3061,1657,0.0,1,0.9177,0.001352964210931007,0.010819024036804348
5891,3891,1,23,3060,1670,0.0,1,0.915,0.001352964210931007,0.010819024036804348
5891,3891,1,24,3059,1581,0.0,1,0.9032,0.001352964210931007,0.010819024036804348
5891,3891,2,5,3078,1000,0.0,1,0.617,0.008113095614942,0.008113095614942
5891,3891,2,6,3077,1000,0.0,1,0.9184,0.008113095614942,0.008113095614942
5891,3891,2,7,3076,1000,0.0,1,0.9412,0.008113095614942,0.008113095614942
5891,3891,2,8,3075,1000,0.0,1,0.5642,0.008113095614942,0.008113095614942
5891,3891,2,9,3074,1000,0.0,1,0.945,0.008113095614942,0.008113095614942
5891,3891,2,10,3073,1000,0.0,1,0.5643,0.008113095614942,0.008113095614942
5891,3891,2,11,3072,1122,0.00014,1,0.9128,0.008113095614942,0.008113095614942
5891,3891,2,12,3071,1170,0.0,1,0.4142,0.008113095614942,0.008113095614942
5891,3891,2,13,3070,1153,0.0,1,0.9896,0.008113095614942,0.008113095614942
5891,3891,2,14,3069,1257,0.0,1,0.8915,0.008113095614942,0.008113095614942
5891,3891,2,15,3068,1313,0.0,1,0.9051,0.008113095614942,0.008113095614942
5891,3891,2,16,3067,1267,0.0,1,0.9146,0.008113095614942,0.008113095614942
5891,3891,2,17,3066,1210,0.0,1,0.9132,0.008113095614942,0.008113095614942
5891,3891,2,18,3065,1152,0.0,1,0.9106,0.008113095614942,0.008113095614942
5891,3891,2,19,3064,1145,0.0,1,0.8926,0.008113095614942,0.008113095614942
5891,3891,2,20,3063,1210,0.0,1,0.9021,0.008113095614942,0.008113095614942
5891,3891,2,21,3062,1361,0.00047,1,0.8707,0.008113095614942,0.008113095614942
5891,3891,2,22,3061,1315,0.0,1,0.7488,0.008113095614942,0.008113095614942
5891,3891,2,23,3060,1307,0.0,1,0.6925,0.008113095614942,0.008113095614942
5891,3891,2,24,3059,1299,0.0,1,0.9895,0.008113095614942,0.008113095614942
5891,3891,3,5,3078,1000,0.0,1,0.7498,0.1244093971219612,0.12373174260383457
5891,3891,3,6,3077,1000,0.0,1,0.7875,0.1244093971219612,0.12373174260383457
5891,3891,3,7,3076,1147,0.0,1,0.3908,0.1244093971219612,0.12373174260383457
5891,3891,3,8,3075,1169,0.0,1,0.3685,0.1244093971219612,0.12373174260383457
5891,3891,3,9,3074,1224,0.0,1,0.7632,0.1244093971219612,0.12373174260383457
5891,3891,3,10,3073,1317,0.0,1,0.5685,0.1244093971219612,0.12373174260383457
5891,3891,3,11,3072,1278,0.0,1,0.8073,0.1244093971219612,0.12373174260383457
5891,3891,3,12,3071,1399,0.0,1,0.8118,0.1244093971219612,0.12373174260383457
5891,3891,3,13,3070,1453,0.0,1,0.8075,0.1244093971219612,0.12373174260383457
5891,3891,3,14,3069,1384,0.0,1,0.565,0.1244093971219612,0.12373174260383457
5891,3891,3,15,3068,1408,0.0,1,0.3292,0.1244093971219612,0.12373174260383457
5891,3891,3,16,3067,1418,0.0,1,0.5647,0.1244093971219612,0.12373174260383457
5891,3891,3,17,3066,1572,0.00066,1,0.7841,0.1244093971219612,0.12373174260383457
5891,3891,3,18,3065,1586,0.0,1,0.5648,0.1244093971219612,0.12373174260383457
5891,3891,3,19,3064,1436,0.0,1,0.7774,0.1244093971219612,0.12373174260383457
5891,3891,3,20,3063,1525,0.0,1,0.8113,0.1244093971219612,0.12373174260383457
5891,3891,3,21,3062,1545,0.0,1,0.565,0.1244093971219612,0.12373174260383457
5891,3891,3,22,3061,1406,0.0,1,0.7988,0.1244093971219612,0.12373174260383457
5891,3891,3,23,3060,1565,0.0,1,0.7778,0.1244093971219612,0.12373174260383457
5891,3891,3,24,3059,1493,0.0007,1,0.7878,0.1244093971219612,0.12373174260383457
5891,3891,4,5,3078,1000,0.0,1,0.5647,0.008113095614942,0.009466324869565668
5891,3891,4,6,3077,1155,0.0,1,0.9415,0.008113095614942,0.009466324869565668
5891,3891,4,7,3076,1270,0.00056,1,0.7084,0.008113095614942,0.009466324869565668
5891,3891,4,8,3075,1392,0.0,1,0.9415,0.008113095614942,0.009466324869565668
5891,3891,4,9,3074,1273,0.0,1,0.8982,0.008113095614942,0.009466324869565668
5891,3891,4,10,3073,1531,0.0,1,0.9561,0.008113095614942,0.009466324869565668
5891,3891,4,11,3072,1170,0.0,1,0.0007,0.008113095614942,0.009466324869565668
5891,3891,4,12,3071,1566,0.0,1,0.3373,0.008113095614942,0.009466324869565668
5891,3891,4,13,3070,2196,0.0,1,0.3814,0.008113095614942,0.009466324869565668
5891,3891,4,14,3069,2051,0.0,1,0.9524,0.008113095614942,0.009466324869565668
5891,3891,4,15,3068,2608,0.0,1,0.7158,0.008113095614942,0.009466324869565668
5891,3891,4,16,3067,2318,0.0,1,0.942,0.008113095614942,0.009466324869565668
5891,3891,4,17,3066,2154,0.0,1,0.956,0.008113095614942,0.009466324869565668
5891,3891,4,18,3065,2358,0.0,1,0.9896,0.008113095614942,0.009466324869565668
5891,3891,4,19,3064,2501,0.0,1,0.6374,0.008113095614942,0.009466324869565668
5891,3891,4,20,3063,2000,0.0,1,0.4003,0.008113095614942,0.009466324869565668
5891,3891,4,21,3062,2236,0.0,1,0.9464,0.008113095614942,0.009466324869565668
5891,3891,4,22,3061,2084,0.0,1,0.919,0.008113095614942,0.009466324869565668
5891,3891,4,23,3060,1993,0.0,1,0.9895,0.008113095614942,0.009466324869565668
5891,3891,4,24,3059,1953,0.0,1,0.9179,0.008113095614942,0.009466324869565668
5891,3492,0,5,3312,1000,0.0,1,0.7497,0.13373903844171386,0.0
5891,3492,0,6,3311,1093,0.0,1,0.7496,0.13373903844171386,0.0
5891,3492,0,7,3310,1035,0.0,1,0.384,0.13373903844171386,0.0
5891,3492,0,8,3309,1153,0.00481,1,0.7495,0.13373903844171386,0.0
5891,3492,0,9,3308,1390,0.0,1,0.7494,0.13373903844171386,0.0
5891,3492,0,10,3307,1196,0.0,1,0.7493,0.13373903844171386,0.0
5891,3492,0,11,3306,1197,0.0,1,0.7492,0.13373903844171386,0.0
5891,3492,0,12,3305,1194,0.0,1,0.4805,0.13373903844171386,0.0
5891,3492,0,13,3304,1351,0.0,1,0.4709,0.13373903844171386,0.0
5891,3492,0,14,3303,1425,0.0,1,0.3845,0.13373903844171386,0.0
5891,3492,0,15,3302,1334,0.0,1,0.4631,0.13373903844171386,0.0
5891,3492,0,16,3301,1753,0.0,1,0.7489,0.13373903844171386,0.0
5891,3492,0,17,3300,1627,0.0,1,0.3452,0.13373903844171386,0.0
5891,3492,0,18,3299,1307,0.0,1,0.1043,0.13373903844171386,0.0
5891,3492,0,19,3298,1226,0.00631,1,0.8126,0.13373903844171386,0.0
5891,3492,0,20,3297,1000,0.0,1,0.0989,0.13373903844171386,0.0
5891,3492,0,21,3296,1000,0.01541,0,0.7831,0.13373903844171386,0.0
5891,3492,0,22,3295,1000,0.0,1,0.7599,0.13373903844171386,0.0
5891,3492,0,23,3294,1000,0.0,1,0.3546,0.13373903844171386,0.0
5891,3492,0,24,3293,1000,0.00841,1,0.7653,0.13373903844171386,0.0
5891,3492,1,5,3312,1000,0.0,1,0.8454,0.0,0.0
5891,3492,1,6,3311,1067,0.0,1,0.3352,0.0,0.0
5891,3492,1,7,3310,1023,0.0,1,0.8634,0.0,0.0
5891,3492,1,8,3309,1051,0.0,1,0.3808,0.0,0.0
5891,3492,1,9,3308,1063,0.0,1,0.071,0.0,0.0
5891,3492,1,10,3307,1140,0.00304,1,0.8694,0.0,0.0
5891,3492,1,11,3306,1166,0.0,1,1.0,0.0,0.0
5891,3492,1,12,3305,1173,0.0,1,0.7728,0.0,0.0
5891,3492,1,13,3304,1196,0.0,1,0.8405,0.0,0.0
5891,3492,1,14,3303,1156,0.0,1,0.7893,0.0,0.0
5891,3492,1,15,3302,1226,0.00031,1,0.7747,0.0,0.0
5891,3492,1,16,3301,1277,0.00409,1,0.8285,0.0,0.0
5891,3492,1,17,3300,1234,0.0,1,0.7521,0.0,0.0
5891,3492,1,18,3299,1338,0.0,1,0.7736,0.0,0.0
5891,3492,1,19,3298,1298,0.0,1,1.0,0.0,0.0
5891,3492,1,20,3297,1414,0.0,1,1.0,0.0,0.0
5891,3492,1,21,3296,1355,0.0,1,1.0,0.0,0.0
5891,3492,1,22,3295,1403,0.0,1,1.0,0.0,0.0
5891,3492,1,23,3294,1407,0.0,1,0.8792,0.0,0.0
5891,3492,1,24,3293,1373,0.0,1,0.8239,0.0,0.0
5891,3492,2,5,3312,1000,0.0,1,0.7497,0.0,0.0
5891,3492,2,6,3311,1009,0.0,1,0.7496,0.0,0.0
5891,3492,2,7,3310,1068,0.0,1,0.7495,0.0,0.0
5891,3492,2,8,3309,1179,0.0,1,0.7495,0.0,0.0
5891,3492,2,9,3308,1105,0.0,1,0.7494,0.0,0.0
5891,3492,2,10,3307,1191,0.0,1,0.7493,0.0,0.0
5891,3492,2,11,3306,1206,0.0,1,0.7492,0.0,0.0
5891,3492,2,12,3305,1179,0.0,1,0.7492,0.0,0.0
5891,3492,2,13,3304,1246,0.0,1,0.7491,0.0,0.0
5891,3492,2,14,3303,1304,0.0,1,0.749,0.0,0.0
5891,3492,2,15,3302,1330,0.0,1,0.7489,0.0,0.0
5891,3492,2,16,3301,1348,0.0,1,0.4914,0.0,0.0
5891,3492,2,17,3300,1366,0.0,1,0.4745,0.0,0.0
5891,3492,2,18,3299,1464,0.0,1,0.4711,0.0,0.0
5891,3492,2,19,3298,1618,0.0,1,0.8156,0.0,0.0
5891,3492,2,20,3297,1000,0.0,1,0.1174,0.0,0.0
5891,3492,2,21,3296,1000,0.0,1,1.0,0.0,0.0
5891,3492,2,22,3295,1000,0.0,1,1.0,0.0,0.0
5891,3492,2,23,3294,1000,0.02125,0,1.0,0.0,0.0
5891,3492,2,24,3293,1000,0.0,1,0.3371,0.0,0.0
5891,3492,3,5,3312,1000,0.0,1,0.8717,0.0,0.0
5891,3492,3,6,3311,1000,0.0,1,0.8638,0.0,0.0
5891,3492,3,7,3310,1000,0.0,1,0.8637,0.0,0.0
5891,3492,3,8,3309,1000,0.0,1,0.8389,0.0,0.0
5891,3492,3,9,3308,1000,0.0,1,0.8334,0.0,0.0
5891,3492,3,10,3307,1000,0.0,1,0.7554,0.0,0.0
5891,3492,3,11,3306,1000,0.0,1,1.0,0.0,0.0
5891,3492,3,12,3305,1000,0.0,1,0.4575,0.0,0.0
5891,3492,3,13,3304,1017,0.0,1,1.0,0.0,0.0
5891,3492,3,14,3303,1066,0.0,1,0.8465,0.0,0.0
5891,3492,3,15,3302,1000,0.06719,0,0.8289,0.0,0.0
5891,3492,3,16,3301,1000,0.0,1,0.8325,0.0,0.0
5891,3492,3,17,3300,1000,0.0,1,0.8191,0.0,0.0
5891,3492,3,18,3299,1000,0.0,1,0.7678,0.0,0.0
5891,3492,3,19,3298,1024,0.0,1,0.7529,0.0,0.0
5891,3492,3,20,3297,1168,0.0,1,0.8699,0.0,0.0
5891,3492,3,21,3296,1144,0.0,1,0.8641,0.0,0.0
5891,3492,3,22,3295,1110,0.0,1,0.8237,0.0,0.0
5891,3492,3,23,3294,1268,0.0,1,0.8412,0.0,0.0
5891,3492,3,24,3293,1258,0.0,1,0.8697,0.0,0.0
5891,3492,4,5,3312,1000,0.0,1,0.4701,0.0,0.0
5891,3492,4,6,3311,1113,0.00133,1,0.7499,0.0,0.0
5891,3492,4,7,3310,1533,0.0,1,0.3967,0.0,0.0
5891,3492,4,8,3309,1466,0.00494,1,0.4563,0.0,0.0
5891,3492,4,9,3308,1789,0.0,1,0.763,0.0,0.0
5891,3492,4,10,3307,1489,0.0,1,0.466,0.0,0.0
5891,3492,4,11,3306,1561,0.02619,0,0.7864,0.0,0.0
5891,3492,4,12,3305,1266,0.0,1,0.8175,0.0,0.0
5891,3492,4,13,3304,1172,0.0,1,0.7627,0.0,0.0
5891,3492,4,14,3303,1400,0.0,1,0.8629,0.0,0.0
5891,3492,4,15,3302,1374,0.0,1,0.457,0.0,0.0
5891,3492,4,16,3301,1183,0.0,1,0.8319,0.0,0.0
5891,3492,4,17,3300,1324,0.0,1,0.457,0.0,0.0
5891,3492,4,18,3299,1146,0.0,1,0.4568,0.0,0.0
5891,3492,4,19,3298,1366,0.0118,0,1.0,0.0,0.0
5891,3492,4,20,3297,1081,0.02386,0,0.7583,0.0,0.0
5891,3492,4,21,3296,1207,0.0,1,1.0,0.0,0.0
5891,3492,4,22,3295,1355,0.00088,1,1.0,0.0,0.0
5891,3492,4,23,3294,1168,0.0,1,1.0,0.0,0.0
5891,3492,4,24,3293,1154,0.0,1,0.8145,0.0,0.0
5636,146064,0,5,43836,1000,0.01862,0,0.5237,0.2039987545592029,0.09999999999999998
5636,146064,0,6,43835,1131,0.00906,1,0.5237,0.2039987545592029,0.09999999999999998
5636,146064,0,7,43834,1109,0.0,1,0.9325,0.2039987545592029,0.09999999999999998
5636,146064,0,8,43833,1202,0.14938,0,0.9325,0.2039987545592029,0.09999999999999998
5636,146064,0,9,43832,1203,0.06188,0,0.9684,0.2039987545592029,0.09999999999999998
5636,146064,0,10,43831,1186,0.06923,0,0.4958,0.2039987545592029,0.09999999999999998
5636,146064,0,11,43830,1381,0.10159,0,0.9325,0.2039987545592029,0.09999999999999998
5636,146064,0,12,43829,1482,0.0424,0,0.5235,0.2039987545592029,0.09999999999999998
5636,146064,0,13,43828,1571,0.01303,0,0.5235,0.2039987545592029,0.09999999999999998
5636,146064,0,14,43827,1786,0.0,1,0.5039,0.2039987545592029,0.09999999999999998
5636,146064,0,15,43826,1908,0.06626,0,0.5116,0.2039987545592029,0.09999999999999998
5636,146064,0,16,43825,2346,0.03661,0,0.9325,0.2039987545592029,0.09999999999999998
5636,146064,0,17,43824,2254,0.01359,0,0.9967,0.2039987545592029,0.09999999999999998
5636,146064,0,18,43823,2472,0.01646,0,0.9861,0.2039987545592029,0.09999999999999998
5636,146064,0,19,43822,2077,0.0,1,0.9967,0.2039987545592029,0.09999999999999998
5636,146064,0,20,43821,2216,0.0,1,0.9967,0.2039987545592029,0.09999999999999998
5636,146064,0,21,43820,2473,0.02036,0,0.9967,0.2039987545592029,0.09999999999999998
5636,146064,0,22,43819,1882,0.01172,0,0.9988,0.2039987545592029,0.09999999999999998
5636,146064,0,23,43818,1973,0.01432,0,0.9573,0.2039987545592029,0.09999999999999998
5636,146064,0,24,43817,2163,0.02803,0,0.9465,0.2039987545592029,0.09999999999999998
5636,146064,1,5,43836,1000,0.0,1,0.9325,0.4439996441597721,0.235999911039943
5636,146064,1,6,43835,1054,0.0,1,0.9325,0.4439996441597721,0.235999911039943
5636,146064,1,7,43834,1080,0.0,1,0.9325,0.4439996441597721,0.235999911039943
5636,146064,1,8,43833,1191,0.0,1,0.9325,0.4439996441597721,0.235999911039943
5636,146064,1,9,43832,1168,0.0,1,0.9325,0.4439996441597721,0.235999911039943
5636,146064,1,10,43831,1142,0.0,1,0.9325,0.4439996441597721,0.235999911039943
5636,146064,1,11,43830,1196,0.00203,1,0.9325,0.4439996441597721,0.235999911039943
5636,146064,1,12,43829,1249,0.0,1,0.9325,0.4439996441597721,0.235999911039943
5636,146064,1,13,43828,1438,0.0,1,0.5115,0.4439996441597721,0.235999911039943
5636,146064,1,14,43827,1747,0.0,1,0.9325,0.4439996441597721,0.235999911039943
5636,146064,1,15,43826,2129,0.0,1,0.9325,0.4439996441597721,0.235999911039943
5636,146064,1,16,43825,1921,0.0,1,0.9325,0.4439996441597721,0.235999911039943
5636,146064,1,17,43824,5140,0.0,1,0.5235,0.4439996441597721,0.235999911039943
5636,146064,1,18,43823,2279,0.00409,1,0.5235,0.4439996441597721,0.235999911039943
5636,146064,1,19,43822,2430,0.0,1,0.9325,0.4439996441597721,0.235999911039943
5636,146064,1,20,43821,2621,0.0,1,0.9325,0.4439996441597721,0.235999911039943
5636,146064,1,21,43820,2365,0.00303,1,0.5039,0.4439996441597721,0.235999911039943
5636,146064,1,22,43819,3145,0.01583,0,0.5078,0.4439996441597721,0.235999911039943
5636,146064,1,23,43818,3584,0.02672,0,0.5235,0.4439996441597721,0.235999911039943
5636,146064,1,24,43817,3622,0.0181,0,0.9325,0.4439996441597721,0.235999911039943
5636,146064,3,5,43836,1000,0.0,1,0.9325,0.14399964415977207,0.09999999999999998
5636,146064,3,6,43835,1057,0.0,1,0.5001,0.14399964415977207,0.09999999999999998
5636,146064,3,7,43834,1175,0.0,1,0.9325,0.14399964415977207,0.09999999999999998
5636,146064,3,8,43833,1328,0.00013,1,0.9967,0.14399964415977207,0.09999999999999998
5636,146064,3,9,43832,1284,0.0,1,0.9325,0.14399964415977207,0.09999999999999998
5636,146064,3,10,43831,1506,0.00222,1,0.5302,0.14399964415977207,0.09999999999999998
5636,146064,3,11,43830,1610,0.0084,1,0.9325,0.14399964415977207,0.09999999999999998
5636,146064,3,12,43829,1830,0.01482,0,0.9325,0.14399964415977207,0.09999999999999998
5636,146064,3,13,43828,1804,0.01385,0,0.9325,0.14399964415977207,0.09999999999999998
5636,146064,3,14,43827,1872,0.03361,0,0.9325,0.14399964415977207,0.09999999999999998
5636,146064,3,15,43826,2166,0.0334,0,0.5235,0.14399964415977207,0.09999999999999998
5636,146064,3,16,43825,1819,0.05096,0,0.9854,0.14399964415977207,0.09999999999999998
5636,146064,3,17,43824,2771,0.04461,0,0.5235,0.14399964415977207,0.09999999999999998
5636,146064,3,18,43823,2140,0.01985,0,0.9989,0.14399964415977207,0.09999999999999998
5636,146064,3,19,43822,2174,0.004,1,0.9606,0.14399964415977207,0.09999999999999998
5636,146064,3,20,43821,3160,0.01949,0,0.9996,0.14399964415977207,0.09999999999999998
5636,146064,3,21,43820,3091,0.01507,0,0.9989,0.14399964415977207,0.09999999999999998
5636,146064,3,22,43819,2401,0.04073,0,0.9567,0.14399964415977207,0.09999999999999998
5636,146064,3,23,43818,2518,0.03443,0,0.9996,0.14399964415977207,0.09999999999999998
5636,146064,3,24,43817,2562,0.0239,0,0.9757,0.14399964415977207,0.09999999999999998
5636,146064,4,5,43836,1000,0.00588,1,0.9325,0.4439996441597721,0.21599946623965827
5636,146064,4,6,43835,1048,0.0008,1,0.9325,0.4439996441597721,0.21599946623965827
5636,146064,4,7,43834,1000,0.0,1,0.9325,0.4439996441597721,0.21599946623965827
5636,146064,4,8,43833,1148,0.0,1,0.9325,0.4439996441597721,0.21599946623965827
5636,146064,4,9,43832,1063,0.0,1,0.9325,0.4439996441597721,0.21599946623965827
5636,146064,4,10,43831,1096,0.0,1,0.5234,0.4439996441597721,0.21599946623965827
5636,146064,4,11,43830,1274,0.0,1,0.5002,0.4439996441597721,0.21599946623965827
5636,146064,4,12,43829,1573,0.00327,1,0.5234,0.4439996441597721,0.21599946623965827
5636,146064,4,13,43828,1728,0.00481,1,0.5077,0.4439996441597721,0.21599946623965827
5636,146064,4,14,43827,1896,0.0,1,0.9325,0.4439996441597721,0.21599946623965827
5636,146064,4,15,43826,2932,0.00717,1,0.5115,0.4439996441597721,0.21599946623965827
5636,146064,4,16,43825,2809,0.03885,0,0.5234,0.4439996441597721,0.21599946623965827
5636,146064,4,17,43824,2651,0.0,1,0.5234,0.4439996441597721,0.21599946623965827
5636,146064,4,18,43823,2923,0.0,1,0.9325,0.4439996441597721,0.21599946623965827
5636,146064,4,19,43822,3000,0.0269,0,0.5115,0.4439996441597721,0.21599946623965827
5636,146064,4,20,43821,3226,0.0,1,0.9325,0.4439996441597721,0.21599946623965827
5636,146064,4,21,43820,3671,0.0115,0,0.9325,0.4439996441597721,0.21599946623965827
5636,146064,4,22,43819,3204,0.00542,1,0.9325,0.4439996441597721,0.21599946623965827
5636,146064,4,23,43818,3461,0.0,1,0.9325,0.4439996441597721,0.21599946623965827
5636,146064,4,24,43817,3885,0.0,1,0.9325,0.4439996441597721,0.21599946623965827
5636,146064,2,5,43836,1000,0.01617,0,0.9606,0.24399964415977204,0.09999999999999998
5636,146064,2,6,43835,1000,0.04468,0,0.9695,0.24399964415977204,0.09999999999999998
5636,146064,2,7,43834,1006,0.04741,0,0.4957,0.24399964415977204,0.09999999999999998
5636,146064,2,8,43833,1121,0.00602,1,0.9841,0.24399964415977204,0.09999999999999998
5636,146064,2,9,43832,1000,0.01352,0,0.9535,0.24399964415977204,0.09999999999999998
5636,146064,2,10,43831,1062,0.05309,0,0.4957,0.24399964415977204,0.09999999999999998
5636,146064,2,11,43830,1348,0.03153,0,0.5235,0.24399964415977204,0.09999999999999998
5636,146064,2,12,43829,1523,0.00519,1,0.9967,0.24399964415977204,0.09999999999999998
5636,146064,2,13,43828,1735,0.00851,1,0.5002,0.24399964415977204,0.09999999999999998
5636,146064,2,14,43827,2905,0.00345,1,0.5234,0.24399964415977204,0.09999999999999998
5636,146064,2,15,43826,2547,0.00412,1,0.5234,0.24399964415977204,0.09999999999999998
5636,146064,2,16,43825,2217,0.0,1,0.9854,0.24399964415977204,0.09999999999999998
5636,146064,2,17,43824,2391,0.00413,1,0.9557,0.24399964415977204,0.09999999999999998
5636,146064,2,18,43823,3302,0.0,1,0.5077,0.24399964415977204,0.09999999999999998
5636,146064,2,19,43822,2741,0.00598,1,0.9967,0.24399964415977204,0.09999999999999998
5636,146064,2,20,43821,2215,0.01046,0,0.9842,0.24399964415977204,0.09999999999999998
5636,146064,2,21,43820,2882,0.00535,1,0.9967,0.24399964415977204,0.09999999999999998
5636,146064,2,22,43819,2450,0.00639,1,0.9569,0.24399964415977204,0.09999999999999998
5636,146064,2,23,43818,2373,0.00509,1,0.9842,0.24399964415977204,0.09999999999999998
5636,146064,2,24,43817,2991,0.004,1,0.9974,0.24399964415977204,0.09999999999999998
5636,145804,0,5,46491,1000,0.00188,1,0.9516,0.836878276142042,0.836878276142042
5636,145804,0,6,46490,1000,0.02111,0,0.9516,0.836878276142042,0.836878276142042
5636,145804,0,7,46489,1061,0.00687,1,0.9516,0.836878276142042,0.836878276142042
5636,145804,0,8,46488,1000,0.00317,1,0.9516,0.836878276142042,0.836878276142042
5636,145804,0,9,46487,1000,0.00514,1,0.9516,0.836878276142042,0.836878276142042
5636,145804,0,10,46486,1000,0.00382,1,0.9516,0.836878276142042,0.836878276142042
5636,145804,0,11,46485,1000,0.0,1,0.8753,0.836878276142042,0.836878276142042
5636,145804,0,12,46484,1713,0.0,1,0.8839,0.836878276142042,0.836878276142042
5636,145804,0,13,46483,1370,0.0,1,0.8839,0.836878276142042,0.836878276142042
5636,145804,0,14,46482,1972,0.01475,0,0.8839,0.836878276142042,0.836878276142042
5636,145804,0,15,46481,1496,0.0,1,0.9516,0.836878276142042,0.836878276142042
5636,145804,0,16,46480,1778,0.0154,0,0.9516,0.836878276142042,0.836878276142042
5636,145804,0,17,46479,1694,0.056,0,0.884,0.836878276142042,0.836878276142042
5636,145804,0,18,46478,2222,0.14266,0,0.9516,0.836878276142042,0.836878276142042
5636,145804,0,19,46477,2430,0.07574,0,0.884,0.836878276142042,0.836878276142042
5636,145804,0,20,46476,1743,0.0733,0,0.9516,0.836878276142042,0.836878276142042
5636,145804,0,21,46475,1776,0.00902,1,0.8755,0.836878276142042,0.836878276142042
5636,145804,0,22,46474,2075,0.0,1,0.8761,0.836878276142042,0.836878276142042
5636,145804,0,23,46473,2101,0.03606,0,0.9516,0.836878276142042,0.836878276142042
5636,145804,0,24,46472,1758,0.00378,1,0.9516,0.836878276142042,0.836878276142042
5636,145804,1,5,46491,1000,0.0,1,0.8838,0.007089885617417746,0.0
5636,145804,1,6,46490,1000,0.0,1,0.9548,0.007089885617417746,0.0
5636,145804,1,7,46489,1000,0.00301,1,0.9835,0.007089885617417746,0.0
5636,145804,1,8,46488,1000,0.06964,0,0.9619,0.007089885617417746,0.0
5636,145804,1,9,46487,1000,0.00246,1,0.8621,0.007089885617417746,0.0
5636,145804,1,10,46486,1000,0.00699,1,0.9972,0.007089885617417746,0.0
5636,145804,1,11,46485,1000,0.00394,1,1.0,0.007089885617417746,0.0
5636,145804,1,12,46484,1000,0.02173,0,0.9954,0.007089885617417746,0.0
5636,145804,1,13,46483,1000,0.04953,0,0.99,0.007089885617417746,0.0
5636,145804,1,14,46482,1000,0.05792,0,0.9998,0.007089885617417746,0.0
5636,145804,1,15,46481,1000,0.14028,0,0.9755,0.007089885617417746,0.0
5636,145804,1,16,46480,1000,0.12851,0,0.9944,0.007089885617417746,0.0
5636,145804,1,17,46479,1000,0.12019,0,0.9952,0.007089885617417746,0.0
5636,145804,1,18,46478,1000,0.10317,0,0.9964,0.007089885617417746,0.0
5636,145804,1,19,46477,1000,0.01583,0,0.9992,0.007089885617417746,0.0
5636,145804,1,20,46476,1000,0.18415,0,0.9983,0.007089885617417746,0.0
5636,145804,1,21,46475,1000,0.08899,0,0.999,0.007089885617417746,0.0
5636,145804,1,22,46474,1000,0.17109,0,0.9998,0.007089885617417746,0.0
5636,145804,1,23,46473,1000,0.18161,0,0.9867,0.007089885617417746,0.0
5636,145804,1,24,46472,1000,0.21766,0,0.8768,0.007089885617417746,0.0
5636,145804,2,5,46491,1000,0.0,1,0.862,0.07446588056243497,0.5815608619289786
5636,145804,2,6,46490,1000,0.0,1,0.8912,0.07446588056243497,0.5815608619289786
5636,145804,2,7,46489,1000,0.0,1,0.984,0.07446588056243497,0.5815608619289786
5636,145804,2,8,46488,1000,0.00458,1,0.862,0.07446588056243497,0.5815608619289786
5636,145804,2,9,46487,1000,0.0236,0,0.9991,0.07446588056243497,0.5815608619289786
5636,145804,2,10,46486,1000,0.03611,0,0.9991,0.07446588056243497,0.5815608619289786
5636,145804,2,11,46485,1000,0.00449,1,0.9747,0.07446588056243497,0.5815608619289786
5636,145804,2,12,46484,1000,0.01268,0,0.8621,0.07446588056243497,0.5815608619289786
5636,145804,2,13,46483,1000,0.01702,0,0.9865,0.07446588056243497,0.5815608619289786
5636,145804,2,14,46482,1000,0.01658,0,0.9854,0.07446588056243497,0.5815608619289786
5636,145804,2,15,46481,1000,0.03229,0,0.9993,0.07446588056243497,0.5815608619289786
5636,145804,2,16,46480,1000,0.04803,0,0.9671,0.07446588056243497,0.5815608619289786
5636,145804,2,17,46479,1000,0.03521,0,0.9859,0.07446588056243497,0.5815608619289786
5636,145804,2,18,46478,1000,0.03002,0,0.9988,0.07446588056243497,0.5815608619289786
5636,145804,2,19,46477,1000,0.00692,1,0.9731,0.07446588056243497,0.5815608619289786
5636,145804,2,20,46476,1000,0.01438,0,0.9781,0.07446588056243497,0.5815608619289786
5636,145804,2,21,46475,1000,0.06296,0,0.9987,0.07446588056243497,0.5815608619289786
5636,145804,2,22,46474,1000,0.08409,0,0.8767,0.07446588056243497,0.5815608619289786
5636,145804,2,23,46473,1000,0.09282,0,0.9975,0.07446588056243497,0.5815608619289786
5636,145804,2,24,46472,1000,0.03375,0,0.8757,0.07446588056243497,0.5815608619289786
5636,145804,3,5,46491,1000,0.0,1,0.862,0.053189429378012965,0.836878276142042
5636,145804,3,6,46490,1162,0.0,1,0.9726,0.053189429378012965,0.836878276142042
5636,145804,3,7,46489,1000,0.0,1,0.981,0.053189429378012965,0.836878276142042
5636,145804,3,8,46488,1000,0.00103,1,0.9517,0.053189429378012965,0.836878276142042
5636,145804,3,9,46487,1000,0.03457,0,0.9593,0.053189429378012965,0.836878276142042
5636,145804,3,10,46486,1000,0.0091,1,0.981,0.053189429378012965,0.836878276142042
5636,145804,3,11,46485,1000,0.01209,0,0.9517,0.053189429378012965,0.836878276142042
5636,145804,3,12,46484,1000,0.03423,0,0.967,0.053189429378012965,0.836878276142042
5636,145804,3,13,46483,1000,0.00402,1,0.9873,0.053189429378012965,0.836878276142042
5636,145804,3,14,46482,1000,0.0427,0,0.981,0.053189429378012965,0.836878276142042
5636,145804,3,15,46481,1000,0.03691,0,0.9885,0.053189429378012965,0.836878276142042
5636,145804,3,16,46480,1000,0.04374,0,0.9671,0.053189429378012965,0.836878276142042
5636,145804,3,17,46479,1000,0.02227,0,0.973,0.053189429378012965,0.836878276142042
5636,145804,3,18,46478,1000,0.12574,0,0.9687,0.053189429378012965,0.836878276142042
5636,145804,3,19,46477,1000,0.10978,0,0.9883,0.053189429378012965,0.836878276142042
5636,145804,3,20,46476,1000,0.07512,0,0.9997,0.053189429378012965,0.836878276142042
5636,145804,3,21,46475,1000,0.09841,0,0.9836,0.053189429378012965,0.836878276142042
5636,145804,3,22,46474,1000,0.19936,0,0.8915,0.053189429378012965,0.836878276142042
5636,145804,3,23,46473,1000,0.09924,0,0.973,0.053189429378012965,0.836878276142042
5636,145804,3,24,46472,1000,0.05944,0,0.9989,0.053189429378012965,0.836878276142042
5636,145804,4,5,46491,1000,0.0,1,0.9516,0.028366336801839753,0.16311832669187376
5636,145804,4,6,46490,1000,0.0,1,0.9843,0.028366336801839753,0.16311832669187376
5636,145804,4,7,46489,1000,0.0,1,0.9881,0.028366336801839753,0.16311832669187376
5636,145804,4,8,46488,1000,0.0,1,0.9953,0.028366336801839753,0.16311832669187376
5636,145804,4,9,46487,1000,0.02323,0,0.9836,0.028366336801839753,0.16311832669187376
5636,145804,4,10,46486,1000,0.0197,0,0.9974,0.028366336801839753,0.16311832669187376
5636,145804,4,11,46485,1000,0.03848,0,0.9983,0.028366336801839753,0.16311832669187376
5636,145804,4,12,46484,1000,0.08052,0,0.9597,0.028366336801839753,0.16311832669187376
5636,145804,4,13,46483,1000,0.00687,1,0.9998,0.028366336801839753,0.16311832669187376
5636,145804,4,14,46482,1000,0.06205,0,0.9996,0.028366336801839753,0.16311832669187376
5636,145804,4,15,46481,1000,0.12684,0,0.9981,0.028366336801839753,0.16311832669187376
5636,145804,4,16,46480,1000,0.10457,0,0.9847,0.028366336801839753,0.16311832669187376
5636,145804,4,17,46479,1000,0.09349,0,0.9981,0.028366336801839753,0.16311832669187376
5636,145804,4,18,46478,1000,0.02059,0,0.9894,0.028366336801839753,0.16311832669187376
5636,145804,4,19,46477,1000,0.09729,0,0.994,0.028366336801839753,0.16311832669187376
5636,145804,4,20,46476,1000,0.04575,0,0.9978,0.028366336801839753,0.16311832669187376
5636,145804,4,21,46475,1000,0.05232,0,0.952,0.028366336801839753,0.16311832669187376
5636,145804,4,22,46474,1000,0.06124,0,0.9995,0.028366336801839753,0.16311832669187376
5636,145804,4,23,46473,1000,0.11291,0,0.9968,0.028366336801839753,0.16311832669187376
5636,145804,4,24,46472,1000,0.1076,0,0.8757,0.028366336801839753,0.16311832669187376
5636,9914,1,5,49663,1000,0.0,1,0.7791,0.061105435776119044,0.36665949782246476
5636,9914,1,6,49662,1000,0.0,1,0.7791,0.061105435776119044,0.36665949782246476
5636,9914,1,7,49661,1000,0.0,1,0.7791,0.061105435776119044,0.36665949782246476
5636,9914,1,8,49660,1000,0.0,1,0.9787,0.061105435776119044,0.36665949782246476
5636,9914,1,9,49659,1000,0.01356,0,0.9635,0.061105435776119044,0.36665949782246476
5636,9914,1,10,49658,1000,0.0019,1,0.9838,0.061105435776119044,0.36665949782246476
5636,9914,1,11,49657,1000,0.02402,0,0.9934,0.061105435776119044,0.36665949782246476
5636,9914,1,12,49656,1000,0.02794,0,0.9961,0.061105435776119044,0.36665949782246476
5636,9914,1,13,49655,1000,0.00118,1,0.9998,0.061105435776119044,0.36665949782246476
5636,9914,1,14,49654,1000,0.02226,0,0.9636,0.061105435776119044,0.36665949782246476
5636,9914,1,15,49653,1000,0.06688,0,0.9636,0.061105435776119044,0.36665949782246476
5636,9914,1,16,49652,1000,0.01069,0,0.9636,0.061105435776119044,0.36665949782246476
5636,9914,1,17,49651,1000,0.01397,0,0.9971,0.061105435776119044,0.36665949782246476
5636,9914,1,18,49650,1000,0.0488,0,0.9636,0.061105435776119044,0.36665949782246476
5636,9914,1,19,49649,1000,0.01258,0,0.9636,0.061105435776119044,0.36665949782246476
5636,9914,1,20,49648,1000,0.00651,1,0.7814,0.061105435776119044,0.36665949782246476
5636,9914,1,21,49647,1000,0.00444,1,0.9636,0.061105435776119044,0.36665949782246476
5636,9914,1,22,49646,1000,0.0,1,0.9994,0.061105435776119044,0.36665949782246476
5636,9914,1,23,49645,1000,0.0138,0,0.9995,0.061105435776119044,0.36665949782246476
5636,9914,1,24,49644,1000,0.0028,1,0.7935,0.061105435776119044,0.36665949782246476
5636,9914,0,5,49663,1000,0.0,1,0.9635,0.20001075326630435,0.24444862627022967
5636,9914,0,6,49662,1000,0.0,1,0.9635,0.20001075326630435,0.24444862627022967
5636,9914,0,7,49661,1000,0.0,1,0.9944,0.20001075326630435,0.24444862627022967
5636,9914,0,8,49660,1000,0.01109,0,0.9635,0.20001075326630435,0.24444862627022967
5636,9914,0,9,49659,1000,0.02572,0,0.9761,0.20001075326630435,0.24444862627022967
5636,9914,0,10,49658,1000,0.0022,1,0.9848,0.20001075326630435,0.24444862627022967
5636,9914,0,11,49657,1000,0.03496,0,0.9859,0.20001075326630435,0.24444862627022967
5636,9914,0,12,49656,1000,0.01171,0,0.9836,0.20001075326630435,0.24444862627022967
5636,9914,0,13,49655,1000,0.00116,1,0.9636,0.20001075326630435,0.24444862627022967
5636,9914,0,14,49654,1000,0.00831,1,0.9636,0.20001075326630435,0.24444862627022967
5636,9914,0,15,49653,1000,0.02205,0,0.7896,0.20001075326630435,0.24444862627022967
5636,9914,0,16,49652,1000,0.0,1,0.7838,0.20001075326630435,0.24444862627022967
5636,9914,0,17,49651,1000,0.00418,1,0.9636,0.20001075326630435,0.24444862627022967
5636,9914,0,18,49650,1000,0.0,1,0.9636,0.20001075326630435,0.24444862627022967
5636,9914,0,19,49649,1000,0.0111,0,0.9636,0.20001075326630435,0.24444862627022967
5636,9914,0,20,49648,1000,0.00557,1,0.9636,0.20001075326630435,0.24444862627022967
5636,9914,0,21,49647,1000,0.00694,1,0.7886,0.20001075326630435,0.24444862627022967
5636,9914,0,22,49646,1000,0.00882,1,0.7875,0.20001075326630435,0.24444862627022967
5636,9914,0,23,49645,1000,0.04082,0,0.9859,0.20001075326630435,0.24444862627022967
5636,9914,0,24,49644,1000,0.01939,0,0.9636,0.20001075326630435,0.24444862627022967
5636,9914,3,5,49663,1000,0.0,1,0.7791,0.10554330878004436,0.17777837518146355
5636,9914,3,6,49662,1000,0.0,1,0.7791,0.10554330878004436,0.17777837518146355
5636,9914,3,7,49661,1000,0.0,1,0.7791,0.10554330878004436,0.17777837518146355
5636,9914,3,8,49660,1000,0.0,1,0.9882,0.10554330878004436,0.17777837518146355
5636,9914,3,9,49659,1000,0.0,1,0.9908,0.10554330878004436,0.17777837518146355
5636,9914,3,10,49658,1000,0.00257,1,0.9649,0.10554330878004436,0.17777837518146355
5636,9914,3,11,49657,1000,0.00196,1,0.9692,0.10554330878004436,0.17777837518146355
5636,9914,3,12,49656,1000,0.01185,0,0.9883,0.10554330878004436,0.17777837518146355
5636,9914,3,13,49655,1000,0.00223,1,0.9987,0.10554330878004436,0.17777837518146355
5636,9914,3,14,49654,1000,0.00299,1,0.9636,0.10554330878004436,0.17777837518146355
5636,9914,3,15,49653,1000,0.0,1,0.9636,0.10554330878004436,0.17777837518146355
5636,9914,3,16,49652,1000,0.00016,1,0.9636,0.10554330878004436,0.17777837518146355
5636,9914,3,17,49651,1000,0.00121,1,0.9636,0.10554330878004436,0.17777837518146355
5636,9914,3,18,49650,1000,0.0297,0,0.7885,0.10554330878004436,0.17777837518146355
5636,9914,3,19,49649,1000,0.00091,1,0.7857,0.10554330878004436,0.17777837518146355
5636,9914,3,20,49648,1000,0.01698,0,0.9636,0.10554330878004436,0.17777837518146355
5636,9914,3,21,49647,1000,0.00892,1,0.9983,0.10554330878004436,0.17777837518146355
5636,9914,3,22,49646,1000,0.01485,0,0.9751,0.10554330878004436,0.17777837518146355
5636,9914,3,23,49645,1000,0.0,1,0.7875,0.10554330878004436,0.17777837518146355
5636,9914,3,24,49644,1000,0.0514,0,0.9883,0.10554330878004436,0.17777837518146355
5636,146065,0,5,50504,1000,0.0,1,0.9856,0.8450692700544568,0.8450692700544568
5636,146065,0,6,50503,1000,0.0,1,0.9856,0.8450692700544568,0.8450692700544568
5636,146065,0,7,50502,1000,0.0,1,0.9856,0.8450692700544568,0.8450692700544568
5636,146065,0,8,50501,1000,0.0,1,0.9856,0.8450692700544568,0.8450692700544568
5636,146065,0,9,50500,1000,0.0,1,0.9856,0.8450692700544568,0.8450692700544568
5636,146065,0,10,50499,1000,0.0,1,0.9856,0.8450692700544568,0.8450692700544568
5636,146065,0,11,50498,1000,0.0,1,0.9856,0.8450692700544568,0.8450692700544568
5636,146065,0,12,50497,1000,0.0,1,0.9856,0.8450692700544568,0.8450692700544568
5636,146065,0,13,50496,1000,0.0,1,0.9856,0.8450692700544568,0.8450692700544568
5636,146065,0,14,50495,1000,0.0,1,0.9856,0.8450692700544568,0.8450692700544568
5636,146065,0,15,50494,1000,0.0,1,0.9856,0.8450692700544568,0.8450692700544568
5636,146065,0,16,50493,1000,0.0,1,0.9856,0.8450692700544568,0.8450692700544568
5636,146065,0,17,50492,1000,0.0,1,0.9856,0.8450692700544568,0.8450692700544568
5636,146065,0,18,50491,1000,0.0,1,0.9856,0.8450692700544568,0.8450692700544568
5636,146065,0,19,50490,1000,0.0,1,0.9856,0.8450692700544568,0.8450692700544568
5636,146065,0,20,50489,1000,0.0,1,0.9856,0.8450692700544568,0.8450692700544568
5636,146065,0,21,50488,1000,0.0,1,0.9856,0.8450692700544568,0.8450692700544568
5636,146065,0,22,50487,1000,0.0,1,0.9856,0.8450692700544568,0.8450692700544568
5636,146065,0,23,50486,1000,0.0,1,0.9856,0.8450692700544568,0.8450692700544568
5636,146065,0,24,50485,1000,0.0,1,0.9856,0.8450692700544568,0.8450692700544568
5636,146065,1,5,50504,1000,0.0,1,0.9856,0.8450692700544568,0.8450692700544568
5636,146065,1,6,50503,1000,0.0,1,0.9856,0.8450692700544568,0.8450692700544568
5636,146065,1,7,50502,1000,0.0,1,0.9856,0.8450692700544568,0.8450692700544568
5636,146065,1,8,50501,1000,0.0,1,0.9856,0.8450692700544568,0.8450692700544568
5636,146065,1,9,50500,1000,0.0,1,0.9856,0.8450692700544568,0.8450692700544568
5636,146065,1,10,50499,1000,0.0,1,0.9856,0.8450692700544568,0.8450692700544568
5636,146065,1,11,50498,1000,0.0,1,0.9856,0.8450692700544568,0.8450692700544568
5636,146065,1,12,50497,1000,0.0,1,0.9856,0.8450692700544568,0.8450692700544568
5636,146065,1,13,50496,1000,0.0,1,0.9856,0.8450692700544568,0.8450692700544568
5636,146065,1,14,50495,1000,0.0,1,0.9856,0.8450692700544568,0.8450692700544568
5636,146065,1,15,50494,1000,0.0,1,0.9856,0.8450692700544568,0.8450692700544568
5636,146065,1,16,50493,1000,0.0,1,0.9856,0.8450692700544568,0.8450692700544568
5636,146065,1,17,50492,1000,0.0,1,0.9856,0.8450692700544568,0.8450692700544568
5636,146065,1,18,50491,1000,0.0,1,0.9856,0.8450692700544568,0.8450692700544568
5636,146065,1,19,50490,1000,0.0,1,0.9856,0.8450692700544568,0.8450692700544568
5636,146065,1,20,50489,1000,0.0,1,0.9856,0.8450692700544568,0.8450692700544568
5636,146065,1,21,50488,1000,0.0,1,0.9856,0.8450692700544568,0.8450692700544568
5636,146065,1,22,50487,1000,0.0,1,0.9856,0.8450692700544568,0.8450692700544568
5636,146065,1,23,50486,1000,0.0,1,0.9856,0.8450692700544568,0.8450692700544568
5636,146065,1,24,50485,1000,0.0,1,0.9856,0.8450692700544568,0.8450692700544568
5636,9914,2,5,49663,1000,0.0,1,0.9635,0.34999193505027104,0.20554868541319504
5636,9914,2,6,49662,1000,0.0,1,0.7856,0.34999193505027104,0.20554868541319504
5636,9914,2,7,49661,1161,0.0,1,0.9635,0.34999193505027104,0.20554868541319504
5636,9914,2,8,49660,1221,0.00131,1,0.9635,0.34999193505027104,0.20554868541319504
5636,9914,2,9,49659,1202,0.00871,1,0.9635,0.34999193505027104,0.20554868541319504
5636,9914,2,10,49658,1464,0.01919,0,0.9635,0.34999193505027104,0.20554868541319504
5636,9914,2,11,49657,1474,0.00689,1,0.9635,0.34999193505027104,0.20554868541319504
5636,9914,2,12,49656,1369,0.01891,0,0.9635,0.34999193505027104,0.20554868541319504
5636,9914,2,13,49655,1794,0.0,1,0.9635,0.34999193505027104,0.20554868541319504
5636,9914,2,14,49654,1659,0.06929,0,0.9635,0.34999193505027104,0.20554868541319504
5636,9914,2,15,49653,1665,0.03755,0,0.7885,0.34999193505027104,0.20554868541319504
5636,9914,2,16,49652,1889,0.07536,0,0.7875,0.34999193505027104,0.20554868541319504
5636,9914,2,17,49651,1701,0.01566,0,0.7875,0.34999193505027104,0.20554868541319504
5636,9914,2,18,49650,1782,0.00578,1,0.9635,0.34999193505027104,0.20554868541319504
5636,9914,2,19,49649,1974,0.08191,0,0.9635,0.34999193505027104,0.20554868541319504
5636,9914,2,20,49648,1737,0.0,1,0.9676,0.34999193505027104,0.20554868541319504
5636,9914,2,21,49647,1922,0.08772,0,0.9635,0.34999193505027104,0.20554868541319504
5636,9914,2,22,49646,1937,0.08884,0,0.9635,0.34999193505027104,0.20554868541319504
5636,9914,2,23,49645,1797,0.1445,0,0.7794,0.34999193505027104,0.20554868541319504
5636,9914,2,24,49644,2080,0.11009,0,0.7886,0.34999193505027104,0.20554868541319504
5636,9914,4,5,49663,1000,0.0,1,0.7884,0.07223506640142219,0.36665949782246476
5636,9914,4,6,49662,1097,0.00448,1,0.9971,0.07223506640142219,0.36665949782246476
5636,9914,4,7,49661,1090,0.05839,0,0.9692,0.07223506640142219,0.36665949782246476
5636,9914,4,8,49660,1104,0.12499,0,0.9883,0.07223506640142219,0.36665949782246476
5636,9914,4,9,49659,1102,0.10529,0,0.7792,0.07223506640142219,0.36665949782246476
5636,9914,4,10,49658,1185,0.0507,0,0.7923,0.07223506640142219,0.36665949782246476
5636,9914,4,11,49657,1201,0.07806,0,0.7792,0.07223506640142219,0.36665949782246476
5636,9914,4,12,49656,1577,0.0,1,0.7792,0.07223506640142219,0.36665949782246476
5636,9914,4,13,49655,1983,0.05765,0,0.9636,0.07223506640142219,0.36665949782246476
5636,9914,4,14,49654,1870,0.06947,0,0.9636,0.07223506640142219,0.36665949782246476
5636,9914,4,15,49653,2684,0.06684,0,0.7792,0.07223506640142219,0.36665949782246476
5636,9914,4,16,49652,5058,0.0,1,0.7874,0.07223506640142219,0.36665949782246476
5636,9914,4,17,49651,4530,0.03071,0,0.9989,0.07223506640142219,0.36665949782246476
5636,9914,4,18,49650,2458,0.00762,1,0.999,0.07223506640142219,0.36665949782246476
5636,9914,4,19,49649,3919,0.0,1,0.7857,0.07223506640142219,0.36665949782246476
5636,9914,4,20,49648,2240,0.01147,0,0.7924,0.07223506640142219,0.36665949782246476
5636,9914,4,21,49647,2836,0.01232,0,0.7875,0.07223506640142219,0.36665949782246476
5636,9914,4,22,49646,1992,0.00834,1,0.7924,0.07223506640142219,0.36665949782246476
5636,9914,4,23,49645,2724,0.024,0,0.9825,0.07223506640142219,0.36665949782246476
5636,9914,4,24,49644,3187,0.00673,1,0.9995,0.07223506640142219,0.36665949782246476
5636,146065,2,5,50504,1000,0.0,1,0.9879,0.21126661211591102,0.023475635563330544
5636,146065,2,6,50503,1280,0.00789,1,0.9857,0.21126661211591102,0.023475635563330544
5636,146065,2,7,50502,1159,0.00486,1,0.9857,0.21126661211591102,0.023475635563330544
5636,146065,2,8,50501,1239,0.03017,0,0.0063,0.21126661211591102,0.023475635563330544
5636,146065,2,9,50500,1216,0.11235,0,0.9857,0.21126661211591102,0.023475635563330544
5636,146065,2,10,50499,1330,0.04237,0,0.0058,0.21126661211591102,0.023475635563330544
5636,146065,2,11,50498,1222,0.11115,0,0.9857,0.21126661211591102,0.023475635563330544
5636,146065,2,12,50497,1292,0.11086,0,0.0033,0.21126661211591102,0.023475635563330544
5636,146065,2,13,50496,1061,0.23086,0,0.9893,0.21126661211591102,0.023475635563330544
5636,146065,2,14,50495,1131,0.0,1,0.9896,0.21126661211591102,0.023475635563330544
5636,146065,2,15,50494,1220,0.19915,0,0.9866,0.21126661211591102,0.023475635563330544
5636,146065,2,16,50493,1236,0.13334,0,0.9888,0.21126661211591102,0.023475635563330544
5636,146065,2,17,50492,1219,0.08904,0,0.991,0.21126661211591102,0.023475635563330544
5636,146065,2,18,50491,1084,0.21152,0,0.9858,0.21126661211591102,0.023475635563330544
5636,146065,2,19,50490,1261,0.17841,0,0.9981,0.21126661211591102,0.023475635563330544
5636,146065,2,20,50489,1000,0.0,1,0.9858,0.21126661211591102,0.023475635563330544
5636,146065,2,21,50488,1000,0.00148,1,0.9962,0.21126661211591102,0.023475635563330544
5636,146065,2,22,50487,1000,0.00519,1,0.9998,0.21126661211591102,0.023475635563330544
5636,146065,2,23,50486,1000,0.00741,1,0.9858,0.21126661211591102,0.023475635563330544
5636,146065,2,24,50485,1000,0.06018,0,0.9858,0.21126661211591102,0.023475635563330544
5636,146065,4,5,50504,1000,0.0,1,0.9856,0.09389689907169674,0.8450692700544568
5636,146065,4,6,50503,1000,0.0,1,0.994,0.09389689907169674,0.8450692700544568
5636,146065,4,7,50502,1000,0.0,1,0.9967,0.09389689907169674,0.8450692700544568
5636,146065,4,8,50501,1000,0.01486,0,0.9989,0.09389689907169674,0.8450692700544568
5636,146065,4,9,50500,1000,0.02868,0,0.9857,0.09389689907169674,0.8450692700544568
5636,146065,4,10,50499,1000,0.04054,0,0.9997,0.09389689907169674,0.8450692700544568
5636,146065,4,11,50498,1000,0.05518,0,0.9857,0.09389689907169674,0.8450692700544568
5636,146065,4,12,50497,1000,0.03602,0,0.0,0.09389689907169674,0.8450692700544568
5636,146065,4,13,50496,1000,0.21068,0,0.987,0.09389689907169674,0.8450692700544568
5636,146065,4,14,50495,1000,0.21065,0,0.9917,0.09389689907169674,0.8450692700544568
5636,146065,4,15,50494,1000,0.26879,0,0.9858,0.09389689907169674,0.8450692700544568
5636,146065,4,16,50493,1000,0.18624,0,0.9863,0.09389689907169674,0.8450692700544568
5636,146065,4,17,50492,1000,0.26591,0,0.0055,0.09389689907169674,0.8450692700544568
5636,146065,4,18,50491,1000,0.23226,0,0.0048,0.09389689907169674,0.8450692700544568
5636,146065,4,19,50490,1000,0.32346,0,0.9999,0.09389689907169674,0.8450692700544568
5636,146065,4,20,50489,1000,0.07668,0,0.9858,0.09389689907169674,0.8450692700544568
5636,146065,4,21,50488,1000,0.26383,0,0.9974,0.09389689907169674,0.8450692700544568
5636,146065,4,22,50487,1000,0.19802,0,0.9858,0.09389689907169674,0.8450692700544568
5636,146065,4,23,50486,1000,0.33793,0,0.0047,0.09389689907169674,0.8450692700544568
5636,146065,4,24,50485,1000,0.27599,0,0.001,0.09389689907169674,0.8450692700544568
5636,146065,3,5,50504,1000,0.0137,0,0.9936,0.0,0.0
5636,146065,3,6,50503,1000,0.00129,1,0.9914,0.0,0.0
5636,146065,3,7,50502,1051,0.02724,0,0.9857,0.0,0.0
5636,146065,3,8,50501,1101,0.05606,0,0.9939,0.0,0.0
5636,146065,3,9,50500,1152,0.00634,1,0.9857,0.0,0.0
5636,146065,3,10,50499,1172,0.10945,0,0.9972,0.0,0.0
5636,146065,3,11,50498,1000,0.04583,0,0.9857,0.0,0.0
5636,146065,3,12,50497,1129,0.14746,0,0.9857,0.0,0.0
5636,146065,3,13,50496,1000,0.0,1,0.9901,0.0,0.0
5636,146065,3,14,50495,1080,0.11198,0,0.9955,0.0,0.0
5636,146065,3,15,50494,1000,0.10605,0,0.9965,0.0,0.0
5636,146065,3,16,50493,1000,0.11012,0,0.9858,0.0,0.0
5636,146065,3,17,50492,1000,0.16418,0,0.9978,0.0,0.0
5636,146065,3,18,50491,1000,0.0708,0,0.9996,0.0,0.0
5636,146065,3,19,50490,1000,0.13744,0,0.988,0.0,0.0
5636,146065,3,20,50489,1000,0.10325,0,0.9859,0.0,0.0
5636,146065,3,21,50488,1000,0.14718,0,1.0,0.0,0.0
5636,146065,3,22,50487,1000,0.1892,0,0.0055,0.0,0.0
5636,146065,3,23,50486,1000,0.06831,0,1.0,0.0,0.0
5636,146065,3,24,50485,1000,0.02096,0,1.0,0.0,0.0
5636,10101,0,5,69153,1000,0.0,1,0.9539,0.6279094040288062,0.11627178791357762
5636,10101,0,6,69152,1000,0.0,1,0.9539,0.6279094040288062,0.11627178791357762
5636,10101,0,7,69151,1000,0.0,1,0.9539,0.6279094040288062,0.11627178791357762
5636,10101,0,8,69150,1000,0.0,1,0.9539,0.6279094040288062,0.11627178791357762
5636,10101,0,9,69149,1000,0.0,1,0.9539,0.6279094040288062,0.11627178791357762
5636,10101,0,10,69148,1000,0.0,1,0.9539,0.6279094040288062,0.11627178791357762
5636,10101,0,11,69147,1000,0.0,1,0.9539,0.6279094040288062,0.11627178791357762
5636,10101,0,12,69146,1000,0.0,1,0.9539,0.6279094040288062,0.11627178791357762
5636,10101,0,13,69145,1000,0.0,1,0.9539,0.6279094040288062,0.11627178791357762
5636,10101,0,14,69144,1000,0.0,1,0.9539,0.6279094040288062,0.11627178791357762
5636,10101,0,15,69143,1000,0.0,1,0.9539,0.6279094040288062,0.11627178791357762
5636,10101,0,16,69142,1000,0.0,1,0.9539,0.6279094040288062,0.11627178791357762
5636,10101,0,17,69141,1000,0.0,1,0.9539,0.6279094040288062,0.11627178791357762
5636,10101,0,18,69140,1000,0.0,1,0.9539,0.6279094040288062,0.11627178791357762
5636,10101,0,19,69139,1000,0.0,1,0.9539,0.6279094040288062,0.11627178791357762
5636,10101,0,20,69138,1000,0.0,1,0.9539,0.6279094040288062,0.11627178791357762
5636,10101,0,21,69137,1000,0.0,1,0.9539,0.6279094040288062,0.11627178791357762
5636,10101,0,22,69136,1000,0.0,1,0.9539,0.6279094040288062,0.11627178791357762
5636,10101,0,23,69135,1000,0.0,1,0.9539,0.6279094040288062,0.11627178791357762
5636,10101,0,24,69134,1000,0.0,1,0.9539,0.6279094040288062,0.11627178791357762
5636,10101,1,5,69153,1000,0.0,1,0.9539,0.186045297985595,0.11627178791357762
5636,10101,1,6,69152,1000,0.0,1,0.9539,0.186045297985595,0.11627178791357762
5636,10101,1,7,69151,1000,0.0,1,0.9539,0.186045297985595,0.11627178791357762
5636,10101,1,8,69150,1000,0.0,1,0.9539,0.186045297985595,0.11627178791357762
5636,10101,1,9,69149,1000,0.0,1,0.9539,0.186045297985595,0.11627178791357762
5636,10101,1,10,69148,1000,0.0,1,0.9539,0.186045297985595,0.11627178791357762
5636,10101,1,11,69147,1000,0.0,1,0.9539,0.186045297985595,0.11627178791357762
5636,10101,1,12,69146,1000,0.0,1,0.9539,0.186045297985595,0.11627178791357762
5636,10101,1,13,69145,1000,0.0,1,0.9539,0.186045297985595,0.11627178791357762
5636,10101,1,14,69144,1000,0.0,1,0.9828,0.186045297985595,0.11627178791357762
5636,10101,1,15,69143,1000,0.01562,0,0.9813,0.186045297985595,0.11627178791357762
5636,10101,1,16,69142,1000,0.0,1,0.9716,0.186045297985595,0.11627178791357762
5636,10101,1,17,69141,1000,0.03131,0,0.9813,0.186045297985595,0.11627178791357762
5636,10101,1,18,69140,1000,0.00116,1,0.9813,0.186045297985595,0.11627178791357762
5636,10101,1,19,69139,1000,0.01359,0,0.9639,0.186045297985595,0.11627178791357762
5636,10101,1,20,69138,1000,0.02379,0,0.954,0.186045297985595,0.11627178791357762
5636,10101,1,21,69137,1000,0.02299,0,0.9562,0.186045297985595,0.11627178791357762
5636,10101,1,22,69136,1000,0.00494,1,0.9591,0.186045297985595,0.11627178791357762
5636,10101,1,23,69135,1000,0.03765,0,0.9828,0.186045297985595,0.11627178791357762
5636,10101,1,24,69134,1000,0.02752,0,0.9639,0.186045297985595,0.11627178791357762
5636,10101,2,5,69153,1000,0.0,1,0.9539,0.6279094040288062,0.11627178791357762
5636,10101,2,6,69152,1000,0.0,1,0.9539,0.6279094040288062,0.11627178791357762
5636,10101,2,7,69151,1000,0.0,1,0.9539,0.6279094040288062,0.11627178791357762
5636,10101,2,8,69150,1000,0.0,1,0.9539,0.6279094040288062,0.11627178791357762
5636,10101,2,9,69149,1000,0.0,1,0.9539,0.6279094040288062,0.11627178791357762
5636,10101,2,10,69148,1000,0.0,1,0.9539,0.6279094040288062,0.11627178791357762
5636,10101,2,11,69147,1000,0.0,1,0.9539,0.6279094040288062,0.11627178791357762
5636,10101,2,12,69146,1000,0.0,1,0.9539,0.6279094040288062,0.11627178791357762
5636,10101,2,13,69145,1000,0.0,1,0.9539,0.6279094040288062,0.11627178791357762
5636,10101,2,14,69144,1000,0.0,1,0.9539,0.6279094040288062,0.11627178791357762
5636,10101,2,15,69143,1000,0.0,1,0.9539,0.6279094040288062,0.11627178791357762
5636,10101,2,16,69142,1000,0.0,1,0.9539,0.6279094040288062,0.11627178791357762
5636,10101,2,17,69141,1000,0.0,1,0.9539,0.6279094040288062,0.11627178791357762
5636,10101,2,18,69140,1000,0.0,1,0.9539,0.6279094040288062,0.11627178791357762
5636,10101,2,19,69139,1000,0.0,1,0.9539,0.6279094040288062,0.11627178791357762
5636,10101,2,20,69138,1000,0.0,1,0.9539,0.6279094040288062,0.11627178791357762
5636,10101,2,21,69137,1000,0.0,1,0.9539,0.6279094040288062,0.11627178791357762
5636,10101,2,22,69136,1000,0.0,1,0.9539,0.6279094040288062,0.11627178791357762
5636,10101,2,23,69135,1000,0.0,1,0.9539,0.6279094040288062,0.11627178791357762
5636,10101,2,24,69134,1000,0.0,1,0.9539,0.6279094040288062,0.11627178791357762
5636,10101,3,5,69153,1000,0.0,1,0.9539,0.6279094040288062,0.11627178791357762
5636,10101,3,6,69152,1000,0.0,1,0.9539,0.6279094040288062,0.11627178791357762
5636,10101,3,7,69151,1000,0.0,1,0.9539,0.6279094040288062,0.11627178791357762
5636,10101,3,8,69150,1000,0.0,1,0.9539,0.6279094040288062,0.11627178791357762
5636,10101,3,9,69149,1000,0.0,1,0.9539,0.6279094040288062,0.11627178791357762
5636,10101,3,10,69148,1000,0.0,1,0.9539,0.6279094040288062,0.11627178791357762
5636,10101,3,11,69147,1000,0.0,1,0.9539,0.6279094040288062,0.11627178791357762
5636,10101,3,12,69146,1000,0.0,1,0.9539,0.6279094040288062,0.11627178791357762
5636,10101,3,13,69145,1000,0.0,1,0.9539,0.6279094040288062,0.11627178791357762
5636,10101,3,14,69144,1000,0.0,1,0.9539,0.6279094040288062,0.11627178791357762
5636,10101,3,15,69143,1000,0.0,1,0.9539,0.6279094040288062,0.11627178791357762
5636,10101,3,16,69142,1000,0.0,1,0.9539,0.6279094040288062,0.11627178791357762
5636,10101,3,17,69141,1000,0.0,1,0.9539,0.6279094040288062,0.11627178791357762
5636,10101,3,18,69140,1000,0.0,1,0.9539,0.6279094040288062,0.11627178791357762
5636,10101,3,19,69139,1000,0.0,1,0.9539,0.6279094040288062,0.11627178791357762
5636,10101,3,20,69138,1000,0.0,1,0.9539,0.6279094040288062,0.11627178791357762
5636,10101,3,21,69137,1000,0.0,1,0.9539,0.6279094040288062,0.11627178791357762
5636,10101,3,22,69136,1000,0.0,1,0.9539,0.6279094040288062,0.11627178791357762
5636,10101,3,23,69135,1000,0.0,1,0.9539,0.6279094040288062,0.11627178791357762
5636,10101,3,24,69134,1000,0.0,1,0.9539,0.6279094040288062,0.11627178791357762
5636,10101,4,5,69153,1000,0.0,1,0.9539,0.11627178791357762,0.11627178791357762
5636,10101,4,6,69152,1237,0.0,1,0.9638,0.11627178791357762,0.11627178791357762
5636,10101,4,7,69151,1127,0.00883,1,0.9592,0.11627178791357762,0.11627178791357762
5636,10101,4,8,69150,1413,0.01884,0,0.9997,0.11627178791357762,0.11627178791357762
5636,10101,4,9,69149,1000,0.01841,0,0.9997,0.11627178791357762,0.11627178791357762
5636,10101,4,10,69148,1310,4e-05,1,0.9997,0.11627178791357762,0.11627178791357762
5636,10101,4,11,69147,1179,0.00112,1,0.9813,0.11627178791357762,0.11627178791357762
5636,10101,4,12,69146,1058,0.04225,0,0.9997,0.11627178791357762,0.11627178791357762
5636,10101,4,13,69145,1106,0.0589,0,0.9997,0.11627178791357762,0.11627178791357762
5636,10101,4,14,69144,1187,0.01849,0,0.9997,0.11627178791357762,0.11627178791357762
5636,10101,4,15,69143,1287,0.02192,0,0.9997,0.11627178791357762,0.11627178791357762
5636,10101,4,16,69142,1000,0.01602,0,0.9997,0.11627178791357762,0.11627178791357762
5636,10101,4,17,69141,1096,0.05796,0,0.9997,0.11627178791357762,0.11627178791357762
5636,10101,4,18,69140,1005,0.00906,1,0.9997,0.11627178791357762,0.11627178791357762
5636,10101,4,19,69139,1000,0.06426,0,0.9718,0.11627178791357762,0.11627178791357762
5636,10101,4,20,69138,1000,0.00526,1,0.964,0.11627178791357762,0.11627178791357762
5636,10101,4,21,69137,1055,0.02618,0,0.964,0.11627178791357762,0.11627178791357762
5636,10101,4,22,69136,1305,0.00786,1,0.9997,0.11627178791357762,0.11627178791357762
5636,10101,4,23,69135,1090,0.00333,1,0.9997,0.11627178791357762,0.11627178791357762
5636,10101,4,24,69134,1247,0.02216,0,0.9762,0.11627178791357762,0.11627178791357762
5636,31,0,5,79624,1000,0.0,1,0.9488,0.27586206896551724,0.9310344827586207
5636,31,0,6,79623,1000,0.0,1,0.9488,0.27586206896551724,0.9310344827586207
5636,31,0,7,79622,1000,0.0,1,0.9488,0.27586206896551724,0.9310344827586207
5636,31,0,8,79621,1000,0.0,1,0.9488,0.27586206896551724,0.9310344827586207
5636,31,0,9,79620,1000,0.0,1,0.9738,0.27586206896551724,0.9310344827586207
5636,31,0,10,79619,1000,0.0,1,0.9567,0.27586206896551724,0.9310344827586207
5636,31,0,11,79618,1000,0.00024,1,0.9755,0.27586206896551724,0.9310344827586207
5636,31,0,12,79617,1000,0.01354,0,0.967,0.27586206896551724,0.9310344827586207
5636,31,0,13,79616,1000,0.00901,1,0.9488,0.27586206896551724,0.9310344827586207
5636,31,0,14,79615,1000,0.00371,1,0.0007,0.27586206896551724,0.9310344827586207
5636,31,0,15,79614,1000,0.01237,0,0.9536,0.27586206896551724,0.9310344827586207
5636,31,0,16,79613,1000,0.01084,0,0.9725,0.27586206896551724,0.9310344827586207
5636,31,0,17,79612,1000,0.01065,0,0.9725,0.27586206896551724,0.9310344827586207
5636,31,0,18,79611,1000,0.05131,0,0.9609,0.27586206896551724,0.9310344827586207
5636,31,0,19,79610,1000,0.09745,0,0.9609,0.27586206896551724,0.9310344827586207
5636,31,0,20,79609,1000,0.0508,0,0.9903,0.27586206896551724,0.9310344827586207
5636,31,0,21,79608,1000,0.028,0,0.9633,0.27586206896551724,0.9310344827586207
5636,31,0,22,79607,1000,0.09043,0,0.9609,0.27586206896551724,0.9310344827586207
5636,31,0,23,79606,1000,0.07795,0,0.9633,0.27586206896551724,0.9310344827586207
5636,31,0,24,79605,1000,0.06491,0,0.9755,0.27586206896551724,0.9310344827586207
5636,31,2,5,79624,1000,0.0,1,0.9488,0.10344827586206895,0.9310344827586207
5636,31,2,6,79623,1000,0.0,1,0.9488,0.10344827586206895,0.9310344827586207
5636,31,2,7,79622,1000,0.0,1,0.9488,0.10344827586206895,0.9310344827586207
5636,31,2,8,79621,1000,0.0,1,0.9488,0.10344827586206895,0.9310344827586207
5636,31,2,9,79620,1000,0.0,1,0.9488,0.10344827586206895,0.9310344827586207
5636,31,2,10,79619,1000,0.0,1,0.9488,0.10344827586206895,0.9310344827586207
5636,31,2,11,79618,1000,0.0,1,0.9488,0.10344827586206895,0.9310344827586207
5636,31,2,12,79617,1000,0.0,1,0.9488,0.10344827586206895,0.9310344827586207
5636,31,2,13,79616,1000,0.0,1,0.9488,0.10344827586206895,0.9310344827586207
5636,31,2,14,79615,1000,0.0,1,0.9488,0.10344827586206895,0.9310344827586207
5636,31,2,15,79614,1000,0.0,1,0.9488,0.10344827586206895,0.9310344827586207
5636,31,2,16,79613,1000,0.0,1,0.9488,0.10344827586206895,0.9310344827586207
5636,31,2,17,79612,1000,0.0,1,0.9488,0.10344827586206895,0.9310344827586207
5636,31,2,18,79611,1000,0.0,1,0.9488,0.10344827586206895,0.9310344827586207
5636,31,2,19,79610,1000,0.0,1,0.9488,0.10344827586206895,0.9310344827586207
5636,31,2,20,79609,1000,0.0,1,0.9488,0.10344827586206895,0.9310344827586207
5636,31,2,21,79608,1000,0.0,1,0.9633,0.10344827586206895,0.9310344827586207
5636,31,2,22,79607,1000,0.0,1,0.9807,0.10344827586206895,0.9310344827586207
5636,31,2,23,79606,1000,0.06614,0,0.9997,0.10344827586206895,0.9310344827586207
5636,31,2,24,79605,1000,0.07187,0,0.9488,0.10344827586206895,0.9310344827586207
5636,31,1,5,79624,1000,0.0,1,0.9554,0.1724137931034483,0.15517241379310343
5636,31,1,6,79623,1000,0.00784,1,0.9946,0.1724137931034483,0.15517241379310343
5636,31,1,7,79622,1000,0.0,1,0.984,0.1724137931034483,0.15517241379310343
5636,31,1,8,79621,1000,0.02138,0,0.9958,0.1724137931034483,0.15517241379310343
5636,31,1,9,79620,1000,0.01343,0,0.9788,0.1724137931034483,0.15517241379310343
5636,31,1,10,79619,1000,0.03262,0,0.9984,0.1724137931034483,0.15517241379310343
5636,31,1,11,79618,1000,0.00357,1,0.9984,0.1724137931034483,0.15517241379310343
5636,31,1,12,79617,1000,0.00749,1,0.9854,0.1724137931034483,0.15517241379310343
5636,31,1,13,79616,1628,0.028,0,0.9903,0.1724137931034483,0.15517241379310343
5636,31,1,14,79615,1340,0.10423,0,0.9726,0.1724137931034483,0.15517241379310343
5636,31,1,15,79614,1527,0.03212,0,0.9489,0.1724137931034483,0.15517241379310343
5636,31,1,16,79613,1000,0.08805,0,0.9903,0.1724137931034483,0.15517241379310343
5636,31,1,17,79612,1000,0.05196,0,0.9841,0.1724137931034483,0.15517241379310343
5636,31,1,18,79611,1000,0.0,1,0.9903,0.1724137931034483,0.15517241379310343
5636,31,1,19,79610,1000,0.02051,0,0.9903,0.1724137931034483,0.15517241379310343
5636,31,1,20,79609,1000,0.13189,0,0.9685,0.1724137931034483,0.15517241379310343
5636,31,1,21,79608,1000,0.04802,0,0.961,0.1724137931034483,0.15517241379310343
5636,31,1,22,79607,1000,0.04563,0,0.949,0.1724137931034483,0.15517241379310343
5636,31,1,23,79606,1000,0.03883,0,0.961,0.1724137931034483,0.15517241379310343
5636,31,1,24,79605,1000,0.08297,0,0.949,0.1724137931034483,0.15517241379310343
5859,9983,0,5,2873,1000,0.0,1,0.8949,0.09683129181799588,0.0
5859,9983,0,6,2872,1000,0.0,1,0.8948,0.09683129181799588,0.0
5859,9983,0,7,2871,1000,0.0,1,0.8948,0.09683129181799588,0.0
5859,9983,0,8,2870,1000,0.0,1,0.8948,0.09683129181799588,0.0
5859,9983,0,9,2869,1000,0.0,1,0.9442,0.09683129181799588,0.0
5859,9983,0,10,2868,1000,0.0,1,0.895,0.09683129181799588,0.0
5859,9983,0,11,2867,1000,0.0,1,0.9955,0.09683129181799588,0.0
5859,9983,0,12,2866,1000,0.01026,0,0.992,0.09683129181799588,0.0
5859,9983,0,13,2865,1000,0.01867,0,0.9972,0.09683129181799588,0.0
5859,9983,0,14,2864,1000,0.02061,0,0.9955,0.09683129181799588,0.0
5859,9983,0,15,2863,1000,0.0,1,0.964,0.09683129181799588,0.0
5859,9983,0,16,2862,1000,0.0,1,0.9948,0.09683129181799588,0.0
5859,9983,0,17,2861,1000,0.0,1,0.9979,0.09683129181799588,0.0
5859,9983,0,18,2860,1000,0.05795,0,0.9241,0.09683129181799588,0.0
5859,9983,0,19,2859,1000,0.06404,0,0.9983,0.09683129181799588,0.0
5859,9983,0,20,2858,1000,0.0,1,0.9976,0.09683129181799588,0.0
5859,9983,0,21,2857,1000,0.02067,0,0.9982,0.09683129181799588,0.0
5859,9983,0,22,2856,1000,0.00316,1,0.9849,0.09683129181799588,0.0
5859,9983,0,23,2855,1000,0.01136,0,0.9993,0.09683129181799588,0.0
5859,9983,0,24,2854,1000,0.03878,0,0.9993,0.09683129181799588,0.0
5636,31,3,5,79624,1000,0.0,1,0.984,0.2068965517241379,0.9310344827586207
5636,31,3,6,79623,1000,0.0,1,0.9808,0.2068965517241379,0.9310344827586207
5636,31,3,7,79622,1000,0.01773,0,0.9488,0.2068965517241379,0.9310344827586207
5636,31,3,8,79621,1000,0.00031,1,0.9725,0.2068965517241379,0.9310344827586207
5636,31,3,9,79620,1000,0.01854,0,0.9808,0.2068965517241379,0.9310344827586207
5636,31,3,10,79619,1000,0.0451,0,0.9536,0.2068965517241379,0.9310344827586207
5636,31,3,11,79618,1000,0.02358,0,0.9925,0.2068965517241379,0.9310344827586207
5636,31,3,12,79617,1000,0.0,1,0.9725,0.2068965517241379,0.9310344827586207
5636,31,3,13,79616,1000,0.04004,0,0.9568,0.2068965517241379,0.9310344827586207
5636,31,3,14,79615,1000,0.06405,0,0.9609,0.2068965517241379,0.9310344827586207
5636,31,3,15,79614,1000,0.00569,1,0.9958,0.2068965517241379,0.9310344827586207
5636,31,3,16,79613,1000,0.0323,0,0.9641,0.2068965517241379,0.9310344827586207
5636,31,3,17,79612,1000,0.00968,1,0.9489,0.2068965517241379,0.9310344827586207
5636,31,3,18,79611,1000,0.20293,0,0.9788,0.2068965517241379,0.9310344827586207
5636,31,3,19,79610,1000,0.0717,0,0.9489,0.2068965517241379,0.9310344827586207
5636,31,3,20,79609,1000,0.05627,0,0.9937,0.2068965517241379,0.9310344827586207
5636,31,3,21,79608,1000,0.05481,0,0.9671,0.2068965517241379,0.9310344827586207
5636,31,3,22,79607,1000,0.10464,0,0.9925,0.2068965517241379,0.9310344827586207
5636,31,3,23,79606,1000,0.12361,0,0.949,0.2068965517241379,0.9310344827586207
5636,31,3,24,79605,1000,0.14058,0,0.9634,0.2068965517241379,0.9310344827586207
5859,9983,1,5,2873,1000,0.0,1,0.8949,0.0,0.3111177613499341
5859,9983,1,6,2872,1000,0.0,1,0.8948,0.0,0.3111177613499341
5859,9983,1,7,2871,1000,0.0,1,0.8948,0.0,0.3111177613499341
5859,9983,1,8,2870,1000,0.0,1,0.9216,0.0,0.3111177613499341
5859,9983,1,9,2869,1000,0.0,1,0.9805,0.0,0.3111177613499341
5859,9983,1,10,2868,1000,0.00362,1,0.9533,0.0,0.3111177613499341
5859,9983,1,11,2867,1000,0.00251,1,1.0,0.0,0.3111177613499341
5859,9983,1,12,2866,1000,0.00516,1,0.9892,0.0,0.3111177613499341
5859,9983,1,13,2865,1000,0.04704,0,0.9518,0.0,0.3111177613499341
5859,9983,1,14,2864,1000,0.0,1,0.9958,0.0,0.3111177613499341
5859,9983,1,15,2863,1000,0.0096,1,0.9916,0.0,0.3111177613499341
5859,9983,1,16,2862,1000,0.03343,0,0.9948,0.0,0.3111177613499341
5859,9983,1,17,2861,1000,0.0,1,0.9993,0.0,0.3111177613499341
5859,9983,1,18,2860,1000,0.00945,1,0.9909,0.0,0.3111177613499341
5859,9983,1,19,2859,1000,0.0,1,0.9997,0.0,0.3111177613499341
5859,9983,1,20,2858,1000,0.01672,0,0.9962,0.0,0.3111177613499341
5859,9983,1,21,2857,1000,0.14602,0,0.9989,0.0,0.3111177613499341
5859,9983,1,22,2856,1000,0.0,1,1.0,0.0,0.3111177613499341
5859,9983,1,23,2855,1000,0.05053,0,0.9979,0.0,0.3111177613499341
5859,9983,1,24,2854,1000,0.01074,0,1.0,0.0,0.3111177613499341
5859,9983,2,5,2873,1000,0.0,1,0.9217,0.0,0.5548292489394784
5859,9983,2,6,2872,1000,0.0,1,0.8952,0.0,0.5548292489394784
5859,9983,2,7,2871,1000,0.0,1,0.9216,0.0,0.5548292489394784
5859,9983,2,8,2870,1000,0.0,1,0.953,0.0,0.5548292489394784
5859,9983,2,9,2869,1000,0.0,1,0.9571,0.0,0.5548292489394784
5859,9983,2,10,2868,1000,0.0,1,0.9843,0.0,0.5548292489394784
5859,9983,2,11,2867,1000,0.0,1,0.984,0.0,0.5548292489394784
5859,9983,2,12,2866,1000,0.0,1,0.9456,0.0,0.5548292489394784
5859,9983,2,13,2865,1000,0.01101,0,0.9812,0.0,0.5548292489394784
5859,9983,2,14,2864,1000,0.00365,1,0.9923,0.0,0.5548292489394784
5859,9983,2,15,2863,1000,0.0,1,0.9927,0.0,0.5548292489394784
5859,9983,2,16,2862,1000,0.00029,1,0.9406,0.0,0.5548292489394784
5859,9983,2,17,2861,1000,0.0,1,0.9972,0.0,0.5548292489394784
5859,9983,2,18,2860,1000,0.03106,0,0.9927,0.0,0.5548292489394784
5859,9983,2,19,2859,1000,0.0,1,0.9997,0.0,0.5548292489394784
5859,9983,2,20,2858,1000,0.0,1,0.9993,0.0,0.5548292489394784
5859,9983,2,21,2857,1000,0.0,1,1.0,0.0,0.5548292489394784
5859,9983,2,22,2856,1000,0.03208,0,0.9993,0.0,0.5548292489394784
5859,9983,2,23,2855,1000,0.09349,0,0.9958,0.0,0.5548292489394784
5859,9983,2,24,2854,1000,0.04347,0,0.9996,0.0,0.5548292489394784
5636,31,4,5,79624,1000,0.0,1,0.9488,0.06896551724137934,0.27586206896551724
5636,31,4,6,79623,1192,0.0,1,0.9738,0.06896551724137934,0.27586206896551724
5636,31,4,7,79622,1196,0.00419,1,0.9903,0.06896551724137934,0.27586206896551724
5636,31,4,8,79621,1176,0.00489,1,0.984,0.06896551724137934,0.27586206896551724
5636,31,4,9,79620,1079,0.01985,0,0.9854,0.06896551724137934,0.27586206896551724
5636,31,4,10,79619,1361,0.0155,0,0.9541,0.06896551724137934,0.27586206896551724
5636,31,4,11,79618,1794,0.0028,1,0.9854,0.06896551724137934,0.27586206896551724
5636,31,4,12,79617,1549,0.03344,0,0.9999,0.06896551724137934,0.27586206896551724
5636,31,4,13,79616,2196,0.06379,0,0.9937,0.06896551724137934,0.27586206896551724
5636,31,4,14,79615,2376,0.07966,0,0.9609,0.06896551724137934,0.27586206896551724
5636,31,4,15,79614,2254,0.01369,0,0.9903,0.06896551724137934,0.27586206896551724
5636,31,4,16,79613,2565,0.04284,0,0.9998,0.06896551724137934,0.27586206896551724
5636,31,4,17,79612,2365,0.03677,0,0.9992,0.06896551724137934,0.27586206896551724
5636,31,4,18,79611,2239,0.05071,0,0.9809,0.06896551724137934,0.27586206896551724
5636,31,4,19,79610,2385,0.09111,0,0.9609,0.06896551724137934,0.27586206896551724
5636,31,4,20,79609,2199,0.05186,0,0.9609,0.06896551724137934,0.27586206896551724
5636,31,4,21,79608,1998,0.06927,0,0.9975,0.06896551724137934,0.27586206896551724
5636,31,4,22,79607,1643,0.08048,0,0.9903,0.06896551724137934,0.27586206896551724
5636,31,4,23,79606,2070,0.02447,0,0.9757,0.06896551724137934,0.27586206896551724
5636,31,4,24,79605,2066,0.02572,0,0.9995,0.06896551724137934,0.27586206896551724
5859,9983,3,5,2873,1000,0.01804,0,0.9903,0.0,0.0
5859,9983,3,6,2872,1000,0.00059,1,0.9822,0.0,0.0
5859,9983,3,7,2871,1000,0.01805,0,0.8962,0.0,0.0
5859,9983,3,8,2870,1071,0.0,1,0.9927,0.0,0.0
5859,9983,3,9,2869,1000,0.00501,1,0.9007,0.0,0.0
5859,9983,3,10,2868,1118,0.0,1,0.999,0.0,0.0
5859,9983,3,11,2867,1439,0.0,1,0.9641,0.0,0.0
5859,9983,3,12,2866,1792,0.0,1,0.9948,0.0,0.0
5859,9983,3,13,2865,1719,0.0,1,0.9902,0.0,0.0
5859,9983,3,14,2864,1733,0.0,1,0.9333,0.0,0.0
5859,9983,3,15,2863,1975,0.0,1,0.9927,0.0,0.0
5859,9983,3,16,2862,1796,0.0011,1,0.9948,0.0,0.0
5859,9983,3,17,2861,1756,0.0,1,0.9944,0.0,0.0
5859,9983,3,18,2860,1993,0.05338,0,0.999,0.0,0.0
5859,9983,3,19,2859,2614,0.0,1,1.0,0.0,0.0
5859,9983,3,20,2858,2263,0.0,1,0.9923,0.0,0.0
5859,9983,3,21,2857,1495,0.0,1,0.9965,0.0,0.0
5859,9983,3,22,2856,1792,0.0,1,0.9961,0.0,0.0
5859,9983,3,23,2855,1606,0.0,1,1.0,0.0,0.0
5859,9983,3,24,2854,1545,0.0,1,0.9996,0.0,0.0
5859,9983,4,5,2873,1000,0.0,1,0.9944,0.0,0.0
5859,9983,4,6,2872,1000,0.0,1,0.999,0.0,0.0
5859,9983,4,7,2871,1000,0.03819,0,0.9997,0.0,0.0
5859,9983,4,8,2870,1000,0.00927,1,0.999,0.0,0.0
5859,9983,4,9,2869,1000,0.00685,1,0.9397,0.0,0.0
5859,9983,4,10,2868,1000,0.01138,0,0.9983,0.0,0.0
5859,9983,4,11,2867,1000,0.0,1,0.9983,0.0,0.0
5859,9983,4,12,2866,1000,0.04934,0,0.9993,0.0,0.0
5859,9983,4,13,2865,1000,0.04834,0,0.9976,0.0,0.0
5859,9983,4,14,2864,1000,0.01667,0,0.9941,0.0,0.0
5859,9983,4,15,2863,1000,0.17411,0,0.986,0.0,0.0
5859,9983,4,16,2862,1000,0.0,1,0.9979,0.0,0.0
5859,9983,4,17,2861,1000,0.03113,0,1.0,0.0,0.0
5859,9983,4,18,2860,1000,0.0,1,0.9979,0.0,0.0
5859,9983,4,19,2859,1000,0.0,1,0.993,0.0,0.0
5859,9983,4,20,2858,1042,0.00812,1,0.9979,0.0,0.0
5859,9983,4,21,2857,1000,0.01236,0,0.9986,0.0,0.0
5859,9983,4,22,2856,1000,0.05184,0,0.9989,0.0,0.0
5859,9983,4,23,2855,1000,0.0,1,1.0,0.0,0.0
5859,9983,4,24,2854,1000,0.0,1,0.9947,0.0,0.0
5859,31,0,5,3015,1000,0.0,1,0.9396,0.18181818181818177,0.1454545454545455
5859,31,0,6,3014,1000,0.0,1,0.9396,0.18181818181818177,0.1454545454545455
5859,31,0,7,3013,1000,0.0,1,0.9396,0.18181818181818177,0.1454545454545455
5859,31,0,8,3012,1000,0.0,1,0.9396,0.18181818181818177,0.1454545454545455
5859,31,0,9,3011,1000,0.0,1,0.9459,0.18181818181818177,0.1454545454545455
5859,31,0,10,3010,1000,0.0,1,0.9867,0.18181818181818177,0.1454545454545455
5859,31,0,11,3009,1000,0.01062,0,0.9791,0.18181818181818177,0.1454545454545455
5859,31,0,12,3008,1000,0.01493,0,0.9495,0.18181818181818177,0.1454545454545455
5859,31,0,13,3007,1000,0.00365,1,0.9408,0.18181818181818177,0.1454545454545455
5859,31,0,14,3006,1000,0.00288,1,0.9867,0.18181818181818177,0.1454545454545455
5859,31,0,15,3005,1000,0.0,1,0.9867,0.18181818181818177,0.1454545454545455
5859,31,0,16,3004,1000,0.06743,0,0.963,0.18181818181818177,0.1454545454545455
5859,31,0,17,3003,1000,0.0843,0,0.9757,0.18181818181818177,0.1454545454545455
5859,31,0,18,3002,1000,0.0104,0,0.9757,0.18181818181818177,0.1454545454545455
5859,31,0,19,3001,1000,0.00461,1,0.951,0.18181818181818177,0.1454545454545455
5859,31,0,20,3000,1000,0.01457,0,0.9867,0.18181818181818177,0.1454545454545455
5859,31,0,21,2999,1000,0.00374,1,0.993,0.18181818181818177,0.1454545454545455
5859,31,0,22,2998,1000,0.02685,0,0.989,0.18181818181818177,0.1454545454545455
5859,31,0,23,2997,1000,0.0,1,0.958,0.18181818181818177,0.1454545454545455
5859,31,0,24,2996,1000,0.01604,0,0.9823,0.18181818181818177,0.1454545454545455
5859,31,1,5,3015,1000,0.0,1,0.9396,0.12727272727272732,0.1636363636363637
5859,31,1,6,3014,1000,0.0,1,0.9396,0.12727272727272732,0.1636363636363637
5859,31,1,7,3013,1000,0.0,1,0.9396,0.12727272727272732,0.1636363636363637
5859,31,1,8,3012,1000,0.0,1,0.9396,0.12727272727272732,0.1636363636363637
5859,31,1,9,3011,1000,0.0,1,0.9396,0.12727272727272732,0.1636363636363637
5859,31,1,10,3010,1000,0.0,1,0.9728,0.12727272727272732,0.1636363636363637
5859,31,1,11,3009,1000,0.0,1,0.9541,0.12727272727272732,0.1636363636363637
5859,31,1,12,3008,1000,0.0,1,0.9787,0.12727272727272732,0.1636363636363637
5859,31,1,13,3007,1000,0.0,1,0.9405,0.12727272727272732,0.1636363636363637
5859,31,1,14,3006,1000,0.00227,1,0.9947,0.12727272727272732,0.1636363636363637
5859,31,1,15,3005,1000,0.0,1,0.9973,0.12727272727272732,0.1636363636363637
5859,31,1,16,3004,1000,0.0,1,0.9794,0.12727272727272732,0.1636363636363637
5859,31,1,17,3003,1000,0.04184,0,0.9414,0.12727272727272732,0.1636363636363637
5859,31,1,18,3002,1000,0.0,1,0.9437,0.12727272727272732,0.1636363636363637
5859,31,1,19,3001,1000,0.00733,1,0.9583,0.12727272727272732,0.1636363636363637
5859,31,1,20,3000,1000,0.0,1,0.9873,0.12727272727272732,0.1636363636363637
5859,31,1,21,2999,1000,0.0,1,0.9777,0.12727272727272732,0.1636363636363637
5859,31,1,22,2998,1000,0.04986,0,0.968,0.12727272727272732,0.1636363636363637
5859,31,1,23,2997,1000,0.0,1,0.9987,0.12727272727272732,0.1636363636363637
5859,31,1,24,2996,1000,0.01137,0,0.9977,0.12727272727272732,0.1636363636363637
5859,31,2,5,3015,1000,0.0,1,0.9396,0.19999999999999996,0.32727272727272727
5859,31,2,6,3014,1000,0.0,1,0.9658,0.19999999999999996,0.32727272727272727
5859,31,2,7,3013,1000,0.0,1,0.9399,0.19999999999999996,0.32727272727272727
5859,31,2,8,3012,1000,0.0,1,0.9658,0.19999999999999996,0.32727272727272727
5859,31,2,9,3011,1000,0.0,1,0.9694,0.19999999999999996,0.32727272727272727
5859,31,2,10,3010,1000,0.0,1,0.0013,0.19999999999999996,0.32727272727272727
5859,31,2,11,3009,1000,0.0,1,0.9468,0.19999999999999996,0.32727272727272727
5859,31,2,12,3008,1000,0.00542,1,0.9727,0.19999999999999996,0.32727272727272727
5859,31,2,13,3007,1000,0.00399,1,0.9727,0.19999999999999996,0.32727272727272727
5859,31,2,14,3006,1000,0.0,1,0.9528,0.19999999999999996,0.32727272727272727
5859,31,2,15,3005,1000,0.0,1,0.9527,0.19999999999999996,0.32727272727272727
5859,31,2,16,3004,1000,0.0,1,0.9867,0.19999999999999996,0.32727272727272727
5859,31,2,17,3003,1000,0.00143,1,0.9677,0.19999999999999996,0.32727272727272727
5859,31,2,18,3002,1000,0.00176,1,0.9517,0.19999999999999996,0.32727272727272727
5859,31,2,19,3001,1000,0.03761,0,0.9763,0.19999999999999996,0.32727272727272727
5859,31,2,20,3000,1000,0.0,1,0.9887,0.19999999999999996,0.32727272727272727
5859,31,2,21,2999,1000,0.01109,0,0.991,0.19999999999999996,0.32727272727272727
5859,31,2,22,2998,1000,0.0,1,0.9713,0.19999999999999996,0.32727272727272727
5859,31,2,23,2997,1000,0.01229,0,0.9873,0.19999999999999996,0.32727272727272727
5859,31,2,24,2996,1000,0.0,1,0.9716,0.19999999999999996,0.32727272727272727
5859,31,3,5,3015,1000,0.0,1,0.9396,0.12727272727272732,0.10909090909090913
5859,31,3,6,3014,1000,0.0,1,0.9396,0.12727272727272732,0.10909090909090913
5859,31,3,7,3013,1000,0.0,1,0.9396,0.12727272727272732,0.10909090909090913
5859,31,3,8,3012,1000,0.0,1,0.9973,0.12727272727272732,0.10909090909090913
5859,31,3,9,3011,1000,0.0,1,0.989,0.12727272727272732,0.10909090909090913
5859,31,3,10,3010,1000,0.01265,0,0.9973,0.12727272727272732,0.10909090909090913
5859,31,3,11,3009,1000,0.0,1,0.9668,0.12727272727272732,0.10909090909090913
5859,31,3,12,3008,1000,0.0,1,0.9408,0.12727272727272732,0.10909090909090913
5859,31,3,13,3007,1000,0.00564,1,0.9973,0.12727272727272732,0.10909090909090913
5859,31,3,14,3006,1000,0.0,1,0.992,0.12727272727272732,0.10909090909090913
5859,31,3,15,3005,1000,0.0,1,0.976,0.12727272727272732,0.10909090909090913
5859,31,3,16,3004,1000,0.0,1,0.0013,0.12727272727272732,0.10909090909090913
5859,31,3,17,3003,1000,0.06664,0,0.9677,0.12727272727272732,0.10909090909090913
5859,31,3,18,3002,1000,0.03259,0,0.9564,0.12727272727272732,0.10909090909090913
5859,31,3,19,3001,1000,0.0,1,0.9957,0.12727272727272732,0.10909090909090913
5859,31,3,20,3000,1000,0.00626,1,0.968,0.12727272727272732,0.10909090909090913
5859,31,3,21,2999,1000,0.00125,1,0.9903,0.12727272727272732,0.10909090909090913
5859,31,3,22,2998,1000,0.00282,1,0.9973,0.12727272727272732,0.10909090909090913
5859,31,3,23,2997,1000,0.0,1,0.996,0.12727272727272732,0.10909090909090913
5859,31,3,24,2996,1000,0.03696,0,0.9987,0.12727272727272732,0.10909090909090913
5859,31,4,5,3015,1000,0.0,1,0.9396,0.054545454545454564,0.21818181818181814
5859,31,4,6,3014,1000,0.0,1,0.9396,0.054545454545454564,0.21818181818181814
5859,31,4,7,3013,1000,0.0,1,0.9608,0.054545454545454564,0.21818181818181814
5859,31,4,8,3012,1000,0.00404,1,0.9399,0.054545454545454564,0.21818181818181814
5859,31,4,9,3011,1000,0.01944,0,0.9479,0.054545454545454564,0.21818181818181814
5859,31,4,10,3010,1000,0.0,1,0.9728,0.054545454545454564,0.21818181818181814
5859,31,4,11,3009,1000,0.0,1,0.9485,0.054545454545454564,0.21818181818181814
5859,31,4,12,3008,1000,0.0,1,0.9697,0.054545454545454564,0.21818181818181814
5859,31,4,13,3007,1000,0.00033,1,0.9867,0.054545454545454564,0.21818181818181814
5859,31,4,14,3006,1000,0.0,1,0.9701,0.054545454545454564,0.21818181818181814
5859,31,4,15,3005,1000,0.0,1,0.9764,0.054545454545454564,0.21818181818181814
5859,31,4,16,3004,1000,0.0,1,0.0063,0.054545454545454564,0.21818181818181814
5859,31,4,17,3003,1000,0.00077,1,0.9704,0.054545454545454564,0.21818181818181814
5859,31,4,18,3002,1000,0.0,1,0.9487,0.054545454545454564,0.21818181818181814
5859,31,4,19,3001,1000,0.0,1,0.991,0.054545454545454564,0.21818181818181814
5859,31,4,20,3000,1000,0.0,1,0.9753,0.054545454545454564,0.21818181818181814
5859,31,4,21,2999,1000,0.0,1,0.9997,0.054545454545454564,0.21818181818181814
5859,31,4,22,2998,1000,0.0,1,0.995,0.054545454545454564,0.21818181818181814
5859,31,4,23,2997,1000,0.0328,0,0.9523,0.054545454545454564,0.21818181818181814
5859,31,4,24,2996,1000,0.04166,0,0.999,0.054545454545454564,0.21818181818181814
5859,37,0,5,3249,1000,0.0,1,0.6999,0.07865556370539739,0.07865556370539739
5859,37,0,6,3248,1000,0.0,1,0.6998,0.07865556370539739,0.07865556370539739
5859,37,0,7,3247,1000,0.0,1,0.6997,0.07865556370539739,0.07865556370539739
5859,37,0,8,3246,1000,0.0,1,0.6996,0.07865556370539739,0.07865556370539739
5859,37,0,9,3245,1000,0.0,1,0.8863,0.07865556370539739,0.07865556370539739
5859,37,0,10,3244,1000,0.0,1,0.9735,0.07865556370539739,0.07865556370539739
5859,37,0,11,3243,1000,0.01787,0,0.9735,0.07865556370539739,0.07865556370539739
5859,37,0,12,3242,1000,0.00329,1,0.9824,0.07865556370539739,0.07865556370539739
5859,37,0,13,3241,1000,0.0,1,0.9824,0.07865556370539739,0.07865556370539739
5859,37,0,14,3240,1000,0.00921,1,0.9201,0.07865556370539739,0.07865556370539739
5859,37,0,15,3239,1000,0.0,1,0.9111,0.07865556370539739,0.07865556370539739
5859,37,0,16,3238,1000,0.00495,1,0.9741,0.07865556370539739,0.07865556370539739
5859,37,0,17,3237,1000,0.0,1,0.9839,0.07865556370539739,0.07865556370539739
5859,37,0,18,3236,1000,2e-05,1,0.9827,0.07865556370539739,0.07865556370539739
5859,37,0,19,3235,1000,0.0,1,0.8887,0.07865556370539739,0.07865556370539739
5859,37,0,20,3234,1000,0.0,1,0.9746,0.07865556370539739,0.07865556370539739
5859,37,0,21,3233,1000,0.02226,0,0.9864,0.07865556370539739,0.07865556370539739
5859,37,0,22,3232,1000,0.00164,1,0.9749,0.07865556370539739,0.07865556370539739
5859,37,0,23,3231,1000,0.01179,0,0.9975,0.07865556370539739,0.07865556370539739
5859,37,0,24,3230,1000,0.00749,1,0.9777,0.07865556370539739,0.07865556370539739
5859,37,1,5,3249,1000,0.0,1,0.9735,0.07865556370539739,0.02247055270311127
5859,37,1,6,3248,1000,0.0,1,0.9735,0.07865556370539739,0.02247055270311127
5859,37,1,7,3247,1000,0.0,1,0.9735,0.07865556370539739,0.02247055270311127
5859,37,1,8,3246,1000,0.00526,1,0.9741,0.07865556370539739,0.02247055270311127
5859,37,1,9,3245,1000,0.00017,1,0.8875,0.07865556370539739,0.02247055270311127
5859,37,1,10,3244,1000,0.00877,1,0.8875,0.07865556370539739,0.02247055270311127
5859,37,1,11,3243,1000,0.01731,0,0.8979,0.07865556370539739,0.02247055270311127
5859,37,1,12,3242,1000,0.0,1,0.9738,0.07865556370539739,0.02247055270311127
5859,37,1,13,3241,1000,0.0,1,0.9975,0.07865556370539739,0.02247055270311127
5859,37,1,14,3240,1000,0.00651,1,0.9975,0.07865556370539739,0.02247055270311127
5859,37,1,15,3239,1053,0.0,1,0.9207,0.07865556370539739,0.02247055270311127
5859,37,1,16,3238,1151,0.0323,0,0.9231,0.07865556370539739,0.02247055270311127
5859,37,1,17,3237,1086,0.00324,1,0.9975,0.07865556370539739,0.02247055270311127
5859,37,1,18,3236,1783,0.00608,1,0.9747,0.07865556370539739,0.02247055270311127
5859,37,1,19,3235,1119,0.0,1,0.9747,0.07865556370539739,0.02247055270311127
5859,37,1,20,3234,1164,0.0,1,0.9746,0.07865556370539739,0.02247055270311127
5859,37,1,21,3233,1107,0.0,1,0.9746,0.07865556370539739,0.02247055270311127
5859,37,1,22,3232,1492,0.0,1,0.9137,0.07865556370539739,0.02247055270311127
5859,37,1,23,3231,2206,0.01335,0,0.9833,0.07865556370539739,0.02247055270311127
5859,37,1,24,3230,1373,0.0,1,0.891,0.07865556370539739,0.02247055270311127
5859,37,2,5,3249,1000,0.0,1,0.6999,0.07865556370539739,0.07865556370539739
5859,37,2,6,3248,1000,0.0,1,0.6998,0.07865556370539739,0.07865556370539739
5859,37,2,7,3247,1000,0.0,1,0.6997,0.07865556370539739,0.07865556370539739
5859,37,2,8,3246,1000,0.0,1,0.6996,0.07865556370539739,0.07865556370539739
5859,37,2,9,3245,1000,0.0,1,0.6995,0.07865556370539739,0.07865556370539739
5859,37,2,10,3244,1000,0.0,1,0.8863,0.07865556370539739,0.07865556370539739
5859,37,2,11,3243,1000,0.0,1,0.9735,0.07865556370539739,0.07865556370539739
5859,37,2,12,3242,1000,0.01659,0,0.8865,0.07865556370539739,0.07865556370539739
5859,37,2,13,3241,1000,0.0,1,0.9195,0.07865556370539739,0.07865556370539739
5859,37,2,14,3240,1000,0.00783,1,0.9975,0.07865556370539739,0.07865556370539739
5859,37,2,15,3239,1000,0.00144,1,0.9738,0.07865556370539739,0.07865556370539739
5859,37,2,16,3238,1000,0.0,1,0.9867,0.07865556370539739,0.07865556370539739
5859,37,2,17,3237,1000,0.009,1,0.8876,0.07865556370539739,0.07865556370539739
5859,37,2,18,3236,1000,0.00921,1,0.974,0.07865556370539739,0.07865556370539739
5859,37,2,19,3235,1000,0.02439,0,0.974,0.07865556370539739,0.07865556370539739
5859,37,2,20,3234,1000,0.0,1,0.983,0.07865556370539739,0.07865556370539739
5859,37,2,21,3233,1000,0.02233,0,0.9932,0.07865556370539739,0.07865556370539739
5859,37,2,22,3232,1000,0.01305,0,0.9752,0.07865556370539739,0.07865556370539739
5859,37,2,23,3231,1000,0.01225,0,0.9975,0.07865556370539739,0.07865556370539739
5859,37,2,24,3230,1000,0.01227,0,0.9873,0.07865556370539739,0.07865556370539739
5859,37,3,5,3249,1000,0.0,1,0.8969,0.06741165810933292,0.07865556370539739
5859,37,3,6,3248,1000,0.0,1,0.8867,0.06741165810933292,0.07865556370539739
5859,37,3,7,3247,1000,0.00125,1,0.9735,0.06741165810933292,0.07865556370539739
5859,37,3,8,3246,1000,0.00082,1,0.9735,0.06741165810933292,0.07865556370539739
5859,37,3,9,3245,1000,0.0,1,0.9735,0.06741165810933292,0.07865556370539739
5859,37,3,10,3244,1000,0.00564,1,0.9735,0.06741165810933292,0.07865556370539739
5859,37,3,11,3243,1000,0.00688,1,0.9824,0.06741165810933292,0.07865556370539739
5859,37,3,12,3242,1000,0.0,1,0.9226,0.06741165810933292,0.07865556370539739
5859,37,3,13,3241,1000,0.00302,1,0.8883,0.06741165810933292,0.07865556370539739
5859,37,3,14,3240,1000,0.00531,1,0.9738,0.06741165810933292,0.07865556370539739
5859,37,3,15,3239,1000,0.00104,1,0.761,0.06741165810933292,0.07865556370539739
5859,37,3,16,3238,1000,0.0,1,0.9206,0.06741165810933292,0.07865556370539739
5859,37,3,17,3237,1000,0.0,1,0.9737,0.06741165810933292,0.07865556370539739
5859,37,3,18,3236,1000,0.0,1,0.9122,0.06741165810933292,0.07865556370539739
5859,37,3,19,3235,1000,0.0,1,0.9824,0.06741165810933292,0.07865556370539739
5859,37,3,20,3234,1000,0.0,1,0.9839,0.06741165810933292,0.07865556370539739
5859,37,3,21,3233,1000,0.00295,1,0.9827,0.06741165810933292,0.07865556370539739
5859,37,3,22,3232,1000,0.00225,1,0.9981,0.06741165810933292,0.07865556370539739
5859,37,3,23,3231,1000,0.0266,0,0.914,0.06741165810933292,0.07865556370539739
5859,37,3,24,3230,1000,0.0,1,0.9765,0.06741165810933292,0.07865556370539739
5859,37,4,5,3249,1000,0.0093,1,0.9828,0.07865556370539739,0.07865556370539739
5859,37,4,6,3248,1000,0.0,1,0.9741,0.07865556370539739,0.07865556370539739
5859,37,4,7,3247,1255,0.02281,0,0.9741,0.07865556370539739,0.07865556370539739
5859,37,4,8,3246,1086,0.0,1,0.8879,0.07865556370539739,0.07865556370539739
5859,37,4,9,3245,1221,0.0,1,0.8986,0.07865556370539739,0.07865556370539739
5859,37,4,10,3244,1281,0.0,1,0.7019,0.07865556370539739,0.07865556370539739
5859,37,4,11,3243,1142,0.02186,0,0.9747,0.07865556370539739,0.07865556370539739
5859,37,4,12,3242,1295,0.0,1,0.8883,0.07865556370539739,0.07865556370539739
5859,37,4,13,3241,1592,0.03691,0,0.9744,0.07865556370539739,0.07865556370539739
5859,37,4,14,3240,2214,0.0,1,0.9744,0.07865556370539739,0.07865556370539739
5859,37,4,15,3239,1534,0.01262,0,0.9827,0.07865556370539739,0.07865556370539739
5859,37,4,16,3238,1990,0.0,1,0.9123,0.07865556370539739,0.07865556370539739
5859,37,4,17,3237,1588,0.0,1,0.9212,0.07865556370539739,0.07865556370539739
5859,37,4,18,3236,2053,0.00208,1,0.9747,0.07865556370539739,0.07865556370539739
5859,37,4,19,3235,2264,0.0,1,0.9932,0.07865556370539739,0.07865556370539739
5859,37,4,20,3234,2068,0.01126,0,0.983,0.07865556370539739,0.07865556370539739
5859,37,4,21,3233,1667,0.0,1,0.9932,0.07865556370539739,0.07865556370539739
5859,37,4,22,3232,2065,0.03493,0,0.914,0.07865556370539739,0.07865556370539739
5859,37,4,23,3231,1734,0.03044,0,0.9755,0.07865556370539739,0.07865556370539739
5859,37,4,24,3230,1736,0.03892,0,0.9895,0.07865556370539739,0.07865556370539739
5859,3902,0,5,3392,1000,0.0,1,0.9248,0.2777530274188986,1.0
5859,3902,0,6,3391,1000,0.0,1,0.9248,0.2777530274188986,1.0
5859,3902,0,7,3390,1000,0.0,1,0.9248,0.2777530274188986,1.0
5859,3902,0,8,3389,1000,0.0,1,0.9248,0.2777530274188986,1.0
5859,3902,0,9,3388,1000,0.0,1,0.9247,0.2777530274188986,1.0
5859,3902,0,10,3387,1000,0.0,1,0.9247,0.2777530274188986,1.0
5859,3902,0,11,3386,1000,0.0,1,0.9247,0.2777530274188986,1.0
5859,3902,0,12,3385,1000,0.0,1,0.9247,0.2777530274188986,1.0
5859,3902,0,13,3384,1000,0.0,1,0.9246,0.2777530274188986,1.0
5859,3902,0,14,3383,1000,0.0,1,0.9595,0.2777530274188986,1.0
5859,3902,0,15,3382,1000,0.0,1,0.987,0.2777530274188986,1.0
5859,3902,0,16,3381,1000,0.01882,0,0.9453,0.2777530274188986,1.0
5859,3902,0,17,3380,1000,0.0,1,0.9453,0.2777530274188986,1.0
5859,3902,0,18,3379,1000,0.00135,1,0.987,0.2777530274188986,1.0
5859,3902,0,19,3378,1000,0.02853,0,0.926,0.2777530274188986,1.0
5859,3902,0,20,3377,1000,0.04782,0,0.9402,0.2777530274188986,1.0
5859,3902,0,21,3376,1000,0.0,1,0.9262,0.2777530274188986,1.0
5859,3902,0,22,3375,1000,0.0,1,0.9262,0.2777530274188986,1.0
5859,3902,0,23,3374,1000,0.0,1,0.963,0.2777530274188986,1.0
5859,3902,0,24,3373,1000,0.0,1,0.987,0.2777530274188986,1.0
5859,3902,1,5,3392,1000,0.0,1,0.9248,1.0,1.0
5859,3902,1,6,3391,1000,0.0,1,0.9248,1.0,1.0
5859,3902,1,7,3390,1000,0.0,1,0.9248,1.0,1.0
5859,3902,1,8,3389,1000,0.0,1,0.9248,1.0,1.0
5859,3902,1,9,3388,1000,0.0,1,0.9247,1.0,1.0
5859,3902,1,10,3387,1000,0.0,1,0.9247,1.0,1.0
5859,3902,1,11,3386,1000,0.0,1,0.9247,1.0,1.0
5859,3902,1,12,3385,1000,0.0,1,0.9247,1.0,1.0
5859,3902,1,13,3384,1000,0.0,1,0.9246,1.0,1.0
5859,3902,1,14,3383,1000,0.0,1,0.9246,1.0,1.0
5859,3902,1,15,3382,1000,0.0,1,0.9246,1.0,1.0
5859,3902,1,16,3381,1000,0.0,1,0.9246,1.0,1.0
5859,3902,1,17,3380,1000,0.0,1,0.9246,1.0,1.0
5859,3902,1,18,3379,1000,0.0,1,0.9245,1.0,1.0
5859,3902,1,19,3378,1000,0.0,1,0.9245,1.0,1.0
5859,3902,1,20,3377,1000,0.0,1,0.9245,1.0,1.0
5859,3902,1,21,3376,1000,0.0,1,0.9245,1.0,1.0
5859,3902,1,22,3375,1000,0.0,1,0.9244,1.0,1.0
5859,3902,1,23,3374,1000,0.0,1,0.9244,1.0,1.0
5859,3902,1,24,3373,1000,0.0,1,0.9244,1.0,1.0
5859,3902,2,5,3392,1000,0.0,1,0.9248,0.05552630513142487,1.0
5859,3902,2,6,3391,1000,0.0,1,0.9248,0.05552630513142487,1.0
5859,3902,2,7,3390,1000,0.0,1,0.9248,0.05552630513142487,1.0
5859,3902,2,8,3389,1000,0.0,1,0.9248,0.05552630513142487,1.0
5859,3902,2,9,3388,1000,0.0,1,0.9247,0.05552630513142487,1.0
5859,3902,2,10,3387,1000,0.0,1,0.9247,0.05552630513142487,1.0
5859,3902,2,11,3386,1000,0.0,1,0.9247,0.05552630513142487,1.0
5859,3902,2,12,3385,1000,0.0,1,0.9247,0.05552630513142487,1.0
5859,3902,2,13,3384,1000,0.0,1,0.9246,0.05552630513142487,1.0
5859,3902,2,14,3383,1000,0.0,1,0.9246,0.05552630513142487,1.0
5859,3902,2,15,3382,1000,0.0,1,0.9997,0.05552630513142487,1.0
5859,3902,2,16,3381,1000,0.00313,1,0.9704,0.05552630513142487,1.0
5859,3902,2,17,3380,1000,0.0,1,0.9893,0.05552630513142487,1.0
5859,3902,2,18,3379,1000,0.00906,1,0.955,0.05552630513142487,1.0
5859,3902,2,19,3378,1000,0.01084,0,0.9298,0.05552630513142487,1.0
5859,3902,2,20,3377,1000,0.0149,0,0.9633,0.05552630513142487,1.0
5859,3902,2,21,3376,1000,0.02143,0,0.9997,0.05552630513142487,1.0
5859,3902,2,22,3375,1000,0.01616,0,0.9582,0.05552630513142487,1.0
5859,3902,2,23,3374,1000,0.0,1,0.9997,0.05552630513142487,1.0
5859,3902,2,24,3373,1000,0.06537,0,0.9926,0.05552630513142487,1.0
5859,3902,3,5,3392,1000,0.0,1,0.9248,0.05552630513142487,1.0
5859,3902,3,6,3391,1000,0.0,1,0.987,0.05552630513142487,1.0
5859,3902,3,7,3390,1000,0.0,1,0.9546,0.05552630513142487,1.0
5859,3902,3,8,3389,1000,0.0,1,0.9253,0.05552630513142487,1.0
5859,3902,3,9,3388,1000,0.01974,0,0.9253,0.05552630513142487,1.0
5859,3902,3,10,3387,1000,0.00524,1,0.9395,0.05552630513142487,1.0
5859,3902,3,11,3386,1000,0.0,1,0.987,0.05552630513142487,1.0
5859,3902,3,12,3385,1000,0.02429,0,0.9905,0.05552630513142487,1.0
5859,3902,3,13,3384,1000,0.02576,0,0.9634,0.05552630513142487,1.0
5859,3902,3,14,3383,1000,0.0,1,0.9997,0.05552630513142487,1.0
5859,3902,3,15,3382,1000,0.0,1,0.9997,0.05552630513142487,1.0
5859,3902,3,16,3381,1000,0.0,1,0.9997,0.05552630513142487,1.0
5859,3902,3,17,3380,1000,0.0,1,0.9997,0.05552630513142487,1.0
5859,3902,3,18,3379,1000,0.0,1,0.9885,0.05552630513142487,1.0
5859,3902,3,19,3378,1000,0.01903,0,0.9997,0.05552630513142487,1.0
5859,3902,3,20,3377,1000,0.01441,0,0.9997,0.05552630513142487,1.0
5859,3902,3,21,3376,1000,0.08237,0,0.973,0.05552630513142487,1.0
5859,3902,3,22,3375,1000,0.04372,0,0.989,0.05552630513142487,1.0
5859,3902,3,23,3374,1000,0.12173,0,0.9997,0.05552630513142487,1.0
5859,3902,3,24,3373,1000,0.10616,0,0.9997,0.05552630513142487,1.0
5859,3902,4,5,3392,1000,0.0,1,0.9248,0.05552630513142487,1.0
5859,3902,4,6,3391,1000,0.0,1,0.9248,0.05552630513142487,1.0
5859,3902,4,7,3390,1000,0.0,1,0.9248,0.05552630513142487,1.0
5859,3902,4,8,3389,1000,0.0,1,0.9248,0.05552630513142487,1.0
5859,3902,4,9,3388,1000,0.0,1,0.9247,0.05552630513142487,1.0
5859,3902,4,10,3387,1000,0.0,1,0.9542,0.05552630513142487,1.0
5859,3902,4,11,3386,1000,0.0,1,0.987,0.05552630513142487,1.0
5859,3902,4,12,3385,1000,0.0,1,0.9397,0.05552630513142487,1.0
5859,3902,4,13,3384,1000,0.0,1,0.987,0.05552630513142487,1.0
5859,3902,4,14,3383,1000,0.01847,0,0.9997,0.05552630513142487,1.0
5859,3902,4,15,3382,1000,0.0332,0,0.9873,0.05552630513142487,1.0
5859,3902,4,16,3381,1000,0.05981,0,0.9997,0.05552630513142487,1.0
5859,3902,4,17,3380,1000,0.00341,1,0.9997,0.05552630513142487,1.0
5859,3902,4,18,3379,1000,0.04043,0,0.9997,0.05552630513142487,1.0
5859,3902,4,19,3378,1000,0.0,1,0.9997,0.05552630513142487,1.0
5859,3902,4,20,3377,1000,0.0,1,0.9275,0.05552630513142487,1.0
5859,3902,4,21,3376,1000,0.02417,0,0.9618,0.05552630513142487,1.0
5859,3902,4,22,3375,1000,0.03449,0,0.9905,0.05552630513142487,1.0
5859,3902,4,23,3374,1000,0.00979,1,0.9727,0.05552630513142487,1.0
5859,3902,4,24,3373,1000,0.03855,0,0.96,0.05552630513142487,1.0
5859,9977,0,5,3459,1000,0.0263,0,0.9546,0.0050967930760550395,0.0
5859,9977,0,6,3458,1000,0.00565,1,0.8638,0.0050967930760550395,0.0
5859,9977,0,7,3457,1055,0.0,1,0.8476,0.0050967930760550395,0.0
5859,9977,0,8,3456,1248,0.0,1,0.9664,0.0050967930760550395,0.0
5859,9977,0,9,3455,1186,0.0,1,0.9548,0.0050967930760550395,0.0
5859,9977,0,10,3454,1173,0.00371,1,0.9548,0.0050967930760550395,0.0
5859,9977,0,11,3453,1196,0.0,1,0.9548,0.0050967930760550395,0.0
5859,9977,0,12,3452,1263,0.0,1,0.8485,0.0050967930760550395,0.0
5859,9977,0,13,3451,1276,0.00302,1,0.5077,0.0050967930760550395,0.0
5859,9977,0,14,3450,1470,0.0105,0,0.5075,0.0050967930760550395,0.0
5859,9977,0,15,3449,1668,0.0,1,0.5231,0.0050967930760550395,0.0
5859,9977,0,16,3448,1910,0.0,1,0.8483,0.0050967930760550395,0.0
5859,9977,0,17,3447,1960,0.0,1,0.9663,0.0050967930760550395,0.0
5859,9977,0,18,3446,2165,0.0097,1,0.8485,0.0050967930760550395,0.0
5859,9977,0,19,3445,2743,0.0,1,0.9971,0.0050967930760550395,0.0
5859,9977,0,20,3444,2177,0.0,1,0.9991,0.0050967930760550395,0.0
5859,9977,0,21,3443,2375,0.0,1,0.957,0.0050967930760550395,0.0
5859,9977,0,22,3442,2008,0.02734,0,0.9997,0.0050967930760550395,0.0
5859,9977,0,23,3441,1965,0.0275,0,0.9933,0.0050967930760550395,0.0
5859,9977,0,24,3440,2645,0.00098,1,0.8497,0.0050967930760550395,0.0
5859,9977,2,5,3459,1000,0.0,1,0.8468,0.013831166116152094,0.4195091357611742
5859,9977,2,6,3458,1000,0.0,1,0.9546,0.013831166116152094,0.4195091357611742
5859,9977,2,7,3457,1000,0.01021,0,0.9546,0.013831166116152094,0.4195091357611742
5859,9977,2,8,3456,1000,0.00566,1,0.8472,0.013831166116152094,0.4195091357611742
5859,9977,2,9,3455,1000,0.00216,1,0.9962,0.013831166116152094,0.4195091357611742
5859,9977,2,10,3454,1000,0.0071,1,0.991,0.013831166116152094,0.4195091357611742
5859,9977,2,11,3453,1000,0.03266,0,0.9818,0.013831166116152094,0.4195091357611742
5859,9977,2,12,3452,1000,0.0,1,0.9959,0.013831166116152094,0.4195091357611742
5859,9977,2,13,3451,1000,0.00746,1,0.9986,0.013831166116152094,0.4195091357611742
5859,9977,2,14,3450,1000,0.0,1,0.9983,0.013831166116152094,0.4195091357611742
5859,9977,2,15,3449,1000,0.00177,1,0.8487,0.013831166116152094,0.4195091357611742
5859,9977,2,16,3448,1000,0.00083,1,0.9994,0.013831166116152094,0.4195091357611742
5859,9977,2,17,3447,1000,0.03019,0,0.993,0.013831166116152094,0.4195091357611742
5859,9977,2,18,3446,1000,0.07726,0,0.9829,0.013831166116152094,0.4195091357611742
5859,9977,2,19,3445,1000,0.02689,0,0.8493,0.013831166116152094,0.4195091357611742
5859,9977,2,20,3444,1000,0.00323,1,0.9991,0.013831166116152094,0.4195091357611742
5859,9977,2,21,3443,1000,0.0,1,0.9994,0.013831166116152094,0.4195091357611742
5859,9977,2,22,3442,1000,0.10115,0,0.9576,0.013831166116152094,0.4195091357611742
5859,9977,2,23,3441,1000,0.01538,0,0.9983,0.013831166116152094,0.4195091357611742
5859,9977,2,24,3440,1000,0.02589,0,0.9959,0.013831166116152094,0.4195091357611742
5859,9977,1,5,3459,1000,0.00345,1,0.9549,0.024263076472801792,0.0
5859,9977,1,6,3458,1007,0.0,1,0.9549,0.024263076472801792,0.0
5859,9977,1,7,3457,1026,0.00375,1,0.9685,0.024263076472801792,0.0
5859,9977,1,8,3456,1205,0.0074,1,0.9552,0.024263076472801792,0.0
5859,9977,1,9,3455,1299,0.03985,0,0.9551,0.024263076472801792,0.0
5859,9977,1,10,3454,1326,0.0,1,0.8486,0.024263076472801792,0.0
5859,9977,1,11,3453,3038,0.0,1,0.863,0.024263076472801792,0.0
5859,9977,1,12,3452,2545,0.0,1,0.9705,0.024263076472801792,0.0
5859,9977,1,13,3451,1867,0.00634,1,0.9554,0.024263076472801792,0.0
5859,9977,1,14,3450,1782,0.0,1,0.9806,0.024263076472801792,0.0
5859,9977,1,15,3449,2328,0.0,1,0.9806,0.024263076472801792,0.0
5859,9977,1,16,3448,2099,0.0,1,0.9806,0.024263076472801792,0.0
5859,9977,1,17,3447,2165,0.0099,1,0.9562,0.024263076472801792,0.0
5859,9977,1,18,3446,1718,0.0,1,0.9907,0.024263076472801792,0.0
5859,9977,1,19,3445,1382,0.00127,1,0.8505,0.024263076472801792,0.0
5859,9977,1,20,3444,1385,0.10633,0,0.9681,0.024263076472801792,0.0
5859,9977,1,21,3443,1304,0.0,1,0.9991,0.024263076472801792,0.0
5859,9977,1,22,3442,1193,0.0,1,0.9988,0.024263076472801792,0.0
5859,9977,1,23,3441,1091,0.06877,0,0.9983,0.024263076472801792,0.0
5859,9977,1,24,3440,1087,0.0549,0,0.9974,0.024263076472801792,0.0
5859,9977,3,5,3459,1000,0.00183,1,0.9546,0.0,0.0050967930760550395
5859,9977,3,6,3458,1000,0.0,1,0.9665,0.0,0.0050967930760550395
5859,9977,3,7,3457,1000,0.00552,1,0.9806,0.0,0.0050967930760550395
5859,9977,3,8,3456,1000,0.00842,1,0.9552,0.0,0.0050967930760550395
5859,9977,3,9,3455,1033,0.0,1,0.8483,0.0,0.0050967930760550395
5859,9977,3,10,3454,1122,0.02848,0,0.9881,0.0,0.0050967930760550395
5859,9977,3,11,3453,1153,0.03113,0,0.967,0.0,0.0050967930760550395
5859,9977,3,12,3452,1213,0.0,1,0.8488,0.0,0.0050967930760550395
5859,9977,3,13,3451,1299,0.0236,0,0.969,0.0,0.0050967930760550395
5859,9977,3,14,3450,1400,0.0522,0,0.849,0.0,0.0050967930760550395
5859,9977,3,15,3449,1511,0.00188,1,0.9881,0.0,0.0050967930760550395
5859,9977,3,16,3448,1563,0.01555,0,0.9881,0.0,0.0050967930760550395
5859,9977,3,17,3447,1480,0.0,1,0.9971,0.0,0.0050967930760550395
5859,9977,3,18,3446,1546,0.0535,0,0.9568,0.0,0.0050967930760550395
5859,9977,3,19,3445,1498,0.0,1,0.9985,0.0,0.0050967930760550395
5859,9977,3,20,3444,1700,0.00302,1,0.9997,0.0,0.0050967930760550395
5859,9977,3,21,3443,1592,0.02014,0,0.9991,0.0,0.0050967930760550395
5859,9977,3,22,3442,1653,0.0,1,1.0,0.0,0.0050967930760550395
5859,9977,3,23,3441,1422,0.0,1,0.9985,0.0,0.0050967930760550395
5859,9977,3,24,3440,1547,0.00869,1,0.9971,0.0,0.0050967930760550395
5859,9977,4,5,3459,1000,0.0,1,0.5068,0.0,0.0
5859,9977,4,6,3458,1020,0.01311,0,0.9546,0.0,0.0
5859,9977,4,7,3457,1078,0.0,1,0.9546,0.0,0.0
5859,9977,4,8,3456,1313,0.0,1,0.8481,0.0,0.0
5859,9977,4,9,3455,1322,0.0,1,0.848,0.0,0.0
5859,9977,4,10,3454,1413,0.0,1,0.9545,0.0,0.0
5859,9977,4,11,3453,1565,0.0,1,0.5074,0.0,0.0
5859,9977,4,12,3452,1468,0.00597,1,0.9806,0.0,0.0
5859,9977,4,13,3451,1637,0.0,1,0.9548,0.0,0.0
5859,9977,4,14,3450,1658,0.01047,0,0.9858,0.0,0.0
5859,9977,4,15,3449,1998,0.00083,1,0.9971,0.0,0.0
5859,9977,4,16,3448,1770,0.00909,1,0.9927,0.0,0.0
5859,9977,4,17,3447,1931,0.01241,0,0.9887,0.0,0.0
5859,9977,4,18,3446,1649,0.0,1,0.9559,0.0,0.0
5859,9977,4,19,3445,1841,0.0,1,0.9913,0.0,0.0
5859,9977,4,20,3444,1826,0.01971,0,0.998,0.0,0.0
5859,9977,4,21,3443,2241,0.00773,1,1.0,0.0,0.0
5859,9977,4,22,3442,1780,0.00218,1,0.9985,0.0,0.0
5859,9977,4,23,3441,1758,0.01226,0,0.9991,0.0,0.0
5859,9977,4,24,3440,1623,0.0,1,0.9997,0.0,0.0
5859,125923,0,5,5042,1000,0.0,1,0.9342,0.032709011049296466,0.01401602476261099
5859,125923,0,6,5041,1059,0.0,1,0.9341,0.032709011049296466,0.01401602476261099
5859,125923,0,7,5040,1059,0.0,1,0.9946,0.032709011049296466,0.01401602476261099
5859,125923,0,8,5039,1157,0.0,1,0.9343,0.032709011049296466,0.01401602476261099
5859,125923,0,9,5038,1379,0.0,1,0.9343,0.032709011049296466,0.01401602476261099
5859,125923,0,10,5037,1931,0.0,1,0.3359,0.032709011049296466,0.01401602476261099
5859,125923,0,11,5036,1760,0.0,1,0.9343,0.032709011049296466,0.01401602476261099
5859,125923,0,12,5035,1897,0.0,1,0.9343,0.032709011049296466,0.01401602476261099
5859,125923,0,13,5034,2498,0.0,1,0.9946,0.032709011049296466,0.01401602476261099
5859,125923,0,14,5033,2807,0.00168,1,0.9344,0.032709011049296466,0.01401602476261099
5859,125923,0,15,5032,2783,0.0,1,0.9946,0.032709011049296466,0.01401602476261099
5859,125923,0,16,5031,3334,0.03002,0,0.9346,0.032709011049296466,0.01401602476261099
5859,125923,0,17,5030,2675,0.0,1,0.9946,0.032709011049296466,0.01401602476261099
5859,125923,0,18,5029,2500,0.00527,1,0.9348,0.032709011049296466,0.01401602476261099
5859,125923,0,19,5028,3252,0.0,1,0.3393,0.032709011049296466,0.01401602476261099
5859,125923,0,20,5027,3399,0.0,1,0.9348,0.032709011049296466,0.01401602476261099
5859,125923,0,21,5026,3748,0.0,1,0.9347,0.032709011049296466,0.01401602476261099
5859,125923,0,22,5025,4136,0.0,1,0.9946,0.032709011049296466,0.01401602476261099
5859,125923,0,23,5024,3798,0.0,1,0.3394,0.032709011049296466,0.01401602476261099
5859,125923,0,24,5023,5023,0.0,1,0.9349,0.032709011049296466,0.01401602476261099
5859,125923,1,5,5042,1000,0.0,1,0.9342,0.032709011049296466,0.032709011049296466
5859,125923,1,6,5041,1029,0.0,1,0.9341,0.032709011049296466,0.032709011049296466
5859,125923,1,7,5040,1274,0.0,1,0.9341,0.032709011049296466,0.032709011049296466
5859,125923,1,8,5039,1592,0.0,1,0.9341,0.032709011049296466,0.032709011049296466
5859,125923,1,9,5038,1442,0.0,1,0.9341,0.032709011049296466,0.032709011049296466
5859,125923,1,10,5037,1337,0.0,1,0.9341,0.032709011049296466,0.032709011049296466
5859,125923,1,11,5036,1549,0.0,1,0.3318,0.032709011049296466,0.032709011049296466
5859,125923,1,12,5035,1935,0.0,1,0.9946,0.032709011049296466,0.032709011049296466
5859,125923,1,13,5034,2933,0.0,1,0.9342,0.032709011049296466,0.032709011049296466
5859,125923,1,14,5033,2706,0.01851,0,0.9342,0.032709011049296466,0.032709011049296466
5859,125923,1,15,5032,3141,0.01814,0,0.337,0.032709011049296466,0.032709011049296466
5859,125923,1,16,5031,3383,0.0166,0,0.9342,0.032709011049296466,0.032709011049296466
5859,125923,1,17,5030,2833,0.10554,0,0.3392,0.032709011049296466,0.032709011049296466
5859,125923,1,18,5029,3128,0.0,1,0.9342,0.032709011049296466,0.032709011049296466
5859,125923,1,19,5028,2936,0.14604,0,0.9342,0.032709011049296466,0.032709011049296466
5859,125923,1,20,5027,3223,0.09275,0,0.9342,0.032709011049296466,0.032709011049296466
5859,125923,1,21,5026,2961,0.0,1,0.9341,0.032709011049296466,0.032709011049296466
5859,125923,1,22,5025,3108,0.0,1,0.3393,0.032709011049296466,0.032709011049296466
5859,125923,1,23,5024,3287,0.0,1,0.9341,0.032709011049296466,0.032709011049296466
5859,125923,1,24,5023,3355,0.02825,0,0.9341,0.032709011049296466,0.032709011049296466
5889,9971,0,,,,,,,0.0,0.0
5859,125923,2,5,5042,1000,0.0,1,0.9344,0.032709011049296466,0.032709011049296466
5859,125923,2,6,5041,1000,0.0,1,0.9343,0.032709011049296466,0.032709011049296466
5859,125923,2,7,5040,1000,0.0,1,0.9946,0.032709011049296466,0.032709011049296466
5859,125923,2,8,5039,1000,0.0,1,0.9345,0.032709011049296466,0.032709011049296466
5859,125923,2,9,5038,1000,0.00169,1,0.9946,0.032709011049296466,0.032709011049296466
5859,125923,2,10,5037,1000,0.0,1,0.9347,0.032709011049296466,0.032709011049296466
5859,125923,2,11,5036,1005,0.0,1,0.9347,0.032709011049296466,0.032709011049296466
5859,125923,2,12,5035,1099,0.0,1,0.9347,0.032709011049296466,0.032709011049296466
5859,125923,2,13,5034,1397,0.0,1,0.9346,0.032709011049296466,0.032709011049296466
5859,125923,2,14,5033,1447,0.0,1,0.9946,0.032709011049296466,0.032709011049296466
5859,125923,2,15,5032,1656,0.0,1,0.9946,0.032709011049296466,0.032709011049296466
5859,125923,2,16,5031,1595,0.00078,1,0.9946,0.032709011049296466,0.032709011049296466
5859,125923,2,17,5030,1905,0.01087,0,0.9352,0.032709011049296466,0.032709011049296466
5859,125923,2,18,5029,2021,0.0,1,0.9946,0.032709011049296466,0.032709011049296466
5859,125923,2,19,5028,2182,0.0,1,0.9354,0.032709011049296466,0.032709011049296466
5859,125923,2,20,5027,2033,0.0,1,0.9353,0.032709011049296466,0.032709011049296466
5859,125923,2,21,5026,2197,0.0,1,0.3394,0.032709011049296466,0.032709011049296466
5859,125923,2,22,5025,2235,0.02332,0,0.9946,0.032709011049296466,0.032709011049296466
5859,125923,2,23,5024,2982,0.00203,1,0.9355,0.032709011049296466,0.032709011049296466
5859,125923,2,24,5023,2549,0.0,1,0.9355,0.032709011049296466,0.032709011049296466
5859,125923,3,5,5042,1000,0.0,1,0.9344,0.032709011049296466,0.032709011049296466
5859,125923,3,6,5041,1063,0.0,1,0.9343,0.032709011049296466,0.032709011049296466
5859,125923,3,7,5040,1039,0.0,1,0.9343,0.032709011049296466,0.032709011049296466
5859,125923,3,8,5039,1315,4e-05,1,0.3388,0.032709011049296466,0.032709011049296466
5859,125923,3,9,5038,1254,0.0,1,0.9343,0.032709011049296466,0.032709011049296466
5859,125923,3,10,5037,1530,0.0,1,0.9343,0.032709011049296466,0.032709011049296466
5859,125923,3,11,5036,1983,0.0,1,0.9343,0.032709011049296466,0.032709011049296466
5859,125923,3,12,5035,1944,0.0,1,0.9343,0.032709011049296466,0.032709011049296466
5859,125923,3,13,5034,2334,0.0,1,0.3317,0.032709011049296466,0.032709011049296466
5859,125923,3,14,5033,2985,0.0,1,0.9342,0.032709011049296466,0.032709011049296466
5859,125923,3,15,5032,2574,0.02228,0,0.9342,0.032709011049296466,0.032709011049296466
5859,125923,3,16,5031,3540,0.0,1,0.9946,0.032709011049296466,0.032709011049296466
5859,125923,3,17,5030,3069,0.0,1,0.9344,0.032709011049296466,0.032709011049296466
5859,125923,3,18,5029,3366,0.0,1,0.9946,0.032709011049296466,0.032709011049296466
5859,125923,3,19,5028,3384,0.02276,0,0.3363,0.032709011049296466,0.032709011049296466
5859,125923,3,20,5027,3707,0.0,1,0.339,0.032709011049296466,0.032709011049296466
5859,125923,3,21,5026,3219,0.0,1,0.9345,0.032709011049296466,0.032709011049296466
5859,125923,3,22,5025,3871,0.0,1,0.9345,0.032709011049296466,0.032709011049296466
5859,125923,3,23,5024,3225,0.0,1,0.339,0.032709011049296466,0.032709011049296466
5859,125923,3,24,5023,4003,0.0,1,0.9345,0.032709011049296466,0.032709011049296466
5859,125923,4,5,5042,1000,0.0,1,0.9342,0.032709011049296466,0.032709011049296466
5859,125923,4,6,5041,1103,0.0,1,0.9946,0.032709011049296466,0.032709011049296466
5859,125923,4,7,5040,1297,0.0,1,0.3361,0.032709011049296466,0.032709011049296466
5859,125923,4,8,5039,1475,0.0,1,0.9343,0.032709011049296466,0.032709011049296466
5859,125923,4,9,5038,1825,0.0,1,0.9343,0.032709011049296466,0.032709011049296466
5859,125923,4,10,5037,1802,0.00355,1,0.9343,0.032709011049296466,0.032709011049296466
5859,125923,4,11,5036,1733,0.0,1,0.9343,0.032709011049296466,0.032709011049296466
5859,125923,4,12,5035,2425,0.12013,0,0.9343,0.032709011049296466,0.032709011049296466
5859,125923,4,13,5034,1898,0.17174,0,0.3176,0.032709011049296466,0.032709011049296466
5859,125923,4,14,5033,2267,0.0,1,0.9946,0.032709011049296466,0.032709011049296466
5859,125923,4,15,5032,2433,0.0,1,0.9946,0.032709011049296466,0.032709011049296466
5859,125923,4,16,5031,2877,0.0,1,0.3393,0.032709011049296466,0.032709011049296466
5859,125923,4,17,5030,2593,0.0,1,0.9346,0.032709011049296466,0.032709011049296466
5859,125923,4,18,5029,3028,0.01308,0,0.3372,0.032709011049296466,0.032709011049296466
5859,125923,4,19,5028,2566,0.0,1,0.9946,0.032709011049296466,0.032709011049296466
5859,125923,4,20,5027,2710,0.0,1,0.9946,0.032709011049296466,0.032709011049296466
5859,125923,4,21,5026,2774,0.0,1,0.9349,0.032709011049296466,0.032709011049296466
5859,125923,4,22,5025,3073,0.0,1,0.9349,0.032709011049296466,0.032709011049296466
5859,125923,4,23,5024,2995,0.0,1,0.9349,0.032709011049296466,0.032709011049296466
5859,125923,4,24,5023,2868,0.0,1,0.9349,0.032709011049296466,0.032709011049296466
5889,9971,1,,,,,,,0.0,0.0
5889,9971,2,,,,,,,0.0,0.0
5889,9971,3,,,,,,,0.0,0.0
5889,9971,4,,,,,,,0.16279353544118425,0.16279353544118425
5889,3918,0,,,,,,,0.0,0.0
5889,3918,1,,,,,,,0.0,0.0
5889,3918,2,,,,,,,0.0,0.0
5889,3918,3,,,,,,,0.0,0.0
5889,3918,4,,,,,,,0.0,0.0
4796,3549,1,,,,,,,0.0,0.0
4796,3549,0,,,,,,,0.0,0.0
4796,3549,2,,,,,,,0.008695270621101203,0.008695270621101203
4796,3549,3,,,,,,,0.0,0.0
4796,3549,4,,,,,,,0.0,0.0
4796,3918,0,,,,,,,0.17242829827916228,0.17242829827916228
4796,3918,2,,,,,,,0.17242829827916228,0.17242829827916228
4796,3918,1,,,,,,,0.17242829827916228,0.17242829827916228
4796,3918,3,,,,,,,0.17242829827916228,0.17242829827916228
4796,3918,4,,,,,,,0.17242829827916228,0.17242829827916228
4796,9903,0,,,,,,,0.07042253521126762,0.07042253521126762
4796,9903,2,,,,,,,0.05633802816901412,0.05633802816901412
4796,9903,1,,,,,,,0.07042253521126762,0.07042253521126762
4796,9903,3,,,,,,,0.0,0.0
4796,9903,4,,,,,,,0.04225352112676062,0.04225352112676062
4796,23,0,,,,,,,0.010198330089207563,0.010198330089207563
4796,23,1,,,,,,,0.010198330089207563,0.010198330089207563
4796,23,2,,,,,,,0.010198330089207563,0.010198330089207563
4796,23,3,,,,,,,0.010198330089207563,0.010198330089207563
4796,23,4,,,,,,,0.010198330089207563,0.010198330089207563
6766,3903,0,5,39150,1000,0.00573,1,0.9682,0.2856983364965926,0.2856983364965926
6766,3903,0,6,39149,1112,0.0,1,0.2776,0.2856983364965926,0.2856983364965926
6766,3903,0,7,39148,1381,0.0158,0,0.9682,0.2856983364965926,0.2856983364965926
6766,3903,0,8,39147,1537,0.01645,0,0.9682,0.2856983364965926,0.2856983364965926
6766,3903,0,9,39146,1289,0.0746,0,0.9682,0.2856983364965926,0.2856983364965926
6766,3903,0,10,39145,1768,0.0,1,0.9682,0.2856983364965926,0.2856983364965926
6766,3903,0,11,39144,1417,0.00371,1,0.9682,0.2856983364965926,0.2856983364965926
6766,3903,0,12,39143,2017,0.11155,0,0.9682,0.2856983364965926,0.2856983364965926
6766,3903,0,13,39142,1527,0.0,1,0.9682,0.2856983364965926,0.2856983364965926
6766,3903,0,14,39141,1405,0.18765,0,0.9682,0.2856983364965926,0.2856983364965926
6766,3903,0,15,39140,1868,0.10135,0,0.9682,0.2856983364965926,0.2856983364965926
6766,3903,0,16,39139,1528,0.0,1,0.9682,0.2856983364965926,0.2856983364965926
6766,3903,0,17,39138,1647,0.0,1,0.9682,0.2856983364965926,0.2856983364965926
6766,3903,0,18,39137,1938,0.12128,0,0.9682,0.2856983364965926,0.2856983364965926
6766,3903,0,19,39136,1496,0.01599,0,0.9682,0.2856983364965926,0.2856983364965926
6766,3903,0,20,39135,1594,0.0,1,0.9682,0.2856983364965926,0.2856983364965926
6766,3903,0,21,39134,1790,0.00271,1,0.1991,0.2856983364965926,0.2856983364965926
6766,3903,0,22,39133,1819,0.0037,1,0.2488,0.2856983364965926,0.2856983364965926
6766,3903,0,23,39132,1990,0.00181,1,0.2488,0.2856983364965926,0.2856983364965926
6766,3903,0,24,39131,2848,0.01716,0,0.1991,0.2856983364965926,0.2856983364965926
6766,3903,1,5,39150,1000,0.0,1,0.0967,0.07145249525510489,0.07145249525510489
6766,3903,1,6,39149,1000,0.0,1,0.1491,0.07145249525510489,0.07145249525510489
6766,3903,1,7,39148,1000,0.16724,0,0.9813,0.07145249525510489,0.07145249525510489
6766,3903,1,8,39147,1000,0.04491,0,0.9683,0.07145249525510489,0.07145249525510489
6766,3903,1,9,39146,1000,0.06707,0,0.9997,0.07145249525510489,0.07145249525510489
6766,3903,1,10,39145,1000,0.00679,1,0.9944,0.07145249525510489,0.07145249525510489
6766,3903,1,11,39144,1000,0.01697,0,0.199,0.07145249525510489,0.07145249525510489
6766,3903,1,12,39143,1000,0.08674,0,0.9814,0.07145249525510489,0.07145249525510489
6766,3903,1,13,39142,1000,0.00278,1,0.2971,0.07145249525510489,0.07145249525510489
6766,3903,1,14,39141,1000,0.08108,0,0.2971,0.07145249525510489,0.07145249525510489
6766,3903,1,15,39140,1000,0.03405,0,0.9814,0.07145249525510489,0.07145249525510489
6766,3903,1,16,39139,1000,0.00402,1,0.9997,0.07145249525510489,0.07145249525510489
6766,3903,1,17,39138,1000,0.01894,0,0.9684,0.07145249525510489,0.07145249525510489
6766,3903,1,18,39137,1000,0.0,1,0.9684,0.07145249525510489,0.07145249525510489
6766,3903,1,19,39136,1000,0.1709,0,0.3109,0.07145249525510489,0.07145249525510489
6766,3903,1,20,39135,1000,0.08159,0,0.9944,0.07145249525510489,0.07145249525510489
6766,3903,1,21,39134,1000,0.10724,0,0.9997,0.07145249525510489,0.07145249525510489
6766,3903,1,22,39133,1000,0.0537,0,0.9944,0.07145249525510489,0.07145249525510489
6766,3903,1,23,39132,1000,0.06884,0,0.9815,0.07145249525510489,0.07145249525510489
6766,3903,1,24,39131,1000,0.06753,0,0.9944,0.07145249525510489,0.07145249525510489
6766,3903,4,5,39150,1000,0.0,1,0.9682,0.2856983364965926,0.2856983364965926
6766,3903,4,6,39149,1000,0.0,1,0.2971,0.2856983364965926,0.2856983364965926
6766,3903,4,7,39148,1000,0.0,1,0.9682,0.2856983364965926,0.2856983364965926
6766,3903,4,8,39147,1000,0.0,1,0.3109,0.2856983364965926,0.2856983364965926
6766,3903,4,9,39146,1000,0.0,1,0.9682,0.2856983364965926,0.2856983364965926
6766,3903,4,10,39145,1000,0.0,1,0.9682,0.2856983364965926,0.2856983364965926
6766,3903,4,11,39144,1000,0.0763,0,0.9682,0.2856983364965926,0.2856983364965926
6766,3903,4,12,39143,1000,0.0,1,0.9682,0.2856983364965926,0.2856983364965926
6766,3903,4,13,39142,1000,0.0,1,0.2971,0.2856983364965926,0.2856983364965926
6766,3903,4,14,39141,1000,0.0,1,0.1991,0.2856983364965926,0.2856983364965926
6766,3903,4,15,39140,1000,0.0,1,0.2488,0.2856983364965926,0.2856983364965926
6766,3903,4,16,39139,1000,0.01299,0,0.3109,0.2856983364965926,0.2856983364965926
6766,3903,4,17,39138,1000,0.02296,0,0.2971,0.2856983364965926,0.2856983364965926
6766,3903,4,18,39137,1000,0.08103,0,0.9682,0.2856983364965926,0.2856983364965926
6766,3903,4,19,39136,1000,0.15034,0,0.9682,0.2856983364965926,0.2856983364965926
6766,3903,4,20,39135,1000,0.02827,0,0.9682,0.2856983364965926,0.2856983364965926
6766,3903,4,21,39134,1000,0.16747,0,0.9682,0.2856983364965926,0.2856983364965926
6766,3903,4,22,39133,1000,0.16395,0,0.9682,0.2856983364965926,0.2856983364965926
6766,3903,4,23,39132,1000,0.01485,0,0.9682,0.2856983364965926,0.2856983364965926
6766,3903,4,24,39131,1000,0.24502,0,0.2778,0.2856983364965926,0.2856983364965926
6766,3903,2,5,39150,1000,0.0,1,0.9682,0.2856983364965926,0.2856983364965926
6766,3903,2,6,39149,1051,0.00373,1,0.9682,0.2856983364965926,0.2856983364965926
6766,3903,2,7,39148,1192,0.03152,0,0.9682,0.2856983364965926,0.2856983364965926
6766,3903,2,8,39147,1295,0.0,1,0.2488,0.2856983364965926,0.2856983364965926
6766,3903,2,9,39146,1699,0.0,1,0.9682,0.2856983364965926,0.2856983364965926
6766,3903,2,10,39145,1834,0.0,1,0.9682,0.2856983364965926,0.2856983364965926
6766,3903,2,11,39144,1800,0.00119,1,0.3109,0.2856983364965926,0.2856983364965926
6766,3903,2,12,39143,2129,0.0,1,0.3109,0.2856983364965926,0.2856983364965926
6766,3903,2,13,39142,1678,0.06745,0,0.9682,0.2856983364965926,0.2856983364965926
6766,3903,2,14,39141,2117,0.03364,0,0.1991,0.2856983364965926,0.2856983364965926
6766,3903,2,15,39140,2388,0.07271,0,0.9682,0.2856983364965926,0.2856983364965926
6766,3903,2,16,39139,2647,0.0,1,0.9682,0.2856983364965926,0.2856983364965926
6766,3903,2,17,39138,2824,0.0,1,0.9682,0.2856983364965926,0.2856983364965926
6766,3903,2,18,39137,2748,0.11327,0,0.9682,0.2856983364965926,0.2856983364965926
6766,3903,2,19,39136,2880,0.25265,0,0.9682,0.2856983364965926,0.2856983364965926
6766,3903,2,20,39135,1823,0.0,1,0.9682,0.2856983364965926,0.2856983364965926
6766,3903,2,21,39134,1961,0.03807,0,0.3109,0.2856983364965926,0.2856983364965926
6766,3903,2,22,39133,1909,0.02117,0,0.9682,0.2856983364965926,0.2856983364965926
6766,3903,2,23,39132,1800,0.0,1,0.9682,0.2856983364965926,0.2856983364965926
6766,3903,2,24,39131,2385,0.09538,0,0.9682,0.2856983364965926,0.2856983364965926
6766,3903,3,5,39150,1000,0.0421,0,0.9682,0.2856983364965926,0.2856983364965926
6766,3903,3,6,39149,1031,0.04836,0,0.9682,0.2856983364965926,0.2856983364965926
6766,3903,3,7,39148,1000,0.0,1,0.9682,0.2856983364965926,0.2856983364965926
6766,3903,3,8,39147,1104,0.0,1,0.199,0.2856983364965926,0.2856983364965926
6766,3903,3,9,39146,1072,0.0,1,0.9682,0.2856983364965926,0.2856983364965926
6766,3903,3,10,39145,1101,0.00678,1,0.199,0.2856983364965926,0.2856983364965926
6766,3903,3,11,39144,1162,0.0,1,0.9682,0.2856983364965926,0.2856983364965926
6766,3903,3,12,39143,1297,0.0,1,0.3109,0.2856983364965926,0.2856983364965926
6766,3903,3,13,39142,1838,0.03185,0,0.3109,0.2856983364965926,0.2856983364965926
6766,3903,3,14,39141,1587,0.0063,1,0.2777,0.2856983364965926,0.2856983364965926
6766,3903,3,15,39140,2218,0.01916,0,0.9682,0.2856983364965926,0.2856983364965926
6766,3903,3,16,39139,2355,0.01099,0,0.3108,0.2856983364965926,0.2856983364965926
6766,3903,3,17,39138,2498,0.0,1,0.9682,0.2856983364965926,0.2856983364965926
6766,3903,3,18,39137,1918,0.05912,0,0.9682,0.2856983364965926,0.2856983364965926
6766,3903,3,19,39136,2341,0.08988,0,0.9682,0.2856983364965926,0.2856983364965926
6766,3903,3,20,39135,2412,0.03303,0,0.9682,0.2856983364965926,0.2856983364965926
6766,3903,3,21,39134,2187,0.1387,0,0.3109,0.2856983364965926,0.2856983364965926
6766,3903,3,22,39133,1824,0.03887,0,0.9682,0.2856983364965926,0.2856983364965926
6766,3903,3,23,39132,1946,0.0,1,0.9682,0.2856983364965926,0.2856983364965926
6766,3903,3,24,39131,1846,0.03831,0,0.9682,0.2856983364965926,0.2856983364965926
6766,146064,0,5,43780,1000,0.0,1,1.0,0.007140644484864733,0.007140644484864733
6766,146064,0,6,43779,1165,0.0,1,1.0,0.007140644484864733,0.007140644484864733
6766,146064,0,7,43778,1191,0.0,1,0.5173,0.007140644484864733,0.007140644484864733
6766,146064,0,8,43777,1570,3e-05,1,0.5226,0.007140644484864733,0.007140644484864733
6766,146064,0,9,43776,1400,0.03256,0,0.5173,0.007140644484864733,0.007140644484864733
6766,146064,0,10,43775,1669,0.0,1,1.0,0.007140644484864733,0.007140644484864733
6766,146064,0,11,43774,1770,0.01244,0,0.5226,0.007140644484864733,0.007140644484864733
6766,146064,0,12,43773,1794,0.0,1,1.0,0.007140644484864733,0.007140644484864733
6766,146064,0,13,43772,2420,0.15221,0,0.5173,0.007140644484864733,0.007140644484864733
6766,146064,0,14,43771,1262,0.0,1,1.0,0.007140644484864733,0.007140644484864733
6766,146064,0,15,43770,1385,0.0,1,1.0,0.007140644484864733,0.007140644484864733
6766,146064,0,16,43769,1705,0.0,1,1.0,0.007140644484864733,0.007140644484864733
6766,146064,0,17,43768,1784,0.02104,0,1.0,0.007140644484864733,0.007140644484864733
6766,146064,0,18,43767,1597,0.00313,1,0.5173,0.007140644484864733,0.007140644484864733
6766,146064,0,19,43766,1687,0.0053,1,1.0,0.007140644484864733,0.007140644484864733
6766,146064,0,20,43765,1702,0.0,1,1.0,0.007140644484864733,0.007140644484864733
6766,146064,0,21,43764,1715,0.0083,1,1.0,0.007140644484864733,0.007140644484864733
6766,146064,0,22,43763,2025,0.0,1,1.0,0.007140644484864733,0.007140644484864733
6766,146064,0,23,43762,1830,0.01408,0,0.5174,0.007140644484864733,0.007140644484864733
6766,146064,0,24,43761,1492,0.02029,0,1.0,0.007140644484864733,0.007140644484864733
6766,146064,1,5,43780,1000,0.0,1,1.0,0.007140644484864733,0.007140644484864733
6766,146064,1,6,43779,1044,0.00095,1,0.5173,0.007140644484864733,0.007140644484864733
6766,146064,1,7,43778,1232,0.0,1,1.0,0.007140644484864733,0.007140644484864733
6766,146064,1,8,43777,1323,0.0,1,0.5173,0.007140644484864733,0.007140644484864733
6766,146064,1,9,43776,1395,0.0,1,1.0,0.007140644484864733,0.007140644484864733
6766,146064,1,10,43775,1813,0.0,1,0.5173,0.007140644484864733,0.007140644484864733
6766,146064,1,11,43774,3243,0.0,1,1.0,0.007140644484864733,0.007140644484864733
6766,146064,1,12,43773,4009,0.0,1,1.0,0.007140644484864733,0.007140644484864733
6766,146064,1,13,43772,2316,0.0,1,1.0,0.007140644484864733,0.007140644484864733
6766,146064,1,14,43771,8241,0.0,1,0.5173,0.007140644484864733,0.007140644484864733
6766,146064,1,15,43770,4507,0.0178,0,0.5227,0.007140644484864733,0.007140644484864733
6766,146064,1,16,43769,16357,0.03416,0,0.5173,0.007140644484864733,0.007140644484864733
6766,146064,1,17,43768,3869,0.07614,0,1.0,0.007140644484864733,0.007140644484864733
6766,146064,1,18,43767,11121,0.21997,0,1.0,0.007140644484864733,0.007140644484864733
6766,146064,1,19,43766,3657,0.17446,0,1.0,0.007140644484864733,0.007140644484864733
6766,146064,1,20,43765,3812,0.09326,0,1.0,0.007140644484864733,0.007140644484864733
6766,146064,1,21,43764,38182,0.0,1,1.0,0.007140644484864733,0.007140644484864733
6766,146064,1,22,43763,24215,0.0,1,1.0,0.007140644484864733,0.007140644484864733
6766,146064,1,23,43762,14781,0.0,1,0.5173,0.007140644484864733,0.007140644484864733
6766,146064,1,24,43761,29326,0.0,1,1.0,0.007140644484864733,0.007140644484864733
6766,146064,2,5,43780,1000,0.0,1,1.0,0.007140644484864733,0.007140644484864733
6766,146064,2,6,43779,1040,0.0,1,0.5173,0.007140644484864733,0.007140644484864733
6766,146064,2,7,43778,1013,0.0,1,1.0,0.007140644484864733,0.007140644484864733
6766,146064,2,8,43777,1000,0.0,1,1.0,0.007140644484864733,0.007140644484864733
6766,146064,2,9,43776,1138,3e-05,1,0.5173,0.007140644484864733,0.007140644484864733
6766,146064,2,10,43775,1102,0.0,1,1.0,0.007140644484864733,0.007140644484864733
6766,146064,2,11,43774,1184,3e-05,1,0.5173,0.007140644484864733,0.007140644484864733
6766,146064,2,12,43773,1385,0.0,1,1.0,0.007140644484864733,0.007140644484864733
6766,146064,2,13,43772,1598,0.0008,1,1.0,0.007140644484864733,0.007140644484864733
6766,146064,2,14,43771,1473,0.00089,1,0.5173,0.007140644484864733,0.007140644484864733
6766,146064,2,15,43770,1415,0.0,1,1.0,0.007140644484864733,0.007140644484864733
6766,146064,2,16,43769,1393,0.0,1,1.0,0.007140644484864733,0.007140644484864733
6766,146064,2,17,43768,1338,0.0,1,1.0,0.007140644484864733,0.007140644484864733
6766,146064,2,18,43767,1398,0.0,1,1.0,0.007140644484864733,0.007140644484864733
6766,146064,2,19,43766,1528,0.0,1,0.5173,0.007140644484864733,0.007140644484864733
6766,146064,2,20,43765,1500,3e-05,1,1.0,0.007140644484864733,0.007140644484864733
6766,146064,2,21,43764,1581,0.0,1,1.0,0.007140644484864733,0.007140644484864733
6766,146064,2,22,43763,1632,0.0,1,0.5173,0.007140644484864733,0.007140644484864733
6766,146064,2,23,43762,1580,0.0,1,1.0,0.007140644484864733,0.007140644484864733
6766,146064,2,24,43761,1530,3e-05,1,0.5173,0.007140644484864733,0.007140644484864733
6766,146064,4,5,43780,1000,0.0,1,0.5172,0.007140644484864733,0.007140644484864733
6766,146064,4,6,43779,1000,0.0,1,1.0,0.007140644484864733,0.007140644484864733
6766,146064,4,7,43778,1000,0.0041,1,1.0,0.007140644484864733,0.007140644484864733
6766,146064,4,8,43777,1198,0.0,1,0.5173,0.007140644484864733,0.007140644484864733
6766,146064,4,9,43776,1045,0.00164,1,0.5172,0.007140644484864733,0.007140644484864733
6766,146064,4,10,43775,1060,0.0,1,1.0,0.007140644484864733,0.007140644484864733
6766,146064,4,11,43774,1118,0.0,1,0.5172,0.007140644484864733,0.007140644484864733
6766,146064,4,12,43773,1168,0.0,1,1.0,0.007140644484864733,0.007140644484864733
6766,146064,4,13,43772,1379,3e-05,1,1.0,0.007140644484864733,0.007140644484864733
6766,146064,4,14,43771,1428,0.0,1,1.0,0.007140644484864733,0.007140644484864733
6766,146064,4,15,43770,1506,0.0,1,0.5173,0.007140644484864733,0.007140644484864733
6766,146064,4,16,43769,2019,0.00089,1,1.0,0.007140644484864733,0.007140644484864733
6766,146064,4,17,43768,1856,0.0,1,0.5173,0.007140644484864733,0.007140644484864733
6766,146064,4,18,43767,1540,0.0,1,1.0,0.007140644484864733,0.007140644484864733
6766,146064,4,19,43766,1668,3e-05,1,1.0,0.007140644484864733,0.007140644484864733
6766,146064,4,20,43765,1771,3e-05,1,0.5173,0.007140644484864733,0.007140644484864733
6766,146064,4,21,43764,2026,0.0,1,0.5173,0.007140644484864733,0.007140644484864733
6766,146064,4,22,43763,1834,0.0,1,1.0,0.007140644484864733,0.007140644484864733
6766,146064,4,23,43762,1817,0.0,1,1.0,0.007140644484864733,0.007140644484864733
6766,146064,4,24,43761,1842,0.0,1,0.5186,0.007140644484864733,0.007140644484864733
6766,146064,3,5,43780,1000,0.0,1,1.0,0.007140644484864733,0.007140644484864733
6766,146064,3,6,43779,1062,0.0,1,1.0,0.007140644484864733,0.007140644484864733
6766,146064,3,7,43778,1148,0.0,1,0.5173,0.007140644484864733,0.007140644484864733
6766,146064,3,8,43777,1177,0.0,1,0.5173,0.007140644484864733,0.007140644484864733
6766,146064,3,9,43776,1055,0.0,1,0.5173,0.007140644484864733,0.007140644484864733
6766,146064,3,10,43775,1121,0.00116,1,0.5173,0.007140644484864733,0.007140644484864733
6766,146064,3,11,43774,1245,0.0,1,1.0,0.007140644484864733,0.007140644484864733
6766,146064,3,12,43773,1302,0.0,1,1.0,0.007140644484864733,0.007140644484864733
6766,146064,3,13,43772,1541,0.0,1,0.5173,0.007140644484864733,0.007140644484864733
6766,146064,3,14,43771,1481,0.0,1,0.5173,0.007140644484864733,0.007140644484864733
6766,146064,3,15,43770,1924,0.00083,1,1.0,0.007140644484864733,0.007140644484864733
6766,146064,3,16,43769,1434,0.00089,1,0.5173,0.007140644484864733,0.007140644484864733
6766,146064,3,17,43768,2311,3e-05,1,0.5173,0.007140644484864733,0.007140644484864733
6766,146064,3,18,43767,1517,0.0,1,1.0,0.007140644484864733,0.007140644484864733
6766,146064,3,19,43766,1591,0.0,1,1.0,0.007140644484864733,0.007140644484864733
6766,146064,3,20,43765,1726,0.0,1,1.0,0.007140644484864733,0.007140644484864733
6766,146064,3,21,43764,1349,0.0,1,0.5173,0.007140644484864733,0.007140644484864733
6766,146064,3,22,43763,1687,0.0,1,1.0,0.007140644484864733,0.007140644484864733
6766,146064,3,23,43762,1907,0.0,1,0.5173,0.007140644484864733,0.007140644484864733
6766,146064,3,24,43761,1586,0.0,1,1.0,0.007140644484864733,0.007140644484864733
6766,145953,0,5,47434,1000,0.0,1,0.758,0.0,0.0
6766,145953,0,6,47433,1115,0.0,1,0.7074,0.0,0.0
6766,145953,0,7,47432,1069,0.0,1,0.7074,0.0,0.0
6766,145953,0,8,47431,1104,0.0,1,0.9034,0.0,0.0
6766,145953,0,9,47430,1244,0.0,1,0.9611,0.0,0.0
6766,145953,0,10,47429,1396,0.0,1,0.5485,0.0,0.0
6766,145953,0,11,47428,1290,0.0,1,0.6105,0.0,0.0
6766,145953,0,12,47427,1288,0.0,1,0.5485,0.0,0.0
6766,145953,0,13,47426,1168,0.0,1,0.6105,0.0,0.0
6766,145953,0,14,47425,1151,0.005,1,0.5607,0.0,0.0
6766,145953,0,15,47424,1143,0.0,1,0.7074,0.0,0.0
6766,145953,0,16,47423,1223,0.00639,1,0.6283,0.0,0.0
6766,145953,0,17,47422,1077,0.01548,0,0.9453,0.0,0.0
6766,145953,0,18,47421,1190,0.0,1,0.9971,0.0,0.0
6766,145953,0,19,47420,1180,0.00965,1,0.8371,0.0,0.0
6766,145953,0,20,47419,1250,0.02992,0,0.8121,0.0,0.0
6766,145953,0,21,47418,1254,0.0118,0,0.62,0.0,0.0
6766,145953,0,22,47417,1110,0.00155,1,0.7074,0.0,0.0
6766,145953,0,23,47416,1213,0.0,1,1.0,0.0,0.0
6766,145953,0,24,47415,1246,0.10552,0,0.7074,0.0,0.0
6766,145953,1,5,47434,1000,0.0,1,0.9453,0.005586305405526071,0.0
6766,145953,1,6,47433,1117,0.0,1,0.6105,0.005586305405526071,0.0
6766,145953,1,7,47432,1241,0.00342,1,0.6105,0.005586305405526071,0.0
6766,145953,1,8,47431,1243,0.0,1,0.7074,0.005586305405526071,0.0
6766,145953,1,9,47430,1139,0.1658,0,0.5485,0.005586305405526071,0.0
6766,145953,1,10,47429,1199,0.12212,0,0.5639,0.005586305405526071,0.0
6766,145953,1,11,47428,1364,0.0,1,0.9412,0.005586305405526071,0.0
6766,145953,1,12,47427,1146,0.0,1,0.9255,0.005586305405526071,0.0
6766,145953,1,13,47426,1392,0.41036,0,0.6283,0.005586305405526071,0.0
6766,145953,1,14,47425,1375,0.0,1,0.6361,0.005586305405526071,0.0
6766,145953,1,15,47424,1394,0.13637,0,0.6106,0.005586305405526071,0.0
6766,145953,1,16,47423,1468,0.16675,0,0.6283,0.005586305405526071,0.0
6766,145953,1,17,47422,1424,0.21027,0,0.9363,0.005586305405526071,0.0
6766,145953,1,18,47421,1560,0.21651,0,0.9903,0.005586305405526071,0.0
6766,145953,1,19,47420,1401,0.29686,0,0.5486,0.005586305405526071,0.0
6766,145953,1,20,47419,2029,0.00489,1,0.6314,0.005586305405526071,0.0
6766,145953,1,21,47418,2420,0.05919,0,0.5486,0.005586305405526071,0.0
6766,145953,1,22,47417,2261,0.07346,0,0.5486,0.005586305405526071,0.0
6766,145953,1,23,47416,1633,0.14464,0,0.6106,0.005586305405526071,0.0
6766,145953,1,24,47415,1478,0.18936,0,0.6106,0.005586305405526071,0.0
6766,145953,2,5,47434,1000,0.00309,1,0.8121,0.04818327902513053,0.004189171093157196
6766,145953,2,6,47433,1095,0.0,1,0.5484,0.04818327902513053,0.004189171093157196
6766,145953,2,7,47432,1169,0.00351,1,0.5484,0.04818327902513053,0.004189171093157196
6766,145953,2,8,47431,1397,0.0,1,0.5484,0.04818327902513053,0.004189171093157196
6766,145953,2,9,47430,1475,0.0,1,0.5484,0.04818327902513053,0.004189171093157196
6766,145953,2,10,47429,1572,0.0,1,0.6105,0.04818327902513053,0.004189171093157196
6766,145953,2,11,47428,2592,0.0,1,0.6263,0.04818327902513053,0.004189171093157196
6766,145953,2,12,47427,2162,0.0,1,0.6105,0.04818327902513053,0.004189171093157196
6766,145953,2,13,47426,4847,0.0,1,0.6282,0.04818327902513053,0.004189171093157196
6766,145953,2,14,47425,4436,7e-05,1,0.6232,0.04818327902513053,0.004189171093157196
6766,145953,2,15,47424,2755,0.02229,0,0.5485,0.04818327902513053,0.004189171093157196
6766,145953,2,16,47423,5874,0.0,1,0.6388,0.04818327902513053,0.004189171093157196
6766,145953,2,17,47422,5487,0.04954,0,0.5674,0.04818327902513053,0.004189171093157196
6766,145953,2,18,47421,3112,0.0,1,0.6105,0.04818327902513053,0.004189171093157196
6766,145953,2,19,47420,6534,0.0,1,0.6426,0.04818327902513053,0.004189171093157196
6766,145953,2,20,47419,6140,0.11856,0,0.6297,0.04818327902513053,0.004189171093157196
6766,145953,2,21,47418,2130,0.00202,1,0.7073,0.04818327902513053,0.004189171093157196
6766,145953,2,22,47417,1749,0.03514,0,0.6225,0.04818327902513053,0.004189171093157196
6766,145953,2,23,47416,1591,0.00514,1,0.6282,0.04818327902513053,0.004189171093157196
6766,145953,2,24,47415,1314,0.0,1,0.7674,0.04818327902513053,0.004189171093157196
6766,145953,3,5,47434,1000,0.0,1,0.5484,0.04888184618131497,0.0013949024684193345
6766,145953,3,6,47433,1000,0.00489,1,0.8045,0.04888184618131497,0.0013949024684193345
6766,145953,3,7,47432,1130,0.00317,1,0.5484,0.04888184618131497,0.0013949024684193345
6766,145953,3,8,47431,1576,0.09236,0,0.6105,0.04888184618131497,0.0013949024684193345
6766,145953,3,9,47430,1600,0.01913,0,0.6283,0.04888184618131497,0.0013949024684193345
6766,145953,3,10,47429,1191,0.0,1,0.7966,0.04888184618131497,0.0013949024684193345
6766,145953,3,11,47428,1659,0.0,1,0.6105,0.04888184618131497,0.0013949024684193345
6766,145953,3,12,47427,2307,0.00036,1,0.617,0.04888184618131497,0.0013949024684193345
6766,145953,3,13,47426,1532,0.0,1,0.6282,0.04888184618131497,0.0013949024684193345
6766,145953,3,14,47425,1937,0.00388,1,0.6212,0.04888184618131497,0.0013949024684193345
6766,145953,3,15,47424,1578,0.04764,0,0.6106,0.04888184618131497,0.0013949024684193345
6766,145953,3,16,47423,1831,0.04004,0,0.5485,0.04888184618131497,0.0013949024684193345
6766,145953,3,17,47422,2810,0.0043,1,0.6327,0.04888184618131497,0.0013949024684193345
6766,145953,3,18,47421,2038,0.09229,0,0.5485,0.04888184618131497,0.0013949024684193345
6766,145953,3,19,47420,10196,0.10061,0,0.6297,0.04888184618131497,0.0013949024684193345
6766,145953,3,20,47419,2969,0.1574,0,0.5485,0.04888184618131497,0.0013949024684193345
6766,145953,3,21,47418,1289,0.01441,0,0.8045,0.04888184618131497,0.0013949024684193345
6766,145953,3,22,47417,1573,0.0351,0,0.5584,0.04888184618131497,0.0013949024684193345
6766,145953,3,23,47416,1391,0.00506,1,0.6388,0.04888184618131497,0.0013949024684193345
6766,145953,3,24,47415,1397,0.02335,0,0.5498,0.04888184618131497,0.0013949024684193345
6766,145953,4,5,47434,1000,0.00239,1,0.5485,0.04888184618131497,0.047484711868945984
6766,145953,4,6,47433,1000,0.10499,0,0.8045,0.04888184618131497,0.047484711868945984
6766,145953,4,7,47432,1075,0.24467,0,0.7581,0.04888184618131497,0.047484711868945984
6766,145953,4,8,47431,1243,0.44137,0,0.7824,0.04888184618131497,0.047484711868945984
6766,145953,4,9,47430,1217,0.41998,0,0.5485,0.04888184618131497,0.047484711868945984
6766,145953,4,10,47429,1695,0.36243,0,0.5485,0.04888184618131497,0.047484711868945984
6766,145953,4,11,47428,1718,0.00086,1,0.5485,0.04888184618131497,0.047484711868945984
6766,145953,4,12,47427,2012,0.00077,1,0.7074,0.04888184618131497,0.047484711868945984
6766,145953,4,13,47426,4475,0.0,1,0.6298,0.04888184618131497,0.047484711868945984
6766,145953,4,14,47425,5113,0.0,1,0.5485,0.04888184618131497,0.047484711868945984
6766,145953,4,15,47424,4293,0.0,1,0.6106,0.04888184618131497,0.047484711868945984
6766,145953,4,16,47423,5692,0.0,1,0.6283,0.04888184618131497,0.047484711868945984
6766,145953,4,17,47422,5809,0.00021,1,0.6389,0.04888184618131497,0.047484711868945984
6766,145953,4,18,47421,2444,0.02177,0,0.5485,0.04888184618131497,0.047484711868945984
6766,145953,4,19,47420,10035,0.02532,0,0.5485,0.04888184618131497,0.047484711868945984
6766,145953,4,20,47419,14908,0.0,1,0.5552,0.04888184618131497,0.047484711868945984
6766,145953,4,21,47418,6624,0.00384,1,0.6389,0.04888184618131497,0.047484711868945984
6766,145953,4,22,47417,5205,0.00807,1,0.5639,0.04888184618131497,0.047484711868945984
6766,145953,4,23,47416,14306,0.0082,1,0.644,0.04888184618131497,0.047484711868945984
6766,145953,4,24,47415,4225,0.0,1,0.5663,0.04888184618131497,0.047484711868945984
6766,145804,0,5,52732,1000,0.0,1,1.0,0.0,0.0
6766,145804,0,6,52731,1000,0.0,1,0.8557,0.0,0.0
6766,145804,0,7,52730,1000,0.0,1,1.0,0.0,0.0
6766,145804,0,8,52729,1000,0.01778,0,1.0,0.0,0.0
6766,145804,0,9,52728,1000,0.00751,1,0.7675,0.0,0.0
6766,145804,0,10,52727,1000,0.0,1,0.8093,0.0,0.0
6766,145804,0,11,52726,1000,0.0,1,0.7692,0.0,0.0
6766,145804,0,12,52725,1000,0.0,1,0.7616,0.0,0.0
6766,145804,0,13,52724,1000,0.00867,1,0.7881,0.0,0.0
6766,145804,0,14,52723,1000,0.01953,0,0.8333,0.0,0.0
6766,145804,0,15,52722,1000,0.04003,0,0.8221,0.0,0.0
6766,145804,0,16,52721,1000,0.0,1,1.0,0.0,0.0
6766,145804,0,17,52720,1000,0.00363,1,0.8364,0.0,0.0
6766,145804,0,18,52719,1000,0.00453,1,1.0,0.0,0.0
6766,145804,0,19,52718,1000,0.0,1,1.0,0.0,0.0
6766,145804,0,20,52717,1000,0.03175,0,1.0,0.0,0.0
6766,145804,0,21,52716,1000,0.0,1,1.0,0.0,0.0
6766,145804,0,22,52715,1000,0.01165,0,0.8211,0.0,0.0
6766,145804,0,23,52714,1000,0.0,1,1.0,0.0,0.0
6766,145804,0,24,52713,1000,0.01086,0,0.8303,0.0,0.0
6766,145804,1,5,52732,1000,0.0,1,1.0,0.0,0.0
6766,145804,1,6,52731,1023,0.0,1,1.0,0.0,0.0
6766,145804,1,7,52730,1118,0.0,1,1.0,0.0,0.0
6766,145804,1,8,52729,1411,0.0,1,1.0,0.0,0.0
6766,145804,1,9,52728,1642,0.01987,0,1.0,0.0,0.0
6766,145804,1,10,52727,1745,0.01933,0,1.0,0.0,0.0
6766,145804,1,11,52726,2270,0.1927,0,0.6367,0.0,0.0
6766,145804,1,12,52725,2088,0.01578,0,0.6367,0.0,0.0
6766,145804,1,13,52724,2342,0.12441,0,1.0,0.0,0.0
6766,145804,1,14,52723,3031,0.21894,0,0.8419,0.0,0.0
6766,145804,1,15,52722,3271,0.13177,0,0.6367,0.0,0.0
6766,145804,1,16,52721,3186,0.03591,0,0.6367,0.0,0.0
6766,145804,1,17,52720,3226,0.0,1,0.6367,0.0,0.0
6766,145804,1,18,52719,3332,0.0,1,0.6367,0.0,0.0
6766,145804,1,19,52718,3169,0.0,1,0.6367,0.0,0.0
6766,145804,1,20,52717,3531,0.0,1,0.6965,0.0,0.0
6766,145804,1,21,52716,4526,0.0,1,0.6752,0.0,0.0
6766,145804,1,22,52715,3677,0.0,1,0.6547,0.0,0.0
6766,145804,1,23,52714,4066,0.0,1,0.7398,0.0,0.0
6766,145804,1,24,52713,4034,0.0,1,0.8071,0.0,0.0
6766,145804,2,5,52732,1000,0.0,1,0.6366,0.0,0.0
6766,145804,2,6,52731,1038,0.0,1,0.8085,0.0,0.0
6766,145804,2,7,52730,1000,0.07195,0,1.0,0.0,0.0
6766,145804,2,8,52729,1000,0.0,1,1.0,0.0,0.0
6766,145804,2,9,52728,1000,0.0,1,1.0,0.0,0.0
6766,145804,2,10,52727,1000,0.0,1,1.0,0.0,0.0
6766,145804,2,11,52726,1000,0.0,1,0.7251,0.0,0.0
6766,145804,2,12,52725,1006,0.0,1,0.7789,0.0,0.0
6766,145804,2,13,52724,1077,0.01686,0,0.8418,0.0,0.0
6766,145804,2,14,52723,1134,0.0,1,0.8255,0.0,0.0
6766,145804,2,15,52722,1308,0.0,1,1.0,0.0,0.0
6766,145804,2,16,52721,1228,0.00093,1,1.0,0.0,0.0
6766,145804,2,17,52720,1282,0.0,1,1.0,0.0,0.0
6766,145804,2,18,52719,1141,0.0148,0,0.811,0.0,0.0
6766,145804,2,19,52718,1184,0.00625,1,0.8384,0.0,0.0
6766,145804,2,20,52717,1203,0.01059,0,0.8384,0.0,0.0
6766,145804,2,21,52716,1360,0.02251,0,0.8603,0.0,0.0
6766,145804,2,22,52715,1217,0.00073,1,0.8171,0.0,0.0
6766,145804,2,23,52714,1322,0.0,1,1.0,0.0,0.0
6766,145804,2,24,52713,1184,0.00878,1,0.8328,0.0,0.0
6766,145804,3,5,52732,1000,0.0,1,1.0,0.0,0.0
6766,145804,3,6,52731,1188,0.02833,0,0.7198,0.0,0.0
6766,145804,3,7,52730,1170,0.0,1,1.0,0.0,0.0
6766,145804,3,8,52729,1263,0.04335,0,0.6752,0.0,0.0
6766,145804,3,9,52728,1434,0.07715,0,0.7777,0.0,0.0
6766,145804,3,10,52727,1457,0.01701,0,0.817,0.0,0.0
6766,145804,3,11,52726,1464,0.0,1,1.0,0.0,0.0
6766,145804,3,12,52725,1556,0.00443,1,0.789,0.0,0.0
6766,145804,3,13,52724,1702,0.0,1,0.8177,0.0,0.0
6766,145804,3,14,52723,1779,0.0,1,1.0,0.0,0.0
6766,145804,3,15,52722,1730,0.0,1,1.0,0.0,0.0
6766,145804,3,16,52721,2059,0.0,1,0.8558,0.0,0.0
6766,145804,3,17,52720,1870,0.0,1,0.8365,0.0,0.0
6766,145804,3,18,52719,1785,0.0,1,1.0,0.0,0.0
6766,145804,3,19,52718,1781,2e-05,1,0.8285,0.0,0.0
6766,145804,3,20,52717,2034,0.00446,1,0.8558,0.0,0.0
6766,145804,3,21,52716,2040,0.0,1,1.0,0.0,0.0
6766,145804,3,22,52715,2101,0.00072,1,1.0,0.0,0.0
6766,145804,3,23,52714,2086,0.0,1,0.8374,0.0,0.0
6766,145804,3,24,52713,1968,0.00686,1,0.8291,0.0,0.0
6766,145804,4,5,52732,1000,0.03488,0,1.0,0.0,0.0
6766,145804,4,6,52731,1215,0.0,1,1.0,0.0,0.0
6766,145804,4,7,52730,1185,0.0,1,1.0,0.0,0.0
6766,145804,4,8,52729,1391,0.13072,0,0.8365,0.0,0.0
6766,145804,4,9,52728,1316,0.0,1,1.0,0.0,0.0
6766,145804,4,10,52727,1530,0.28139,0,0.6367,0.0,0.0
6766,145804,4,11,52726,1603,0.13659,0,1.0,0.0,0.0
6766,145804,4,12,52725,2095,0.1654,0,0.8247,0.0,0.0
6766,145804,4,13,52724,1987,0.22485,0,0.6367,0.0,0.0
6766,145804,4,14,52723,2590,0.2309,0,0.8341,0.0,0.0
6766,145804,4,15,52722,3052,0.16419,0,0.6368,0.0,0.0
6766,145804,4,16,52721,2356,0.07419,0,1.0,0.0,0.0
6766,145804,4,17,52720,3335,0.03147,0,0.6368,0.0,0.0
6766,145804,4,18,52719,3533,0.0,1,0.6368,0.0,0.0
6766,145804,4,19,52718,3621,0.16911,0,0.6408,0.0,0.0
6766,145804,4,20,52717,3807,0.12747,0,0.6368,0.0,0.0
6766,145804,4,21,52716,3167,0.0,1,0.6841,0.0,0.0
6766,145804,4,22,52715,3275,0.05081,0,0.6368,0.0,0.0
6766,145804,4,23,52714,3707,0.0,1,0.7218,0.0,0.0
6766,145804,4,24,52713,4267,0.0,1,0.6639,0.0,0.0
6766,31,0,5,60716,1000,0.0,1,0.6481,0.01538461538461533,0.06153846153846154
6766,31,0,6,60715,1000,0.0,1,0.8597,0.01538461538461533,0.06153846153846154
6766,31,0,7,60714,1000,0.0,1,0.671,0.01538461538461533,0.06153846153846154
6766,31,0,8,60713,1000,0.0,1,0.7454,0.01538461538461533,0.06153846153846154
6766,31,0,9,60712,1000,0.0,1,0.9035,0.01538461538461533,0.06153846153846154
6766,31,0,10,60711,1000,0.0,1,0.7103,0.01538461538461533,0.06153846153846154
6766,31,0,11,60710,1000,0.0,1,0.6804,0.01538461538461533,0.06153846153846154
6766,31,0,12,60709,1000,0.0,1,0.7319,0.01538461538461533,0.06153846153846154
6766,31,0,13,60708,1000,0.0,1,0.9869,0.01538461538461533,0.06153846153846154
6766,31,0,14,60707,1000,0.0,1,0.9723,0.01538461538461533,0.06153846153846154
6766,31,0,15,60706,1000,0.0,1,0.9869,0.01538461538461533,0.06153846153846154
6766,31,0,16,60705,1000,0.0,1,0.9397,0.01538461538461533,0.06153846153846154
6766,31,0,17,60704,1000,0.0,1,0.9987,0.01538461538461533,0.06153846153846154
6766,31,0,18,60703,1000,0.03211,0,0.9397,0.01538461538461533,0.06153846153846154
6766,31,0,19,60702,1000,0.0032,1,0.8598,0.01538461538461533,0.06153846153846154
6766,31,0,20,60701,1000,0.0,1,0.9967,0.01538461538461533,0.06153846153846154
6766,31,0,21,60700,1000,0.02175,0,0.9935,0.01538461538461533,0.06153846153846154
6766,31,0,22,60699,1000,0.07226,0,0.9037,0.01538461538461533,0.06153846153846154
6766,31,0,23,60698,1000,0.02858,0,0.9935,0.01538461538461533,0.06153846153846154
6766,31,0,24,60697,1000,0.07724,0,0.9397,0.01538461538461533,0.06153846153846154
6766,31,1,5,60716,1000,0.0,1,0.8597,0.06153846153846154,0.06153846153846154
6766,31,1,6,60715,1000,0.0,1,0.6804,0.06153846153846154,0.06153846153846154
6766,31,1,7,60714,1000,0.0,1,0.7772,0.06153846153846154,0.06153846153846154
6766,31,1,8,60713,1000,0.0,1,0.9035,0.06153846153846154,0.06153846153846154
6766,31,1,9,60712,1000,0.0,1,0.75,0.06153846153846154,0.06153846153846154
6766,31,1,10,60711,1000,0.00844,1,0.7103,0.06153846153846154,0.06153846153846154
6766,31,1,11,60710,1000,0.0,1,0.9869,0.06153846153846154,0.06153846153846154
6766,31,1,12,60709,1000,0.0,1,0.9396,0.06153846153846154,0.06153846153846154
6766,31,1,13,60708,1000,0.05753,0,0.7349,0.06153846153846154,0.06153846153846154
6766,31,1,14,60707,1000,0.0,1,0.9723,0.06153846153846154,0.06153846153846154
6766,31,1,15,60706,1000,0.04238,0,0.7529,0.06153846153846154,0.06153846153846154
6766,31,1,16,60705,1000,0.0,1,0.9036,0.06153846153846154,0.06153846153846154
6766,31,1,17,60704,1000,0.01193,0,0.9723,0.06153846153846154,0.06153846153846154
6766,31,1,18,60703,1000,0.00391,1,0.9036,0.06153846153846154,0.06153846153846154
6766,31,1,19,60702,1000,0.0,1,0.8113,0.06153846153846154,0.06153846153846154
6766,31,1,20,60701,1000,0.00272,1,0.9036,0.06153846153846154,0.06153846153846154
6766,31,1,21,60700,1000,0.00831,1,0.9397,0.06153846153846154,0.06153846153846154
6766,31,1,22,60699,1000,0.00249,1,0.9397,0.06153846153846154,0.06153846153846154
6766,31,1,23,60698,1000,0.00135,1,0.9723,0.06153846153846154,0.06153846153846154
6766,31,1,24,60697,1000,0.01956,0,0.9397,0.06153846153846154,0.06153846153846154
6766,31,3,5,60716,1000,0.0,1,0.9396,0.07692307692307687,0.03076923076923077
6766,31,3,6,60715,1181,0.05355,0,0.7349,0.07692307692307687,0.03076923076923077
6766,31,3,7,60714,1343,0.0,1,0.8286,0.07692307692307687,0.03076923076923077
6766,31,3,8,60713,2514,0.0,1,0.6963,0.07692307692307687,0.03076923076923077
6766,31,3,9,60712,1508,0.01675,0,0.9723,0.07692307692307687,0.03076923076923077
6766,31,3,10,60711,1899,0.0,1,0.8597,0.07692307692307687,0.03076923076923077
6766,31,3,11,60710,2165,0.00129,1,0.9723,0.07692307692307687,0.03076923076923077
6766,31,3,12,60709,1734,0.05689,0,0.9036,0.07692307692307687,0.03076923076923077
6766,31,3,13,60708,1536,0.0,1,0.9396,0.07692307692307687,0.03076923076923077
6766,31,3,14,60707,2254,0.00462,1,0.9723,0.07692307692307687,0.03076923076923077
6766,31,3,15,60706,1801,0.05261,0,0.8598,0.07692307692307687,0.03076923076923077
6766,31,3,16,60705,1811,0.00276,1,0.9723,0.07692307692307687,0.03076923076923077
6766,31,3,17,60704,1592,0.07773,0,0.9723,0.07692307692307687,0.03076923076923077
6766,31,3,18,60703,1542,0.14735,0,0.9723,0.07692307692307687,0.03076923076923077
6766,31,3,19,60702,2076,0.0,1,0.9723,0.07692307692307687,0.03076923076923077
6766,31,3,20,60701,1967,0.08709,0,0.7393,0.07692307692307687,0.03076923076923077
6766,31,3,21,60700,1785,0.12993,0,0.9723,0.07692307692307687,0.03076923076923077
6766,31,3,22,60699,1905,0.157,0,0.9723,0.07692307692307687,0.03076923076923077
6766,31,3,23,60698,2335,0.048,0,0.9723,0.07692307692307687,0.03076923076923077
6766,31,3,24,60697,2092,0.06518,0,0.9723,0.07692307692307687,0.03076923076923077
6766,31,2,5,60716,1000,0.0,1,0.9396,0.06153846153846154,0.06153846153846154
6766,31,2,6,60715,1131,0.0,1,0.6963,0.06153846153846154,0.06153846153846154
6766,31,2,7,60714,1204,0.0,1,0.8598,0.06153846153846154,0.06153846153846154
6766,31,2,8,60713,1292,0.00156,1,0.9396,0.06153846153846154,0.06153846153846154
6766,31,2,9,60712,1314,0.00823,1,0.9036,0.06153846153846154,0.06153846153846154
6766,31,2,10,60711,1350,0.06301,0,0.8598,0.06153846153846154,0.06153846153846154
6766,31,2,11,60710,1404,0.03747,0,0.7089,0.06153846153846154,0.06153846153846154
6766,31,2,12,60709,1456,0.0,1,0.9036,0.06153846153846154,0.06153846153846154
6766,31,2,13,60708,1659,0.00299,1,0.9723,0.06153846153846154,0.06153846153846154
6766,31,2,14,60707,1608,0.02814,0,0.9396,0.06153846153846154,0.06153846153846154
6766,31,2,15,60706,1506,0.00527,1,0.8114,0.06153846153846154,0.06153846153846154
6766,31,2,16,60705,1646,0.00176,1,0.7253,0.06153846153846154,0.06153846153846154
6766,31,2,17,60704,1561,0.04697,0,0.729,0.06153846153846154,0.06153846153846154
6766,31,2,18,60703,1632,0.00041,1,0.7418,0.06153846153846154,0.06153846153846154
6766,31,2,19,60702,1569,0.0,1,0.6787,0.06153846153846154,0.06153846153846154
6766,31,2,20,60701,1694,0.00153,1,0.9723,0.06153846153846154,0.06153846153846154
6766,31,2,21,60700,1921,0.0,1,0.8598,0.06153846153846154,0.06153846153846154
6766,31,2,22,60699,1934,0.0,1,0.9723,0.06153846153846154,0.06153846153846154
6766,31,2,23,60698,1896,0.02116,0,0.9723,0.06153846153846154,0.06153846153846154
6766,31,2,24,60697,1899,0.00715,1,0.9869,0.06153846153846154,0.06153846153846154
6766,10101,0,5,66272,1000,0.0,1,0.6552,0.09091527267782085,0.0
6766,10101,0,6,66271,1000,0.0,1,0.6552,0.09091527267782085,0.0
6766,10101,0,7,66270,1000,0.0,1,0.6552,0.09091527267782085,0.0
6766,10101,0,8,66269,1000,0.0,1,0.6552,0.09091527267782085,0.0
6766,10101,0,9,66268,1000,0.0,1,0.6552,0.09091527267782085,0.0
6766,10101,0,10,66267,1000,0.0,1,0.6552,0.09091527267782085,0.0
6766,10101,0,11,66266,1000,0.0,1,0.8116,0.09091527267782085,0.0
6766,10101,0,12,66265,1000,0.0,1,0.9314,0.09091527267782085,0.0
6766,10101,0,13,66264,1000,0.0,1,0.6984,0.09091527267782085,0.0
6766,10101,0,14,66263,1000,0.0,1,0.013,0.09091527267782085,0.0
6766,10101,0,15,66262,1000,0.0,1,0.7189,0.09091527267782085,0.0
6766,10101,0,16,66261,1000,0.0,1,0.6769,0.09091527267782085,0.0
6766,10101,0,17,66260,1000,0.07551,0,0.6984,0.09091527267782085,0.0
6766,10101,0,18,66259,1000,0.02841,0,0.9907,0.09091527267782085,0.0
6766,10101,0,19,66258,1000,0.0,1,0.9907,0.09091527267782085,0.0
6766,10101,0,20,66257,1000,0.0,1,0.9314,0.09091527267782085,0.0
6766,10101,0,21,66256,1000,0.01403,0,0.9907,0.09091527267782085,0.0
6766,10101,0,22,66255,1000,0.05103,0,0.9314,0.09091527267782085,0.0
6766,10101,0,23,66254,1000,0.00911,1,0.8117,0.09091527267782085,0.0
6766,10101,0,24,66253,1000,0.02045,0,0.6984,0.09091527267782085,0.0
6766,31,4,5,60716,1000,0.0,1,0.6571,0.07692307692307687,0.12307692307692308
6766,31,4,6,60715,1203,0.0,1,0.9396,0.07692307692307687,0.12307692307692308
6766,31,4,7,60714,1145,0.0,1,0.8286,0.07692307692307687,0.12307692307692308
6766,31,4,8,60713,1393,0.0,1,0.7289,0.07692307692307687,0.12307692307692308
6766,31,4,9,60712,1497,0.00713,1,0.677,0.07692307692307687,0.12307692307692308
6766,31,4,10,60711,1492,0.0,1,0.7176,0.07692307692307687,0.12307692307692308
6766,31,4,11,60710,1695,0.00511,1,0.7773,0.07692307692307687,0.12307692307692308
6766,31,4,12,60709,1845,0.01103,0,0.7104,0.07692307692307687,0.12307692307692308
6766,31,4,13,60708,1855,0.0,1,0.8286,0.07692307692307687,0.12307692307692308
6766,31,4,14,60707,1950,0.0,1,0.8597,0.07692307692307687,0.12307692307692308
6766,31,4,15,60706,1794,0.0,1,0.9723,0.07692307692307687,0.12307692307692308
6766,31,4,16,60705,1855,0.0,1,0.7455,0.07692307692307687,0.12307692307692308
6766,31,4,17,60704,1995,0.01738,0,0.6805,0.07692307692307687,0.12307692307692308
6766,31,4,18,60703,1881,0.00175,1,0.9396,0.07692307692307687,0.12307692307692308
6766,31,4,19,60702,2155,0.03176,0,0.9396,0.07692307692307687,0.12307692307692308
6766,31,4,20,60701,1807,0.0061,1,0.8598,0.07692307692307687,0.12307692307692308
6766,31,4,21,60700,1825,0.00389,1,0.9723,0.07692307692307687,0.12307692307692308
6766,31,4,22,60699,1859,0.00023,1,0.6936,0.07692307692307687,0.12307692307692308
6766,31,4,23,60698,1883,0.03146,0,0.9036,0.07692307692307687,0.12307692307692308
6766,31,4,24,60697,2148,0.01364,0,0.7077,0.07692307692307687,0.12307692307692308
6766,10101,1,5,66272,1000,0.0,1,0.6553,0.09091527267782085,0.09091527267782085
6766,10101,1,6,66271,1033,0.0,1,0.6552,0.09091527267782085,0.09091527267782085
6766,10101,1,7,66270,1301,0.0,1,0.9314,0.09091527267782085,0.09091527267782085
6766,10101,1,8,66269,1452,0.0,1,0.9314,0.09091527267782085,0.09091527267782085
6766,10101,1,9,66268,1257,0.0,1,0.9662,0.09091527267782085,0.09091527267782085
6766,10101,1,10,66267,1442,0.0,1,0.9662,0.09091527267782085,0.09091527267782085
6766,10101,1,11,66266,1373,0.06351,0,0.9662,0.09091527267782085,0.09091527267782085
6766,10101,1,12,66265,1518,0.02548,0,0.6984,0.09091527267782085,0.09091527267782085
6766,10101,1,13,66264,1429,0.00676,1,0.6984,0.09091527267782085,0.09091527267782085
6766,10101,1,14,66263,1872,0.0,1,0.9662,0.09091527267782085,0.09091527267782085
6766,10101,1,15,66262,1721,0.02062,0,0.8117,0.09091527267782085,0.09091527267782085
6766,10101,1,16,66261,1878,0.01686,0,0.9315,0.09091527267782085,0.09091527267782085
6766,10101,1,17,66260,1896,0.0,1,0.9315,0.09091527267782085,0.09091527267782085
6766,10101,1,18,66259,2561,0.07913,0,0.9315,0.09091527267782085,0.09091527267782085
6766,10101,1,19,66258,1556,0.05897,0,0.9662,0.09091527267782085,0.09091527267782085
6766,10101,1,20,66257,1743,0.044,0,0.9315,0.09091527267782085,0.09091527267782085
6766,10101,1,21,66256,1419,0.14489,0,0.9907,0.09091527267782085,0.09091527267782085
6766,10101,1,22,66255,1531,0.12862,0,0.9662,0.09091527267782085,0.09091527267782085
6766,10101,1,23,66254,1990,0.1046,0,0.8118,0.09091527267782085,0.09091527267782085
6766,10101,1,24,66253,1416,0.02914,0,0.9662,0.09091527267782085,0.09091527267782085
6766,10101,2,5,66272,1000,0.0,1,0.9662,0.0,0.0
6766,10101,2,6,66271,1200,0.0,1,0.9662,0.0,0.0
6766,10101,2,7,66270,1256,0.0,1,0.8117,0.0,0.0
6766,10101,2,8,66269,1555,0.0,1,0.9907,0.0,0.0
6766,10101,2,9,66268,1526,0.0,1,0.9315,0.0,0.0
6766,10101,2,10,66267,1555,0.0,1,0.6769,0.0,0.0
6766,10101,2,11,66266,2100,0.01376,0,0.6984,0.0,0.0
6766,10101,2,12,66265,1963,0.0,1,1.0,0.0,0.0
6766,10101,2,13,66264,1591,0.0,1,0.6984,0.0,0.0
6766,10101,2,14,66263,1979,0.0,1,0.8117,0.0,0.0
6766,10101,2,15,66262,1893,0.0,1,1.0,0.0,0.0
6766,10101,2,16,66261,1946,0.02633,0,1.0,0.0,0.0
6766,10101,2,17,66260,2026,0.01587,0,0.9315,0.0,0.0
6766,10101,2,18,66259,1989,0.0332,0,1.0,0.0,0.0
6766,10101,2,19,66258,1980,0.01352,0,0.9315,0.0,0.0
6766,10101,2,20,66257,1832,0.07742,0,1.0,0.0,0.0
6766,10101,2,21,66256,1937,0.08123,0,0.9315,0.0,0.0
6766,10101,2,22,66255,2002,0.02679,0,1.0,0.0,0.0
6766,10101,2,23,66254,2026,0.03599,0,1.0,0.0,0.0
6766,10101,2,24,66253,1952,0.09238,0,0.8118,0.0,0.0
6766,10101,4,5,66272,1000,0.00798,1,0.6984,0.0,0.18183054535563403
6766,10101,4,6,66271,1056,0.0,1,0.6984,0.0,0.18183054535563403
6766,10101,4,7,66270,1351,0.0,1,0.9314,0.0,0.18183054535563403
6766,10101,4,8,66269,1204,0.19793,0,0.8117,0.0,0.18183054535563403
6766,10101,4,9,66268,1270,0.03748,0,0.8117,0.0,0.18183054535563403
6766,10101,4,10,66267,1275,0.13181,0,0.8117,0.0,0.18183054535563403
6766,10101,4,11,66266,1267,0.13958,0,0.8117,0.0,0.18183054535563403
6766,10101,4,12,66265,1376,0.08332,0,0.9314,0.0,0.18183054535563403
6766,10101,4,13,66264,1348,0.0,1,0.9314,0.0,0.18183054535563403
6766,10101,4,14,66263,1397,0.0,1,0.9314,0.0,0.18183054535563403
6766,10101,4,15,66262,1407,0.16981,0,0.9314,0.0,0.18183054535563403
6766,10101,4,16,66261,1453,0.0,1,0.9314,0.0,0.18183054535563403
6766,10101,4,17,66260,1485,0.13689,0,0.9314,0.0,0.18183054535563403
6766,10101,4,18,66259,1420,0.0,1,0.9314,0.0,0.18183054535563403
6766,10101,4,19,66258,1579,0.01642,0,0.9314,0.0,0.18183054535563403
6766,10101,4,20,66257,1454,0.00438,1,0.9314,0.0,0.18183054535563403
6766,10101,4,21,66256,1391,0.0018,1,0.9314,0.0,0.18183054535563403
6766,10101,4,22,66255,1455,0.016,0,0.9314,0.0,0.18183054535563403
6766,10101,4,23,66254,1358,0.0099,1,0.9314,0.0,0.18183054535563403
6766,10101,4,24,66253,1277,0.22594,0,1.0,0.0,0.18183054535563403
6766,10101,3,5,66272,1000,0.0,1,0.9662,0.18183054535563403,0.18183054535563403
6766,10101,3,6,66271,1000,0.0,1,0.8117,0.18183054535563403,0.18183054535563403
6766,10101,3,7,66270,1000,0.0,1,0.9662,0.18183054535563403,0.18183054535563403
6766,10101,3,8,66269,1000,0.00631,1,0.9662,0.18183054535563403,0.18183054535563403
6766,10101,3,9,66268,1000,0.06615,0,0.9662,0.18183054535563403,0.18183054535563403
6766,10101,3,10,66267,1000,0.0,1,0.9662,0.18183054535563403,0.18183054535563403
6766,10101,3,11,66266,1000,0.08491,0,0.6553,0.18183054535563403,0.18183054535563403
6766,10101,3,12,66265,1000,0.17041,0,0.9315,0.18183054535563403,0.18183054535563403
6766,10101,3,13,66264,1000,0.00325,1,0.9662,0.18183054535563403,0.18183054535563403
6766,10101,3,14,66263,1000,0.20337,0,0.6985,0.18183054535563403,0.18183054535563403
6766,10101,3,15,66262,1000,0.12481,0,0.6554,0.18183054535563403,0.18183054535563403
6766,10101,3,16,66261,1064,0.08667,0,0.9315,0.18183054535563403,0.18183054535563403
6766,10101,3,17,66260,1157,0.01379,0,0.9662,0.18183054535563403,0.18183054535563403
6766,10101,3,18,66259,1108,0.00988,1,0.677,0.18183054535563403,0.18183054535563403
6766,10101,3,19,66258,1252,0.09209,0,0.6554,0.18183054535563403,0.18183054535563403
6766,10101,3,20,66257,1318,0.014,0,0.8117,0.18183054535563403,0.18183054535563403
6766,10101,3,21,66256,1586,0.03943,0,0.8117,0.18183054535563403,0.18183054535563403
6766,10101,3,22,66255,1701,0.01881,0,0.6554,0.18183054535563403,0.18183054535563403
6766,10101,3,23,66254,1665,0.0,1,0.6554,0.18183054535563403,0.18183054535563403
6766,10101,3,24,66253,1497,0.00725,1,0.677,0.18183054535563403,0.18183054535563403
