ss,task,seed,step,K,over_pred,sigma_t
6767,146065,0,5,50,-0.04815186812621469,0.11107342274656677
6767,146065,0,5,100,0.1755836359767178,0.11107342274656677
6767,146065,0,5,250,0.10481565451649943,0.11107342274656677
6767,146065,0,5,500,-0.06736368185846803,0.11107342274656677
6767,146065,0,5,1000,0.2003900650342244,0.11107342274656677
6767,146065,0,5,2000,0.18944550197487978,0.11107342274656677
6767,146065,0,5,5000,0.30155675235781226,0.11107342274656677
6767,146065,0,6,50,-0.18968783104665116,0.08104041923435994
6767,146065,0,6,100,0.1755836359767178,0.08104041923435994
6767,146065,0,6,250,0.17096301397733046,0.08104041923435994
6767,146065,0,6,500,-0.5372084743265648,0.08104041923435994
6767,146065,0,6,1000,0.13594368611457358,0.08104041923435994
6767,146065,0,6,2000,0.13594368611457358,0.08104041923435994
6767,146065,0,6,5000,0.22373550410293236,0.08104041923435994
6767,146065,0,7,50,-0.12524379064639035,0.06246136206717236
6767,146065,0,7,100,0.35992151928927735,0.06246136206717236
6767,146065,0,7,250,0.18482487997549243,0.06246136206717236
6767,146065,0,7,500,0.3263608428959289,0.06246136206717236
6767,146065,0,7,1000,0.19406612397426712,0.06246136206717236
6767,146065,0,7,2000,0.23759737010109427,0.06246136206717236
6767,146065,0,7,5000,-0.5724701312610933,0.06246136206717236
6767,146065,0,8,50,0.20184871650363287,0.09495394372854195
6767,146065,0,8,100,0.1556424965097598,0.09495394372854195
6767,146065,0,8,250,0.2366257152946184,0.09495394372854195
6767,146065,0,8,500,0.14785990398039386,0.09495394372854195
6767,146065,0,8,1000,-0.375971362491552,0.09495394372854195
6767,146065,0,8,2000,0.1571011479791685,0.09495394372854195
6767,146065,0,8,5000,0.1617217699785559,0.09495394372854195
6767,146065,0,9,50,0.22221586843256055,0.1455844389168415
6767,146065,0,9,100,-0.5533195940447265,0.1455844389168415
6767,146065,0,9,250,0.33311050410293247,0.1455844389168415
6767,146065,0,9,500,0.2638617198407003,0.1455844389168415
6767,146065,0,9,1000,0.2354692078382494,0.1455844389168415
6767,146065,0,9,2000,0.337669995743895,0.1455844389168415
6767,146065,0,9,5000,0.18829074840805315,0.1455844389168415
6767,146065,0,10,50,0.21315640777698022,0.13301112073616014
6767,146065,0,10,100,0.19090444575921192,0.13301112073616014
6767,146065,0,10,250,0.2147371738057767,0.13301112073616014
6767,146065,0,10,500,0.2581466707668708,0.13301112073616014
6767,146065,0,10,1000,0.26878623974266946,0.13301112073616014
6767,146065,0,10,2000,0.2840464307178554,0.13301112073616014
6767,146065,0,10,5000,0.2840464307178554,0.13301112073616014
6767,146065,0,11,50,0.1585601648422317,0.11520384944460024
6767,146065,0,11,100,0.21388602582660807,0.11520384944460024
6767,146065,0,11,250,0.2566262312304589,0.11520384944460024
6767,146065,0,11,500,0.37372349726744036,0.11520384944460024
6767,146065,0,11,1000,0.38022885627693703,0.11520384944460024
6767,146065,0,11,2000,0.3821135932870465,0.11520384944460024
6767,146065,0,11,5000,0.25419482877361044,0.11520384944460024
6767,146065,0,12,50,0.20841410969059063,0.11833782040462862
6767,146065,0,12,100,0.21461564387623636,0.11833782040462862
6767,146065,0,12,250,0.24720305773102833,0.11833782040462862
6767,146065,0,12,500,0.38740299529256095,0.11833782040462862
6767,146065,0,12,1000,0.24106250774634572,0.11833782040462862
6767,146065,0,12,2000,0.28884949376901525,0.11833782040462862
6767,146065,0,12,5000,0.38740299529256095,0.11833782040462862
6767,146065,0,13,50,0.18190648085571107,0.09819620298184363
6767,146065,0,13,100,0.20318569188603938,0.09819620298184363
6767,146065,0,13,250,0.24787147234350054,0.09819620298184363
6767,146065,0,13,500,0.20458394378433245,0.09819620298184363
6767,146065,0,13,1000,0.28058100075768055,0.09819620298184363
6767,146065,0,13,2000,0.31791012806901453,0.09819620298184363
6767,146065,0,13,5000,0.4002312722597816,0.09819620298184363
6767,146065,0,14,50,0.30325904831614936,0.12510116424244497
6767,146065,0,14,100,0.3156017901950563,0.12510116424244497
6767,146065,0,14,250,0.20373279580516404,0.12510116424244497
6767,146065,0,14,500,0.21212318413969403,0.12510116424244497
6767,146065,0,14,1000,-0.5288781932482265,0.12510116424244497
6767,146065,0,14,2000,0.25790361090778996,0.12510116424244497
6767,146065,0,14,5000,0.34381083804350154,0.12510116424244497
6767,146065,0,15,50,0.2563848521821896,0.13036838847368332
6767,146065,0,15,100,0.11034767790870872,0.13036838847368332
6767,146065,0,15,250,-0.629375735172033,0.13036838847368332
6767,146065,0,15,500,0.2665380822036337,0.13036838847368332
6767,146065,0,15,1000,0.27291979200039307,0.13036838847368332
6767,146065,0,15,2000,0.30447500532013194,0.13036838847368332
6767,146065,0,15,5000,0.3156017171163252,0.13036838847368332
6767,146065,0,16,50,0.28842530827531854,0.14306963977271295
6767,146065,0,16,100,0.19972022538649872,0.14306963977271295
6767,146065,0,16,250,0.20476645791483575,0.14306963977271295
6767,146065,0,16,500,0.21856660892472515,0.14306963977271295
6767,146065,0,16,1000,-0.2656237942009394,0.14306963977271295
6767,146065,0,16,2000,0.3511673450321665,0.14306963977271295
6767,146065,0,16,5000,0.2701846377984244,0.14306963977271295
6767,146065,0,17,50,0.2983955126151431,0.11669847226313414
6767,146065,0,17,100,0.24337417070256134,0.11669847226313414
6767,146065,0,17,250,0.21461560733687066,0.11669847226313414
6767,146065,0,17,500,-0.04201055081485694,0.11669847226313414
6767,146065,0,17,1000,0.17126687534054677,0.11669847226313414
6767,146065,0,17,2000,0.17424640481875303,0.11669847226313414
6767,146065,0,17,5000,-0.48413150166853347,0.11669847226313414
6767,146065,0,18,50,-0.05769766773614937,0.10022235984661076
6767,146065,0,18,100,0.2269579472827575,0.10022235984661076
6767,146065,0,18,250,-0.5588507770315303,0.10022235984661076
6767,146065,0,18,500,0.17941376534361034,0.10022235984661076
6767,146065,0,18,1000,0.20160492585724274,0.10022235984661076
6767,146065,0,18,2000,0.18889784996527287,0.10022235984661076
6767,146065,0,18,5000,-0.3205252504554267,0.10022235984661076
6767,146065,0,19,50,0.32958398032369796,0.12779613130504527
6767,146065,0,19,100,-0.1659165622128005,0.12779613130504527
6767,146065,0,19,250,0.3393724013203282,0.12779613130504527
6767,146065,0,19,500,0.3209507148269146,0.12779613130504527
6767,146065,0,19,1000,0.327456914241817,0.12779613130504527
6767,146065,0,19,2000,0.35986119279689266,0.12779613130504527
6767,146065,0,19,5000,0.35986119279689266,0.12779613130504527
6767,146065,0,20,50,0.47118176785050314,0.16519610814787206
6767,146065,0,20,100,0.4302647306259514,0.16519610814787206
6767,146065,0,20,250,-0.14323928198100633,0.16519610814787206
6767,146065,0,20,500,0.4506318825548792,0.16519610814787206
6767,146065,0,20,1000,-0.21364380637293323,0.16519610814787206
6767,146065,0,20,2000,0.5079032820535004,0.16519610814787206
6767,146065,0,20,5000,0.4956221455447699,0.16519610814787206
6767,146065,0,21,50,0.14184143201573318,0.1273383378289422
6767,146065,0,21,100,0.33718358371080925,0.1273383378289422
6767,146065,0,21,250,0.3509237736219687,0.1273383378289422
6767,146065,0,21,500,-0.3889835786245298,0.1273383378289422
6767,146065,0,21,1000,0.40685761310833657,0.1273383378289422
6767,146065,0,21,2000,0.4081951731205906,0.1273383378289422
6767,146065,0,21,5000,0.5388501880169587,0.1273383378289422
6767,146065,0,22,50,0.1901141358235445,0.11843953704939478
6767,146065,0,22,100,-0.49252214577862186,0.11843953704939478
6767,146065,0,22,250,-0.36861569590829246,0.11843953704939478
6767,146065,0,22,500,0.23285481623914597,0.11843953704939478
6767,146065,0,22,1000,0.4083180550066532,0.11843953704939478
6767,146065,0,22,2000,0.24756786675584216,0.11843953704939478
6767,146065,0,22,5000,-0.3993789550209184,0.11843953704939478
6767,146065,0,23,50,0.4173151064260175,0.14723983990839642
6767,146065,0,23,100,0.48376650994689263,0.14723983990839642
6767,146065,0,23,250,0.2099350973174845,0.14723983990839642
6767,146065,0,23,500,0.35609157261921176,0.14723983990839642
6767,146065,0,23,1000,0.3528697871479651,0.14723983990839642
6767,146065,0,23,2000,0.5186657329153619,0.14723983990839642
6767,146065,0,23,5000,0.5088151219187085,0.14723983990839642
6767,146065,0,24,50,0.33049571057080906,0.104813565461782
6767,146065,0,24,100,0.397252035096499,0.104813565461782
6767,146065,0,24,250,0.44497891386297683,0.104813565461782
6767,146065,0,24,500,0.46078628183601855,0.104813565461782
6767,146065,0,24,1000,0.5082691872592787,0.104813565461782
6767,146065,0,24,2000,-0.273953819503719,0.104813565461782
6767,146065,0,24,5000,0.4967784337649461,0.104813565461782
6767,146065,1,5,50,0.42497452475439756,0.28929411914060765
6767,146065,1,5,100,0.4061880292361697,0.28929411914060765
6767,146065,1,5,250,0.4942837085877453,0.28929411914060765
6767,146065,1,5,500,0.5050447709537186,0.28929411914060765
6767,146065,1,5,1000,-0.3117112612570475,0.28929411914060765
6767,146065,1,5,2000,0.4703901790370447,0.28929411914060765
6767,146065,1,5,5000,-0.34223032779026274,0.28929411914060765
6767,146065,1,6,50,0.27559509472172783,0.2287222210469045
6767,146065,1,6,100,0.3356020868947036,0.2287222210469045
6767,146065,1,6,250,0.42521721921982336,0.2287222210469045
6767,146065,1,6,500,0.02067017288673889,0.2287222210469045
6767,146065,1,6,1000,0.3757285949473952,0.2287222210469045
6767,146065,1,6,2000,0.40527615283159657,0.2287222210469045
6767,146065,1,6,5000,-0.29760538537630277,0.2287222210469045
6767,146065,1,7,50,0.284714589554769,0.23463234717349385
6767,146065,1,7,100,0.3206457938220997,0.23463234717349385
6767,146065,1,7,250,0.41409273632492355,0.23463234717349385
6767,146065,1,7,500,0.3629609367874823,0.23463234717349385
6767,146065,1,7,1000,-0.37311573800164144,0.23463234717349385
6767,146065,1,7,2000,0.17691936902069877,0.23463234717349385
6767,146065,1,7,5000,0.4259480796078774,0.23463234717349385
6767,146065,1,8,50,0.3443570650178547,0.21500265756874312
6767,146065,1,8,100,0.3144446250301085,0.21500265756874312
6767,146065,1,8,250,-0.06857993117737415,0.21500265756874312
6767,146065,1,8,500,0.3759109263810714,0.21500265756874312
6767,146065,1,8,1000,0.4058232932900868,0.21500265756874312
6767,146065,1,8,2000,0.420597108771553,0.21500265756874312
6767,146065,1,8,5000,0.44357861576021795,0.21500265756874312
6767,146065,1,9,50,0.2174117092004367,0.20545345709263774
6767,146065,1,9,100,0.2830730951005681,0.20545345709263774
6767,146065,1,9,250,0.24404101412231863,0.20545345709263774
6767,146065,1,9,500,0.262462773694463,0.20545345709263774
6767,146065,1,9,1000,0.3053249840396052,0.20545345709263774
6767,146065,1,9,2000,-0.10566585247216553,0.20545345709263774
6767,146065,1,9,5000,0.31845723198813913,0.20545345709263774
6767,146065,1,10,50,0.19892933082098382,0.1995510303570439
6767,146065,1,10,100,0.31170866696209987,0.1995510303570439
6767,146065,1,10,250,-0.114908558045559,0.1995510303570439
6767,146065,1,10,500,-0.030824060616760962,0.1995510303570439
6767,146065,1,10,1000,0.22130187274479035,0.1995510303570439
6767,146065,1,10,2000,0.3388858065904158,0.1995510303570439
6767,146065,1,10,5000,0.3294008450239817,0.1995510303570439
6767,146065,1,11,50,-0.10390439928113904,0.22068943976286942
6767,146065,1,11,100,-0.24021274826306438,0.22068943976286942
6767,146065,1,11,250,0.21412893952822742,0.22068943976286942
6767,146065,1,11,500,0.4178614064791022,0.22068943976286942
6767,146065,1,11,1000,-0.35159302863984676,0.22068943976286942
6767,146065,1,11,2000,-0.11563813955582136,0.22068943976286942
6767,146065,1,11,5000,-0.14719105089553564,0.22068943976286942
6767,146065,1,12,50,0.243738175861335,0.2308538482585264
6767,146065,1,12,100,0.4007777184703276,0.2308538482585264
6767,146065,1,12,250,0.4154905862901961,0.2308538482585264
6767,146065,1,12,500,0.40582351252627935,0.2308538482585264
6767,146065,1,12,1000,-0.3109189781956452,0.2308538482585264
6767,146065,1,12,2000,0.28544409798630094,0.2308538482585264
6767,146065,1,12,5000,-0.3736011269324938,0.2308538482585264
6767,146065,1,13,50,0.09624165587050282,0.27653555649227346
6767,146065,1,13,100,-0.20592205188706791,0.27653555649227346
6767,146065,1,13,250,0.44953752855916823,0.27653555649227346
6767,146065,1,13,500,-0.04900429498317371,0.27653555649227346
6767,146065,1,13,1000,-0.3949419433329979,0.27653555649227346
6767,146065,1,13,2000,0.40752602772080904,0.27653555649227346
6767,146065,1,13,5000,0.4784782041223421,0.27653555649227346
6767,146065,1,14,50,0.4132424287511607,0.32760672565547244
6767,146065,1,14,100,0.3926917030501311,0.32760672565547244
6767,146065,1,14,250,0.45105727384763644,0.32760672565547244
6767,146065,1,14,500,-0.3262398975962354,0.32760672565547244
6767,146065,1,14,1000,0.5416461802624291,0.32760672565547244
6767,146065,1,14,2000,0.2510952309404831,0.32760672565547244
6767,146065,1,14,5000,-0.2367464778974836,0.32760672565547244
6767,146065,1,15,50,-0.259118544809539,0.3179247766895535
6767,146065,1,15,100,0.06596634344431218,0.3179247766895535
6767,146065,1,15,250,0.49373715275910246,0.3179247766895535
6767,146065,1,15,500,-0.22270173237516389,0.3179247766895535
6767,146065,1,15,1000,-0.19911279497498957,0.3179247766895535
6767,146065,1,15,2000,-0.15260132512201208,0.3179247766895535
6767,146065,1,15,5000,0.6756438528510063,0.3179247766895535
6767,146065,1,16,50,0.12968098503113779,0.28831232650789923
6767,146065,1,16,100,0.5691883481517519,0.28831232650789923
6767,146065,1,16,250,0.4835232673909845,0.28831232650789923
6767,146065,1,16,500,0.5893114901980963,0.28831232650789923
6767,146065,1,16,1000,0.5266287568314001,0.28831232650789923
6767,146065,1,16,2000,0.6053010069079867,0.28831232650789923
6767,146065,1,16,5000,-0.22926701594402477,0.28831232650789923
6767,146065,1,17,50,0.658378381499038,0.32023004212941597
6767,146065,1,17,100,0.46157534943326006,0.32023004212941597
6767,146065,1,17,250,-0.009605979944857457,0.32023004212941597
6767,146065,1,17,500,0.6353358537700442,0.32023004212941597
6767,146065,1,17,1000,0.6563102168742887,0.32023004212941597
6767,146065,1,17,2000,0.6212907428540697,0.32023004212941597
6767,146065,1,17,5000,-0.24477180143164112,0.32023004212941597
6767,146065,1,18,50,-0.1750970777861699,0.3152989821370843
6767,146065,1,18,100,0.570524702364945,0.3152989821370843
6767,146065,1,18,250,0.5164758191248799,0.3152989821370843
6767,146065,1,18,500,0.6133263669815098,0.3152989821370843
6767,146065,1,18,1000,0.5473607543245071,0.3152989821370843
6767,146065,1,18,2000,-0.2404551138742016,0.3152989821370843
6767,146065,1,18,5000,0.5582439312498692,0.3152989821370843
6767,146065,1,19,50,-0.3196747601848363,0.32795799265410003
6767,146065,1,19,100,0.5803132695190371,0.32795799265410003
6767,146065,1,19,250,0.5834748746553613,0.32795799265410003
6767,146065,1,19,500,0.5825630347901534,0.32795799265410003
6767,146065,1,19,1000,-0.11271879041253796,0.32795799265410003
6767,146065,1,19,2000,-0.24464946763606077,0.32795799265410003
6767,146065,1,19,5000,-0.25370947638212327,0.32795799265410003
6767,146065,1,20,50,0.4502662331246595,0.2983933998261969
6767,146065,1,20,100,0.5282096324782932,0.2983933998261969
6767,146065,1,20,250,0.5279062461268278,0.2983933998261969
6767,146065,1,20,500,0.5166581140191906,0.2983933998261969
6767,146065,1,20,1000,0.6064559066322754,0.2983933998261969
6767,146065,1,20,2000,0.546084141973851,0.2983933998261969
6767,146065,1,20,5000,0.5436524472020787,0.2983933998261969
6767,146065,1,21,50,0.12755421126418087,0.32533661730413926
6767,146065,1,21,100,0.5186037256121663,0.32533661730413926
6767,146065,1,21,250,0.4816994049637413,0.32533661730413926
6767,146065,1,21,500,0.6322345385867396,0.32533661730413926
6767,146065,1,21,1000,0.5949655185315974,0.32533661730413926
6767,146065,1,21,2000,-0.28720690313384944,0.32533661730413926
6767,146065,1,21,5000,0.4856513931144638,0.32533661730413926
6767,146065,1,22,50,0.507173517846411,0.3179814422052885
6767,146065,1,22,100,0.549732049525164,0.3179814422052885
6767,146065,1,22,250,0.6319918441213135,0.3179814422052885
6767,146065,1,22,500,0.6431780054651204,0.3179814422052885
6767,146065,1,22,1000,0.5785502816746609,0.3179814422052885
6767,146065,1,22,2000,0.4650414736413789,0.3179814422052885
6767,146065,1,22,5000,0.547968988602057,0.3179814422052885
6767,146065,1,23,50,0.4319669900449232,0.30541007559744554
6767,146065,1,23,100,0.6178264090748588,0.30541007559744554
6767,146065,1,23,250,0.4298990811957318,0.30541007559744554
6767,146065,1,23,500,-0.12299351382415669,0.30541007559744554
6767,146065,1,23,1000,-0.1906003651598025,0.30541007559744554
6767,146065,1,23,2000,-0.28708741940877525,0.30541007559744554
6767,146065,1,23,5000,-0.1906003651598025,0.30541007559744554
6767,146065,1,24,50,0.5509490661707448,0.31118169500494264
6767,146065,1,24,100,0.5413419535055578,0.31118169500494264
6767,146065,1,24,250,-0.1455495564413345,0.31118169500494264
6767,146065,1,24,500,0.6217176322608108,0.31118169500494264
6767,146065,1,24,1000,0.560919270510569,0.31118169500494264
6767,146065,1,24,2000,-0.22014733841415646,0.31118169500494264
6767,146065,1,24,5000,-0.208111198350876,0.31118169500494264
6767,146065,2,5,50,-0.03720796277544838,0.04967024691342406
6767,146065,2,5,100,-0.6063938627897134,0.04967024691342406
6767,146065,2,5,250,-0.03927506775859935,0.04967024691342406
6767,146065,2,5,500,-0.14250915238026193,0.04967024691342406
6767,146065,2,5,1000,-0.03185779580516396,0.04967024691342406
6767,146065,2,5,2000,-0.03246573776778974,0.04967024691342406
6767,146065,2,5,5000,-0.03246573776778974,0.04967024691342406
6767,146065,2,6,50,-0.0347761949249453,0.04882877015109939
6767,146065,2,6,100,-0.029182748859387236,0.04882877015109939
6767,146065,2,6,250,-0.03745116879199109,0.04882877015109939
6767,146065,2,6,500,-0.03866705271724269,0.04882877015109939
6767,146065,2,6,1000,-0.04073415770039365,0.04882877015109939
6767,146065,2,6,2000,-0.03866705271724269,0.04882877015109939
6767,146065,2,6,5000,0.09982898115387204,0.04882877015109939
6767,146065,2,7,50,-0.03392497386704588,0.04801745389805643
6767,146065,2,7,100,-0.040369494833041475,0.04801745389805643
6767,146065,2,7,250,-0.030398632784638807,0.04801745389805643
6767,146065,2,7,500,-0.030398632784638807,0.04801745389805643
6767,146065,2,7,1000,-0.034532842750940734,0.04801745389805643
6767,146065,2,7,2000,-0.10068020221177176,0.04801745389805643
6767,146065,2,7,5000,-0.034532842750940734,0.04801745389805643
6767,146065,2,8,50,-0.043409423882363185,0.04658775679035166
6767,146065,2,8,100,-0.03477612184621437,0.04658775679035166
6767,146065,2,8,250,-0.03866712579597359,0.04658775679035166
6767,146065,2,8,500,-0.045476382708052265,0.04658775679035166
6767,146065,2,8,1000,-0.16196534138875315,0.04658775679035166
6767,146065,2,8,2000,-0.039275067758599375,0.04658775679035166
6767,146065,2,8,5000,-0.04134217274175034,0.04658775679035166
6767,146065,2,9,50,-0.03356016484223187,0.04649607864912885
6767,146065,2,9,100,-0.03647849088328223,0.04649607864912885
6767,146065,2,9,250,-0.02857422226691403,0.04649607864912885
6767,146065,2,9,500,-0.03453291582967169,0.04649607864912885
6767,146065,2,9,1000,-0.02857422226691403,0.04649607864912885
6767,146065,2,9,2000,-0.03720796277544841,0.04649607864912885
6767,146065,2,9,5000,-0.03161458978862133,0.04649607864912885
6767,146065,2,10,50,-0.03185779580516401,0.04321614982361201
6767,146065,2,10,100,-0.02444059693045955,0.04321614982361201
6767,146065,2,10,250,-0.03842413901562372,0.04321614982361201
6767,146065,2,10,500,0.0015805467926035266,0.04321614982361201
6767,146065,2,10,1000,-0.036599947734091726,0.04321614982361201
6767,146065,2,10,2000,-0.021034762675359808,0.04321614982361201
6767,146065,2,10,5000,-0.0324657377677898,0.04321614982361201
6767,146065,2,11,50,-0.04340935080363223,0.04140888000287101
6767,146065,2,11,100,-0.043774086749715335,0.04140888000287101
6767,146065,2,11,250,-0.044017292766258015,0.04140888000287101
6767,146065,2,11,500,-0.036843226829365305,0.04140888000287101
6767,146065,2,11,1000,-0.02979069082201305,0.04140888000287101
6767,146065,2,11,2000,-0.20768522242827198,0.04140888000287101
6767,146065,2,11,5000,-0.04632753068722076,0.04140888000287101
6767,146065,2,12,50,0.02516977650770194,0.04026654043095688
6767,146065,2,12,100,-0.04219346687838069,0.04026654043095688
6767,146065,2,12,250,-0.44357920039006515,0.04026654043095688
6767,146065,2,12,500,-0.04280140884100647,0.04026654043095688
6767,146065,2,12,1000,-0.0336816947717723,0.04026654043095688
6767,146065,2,12,2000,-0.12974098266923287,0.04026654043095688
6767,146065,2,12,5000,-0.0363568878750109,0.04026654043095688
6767,146065,2,13,50,0.04243711136730889,0.04222924709890463
6767,146065,2,13,100,0.1031124816133911,0.04222924709890463
6767,146065,2,13,250,-0.03538413688757108,0.04222924709890463
6767,146065,2,13,500,-0.03538413688757108,0.04222924709890463
6767,146065,2,13,1000,-0.8377905756499331,0.04222924709890463
6767,146065,2,13,2000,-0.04377467137956281,0.04222924709890463
6767,146065,2,13,5000,-0.03781597781680515,0.04222924709890463
6767,146065,2,14,50,0.03501859707544763,0.038822172245400806
6767,146065,2,14,100,-0.37208057777798587,0.038822172245400806
6767,146065,2,14,250,0.05386713643623674,0.038822172245400806
6767,146065,2,14,500,-0.024197317835185944,0.038822172245400806
6767,146065,2,14,1000,-0.8245366516143969,0.038822172245400806
6767,146065,2,14,2000,0.04523339592770231,0.038822172245400806
6767,146065,2,14,5000,0.04523339592770231,0.038822172245400806
6767,146065,2,15,50,0.03672286615951953,0.037620806733067017
6767,146065,2,15,100,-0.014834616985601845,0.037620806733067017
6767,146065,2,15,250,-0.33171086370875147,0.037620806733067017
6767,146065,2,15,500,-0.00376991249260461,0.037620806733067017
6767,146065,2,15,1000,-0.7040365475502842,0.037620806733067017
6767,146065,2,15,2000,-0.015928897902582062,0.037620806733067017
6767,146065,2,15,5000,-0.027237246884507654,0.037620806733067017
6767,146065,2,16,50,-0.013132394105995843,0.032749453527659414
6767,146065,2,16,100,-0.05879107170835854,0.032749453527659414
6767,146065,2,16,250,-0.0015190510405242996,0.032749453527659414
6767,146065,2,16,500,-0.016354691128359078,0.032749453527659414
6767,146065,2,16,1000,-0.03137131069334764,0.032749453527659414
6767,146065,2,16,2000,-0.025413274839168387,0.032749453527659414
6767,146065,2,16,5000,-0.028453057731028214,0.032749453527659414
6767,146065,2,17,50,-0.8536581239578972,0.03019546571855928
6767,146065,2,17,100,-0.05447442069028413,0.03019546571855928
6767,146065,2,17,250,-0.057939923729190074,0.03019546571855928
6767,146065,2,17,500,-0.05441365572551393,0.03019546571855928
6767,146065,2,17,1000,-0.05544724475645488,0.03019546571855928
6767,146065,2,17,2000,-0.05441365572551393,0.03019546571855928
6767,146065,2,17,5000,-0.019698298844069956,0.03019546571855928
6767,146065,2,18,50,-0.03161466286735229,0.03885065270191434
6767,146065,2,18,100,-0.8373650016603489,0.03885065270191434
6767,146065,2,18,250,-0.8332304993791232,0.03885065270191434
6767,146065,2,18,500,-0.026021216801794228,0.03885065270191434
6767,146065,2,18,1000,-0.025170068822625763,0.03885065270191434
6767,146065,2,18,2000,-0.02480525979781173,0.03885065270191434
6767,146065,2,18,5000,-0.028939469764113657,0.03885065270191434
6767,146065,2,19,50,-0.026142892888796454,0.03656290224978353
6767,146065,2,19,100,-0.022555859920350113,0.03656290224978353
6767,146065,2,19,250,-0.022738227893391666,0.03656290224978353
6767,146065,2,19,500,-0.029790690822013022,0.03656290224978353
6767,146065,2,19,1000,-0.022738227893391666,0.03656290224978353
6767,146065,2,19,2000,-0.02334616985601745,0.03656290224978353
6767,146065,2,19,5000,-0.023954111818643237,0.03656290224978353
6767,146065,2,20,50,-0.04687485384253812,0.03713202679535122
6767,146065,2,20,100,-0.5281493425252736,0.03713202679535122
6767,146065,2,20,250,-0.03732978501991249,0.03713202679535122
6767,146065,2,20,500,-0.039457691507199105,0.03713202679535122
6767,146065,2,20,1000,-0.03216202256203507,0.03713202679535122
6767,146065,2,20,2000,-0.037998674644135755,0.03713202679535122
6767,146065,2,20,5000,-0.0623776662044192,0.03713202679535122
6767,146065,2,21,50,-0.01726645791483586,0.0354529240948931
6767,146065,2,21,100,-0.6767380972286208,0.0354529240948931
6767,146065,2,21,250,-0.01246346794240702,0.0354529240948931
6767,146065,2,21,500,-0.03343878107015327,0.0354529240948931
6767,146065,2,21,1000,-0.011612356502604032,0.0354529240948931
6767,146065,2,21,2000,-0.012037967031553715,0.0354529240948931
6767,146065,2,21,5000,-0.0266903256622103,0.0354529240948931
6767,146065,2,22,50,-0.008754868505054803,0.03777675958374139
6767,146065,2,22,100,-0.03884974954457335,0.03777675958374139
6767,146065,2,22,250,-0.03964013255897164,0.03777675958374139
6767,146065,2,22,500,-0.035931569660984874,0.03777675958374139
6767,146065,2,22,1000,-0.6619036264004807,0.03777675958374139
6767,146065,2,22,2000,-0.040734559633413686,0.03777675958374139
6767,146065,2,22,5000,-0.0398834481936107,0.03777675958374139
6767,146065,2,23,50,-0.019637643497396134,0.036260246318601794
6767,146065,2,23,100,-0.07575414327172893,0.036260246318601794
6767,146065,2,23,250,-0.033134773549474916,0.036260246318601794
6767,146065,2,23,500,0.05708826419890506,0.036260246318601794
6767,146065,2,23,1000,-0.034837069507811846,0.036260246318601794
6767,146065,2,23,2000,-0.038180969538446435,0.036260246318601794
6767,146065,2,23,5000,-0.03818096953844641,0.036260246318601794
6767,146065,2,24,50,0.012523977131618763,0.08467480726464685
6767,146065,2,24,100,0.006505103233938436,0.08467480726464685
6767,146065,2,24,250,0.15868169477177216,0.08467480726464685
6767,146065,2,24,500,0.1512036213142011,0.08467480726464685
6767,146065,2,24,1000,0.17351638483610507,0.08467480726464685
6767,146065,2,24,2000,0.20829250668231922,0.08467480726464685
6767,146065,2,24,5000,0.21376475167262615,0.08467480726464685
6767,145804,0,5,50,0.5902251835910741,0.27535236339120267
6767,145804,0,5,100,0.6171752495780973,0.27535236339120267
6767,145804,0,5,250,-0.26192561208520493,0.27535236339120267
6767,145804,0,5,500,0.16902454357059554,0.27535236339120267
6767,145804,0,5,1000,-0.350549978080965,0.27535236339120267
6767,145804,0,5,2000,-0.32462569033462485,0.27535236339120267
6767,145804,0,5,5000,-0.3424994750161324,0.27535236339120267
6767,145804,0,6,50,-0.2339254825636382,0.2891304272146453
6767,145804,0,6,100,0.30502408123991204,0.2891304272146453
6767,145804,0,6,250,-0.29937478061805545,0.2891304272146453
6767,145804,0,6,500,0.801999891554427,0.2891304272146453
6767,145804,0,6,1000,0.23704901682400803,0.2891304272146453
6767,145804,0,6,2000,0.685974912285542,0.2891304272146453
6767,145804,0,6,5000,0.6760249831008841,0.2891304272146453
6767,145804,0,7,50,0.03480025130249653,0.2848919742181225
6767,145804,0,7,100,-0.2424259341647237,0.2848919742181225
6767,145804,0,7,250,-0.3083254202553336,0.2848919742181225
6767,145804,0,7,500,-0.4056251446579635,0.2848919742181225
6767,145804,0,7,1000,-0.4056251446579635,0.2848919742181225
6767,145804,0,7,2000,-0.20537481453124706,0.2848919742181225
6767,145804,0,7,5000,-0.4068247759046968,0.2848919742181225
6767,145804,0,8,50,0.12617486695299363,0.26582882988069806
6767,145804,0,8,100,-0.1819752393466595,0.26582882988069806
6767,145804,0,8,250,0.006148873545564704,0.26582882988069806
6767,145804,0,8,500,-0.27647461070721857,0.26582882988069806
6767,145804,0,8,1000,0.24344929345601846,0.26582882988069806
6767,145804,0,8,2000,0.22325013201236643,0.26582882988069806
6767,145804,0,8,5000,0.24344929345601846,0.26582882988069806
6767,145804,0,9,50,0.007399422479426265,0.25841681902746233
6767,145804,0,9,100,-0.22255045688924446,0.25841681902746233
6767,145804,0,9,250,-0.038874911672422297,0.25841681902746233
6767,145804,0,9,500,0.2462741712918896,0.25841681902746233
6767,145804,0,9,1000,-0.17202492696209837,0.25841681902746233
6767,145804,0,9,2000,-0.17677485741131616,0.25841681902746233
6767,145804,0,9,5000,0.27787429625337784,0.25841681902746233
6767,145804,0,10,50,-0.17385085055050464,0.25754663330857014
6767,145804,0,10,100,-0.053075270232571636,0.25754663330857014
6767,145804,0,10,250,0.6690500024141594,0.25754663330857014
6767,145804,0,10,500,0.6228250531498264,0.25754663330857014
6767,145804,0,10,1000,0.6152750331084715,0.25754663330857014
6767,145804,0,10,2000,0.6505499732909668,0.25754663330857014
6767,145804,0,10,5000,0.6897500540311865,0.25754663330857014
6767,145804,0,11,50,0.020624369636159212,0.26515001602426874
6767,145804,0,11,100,-0.2302258551489037,0.26515001602426874
6767,145804,0,11,250,0.2801743578719222,0.26515001602426874
6767,145804,0,11,500,0.13680001831695543,0.26515001602426874
6767,145804,0,11,1000,-0.22957542121333363,0.26515001602426874
6767,145804,0,11,2000,-0.006899610055778216,0.26515001602426874
6767,145804,0,11,5000,-0.07807559116249052,0.26515001602426874
6767,145804,0,12,50,0.687300257050495,0.24481095398187808
6767,145804,0,12,100,0.18184943002846454,0.24481095398187808
6767,145804,0,12,250,0.07417495144857256,0.24481095398187808
6767,145804,0,12,500,0.21257456591115015,0.24481095398187808
6767,145804,0,12,1000,-0.18150090971656951,0.24481095398187808
6767,145804,0,12,2000,-0.1492756180631235,0.24481095398187808
6767,145804,0,12,5000,0.22354991408658198,0.24481095398187808
6767,145804,0,13,50,0.22600026191713352,0.22546456746565754
6767,145804,0,13,100,-0.2350256734355095,0.22546456746565754
6767,145804,0,13,250,0.2718744874701295,0.22546456746565754
6767,145804,0,13,500,-0.1919755353685847,0.22546456746565754
6767,145804,0,13,1000,-0.13680083261674925,0.22546456746565754
6767,145804,0,13,2000,-0.192900747584691,0.22546456746565754
6767,145804,0,13,5000,-0.19464969589255698,0.22546456746565754
6767,145804,0,14,50,0.6706753208532791,0.19290695740448094
6767,145804,0,14,100,-0.13390084759986554,0.19290695740448094
6767,145804,0,14,250,-0.15957464235953023,0.19290695740448094
6767,145804,0,14,500,-0.253650458077164,0.19290695740448094
6767,145804,0,14,1000,0.12224924739538995,0.19290695740448094
6767,145804,0,14,2000,-0.1770507373915734,0.19290695740448094
6767,145804,0,14,5000,-0.1594247153974313,0.19290695740448094
6767,145804,0,15,50,-0.15230045439844475,0.1981774239583105
6767,145804,0,15,100,0.36872433518648834,0.1981774239583105
6767,145804,0,15,250,-0.13767428889593913,0.1981774239583105
6767,145804,0,15,500,-0.21485048593579692,0.1981774239583105
6767,145804,0,15,1000,-0.11480065557839458,0.1981774239583105
6767,145804,0,15,2000,-0.10247586894410021,0.1981774239583105
6767,145804,0,15,5000,-0.13779959526426244,0.1981774239583105
6767,145804,0,16,50,0.12429991772698123,0.19078595838302545
6767,145804,0,16,100,-0.07829940385590994,0.19078595838302545
6767,145804,0,16,250,0.37617527410289103,0.19078595838302545
6767,145804,0,16,500,-0.07829940385590994,0.19078595838302545
6767,145804,0,16,1000,-0.12647577467692372,0.19078595838302545
6767,145804,0,16,2000,0.04729956154267101,0.19078595838302545
6767,145804,0,16,5000,0.37617527410289103,0.19078595838302545
6767,145804,0,17,50,-0.1453505972553687,0.19956684775037192
6767,145804,0,17,100,-0.11670000984823714,0.19956684775037192
6767,145804,0,17,250,-0.10532563082368063,0.19956684775037192
6767,145804,0,17,500,0.1935752033641892,0.19956684775037192
6767,145804,0,17,1000,-0.07232570056606291,0.19956684775037192
6767,145804,0,17,2000,-0.1366258779109779,0.19956684775037192
6767,145804,0,17,5000,-0.10917504150054924,0.19956684775037192
6767,145804,0,18,50,-0.12590047187236064,0.19932427099882555
6767,145804,0,18,100,-0.17254986292939412,0.19932427099882555
6767,145804,0,18,250,0.0026242966365780385,0.19932427099882555
6767,145804,0,18,500,-0.09759981782676608,0.19932427099882555
6767,145804,0,18,1000,-0.1218748371400411,0.19932427099882555
6767,145804,0,18,2000,-0.12574949111052824,0.19932427099882555
6767,145804,0,18,5000,-0.07960065492695434,0.19932427099882555
6767,145804,0,19,50,-0.13840062036232248,0.18760720948658824
6767,145804,0,19,100,-0.15125019926394911,0.18760720948658824
6767,145804,0,19,250,-0.08637565316423435,0.18760720948658824
6767,145804,0,19,500,-0.10707565688127363,0.18760720948658824
6767,145804,0,19,1000,-0.14127584108546665,0.18760720948658824
6767,145804,0,19,2000,0.3341238986834788,0.18760720948658824
6767,145804,0,19,5000,0.28984972432599,0.18760720948658824
6767,145804,0,20,50,-0.0890752485817764,0.18267444857289453
6767,145804,0,20,100,-0.0779753604378286,0.18267444857289453
6767,145804,0,20,250,-0.10637552670826633,0.18267444857289453
6767,145804,0,20,500,-0.11282494872785265,0.18267444857289453
6767,145804,0,20,1000,-0.11720058867169092,0.18267444857289453
6767,145804,0,20,2000,-0.09350008181317915,0.18267444857289453
6767,145804,0,20,5000,-0.11085017592707491,0.18267444857289453
6767,145804,0,21,50,-0.1324995813541059,0.1815482249998848
6767,145804,0,21,100,0.34022444114126144,0.1815482249998848
6767,145804,0,21,250,-0.05592500816215751,0.1815482249998848
6767,145804,0,21,500,-0.11940046746556165,0.1815482249998848
6767,145804,0,21,1000,-0.12982566033007337,0.1815482249998848
6767,145804,0,21,2000,-0.11492553084682566,0.1815482249998848
6767,145804,0,21,5000,-0.13602554736274142,0.1815482249998848
6767,145804,0,22,50,-0.13189922685587485,0.18015130478524724
6767,145804,0,22,100,0.2779247109906334,0.18015130478524724
6767,145804,0,22,250,-0.08020050647531152,0.18015130478524724
6767,145804,0,22,500,-0.06972528207344819,0.18015130478524724
6767,145804,0,22,1000,0.15092493439617738,0.18015130478524724
6767,145804,0,22,2000,-0.1405752558625748,0.18015130478524724
6767,145804,0,22,5000,0.3838500257127142,0.18015130478524724
6767,145804,0,23,50,0.11279960963425917,0.1718620616531586
6767,145804,0,23,100,-0.05554997520696581,0.1718620616531586
6767,145804,0,23,250,-0.07507559097089012,0.1718620616531586
6767,145804,0,23,500,-0.08679920880715986,0.1718620616531586
6767,145804,0,23,1000,0.3299747777823766,0.1718620616531586
6767,145804,0,23,2000,-0.03577429755625694,0.1718620616531586
6767,145804,0,23,5000,-0.03515023256402072,0.1718620616531586
6767,145804,0,24,50,0.16169955767235245,0.1860838335144003
6767,145804,0,24,100,0.409699302078017,0.1860838335144003
6767,145804,0,24,250,0.3463251272990082,0.1860838335144003
6767,145804,0,24,500,0.23089940082863192,0.1860838335144003
6767,145804,0,24,1000,-0.11007534572295263,0.1860838335144003
6767,145804,0,24,2000,-0.10912489021322747,0.1860838335144003
6767,145804,0,24,5000,-0.11007534572295263,0.1860838335144003
6767,145804,1,5,50,0.331274783453735,0.20415454710060116
6767,145804,1,5,100,0.33222478391357496,0.20415454710060116
6767,145804,1,5,250,-0.16112521286754555,0.20415454710060116
6767,145804,1,5,500,-0.006374051388639335,0.20415454710060116
6767,145804,1,5,1000,-0.13597518052547364,0.20415454710060116
6767,145804,1,5,2000,-0.12235022056986355,0.20415454710060116
6767,145804,1,5,5000,0.25265112062979733,0.20415454710060116
6767,145804,1,6,50,0.3430248420833201,0.2008948369665882
6767,145804,1,6,100,-0.16280022754410228,0.2008948369665882
6767,145804,1,6,250,0.23235081836171378,0.2008948369665882
6767,145804,1,6,500,0.2507261159164387,0.2008948369665882
6767,145804,1,6,1000,-0.11875010537997244,0.2008948369665882
6767,145804,1,6,2000,-0.13589959434458188,0.2008948369665882
6767,145804,1,6,5000,-0.13265010706605207,0.2008948369665882
6767,145804,1,7,50,0.8253005053640328,0.16966351274361988
6767,145804,1,7,100,0.616450139561405,0.16966351274361988
6767,145804,1,7,250,0.39642485028379854,0.16966351274361988
6767,145804,1,7,500,-0.13025022187274315,0.16966351274361988
6767,145804,1,7,1000,0.09722476092158128,0.16966351274361988
6767,145804,1,7,2000,0.3743998610517158,0.16966351274361988
6767,145804,1,7,5000,-0.12757448064917054,0.16966351274361988
6767,145804,1,8,50,0.3149751839742744,0.1787463550556848
6767,145804,1,8,100,0.38637504962438857,0.1787463550556848
6767,145804,1,8,250,0.3928250224938354,0.1787463550556848
6767,145804,1,8,500,-0.09480001563455476,0.1787463550556848
6767,145804,1,8,1000,0.3425750132970376,0.1787463550556848
6767,145804,1,8,2000,0.34760005732670646,0.1787463550556848
6767,145804,1,8,5000,0.34542501467655723,0.1787463550556848
6767,145804,1,9,50,0.821975527704587,0.17079174529110847
6767,145804,1,9,100,0.36172490155594567,0.17079174529110847
6767,145804,1,9,250,0.3583748722028329,0.17079174529110847
6767,145804,1,9,500,0.39774995554881226,0.17079174529110847
6767,145804,1,9,1000,0.39774995554881226,0.17079174529110847
6767,145804,1,9,2000,0.39729998306256514,0.17079174529110847
6767,145804,1,9,5000,0.37450001992639587,0.17079174529110847
6767,145804,1,10,50,0.03457521715938516,0.17767657793708513
6767,145804,1,10,100,0.3405499455089744,0.17767657793708513
6767,145804,1,10,250,-0.16770006100542378,0.17767657793708513
6767,145804,1,10,500,-0.17500011495997014,0.17767657793708513
6767,145804,1,10,1000,-0.07169995907424964,0.17767657793708513
6767,145804,1,10,2000,-0.15417506832454186,0.17767657793708513
6767,145804,1,10,5000,-0.16040005495086518,0.17767657793708513
6767,145804,1,11,50,0.14070070593086226,0.18217852846722993
6767,145804,1,11,100,-0.1731989796152973,0.18217852846722993
6767,145804,1,11,250,-0.1588000995553338,0.18217852846722993
6767,145804,1,11,500,-0.18050008736957712,0.18217852846722993
6767,145804,1,11,1000,-0.098724844842358,0.18217852846722993
6767,145804,1,11,2000,-0.1588000995553338,0.18217852846722993
6767,145804,1,11,5000,-0.13932506617862228,0.18217852846722993
6767,145804,1,12,50,0.28407605138557546,0.17859377392413095
6767,145804,1,12,100,0.2200755363649055,0.17859377392413095
6767,145804,1,12,250,0.08407635794549784,0.17859377392413095
6767,145804,1,12,500,0.23679991293698321,0.17859377392413095
6767,145804,1,12,1000,0.22647497474712752,0.17859377392413095
6767,145804,1,12,2000,0.22880023175930264,0.17859377392413095
6767,145804,1,12,5000,-0.1343000221489532,0.17859377392413095
6767,145804,1,13,50,0.3143006563447953,0.1691227818644684
6767,145804,1,13,100,0.08230070539438283,0.1691227818644684
6767,145804,1,13,250,0.09735102528966177,0.1691227818644684
6767,145804,1,13,500,0.23975117489090403,0.1691227818644684
6767,145804,1,13,1000,-0.15167382675685548,0.1691227818644684
6767,145804,1,13,2000,0.013475511993391809,0.1691227818644684
6767,145804,1,13,5000,0.14752559200553128,0.1691227818644684
6767,145804,1,14,50,0.2994999432864151,0.16494693496823437
6767,145804,1,14,100,0.006800840280748566,0.16494693496823437
6767,145804,1,14,250,0.31392497673976677,0.16494693496823437
6767,145804,1,14,500,0.35497497896232616,0.16494693496823437
6767,145804,1,14,1000,-0.10755003441135014,0.16494693496823437
6767,145804,1,14,2000,0.3455249819512855,0.16494693496823437
6767,145804,1,14,5000,-0.16117502885495172,0.16494693496823437
6767,145804,1,15,50,0.358324960415451,0.14944750661354544
6767,145804,1,15,100,0.3184249890021636,0.14944750661354544
6767,145804,1,15,250,0.3566499457388947,0.14944750661354544
6767,145804,1,15,500,0.3566499457388947,0.14944750661354544
6767,145804,1,15,1000,0.35955000260576037,0.14944750661354544
6767,145804,1,15,2000,0.36122501728231665,0.14944750661354544
6767,145804,1,15,5000,0.36122501728231665,0.14944750661354544
6767,145804,1,16,50,-0.1443001026209333,0.1724392768952312
6767,145804,1,16,100,0.24665073704669427,0.1724392768952312
6767,145804,1,16,250,0.2518259475384014,0.1724392768952312
6767,145804,1,16,500,-0.0936000730379003,0.1724392768952312
6767,145804,1,16,1000,0.2547999619865704,0.1724392768952312
6767,145804,1,16,2000,0.27275120094849736,0.1724392768952312
6767,145804,1,16,5000,0.3682761349997939,0.1724392768952312
6767,145804,1,17,50,0.41074986856243395,0.16350835316026582
6767,145804,1,17,100,0.4035748814762707,0.16350835316026582
6767,145804,1,17,250,0.38744975770270224,0.16350835316026582
6767,145804,1,17,500,0.37212492297682026,0.16350835316026582
6767,145804,1,17,1000,0.30997552693818786,0.16350835316026582
6767,145804,1,17,2000,0.28280090580793205,0.16350835316026582
6767,145804,1,17,5000,0.3807749183401014,0.16350835316026582
6767,145804,1,18,50,0.2739004653579633,0.15509532422315928
6767,145804,1,18,100,0.3506998571430769,0.15509532422315928
6767,145804,1,18,250,0.28867497712296664,0.15509532422315928
6767,145804,1,18,500,0.35907493052585854,0.15509532422315928
6767,145804,1,18,1000,0.34002615914138795,0.15509532422315928
6767,145804,1,18,2000,0.35362549260347653,0.15509532422315928
6767,145804,1,18,5000,0.35602552149674926,0.15509532422315928
6767,145804,1,19,50,0.40982496769624926,0.17471056230919338
6767,145804,1,19,100,-0.09807465040672714,0.17471056230919338
6767,145804,1,19,250,0.03405042489205368,0.17471056230919338
6767,145804,1,19,500,-0.09647503031111115,0.17471056230919338
6767,145804,1,19,1000,-0.02124968002808003,0.17471056230919338
6767,145804,1,19,2000,-0.09647503031111115,0.17471056230919338
6767,145804,1,19,5000,-0.04377445773381605,0.17471056230919338
6767,145804,1,20,50,0.22162541232309585,0.15199513193645925
6767,145804,1,20,100,0.21972510005349444,0.15199513193645925
6767,145804,1,20,250,0.28912542860909207,0.15199513193645925
6767,145804,1,20,500,0.21735064975375573,0.15199513193645925
6767,145804,1,20,1000,0.21710085131690515,0.15199513193645925
6767,145804,1,20,2000,0.3186998391326809,0.15199513193645925
6767,145804,1,20,5000,0.318749846720039,0.15199513193645925
6767,145804,1,21,50,0.2719758917444943,0.14307287237588542
6767,145804,1,21,100,0.24399949666692766,0.14307287237588542
6767,145804,1,21,250,0.18810004314830953,0.14307287237588542
6767,145804,1,21,500,0.26967611752587783,0.14307287237588542
6767,145804,1,21,1000,0.18484998106992523,0.14307287237588542
6767,145804,1,21,2000,0.2010750960682165,0.14307287237588542
6767,145804,1,21,5000,0.18484998106992523,0.14307287237588542
6767,145804,1,22,50,-0.028649222257476237,0.1429619861023974
6767,145804,1,22,100,0.1943507520681299,0.1429619861023974
6767,145804,1,22,250,0.19225096029895727,0.1429619861023974
6767,145804,1,22,500,0.22937579801379826,0.1429619861023974
6767,145804,1,22,1000,0.24257554977690132,0.1429619861023974
6767,145804,1,22,2000,0.19225096029895727,0.1429619861023974
6767,145804,1,22,5000,0.2925256571495143,0.1429619861023974
6767,145804,1,23,50,-0.15047431526009292,0.13186554926397634
6767,145804,1,23,100,0.23862473482566682,0.13186554926397634
6767,145804,1,23,250,0.17962600839054543,0.13186554926397634
6767,145804,1,23,500,0.2659509354676034,0.13186554926397634
6767,145804,1,23,1000,0.18809942044846673,0.13186554926397634
6767,145804,1,23,2000,0.2118499588443309,0.13186554926397634
6767,145804,1,23,5000,0.21467490853018345,0.13186554926397634
6767,145804,1,24,50,-0.0752250868330967,0.11740003277999263
6767,145804,1,24,100,-0.06614973957734571,0.11740003277999263
6767,145804,1,24,250,0.4392248306639636,0.11740003277999263
6767,145804,1,24,500,-0.09622489657434474,0.11740003277999263
6767,145804,1,24,1000,0.019625008238798536,0.11740003277999263
6767,145804,1,24,2000,0.019625008238798536,0.11740003277999263
6767,145804,1,24,5000,-0.04282445727397666,0.11740003277999263
6767,145804,2,5,50,-0.17079995662177094,0.14169101870351955
6767,145804,2,5,100,0.08809933422848837,0.14169101870351955
6767,145804,2,5,250,-0.2577996508282482,0.14169101870351955
6767,145804,2,5,500,-0.27269956476155,0.14169101870351955
6767,145804,2,5,1000,-0.2577996508282482,0.14169101870351955
6767,145804,2,5,2000,-0.2682005583988989,0.14169101870351955
6767,145804,2,5,5000,-0.26019934442160586,0.14169101870351955
6767,145804,2,6,50,0.3120993166012926,0.17531127247351108
6767,145804,2,6,100,0.2342992940691384,0.17531127247351108
6767,145804,2,6,250,0.32872427674850263,0.17531127247351108
6767,145804,2,6,500,0.7832751875380326,0.17531127247351108
6767,145804,2,6,1000,0.148074885116669,0.17531127247351108
6767,145804,2,6,2000,-0.22834934917328453,0.17531127247351108
6767,145804,2,6,5000,0.21142525360169595,0.17531127247351108
6767,145804,2,7,50,-0.2423007235963771,0.15471207627018996
6767,145804,2,7,100,0.07680051743482907,0.15471207627018996
6767,145804,2,7,250,-0.20552574739309104,0.15471207627018996
6767,145804,2,7,500,0.005549213597158986,0.15471207627018996
6767,145804,2,7,1000,-0.1717005721940953,0.15471207627018996
6767,145804,2,7,2000,-0.16472492090753987,0.15471207627018996
6767,145804,2,7,5000,0.21172462852601381,0.15471207627018996
6767,145804,2,8,50,0.24522542500701283,0.166995372468517
6767,145804,2,8,100,0.22382560246688799,0.166995372468517
6767,145804,2,8,250,0.11167448681868974,0.166995372468517
6767,145804,2,8,500,0.3699243256831309,0.166995372468517
6767,145804,2,8,1000,0.24792499647456123,0.166995372468517
6767,145804,2,8,2000,0.18800053092346625,0.166995372468517
6767,145804,2,8,5000,0.24949994807641374,0.166995372468517
6767,145804,2,9,50,-0.21747571662213872,0.17055465823862434
6767,145804,2,9,100,-0.18497579038812018,0.17055465823862434
6767,145804,2,9,250,-0.20147568366694724,0.17055465823862434
6767,145804,2,9,500,-0.18529966615624416,0.17055465823862434
6767,145804,2,9,1000,0.28542438814471477,0.17055465823862434
6767,145804,2,9,2000,-0.1516247292692683,0.17055465823862434
6767,145804,2,9,5000,0.1943250776746206,0.17055465823862434
6767,145804,2,10,50,-0.20584957526122705,0.16870796492187465
6767,145804,2,10,100,-0.19159975996358014,0.16870796492187465
6767,145804,2,10,250,-0.1792005127981101,0.16870796492187465
6767,145804,2,10,500,-0.19159975996358014,0.16870796492187465
6767,145804,2,10,1000,-0.07222570934133998,0.16870796492187465
6767,145804,2,10,2000,-0.14760033993663368,0.16870796492187465
6767,145804,2,10,5000,-0.16250025386993527,0.16870796492187465
6767,145804,2,11,50,0.048375227620742534,0.1623802320303304
6767,145804,2,11,100,-0.23865086426906124,0.1623802320303304
6767,145804,2,11,250,-0.26239953456539744,0.1623802320303304
6767,145804,2,11,500,-0.1825756417448775,0.1623802320303304
6767,145804,2,11,1000,-0.17812501436999628,0.1623802320303304
6767,145804,2,11,2000,-0.24645075459724908,0.1623802320303304
6767,145804,2,11,5000,-0.1825756417448775,0.1623802320303304
6767,145804,2,12,50,-0.11584973716318625,0.1545949958988392
6767,145804,2,12,100,0.3289994142789486,0.1545949958988392
6767,145804,2,12,250,-0.18120028939256616,0.1545949958988392
6767,145804,2,12,500,-0.1519754290306109,0.1545949958988392
6767,145804,2,12,1000,0.3122245511196341,0.1545949958988392
6767,145804,2,12,2000,0.10267587534353939,0.1545949958988392
6767,145804,2,12,5000,-0.11762541366429458,0.1545949958988392
6767,145804,2,13,50,0.06687482564404479,0.17976804483554185
6767,145804,2,13,100,-0.08020017117539557,0.17976804483554185
6767,145804,2,13,250,-0.15150006955078166,0.17976804483554185
6767,145804,2,13,500,-0.13660044301740726,0.17976804483554185
6767,145804,2,13,1000,0.17210046524300282,0.17976804483554185
6767,145804,2,13,2000,-0.07219886139812703,0.17976804483554185
6767,145804,2,13,5000,0.08360016021588013,0.17976804483554185
6767,145804,2,14,50,-0.18492539960085863,0.16390315548618406
6767,145804,2,14,100,-0.1172743307030486,0.16390315548618406
6767,145804,2,14,250,-0.16937545888188343,0.16390315548618406
6767,145804,2,14,500,0.21199979000645353,0.16390315548618406
6767,145804,2,14,1000,0.15739976735933936,0.16390315548618406
6767,145804,2,14,2000,0.12172560472776761,0.16390315548618406
6767,145804,2,14,5000,-0.020249240880991337,0.16390315548618406
6767,145804,2,15,50,-0.2483742025610013,0.16318431602297936
6767,145804,2,15,100,-0.19740044849716643,0.16318431602297936
6767,145804,2,15,250,0.12865088917705536,0.16318431602297936
6767,145804,2,15,500,0.1913248858830694,0.16318431602297936
6767,145804,2,15,1000,-0.20092538465606247,0.16318431602297936
6767,145804,2,15,2000,-0.1586504360431692,0.16318431602297936
6767,145804,2,15,5000,-0.16512534085631325,0.16318431602297936
6767,145804,2,16,50,0.23372547616420014,0.17181948180311538
6767,145804,2,16,100,-0.1774505346405043,0.17181948180311538
6767,145804,2,16,250,-0.21515022011002372,0.17181948180311538
6767,145804,2,16,500,-0.16025058303865214,0.17181948180311538
6767,145804,2,16,1000,-0.1986502789312089,0.17181948180311538
6767,145804,2,16,2000,-0.18997499237432114,0.17181948180311538
6767,145804,2,16,5000,-0.17215044888036568,0.17181948180311538
6767,145804,2,17,50,0.1114501472254027,0.17474959236672435
6767,145804,2,17,100,-0.08535032997343595,0.17474959236672435
6767,145804,2,17,250,0.40784985959555603,0.17474959236672435
6767,145804,2,17,500,-0.08117462457905467,0.17474959236672435
6767,145804,2,17,1000,0.3179257513783704,0.17474959236672435
6767,145804,2,17,2000,0.4164749469651345,0.17474959236672435
6767,145804,2,17,5000,0.05240016780323831,0.17474959236672435
6767,145804,2,18,50,0.8220252478920175,0.1673092831264322
6767,145804,2,18,100,0.2017252905038469,0.1673092831264322
6767,145804,2,18,250,-0.076850381322223,0.1673092831264322
6767,145804,2,18,500,0.07072579307051996,0.1673092831264322
6767,145804,2,18,1000,-0.1454003892927811,0.1673092831264322
6767,145804,2,18,2000,-0.12352535097279049,0.1673092831264322
6767,145804,2,18,5000,-0.14415031935879863,0.1673092831264322
6767,145804,2,19,50,0.3319745783268268,0.16601186067282764
6767,145804,2,19,100,-0.10387557844025341,0.16601186067282764
6767,145804,2,19,250,0.3626497545221426,0.16601186067282764
6767,145804,2,19,500,0.38347463350761296,0.16601186067282764
6767,145804,2,19,1000,-0.12360043420380962,0.16601186067282764
6767,145804,2,19,2000,0.1734000637644646,0.16601186067282764
6767,145804,2,19,5000,-0.17132537158894534,0.16601186067282764
6767,145804,2,20,50,0.1756247547520623,0.17516115401012106
6767,145804,2,20,100,-0.09830045094964512,0.17516115401012106
6767,145804,2,20,250,-0.1342004859741165,0.17516115401012106
6767,145804,2,20,500,-0.13857495236825146,0.17516115401012106
6767,145804,2,20,1000,-0.13432543309252976,0.17516115401012106
6767,145804,2,20,2000,-0.16007531698295907,0.17516115401012106
6767,145804,2,20,5000,-0.11140006778806177,0.17516115401012106
6767,145804,2,21,50,0.0034998844652296413,0.17980378945612044
6767,145804,2,21,100,0.3935249131669029,0.17980378945612044
6767,145804,2,21,250,-0.02130031031528068,0.17980378945612044
6767,145804,2,21,500,-0.1421003435770325,0.17980378945612044
6767,145804,2,21,1000,-0.08892505816974405,0.17980378945612044
6767,145804,2,21,2000,0.34122492818833877,0.17980378945612044
6767,145804,2,21,5000,-0.049299098637186956,0.17980378945612044
6767,145804,2,22,50,-0.12979898003681767,0.1818756255476839
6767,145804,2,22,100,-0.15620049536251435,0.1818756255476839
6767,145804,2,22,250,-0.18207537427134501,0.1818756255476839
6767,145804,2,22,500,-0.16442504303334815,0.1818756255476839
6767,145804,2,22,1000,-0.1803252524137754,0.1818756255476839
6767,145804,2,22,2000,-0.16210007342110055,0.1818756255476839
6767,145804,2,22,5000,-0.10512514542436213,0.1818756255476839
6767,145804,2,23,50,-0.1427743203566515,0.1860299420872144
6767,145804,2,23,100,0.2659495942679436,0.1860299420872144
6767,145804,2,23,250,-0.019348816908618005,0.1860299420872144
6767,145804,2,23,500,0.17339996796448898,0.1860299420872144
6767,145804,2,23,1000,0.0031750027973603823,0.1860299420872144
6767,145804,2,23,2000,0.1394258238031526,0.1860299420872144
6767,145804,2,23,5000,0.20350127835487786,0.1860299420872144
6767,145804,2,24,50,0.3160246966589571,0.17386321622943168
6767,145804,2,24,100,-0.065749535178517,0.17386321622943168
6767,145804,2,24,250,0.1654995834617059,0.17386321622943168
6767,145804,2,24,500,-0.10777439795463173,0.17386321622943168
6767,145804,2,24,1000,0.36187475666806207,0.17386321622943168
6767,145804,2,24,2000,0.36187475666806207,0.17386321622943168
6767,145804,2,24,5000,-0.029525217236024415,0.17386321622943168
6767,146064,0,5,50,-0.1129110280227636,0.14200492864359746
6767,146064,0,5,100,-0.11955285320057324,0.14200492864359746
6767,146064,0,5,250,-0.1129110280227636,0.14200492864359746
6767,146064,0,5,500,-0.1129110280227636,0.14200492864359746
6767,146064,0,5,1000,-0.1129110280227636,0.14200492864359746
6767,146064,0,5,2000,-0.1129110280227636,0.14200492864359746
6767,146064,0,5,5000,-0.1129110280227636,0.14200492864359746
6767,146064,0,6,50,0.30552395817924327,0.13201439475895202
6767,146064,0,6,100,-0.5507456697425221,0.13201439475895202
6767,146064,0,6,250,-0.11955285320057313,0.13201439475895202
6767,146064,0,6,500,-0.11955285320057313,0.13201439475895202
6767,146064,0,6,1000,-0.11955285320057313,0.13201439475895202
6767,146064,0,6,2000,0.3060497781949201,0.13201439475895202
6767,146064,0,6,5000,-0.11955285320057313,0.13201439475895202
6767,146064,0,7,50,-0.1255257403137745,0.14140707593563961
6767,146064,0,7,100,-0.1255257403137745,0.14140707593563961
6767,146064,0,7,250,-0.11252877770013014,0.14140707593563961
6767,146064,0,7,500,-0.11917060287793979,0.14140707593563961
6767,146064,0,7,1000,-0.11262434028078849,0.14140707593563961
6767,146064,0,7,2000,-0.11262434028078849,0.14140707593563961
6767,146064,0,7,5000,-0.11262434028078849,0.14140707593563961
6767,146064,0,8,50,-0.11917060287793985,0.128761562018561
6767,146064,0,8,100,-0.12523905257179946,0.128761562018561
6767,146064,0,8,250,-0.11224208995815516,0.128761562018561
6767,146064,0,8,500,-0.1123376525388135,0.128761562018561
6767,146064,0,8,1000,-0.1123376525388135,0.128761562018561
6767,146064,0,8,2000,-0.1123376525388135,0.128761562018561
6767,146064,0,8,5000,-0.1123376525388135,0.128761562018561
6767,146064,0,9,50,0.2872710536293912,0.13124494223358116
6767,146064,0,9,100,-0.1125287777001302,0.13124494223358116
6767,146064,0,9,250,-0.11262434028078855,0.13124494223358116
6767,146064,0,9,500,-0.11262434028078855,0.13124494223358116
6767,146064,0,9,1000,0.30590620850187655,0.13124494223358116
6767,146064,0,9,2000,-0.11917060287793985,0.13124494223358116
6767,146064,0,9,5000,-0.11262434028078855,0.13124494223358116
6767,146064,0,10,50,-0.11176427705486358,0.11030103160162408
6767,146064,0,10,100,-0.11821497707135653,0.11030103160162408
6767,146064,0,10,250,-0.10512245187705394,0.11030103160162408
6767,146064,0,10,500,-0.10502688929639559,0.11030103160162408
6767,146064,0,10,1000,-0.5428615310161543,0.11030103160162408
6767,146064,0,10,2000,-0.11195540221618022,0.11030103160162408
6767,146064,0,10,5000,-0.11214652737749692,0.11030103160162408
6767,146064,0,11,50,-0.10493132671573724,0.09912909528304426
6767,146064,0,11,100,0.25501755354692623,0.09912909528304426
6767,146064,0,11,250,-0.09183880152143459,0.09912909528304426
6767,146064,0,11,500,0.3653486841322231,0.09912909528304426
6767,146064,0,11,1000,0.3010325168883021,0.09912909528304426
6767,146064,0,11,2000,-0.1112864641515719,0.09912909528304426
6767,146064,0,11,5000,0.31379034722824456,0.09912909528304426
6767,146064,0,12,50,-0.24459995702473414,0.08593400184801119
6767,146064,0,12,100,-0.05237010077721016,0.08593400184801119
6767,146064,0,12,250,-0.05891636337436146,0.08593400184801119
6767,146064,0,12,500,-0.0619735158018051,0.08593400184801119
6767,146064,0,12,1000,0.35349818024617097,0.08593400184801119
6767,146064,0,12,2000,-0.05891636337436146,0.08593400184801119
6767,146064,0,12,5000,0.3403100924712099,0.08593400184801119
6767,146064,0,13,50,0.3468563550683612,0.1057703514963708
6767,146064,0,13,100,0.320671304679756,0.1057703514963708
6767,146064,0,13,250,0.34021452989055156,0.1057703514963708
6767,146064,0,13,500,0.3403100924712099,0.1057703514963708
6767,146064,0,13,1000,-0.07645237588182147,0.1057703514963708
6767,146064,0,13,2000,0.3140294795019464,0.1057703514963708
6767,146064,0,13,5000,-0.48361142921025796,0.1057703514963708
6767,146064,0,14,50,0.34695191764901967,0.09398466573851569
6767,146064,0,14,100,0.34083591248688694,0.09398466573851569
6767,146064,0,14,250,0.35001077038370876,0.09398466573851569
6767,146064,0,14,500,0.34695191764901967,0.09398466573851569
6767,146064,0,14,1000,0.3272175672769073,0.09398466573851569
6767,146064,0,14,2000,0.31422060466326307,0.09398466573851569
6767,146064,0,14,5000,0.31422060466326307,0.09398466573851569
6767,146064,0,15,50,0.35942324621809196,0.07673656888009805
6767,146064,0,15,100,0.36596950881524326,0.07673656888009805
6767,146064,0,15,250,0.3761002581916555,0.07673656888009805
6767,146064,0,15,500,-0.027571385274318794,0.07673656888009805
6767,146064,0,15,1000,0.3664951428598151,0.07673656888009805
6767,146064,0,15,2000,0.3448972291793131,0.07673656888009805
6767,146064,0,15,5000,0.3520646884016946,0.07673656888009805
6767,146064,0,16,50,0.3588024215350718,0.1187935402328365
6767,146064,0,16,100,-0.5490255432906723,0.1187935402328365
6767,146064,0,16,250,-0.1047402015544206,0.1187935402328365
6767,146064,0,16,500,-0.1178327267487232,0.1187935402328365
6767,146064,0,16,1000,-0.1112864641515719,0.1187935402328365
6767,146064,0,16,2000,-0.542479280693521,0.1187935402328365
6767,146064,0,16,5000,-0.542479280693521,0.1187935402328365
6767,146064,0,17,50,-0.5276186750695848,0.114796568651359
6767,146064,0,17,100,0.31584596555347577,0.114796568651359
6767,146064,0,17,250,0.3586580016884054,0.114796568651359
6767,146064,0,17,500,-0.1178327267487232,0.114796568651359
6767,146064,0,17,1000,0.12987483400750555,0.114796568651359
6767,146064,0,17,2000,-0.1112864641515719,0.114796568651359
6767,146064,0,17,5000,-0.11128646415157184,0.114796568651359
6767,146064,0,18,50,-0.5490255432906723,0.11742489075582031
6767,146064,0,18,100,0.3006978220339418,0.11742489075582031
6767,146064,0,18,250,-0.12050853214175783,0.11742489075582031
6767,146064,0,18,500,0.3718949467293744,0.11742489075582031
6767,146064,0,18,1000,-0.2031255047787131,0.11742489075582031
6767,146064,0,18,2000,0.3009369543076438,0.11742489075582031
6767,146064,0,18,5000,-0.11897947771662315,0.11742489075582031
6767,146064,0,19,50,-0.3310391937823162,0.11322185749898335
6767,146064,0,19,100,0.35779918712561404,0.11322185749898335
6767,146064,0,19,250,-0.1047402015544206,0.11322185749898335
6767,146064,0,19,500,-0.1047402015544206,0.11322185749898335
6767,146064,0,19,1000,-0.11434361657901548,0.11322185749898335
6767,146064,0,19,2000,-0.2703076992887611,0.11322185749898335
6767,146064,0,19,5000,-0.11128646415157184,0.11322185749898335
6767,146064,0,20,50,0.2757081673408387,0.09125921919833982
6767,146064,0,20,100,-0.08825527116499943,0.09125921919833982
6767,146064,0,20,250,0.3253059437215308,0.09125921919833982
6767,146064,0,20,500,0.33787227695794647,0.09125921919833982
6767,146064,0,20,1000,0.22543908840577503,0.09125921919833982
6767,146064,0,20,2000,-0.112146607079399,0.09125921919833982
6767,146064,0,20,5000,0.3126434899911418,0.09125921919833982
6767,146064,0,21,50,0.27465631477107944,0.0862341554594432
6767,146064,0,21,100,0.33811271102938334,0.0862341554594432
6767,146064,0,21,250,0.2941515594367906,0.0862341554594432
6767,146064,0,21,500,0.3071007274764554,0.0862341554594432
6767,146064,0,21,1000,0.3071007274764554,0.0862341554594432
6767,146064,0,21,2000,0.3040435750490117,0.0862341554594432
6767,146064,0,21,5000,0.3071007274764554,0.0862341554594432
6767,146064,0,22,50,0.33151796310843407,0.11254206132759877
6767,146064,0,22,100,-0.0914559135835844,0.11254206132759877
6767,146064,0,22,250,-0.06326402243385343,0.11254206132759877
6767,146064,0,22,500,0.29945630550440494,0.11254206132759877
6767,146064,0,22,1000,0.3246845611251953,0.11254206132759877
6767,146064,0,22,2000,0.3590411818665634,0.11254206132759877
6767,146064,0,22,5000,0.2983572694085823,0.11254206132759877
6767,146064,0,23,50,-0.20752194140231095,0.10272604728931838
6767,146064,0,23,100,0.3125481399488891,0.10272604728931838
6767,146064,0,23,250,0.3799223097738762,0.10272604728931838
6767,146064,0,23,500,0.08615292095781718,0.10272604728931838
6767,146064,0,23,1000,0.32286921746759656,0.10272604728931838
6767,146064,0,23,2000,0.1600734330818579,0.10272604728931838
6767,146064,0,23,5000,0.3870898221308593,0.10272604728931838
6767,146064,0,24,50,0.332043464316502,0.14735733440783305
6767,146064,0,24,100,-0.09064438881605885,0.14735733440783305
6767,146064,0,24,250,-0.11410578610304867,0.14735733440783305
6767,146064,0,24,500,-0.10679496972602931,0.14735733440783305
6767,146064,0,24,1000,-0.11477472416765694,0.14735733440783305
6767,146064,0,24,2000,-0.1177841085884217,0.14735733440783305
6767,146064,0,24,5000,-0.12629058633395063,0.14735733440783305
6767,146064,1,5,50,-0.5842417490465526,0.18121090224717304
6767,146064,1,5,100,0.3199062992557755,0.18121090224717304
6767,146064,1,5,250,0.3626724802296776,0.18121090224717304
6767,146064,1,5,500,0.31589341475254584,0.18121090224717304
6767,146064,1,5,1000,0.29783070550848534,0.18121090224717304
6767,146064,1,5,2000,0.3626724802296776,0.18121090224717304
6767,146064,1,5,5000,-0.052131951493634754,0.18121090224717304
6767,146064,1,6,50,0.3035640087038729,0.16706040426228377
6767,146064,1,6,100,0.282683359007973,0.16706040426228377
6767,146064,1,6,250,0.32683534352157445,0.16706040426228377
6767,146064,1,6,500,0.2838303490815792,0.16706040426228377
6767,146064,1,6,1000,-0.1271507558290782,0.16706040426228377
6767,146064,1,6,2000,0.29171451437524787,0.16706040426228377
6767,146064,1,6,5000,0.2838303490815792,0.16706040426228377
6767,146064,1,7,50,-0.4671258612056197,0.16929350589735911
6767,146064,1,7,100,-0.1311642513802242,0.16929350589735911
6767,146064,1,7,250,-0.12657716780672262,0.16929350589735911
6767,146064,1,7,500,0.3558871916280272,0.16929350589735911
6767,146064,1,7,1000,-0.20857219993402798,0.16929350589735911
6767,146064,1,7,2000,-0.12643383721938545,0.16929350589735911
6767,146064,1,7,5000,-0.13422246649969644,0.16929350589735911
6767,146064,1,8,50,-0.14291961776242956,0.1774991294252851
6767,146064,1,8,100,0.2861717252932606,0.1774991294252851
6767,146064,1,8,250,0.3064316831426439,0.1774991294252851
6767,146064,1,8,500,0.30848698266026664,0.1774991294252851
6767,146064,1,8,1000,0.31302552777536896,0.1774991294252851
6767,146064,1,8,2000,-0.5437698935947726,0.1774991294252851
6767,146064,1,8,5000,-0.13020798795842403,0.1774991294252851
6767,146064,1,9,50,-0.19877641108498295,0.18104669418584002
6767,146064,1,9,100,-0.16628452261323606,0.18104669418584002
6767,146064,1,9,250,-0.5394693649267421,0.18104669418584002
6767,146064,1,9,500,-0.5655588793019897,0.18104669418584002
6767,146064,1,9,1000,-0.5600157979796948,0.18104669418584002
6767,146064,1,9,2000,-0.3484325664522578,0.18104669418584002
6767,146064,1,9,5000,-0.5546643200301293,0.18104669418584002
6767,146064,1,10,50,0.34332022077639446,0.23469683473912578
6767,146064,1,10,100,-0.3560783964912463,0.23469683473912578
6767,146064,1,10,250,-0.39506923119757764,0.23469683473912578
6767,146064,1,10,500,-0.00463519695508996,0.23469683473912578
6767,146064,1,10,1000,0.5254209216855484,0.23469683473912578
6767,146064,1,10,2000,0.3814993978786967,0.23469683473912578
6767,146064,1,10,5000,0.12361414332569864,0.23469683473912578
6767,146064,1,11,50,0.5076932526707574,0.23045999727554012
6767,146064,1,11,100,0.36515726673059845,0.23045999727554012
6767,146064,1,11,250,0.04324322342547293,0.23045999727554012
6767,146064,1,11,500,0.43644910385306634,0.23045999727554012
6767,146064,1,11,1000,-0.308821013332109,0.23045999727554012
6767,146064,1,11,2000,-0.012710885919585468,0.23045999727554012
6767,146064,1,11,5000,-0.31398163179336513,0.23045999727554012
6767,146064,1,12,50,-0.4969894997526051,0.24303270263611623
6767,146064,1,12,100,-0.4854266400313535,0.24303270263611623
6767,146064,1,12,250,-0.02150248393634724,0.24303270263611623
6767,146064,1,12,500,-0.3914376140268544,0.24303270263611623
6767,146064,1,12,1000,-0.46831958316117694,0.24303270263611623
6767,146064,1,12,2000,-0.3293198643494879,0.24303270263611623
6767,146064,1,12,5000,-0.3978405991712701,0.24303270263611623
6767,146064,1,13,50,-0.40128101147877404,0.26836547398583593
6767,146064,1,13,100,0.5456815968520509,0.26836547398583593
6767,146064,1,13,250,-0.30518881168077083,0.26836547398583593
6767,146064,1,13,500,0.5456815968520509,0.26836547398583593
6767,146064,1,13,1000,-0.21492754990826857,0.26836547398583593
6767,146064,1,13,2000,0.14798347811449508,0.26836547398583593
6767,146064,1,13,5000,0.5696678577318921,0.26836547398583593
6767,146064,1,14,50,-0.16021623232318105,0.2619395078964063
6767,146064,1,14,100,0.05461567530252731,0.2619395078964063
6767,146064,1,14,250,0.5684732324881105,0.2619395078964063
6767,146064,1,14,500,-0.2830181866988366,0.2619395078964063
6767,146064,1,14,1000,0.5321102757643308,0.2619395078964063
6767,146064,1,14,2000,0.03879976267961627,0.2619395078964063
6767,146064,1,14,5000,-0.24531748668234343,0.2619395078964063
6767,146064,1,15,50,0.5655100486032825,0.26628927371703487
6767,146064,1,15,100,-0.18697463162843542,0.26628927371703487
6767,146064,1,15,250,0.5240351181458491,0.26628927371703487
6767,146064,1,15,500,0.5757365465314582,0.26628927371703487
6767,146064,1,15,1000,0.18343873644217523,0.26628927371703487
6767,146064,1,15,2000,0.13446029697566342,0.26628927371703487
6767,146064,1,15,5000,-0.23442300711238528,0.26628927371703487
6767,146064,1,16,50,0.2021216061867377,0.25843367333933964
6767,146064,1,16,100,0.3773902600449902,0.25843367333933964
6767,146064,1,16,250,-0.22639548466407877,0.25843367333933964
6767,146064,1,16,500,-0.27389168128930896,0.25843367333933964
6767,146064,1,16,1000,-0.27360499354733403,0.25843367333933964
6767,146064,1,16,2000,0.198060528600018,0.25843367333933964
6767,146064,1,16,5000,-0.25358395543324697,0.25843367333933964
6767,146064,1,17,50,0.16317851291978425,0.25088991749454326
6767,146064,1,17,100,-0.1863056669965264,0.25088991749454326
6767,146064,1,17,250,-0.3452316849279665,0.25088991749454326
6767,146064,1,17,500,-0.23112605822872223,0.25088991749454326
6767,146064,1,17,1000,-0.18931592813821463,0.25088991749454326
6767,146064,1,17,2000,0.0374130558516923,0.25088991749454326
6767,146064,1,17,5000,0.5238917609912112,0.25088991749454326
6767,146064,1,18,50,0.3817853683035528,0.24178210977897358
6767,146064,1,18,100,0.3558386000350264,0.24178210977897358
6767,146064,1,18,250,-0.2898511370379625,0.24178210977897358
6767,146064,1,18,500,-0.3327125617849146,0.24178210977897358
6767,146064,1,18,1000,-0.363532384051798,0.24178210977897358
6767,146064,1,18,2000,-0.3469516785433129,0.24178210977897358
6767,146064,1,18,5000,-0.21659998805534153,0.24178210977897358
6767,146064,1,19,50,-0.32979690680105866,0.22550075505602615
6767,146064,1,19,100,-0.2724581894448326,0.22550075505602615
6767,146064,1,19,250,0.07349078603503678,0.22550075505602615
6767,146064,1,19,500,-0.2778098267982023,0.22550075505602615
6767,146064,1,19,1000,-0.26185042418414994,0.22550075505602615
6767,146064,1,19,2000,0.5733953828581827,0.22550075505602615
6767,146064,1,19,5000,0.5365063138784179,0.22550075505602615
6767,146064,1,20,50,-0.3714166024800678,0.22823021603666896
6767,146064,1,20,100,-0.34083559367927785,0.22823021603666896
6767,146064,1,20,250,-0.1924695995691421,0.22823021603666896
6767,146064,1,20,500,0.035981370583664685,0.22823021603666896
6767,146064,1,20,1000,0.2309829667470913,0.22823021603666896
6767,146064,1,20,2000,-0.2842605268146954,0.22823021603666896
6767,146064,1,20,5000,-0.20603991109943565,0.22823021603666896
6767,146064,1,21,50,-0.29405626252913897,0.24161401859270773
6767,146064,1,21,100,-0.45422440803803243,0.24161401859270773
6767,146064,1,21,250,-0.1409118471457793,0.24161401859270773
6767,146064,1,21,500,-0.3327123492465087,0.24161401859270773
6767,146064,1,21,1000,-0.05839030425297864,0.24161401859270773
6767,146064,1,21,2000,-0.15027732542520444,0.24161401859270773
6767,146064,1,21,5000,-0.34642636330634957,0.24161401859270773
6767,146064,1,22,50,0.059154937734748225,0.23010882553711967
6767,146064,1,22,100,-0.306670921685549,0.23010882553711967
6767,146064,1,22,250,0.11424861191167213,0.23010882553711967
6767,146064,1,22,500,-0.22391080443236122,0.23010882553711967
6767,146064,1,22,1000,0.07535294127648862,0.23010882553711967
6767,146064,1,22,2000,0.024177386041157267,0.23010882553711967
6767,146064,1,22,5000,0.07535294127648862,0.23010882553711967
6767,146064,1,23,50,-0.3905776836374334,0.23977754863394707
6767,146064,1,23,100,-0.19892045898943944,0.23977754863394707
6767,146064,1,23,250,-0.1717318553837679,0.23977754863394707
6767,146064,1,23,500,0.17244768473413152,0.23977754863394707
6767,146064,1,23,1000,0.5697631546395431,0.23977754863394707
6767,146064,1,23,2000,-0.2214261507679438,0.23977754863394707
6767,146064,1,23,5000,0.5697631546395431,0.23977754863394707
6767,146064,1,24,50,0.12934771219409325,0.2376812915520398
6767,146064,1,24,100,-0.24708562024657843,0.2376812915520398
6767,146064,1,24,250,-0.21530918918298536,0.2376812915520398
6767,146064,1,24,500,-0.17937726034594448,0.2376812915520398
6767,146064,1,24,1000,-0.23298964810441236,0.2376812915520398
6767,146064,1,24,2000,-0.2662465154328385,0.2376812915520398
6767,146064,1,24,5000,-0.2497615319088159,0.2376812915520398
6767,146064,2,5,50,-0.3557915227781656,0.29501755518737877
6767,146064,2,5,100,0.5614976157441651,0.29501755518737877
6767,146064,2,5,250,0.5148128907518591,0.29501755518737877
6767,146064,2,5,500,-0.26094200847093063,0.29501755518737877
6767,146064,2,5,1000,0.5496466602140009,0.29501755518737877
6767,146064,2,5,2000,0.5214547159296687,0.29501755518737877
6767,146064,2,5,5000,-0.34351163817801844,0.29501755518737877
6767,146064,2,6,50,-0.26572088138826677,0.25810428892035603
6767,146064,2,6,100,0.4622517976498357,0.25810428892035603
6767,146064,2,6,250,-0.25224528228500875,0.25810428892035603
6767,146064,2,6,500,0.0915039738305713,0.25810428892035603
6767,146064,2,6,1000,0.49952253247161793,0.25810428892035603
6767,146064,2,6,2000,0.6215123510318316,0.25810428892035603
6767,146064,2,6,5000,0.591791325755064,0.25810428892035603
6767,146064,2,7,50,0.44925454279588334,0.23971045287159165
6767,146064,2,7,100,0.13966937419341696,0.23971045287159165
6767,146064,2,7,250,0.43616236297649,0.23971045287159165
6767,146064,2,7,500,-0.266389819452875,0.23971045287159165
6767,146064,2,7,1000,0.5527047690642704,0.23971045287159165
6767,146064,2,7,2000,-0.21626555887398824,0.23971045287159165
6767,146064,2,7,5000,-0.17923448767192218,0.23971045287159165
6767,146064,2,8,50,0.4750099999319878,0.25001835660283406
6767,146064,2,8,100,0.5287650806625759,0.25001835660283406
6767,146064,2,8,250,0.543339636159754,0.25001835660283406
6767,146064,2,8,500,0.5287650806625759,0.25001835660283406
6767,146064,2,8,1000,0.5977165511307896,0.25001835660283406
6767,146064,2,8,2000,0.5887335091451027,0.25001835660283406
6767,146064,2,8,5000,0.5681390424124642,0.25001835660283406
6767,146064,2,9,50,0.4698971760447114,0.25540964428699897
6767,146064,2,9,100,-0.34422823798010294,0.25540964428699897
6767,146064,2,9,250,0.5697634203125503,0.25540964428699897
6767,146064,2,9,500,0.45857262501083984,0.25540964428699897
6767,146064,2,9,1000,0.5659887382274977,0.25540964428699897
6767,146064,2,9,2000,0.5303904149854879,0.25540964428699897
6767,146064,2,9,5000,0.18630489654480564,0.25540964428699897
6767,146064,2,10,50,0.4487301042798434,0.2550468105598806
6767,146064,2,10,100,-0.2283553544375473,0.2550468105598806
6767,146064,2,10,250,0.4759178577318922,0.2550468105598806
6767,146064,2,10,500,0.28000758018223876,0.2550468105598806
6767,146064,2,10,1000,-0.25645149703551484,0.2550468105598806
6767,146064,2,10,2000,-0.1567760591213836,0.2550468105598806
6767,146064,2,10,5000,0.28879931103550394,0.2550468105598806
6767,146064,2,11,50,-0.0036320156802334136,0.2424876229066725
6767,146064,2,11,100,-0.056000974063513564,0.2424876229066725
6767,146064,2,11,250,0.40949963252109634,0.2424876229066725
6767,146064,2,11,500,0.4994749238687429,0.2424876229066725
6767,146064,2,11,1000,-0.392393239833438,0.2424876229066725
6767,146064,2,11,2000,0.1832467611272356,0.2424876229066725
6767,146064,2,11,5000,0.5822356521698471,0.2424876229066725
6767,146064,2,12,50,-0.1599770734821785,0.2100369546805666
6767,146064,2,12,100,0.2922882618014072,0.2100369546805666
6767,146064,2,12,250,-0.3039947709176052,0.2100369546805666
6767,146064,2,12,500,-0.27479943282001085,0.2100369546805666
6767,146064,2,12,1000,-0.260082237485314,0.2100369546805666
6767,146064,2,12,2000,-0.28813090431691035,0.2100369546805666
6767,146064,2,12,5000,-0.2875575288329604,0.2100369546805666
6767,146064,2,13,50,0.3108283588719475,0.2053246010945401
6767,146064,2,13,100,-0.19667437968540935,0.2053246010945401
6767,146064,2,13,250,0.2252007265837931,0.2053246010945401
6767,146064,2,13,500,0.4863345509658594,0.2053246010945401
6767,146064,2,13,1000,-0.3226301383284964,0.2053246010945401
6767,146064,2,13,2000,-0.09733307871232366,0.2053246010945401
6767,146064,2,13,5000,-0.15691838015129367,0.2053246010945401
6767,146064,2,14,50,-0.2611813798503392,0.17586760532060242
6767,146064,2,14,100,0.3639624023811101,0.17586760532060242
6767,146064,2,14,250,0.3801129832910807,0.17586760532060242
6767,146064,2,14,500,0.4468174977343404,0.17586760532060242
6767,146064,2,14,1000,-0.22897556807265096,0.17586760532060242
6767,146064,2,14,2000,0.17636646785824184,0.17586760532060242
6767,146064,2,14,5000,-0.13589426703155272,0.17586760532060242
6767,146064,2,15,50,0.5726304040015031,0.22859899420073831
6767,146064,2,15,100,-0.20842900218319482,0.22859899420073831
6767,146064,2,15,250,-0.16322630749376454,0.22859899420073831
6767,146064,2,15,500,0.14239289445852843,0.22859899420073831
6767,146064,2,15,1000,-0.23728996423403736,0.22859899420073831
6767,146064,2,15,2000,0.14239289445852843,0.22859899420073831
6767,146064,2,15,5000,-0.24904461329912353,0.22859899420073831
6767,146064,2,16,50,0.6041195362752045,0.20716488056178137
6767,146064,2,16,100,0.2392011361453008,0.20716488056178137
6767,146064,2,16,250,0.6754593539427572,0.20716488056178137
6767,146064,2,16,500,0.20274367953289096,0.20716488056178137
6767,146064,2,16,1000,-0.24163818120684422,0.20716488056178137
6767,146064,2,16,2000,0.6279153096089458,0.20716488056178137
6767,146064,2,16,5000,0.5871564476075822,0.20716488056178137
6767,146064,2,17,50,0.5503157842497138,0.1631735296711557
6767,146064,2,17,100,0.5035842476735547,0.1631735296711557
6767,146064,2,17,250,-0.14755356605438652,0.1631735296711557
6767,146064,2,17,500,0.6878351464984719,0.1631735296711557
6767,146064,2,17,1000,0.540854876226134,0.1631735296711557
6767,146064,2,17,2000,0.5797018755664148,0.1631735296711557
6767,146064,2,17,5000,0.5602071091121167,0.1631735296711557
6767,146064,2,18,50,0.2562118334157977,0.22936857342467734
6767,146064,2,18,100,0.5814223739604742,0.22936857342467734
6767,146064,2,18,250,0.06292988549280831,0.22936857342467734
6767,146064,2,18,500,0.5968562753664581,0.22936857342467734
6767,146064,2,18,1000,0.5612101044158675,0.22936857342467734
6767,146064,2,18,2000,0.5808013633063492,0.22936857342467734
6767,146064,2,18,5000,0.5534216876739623,0.22936857342467734
6767,146064,2,19,50,0.3760038188900735,0.20409545890198574
6767,146064,2,19,100,0.09805036926422583,0.20409545890198574
6767,146064,2,19,250,-0.25339195355100697,0.20409545890198574
6767,146064,2,19,500,-0.19461931927349285,0.20409545890198574
6767,146064,2,19,1000,0.5858663926196461,0.20409545890198574
6767,146064,2,19,2000,-0.23652538388686872,0.20409545890198574
6767,146064,2,19,5000,0.5427662872431044,0.20409545890198574
6767,146064,2,20,50,0.4684638170367387,0.19906176302832868
6767,146064,2,20,100,-0.21435398845321352,0.19906176302832868
6767,146064,2,20,250,0.08376337822994617,0.19906176302832868
6767,146064,2,20,500,-0.4161891991382841,0.19906176302832868
6767,146064,2,20,1000,-0.007502100942140433,0.19906176302832868
6767,146064,2,20,2000,-0.33151785683923074,0.19906176302832868
6767,146064,2,20,5000,-0.18840735302119138,0.19906176302832868
6767,146064,2,21,50,-0.2533926708681259,0.20061614315105003
6767,146064,2,21,100,0.1183579091491831,0.20061614315105003
6767,146064,2,21,250,0.06952402236584143,0.20061614315105003
6767,146064,2,21,500,0.5325886200136363,0.20061614315105003
6767,146064,2,21,1000,0.29802137902568976,0.20061614315105003
6767,146064,2,21,2000,-0.1003911609952921,0.20061614315105003
6767,146064,2,21,5000,0.13431848072446662,0.20061614315105003
6767,146064,2,22,50,0.5375578210732678,0.1730866060728805
6767,146064,2,22,100,0.22328931556682274,0.1730866060728805
6767,146064,2,22,250,-0.2356174198177612,0.1730866060728805
6767,146064,2,22,500,0.08987948966128134,0.1730866060728805
6767,146064,2,22,1000,0.14043392797328447,0.1730866060728805
6767,146064,2,22,2000,0.03115387950602677,0.1730866060728805
6767,146064,2,22,5000,0.5195429064031871,0.1730866060728805
6767,146064,2,23,50,0.5597768782443987,0.19587550450410163
6767,146064,2,23,100,0.4955571768693602,0.19587550450410163
6767,146064,2,23,250,0.6084197992702278,0.19587550450410163
6767,146064,2,23,500,-0.1687215145401777,0.19587550450410163
6767,146064,2,23,1000,0.6049316720906467,0.19587550450410163
6767,146064,2,23,2000,-0.24727666570599338,0.19587550450410163
6767,146064,2,23,5000,-0.07951096294350413,0.19587550450410163
6767,146064,2,24,50,-0.006785421438154082,0.2035089947416225
6767,146064,2,24,100,-0.3403099596347059,0.2035089947416225
6767,146064,2,24,250,-0.22773267004347708,0.2035089947416225
6767,146064,2,24,500,0.5571010197167626,0.2035089947416225
6767,146064,2,24,1000,0.17866015576514638,0.2035089947416225
6767,146064,2,24,2000,-0.21913153300551425,0.2035089947416225
6767,146064,2,24,5000,0.10373648893355036,0.2035089947416225
6767,9914,0,5,50,-0.20521641294281062,0.19481008927158297
6767,9914,0,5,100,0.22840139499884193,0.19481008927158297
6767,9914,0,5,250,-0.1431049577448471,0.19481008927158297
6767,9914,0,5,500,-0.17891511345218686,0.19481008927158297
6767,9914,0,5,1000,-0.01944641410048714,0.19481008927158297
6767,9914,0,5,2000,-0.021159050127345147,0.19481008927158297
6767,9914,0,5,5000,-0.0020096521185474225,0.19481008927158297
6767,9914,0,6,50,-0.09853879659643394,0.16233579955711108
6767,9914,0,6,100,0.28946877170641216,0.16233579955711108
6767,9914,0,6,250,0.27347801863857396,0.16233579955711108
6767,9914,0,6,500,-0.027369616809445385,0.16233579955711108
6767,9914,0,6,1000,-0.04808115304468685,0.16233579955711108
6767,9914,0,6,2000,0.12454307999536862,0.16233579955711108
6767,9914,0,6,5000,0.24984769333178874,0.16233579955711108
6767,9914,0,7,50,-0.16604610442232076,0.17702405055643447
6767,9914,0,7,100,0.31378248726557,0.17702405055643447
6767,9914,0,7,250,0.09352099733734631,0.17702405055643447
6767,9914,0,7,500,0.3150530360037038,0.17702405055643447
6767,9914,0,7,1000,0.10310654954850684,0.17702405055643447
6767,9914,0,7,2000,0.10310654954850684,0.17702405055643447
6767,9914,0,7,5000,-0.13637162827043392,0.17702405055643447
6767,9914,0,8,50,0.2497084105116924,0.1723038410227819
6767,9914,0,8,100,-0.12372908948830635,0.1723038410227819
6767,9914,0,8,250,0.0329597418383879,0.1723038410227819
6767,9914,0,8,500,-0.04821645635563715,0.1723038410227819
6767,9914,0,8,1000,0.329927355869414,0.1723038410227819
6767,9914,0,8,2000,0.027664462259782197,0.1723038410227819
6767,9914,0,8,5000,0.027664462259782197,0.1723038410227819
6767,9914,0,9,50,0.4920869269506822,0.23522273596198143
6767,9914,0,9,100,-0.31048383595739726,0.23522273596198143
6767,9914,0,9,250,0.4920869269506822,0.23522273596198143
6767,9914,0,9,500,-0.3194645027784202,0.23522273596198143
6767,9914,0,9,1000,-0.3643103148877064,0.23522273596198143
6767,9914,0,9,2000,0.11678050474646856,0.23522273596198143
6767,9914,0,9,5000,0.4787794483676769,0.23522273596198143
6767,9914,0,10,50,-0.005911018175504601,0.21239381003801966
6767,9914,0,10,100,0.5080827448483443,0.21239381003801966
6767,9914,0,10,250,-0.24253407906922891,0.21239381003801966
6767,9914,0,10,500,-0.1743390397082668,0.21239381003801966
6767,9914,0,10,1000,-0.39908833063209215,0.21239381003801966
6767,9914,0,10,2000,-0.39055264528826195,0.21239381003801966
6767,9914,0,10,5000,0.4176227135911084,0.21239381003801966
6767,9914,0,11,50,-0.028631844755731217,0.21331529832387572
6767,9914,0,11,100,-0.47899759782356977,0.21331529832387572
6767,9914,0,11,250,0.43056226846492096,0.21331529832387572
6767,9914,0,11,500,-0.5599639673535526,0.21331529832387572
6767,9914,0,11,1000,0.05211239580921462,0.21331529832387572
6767,9914,0,11,2000,-0.478844205834685,0.21331529832387572
6767,9914,0,11,5000,-0.2608372887242425,0.21331529832387572
6767,9914,0,12,50,0.4583681841861538,0.20035176758754702
6767,9914,0,12,100,0.2698172319981474,0.20035176758754702
6767,9914,0,12,250,-0.43338482576985277,0.20035176758754702
6767,9914,0,12,500,-0.4812460204908532,0.20035176758754702
6767,9914,0,12,1000,-0.0989892046770095,0.20035176758754702
6767,9914,0,12,2000,-0.21711912479740642,0.20035176758754702
6767,9914,0,12,5000,-0.2595794020606629,0.20035176758754702
6767,9914,0,13,50,0.38471253473026207,0.17650011184458742
6767,9914,0,13,100,0.4644235500115758,0.17650011184458742
6767,9914,0,13,250,0.4458822933549424,0.17650011184458742
6767,9914,0,13,500,-0.3041372424172273,0.17650011184458742
6767,9914,0,13,1000,-0.2264532443852753,0.17650011184458742
6767,9914,0,13,2000,0.02833446689048269,0.17650011184458742
6767,9914,0,13,5000,0.4668904839083113,0.17650011184458742
6767,9914,0,14,50,0.3356824496411203,0.20929394883616792
6767,9914,0,14,100,-0.47960863336420556,0.20929394883616792
6767,9914,0,14,250,0.33665634406112466,0.20929394883616792
6767,9914,0,14,500,0.3515339198888625,0.20929394883616792
6767,9914,0,14,1000,-0.47975732229682727,0.20929394883616792
6767,9914,0,14,2000,-0.14511714227830463,0.20929394883616792
6767,9914,0,14,5000,-0.3966250144709421,0.20929394883616792
6767,9914,0,15,50,-0.5048727280620509,0.2100770161391561
6767,9914,0,15,100,-0.46540287103496103,0.2100770161391561
6767,9914,0,15,250,-0.3629739233618891,0.2100770161391561
6767,9914,0,15,500,-0.43273146272285357,0.2100770161391561
6767,9914,0,15,1000,-0.31789476730724786,0.2100770161391561
6767,9914,0,15,2000,-0.43886099212780694,0.2100770161391561
6767,9914,0,15,5000,-0.48722722273674507,0.2100770161391561
6767,9914,0,16,50,-0.44409404665431723,0.2295470958704003
6767,9914,0,16,100,-0.07812319113220567,0.2295470958704003
6767,9914,0,16,250,-0.25755347013197405,0.2295470958704003
6767,9914,0,16,500,0.5838989059967582,0.2295470958704003
6767,9914,0,16,1000,-0.26787921104422374,0.2295470958704003
6767,9914,0,16,2000,0.6131312948599205,0.2295470958704003
6767,9914,0,16,5000,-0.1865192318823794,0.2295470958704003
6767,9914,0,17,50,0.608048014586709,0.25368935644271223
6767,9914,0,17,100,-0.20439084568186983,0.25368935644271223
6767,9914,0,17,250,-0.3316356506135665,0.25368935644271223
6767,9914,0,17,500,0.5379207426487607,0.25368935644271223
6767,9914,0,17,1000,-0.1524275005788377,0.25368935644271223
6767,9914,0,17,2000,-0.1524275005788377,0.25368935644271223
6767,9914,0,17,5000,-0.35975450046307034,0.25368935644271223
6767,9914,0,18,50,-0.24612287277147527,0.24106109176527443
6767,9914,0,18,100,0.33517090182912745,0.24106109176527443
6767,9914,0,18,250,0.5311157820097242,0.24106109176527443
6767,9914,0,18,500,0.16268956934475431,0.24106109176527443
6767,9914,0,18,1000,0.6788485471173876,0.24106109176527443
6767,9914,0,18,2000,-0.24612287277147527,0.24106109176527443
6767,9914,0,18,5000,0.1773464633016899,0.24106109176527443
6767,9914,0,19,50,-0.08148479103959338,0.23483279863123122
6767,9914,0,19,100,-0.18540677818939522,0.23483279863123122
6767,9914,0,19,250,0.27162465269738256,0.23483279863123122
6767,9914,0,19,500,0.5711138284325067,0.23483279863123122
6767,9914,0,19,1000,0.5827025208381562,0.23483279863123122
6767,9914,0,19,2000,0.5767962057189155,0.23483279863123122
6767,9914,0,19,5000,-0.222947296827969,0.23483279863123122
6767,9914,0,20,50,0.6581395432970581,0.23389671428056016
6767,9914,0,20,100,0.08606448251910037,0.23389671428056016
6767,9914,0,20,250,0.5651340732808514,0.23389671428056016
6767,9914,0,20,500,0.5044266612641808,0.23389671428056016
6767,9914,0,20,1000,0.5740308086362578,0.23389671428056016
6767,9914,0,20,2000,0.5657328085204902,0.23389671428056016
6767,9914,0,20,5000,0.5280519217411431,0.23389671428056016
6767,9914,0,21,50,0.6516355782588557,0.23765223176515549
6767,9914,0,21,100,0.4276369674693199,0.23765223176515549
6767,9914,0,21,250,0.5125018088677927,0.23765223176515549
6767,9914,0,21,500,0.6250929758045831,0.23765223176515549
6767,9914,0,21,1000,-0.19833945936559494,0.23765223176515549
6767,9914,0,21,2000,0.49119226094003193,0.23765223176515549
6767,9914,0,21,5000,-0.3342523587636015,0.23765223176515549
6767,9914,0,22,50,-0.11639449235934174,0.24378878822437114
6767,9914,0,22,100,0.471678918731187,0.24378878822437114
6767,9914,0,22,250,-0.21449735181755025,0.24378878822437114
6767,9914,0,22,500,-0.3434573251910167,0.24378878822437114
6767,9914,0,22,1000,-0.2702625752489013,0.24378878822437114
6767,9914,0,22,2000,-0.19034715790692247,0.24378878822437114
6767,9914,0,22,5000,-0.29741078664042675,0.24378878822437114
6767,9914,0,23,50,0.3864494095855514,0.23752520360957582
6767,9914,0,23,100,0.4511186038434814,0.23752520360957582
6767,9914,0,23,250,-0.27825487670757165,0.23752520360957582
6767,9914,0,23,500,-0.3712762647603617,0.23752520360957582
6767,9914,0,23,1000,-0.22397473373466015,0.23752520360957582
6767,9914,0,23,2000,-0.22397473373466015,0.23752520360957582
6767,9914,0,23,5000,-0.27094451840703815,0.23752520360957582
6767,9914,0,24,50,-0.2094715935401722,0.2502662414783834
6767,9914,0,24,100,-0.2774477598981251,0.2502662414783834
6767,9914,0,24,250,-0.26562897950914455,0.2502662414783834
6767,9914,0,24,500,0.6094690611252597,0.2502662414783834
6767,9914,0,24,1000,-0.25314091803658356,0.2502662414783834
6767,9914,0,24,2000,-0.1492938180134289,0.2502662414783834
6767,9914,0,24,5000,-0.27714929671220123,0.2502662414783834
6767,9914,1,5,50,-0.19901561414679292,0.11740956717506454
6767,9914,1,5,100,-0.520651843598056,0.11740956717506454
6767,9914,1,5,250,-0.17030526452882544,0.11740956717506454
6767,9914,1,5,500,-0.08881721752720512,0.11740956717506454
6767,9914,1,5,1000,-0.2325187398703395,0.11740956717506454
6767,9914,1,5,2000,-0.2229331876591814,0.11740956717506454
6767,9914,1,5,5000,-0.18945321544338944,0.11740956717506454
6767,9914,1,6,50,-0.5576536814077324,0.158565412846075
6767,9914,1,6,100,-0.21734776568650177,0.158565412846075
6767,9914,1,6,250,-0.6144767307247032,0.158565412846075
6767,9914,1,6,500,-0.08672254862236706,0.158565412846075
6767,9914,1,6,1000,0.30084401771243346,0.158565412846075
6767,9914,1,6,2000,-0.1694228988191709,0.158565412846075
6767,9914,1,6,5000,-0.1694228988191709,0.158565412846075
6767,9914,1,7,50,-0.1454141583699926,0.16466076744634628
6767,9914,1,7,100,-0.1550499971058122,0.16466076744634628
6767,9914,1,7,250,-0.075052818939568,0.16466076744634628
6767,9914,1,7,500,-0.43856216716832586,0.16466076744634628
6767,9914,1,7,1000,-0.029827868140773095,0.16466076744634628
6767,9914,1,7,2000,0.22016055510534746,0.16466076744634628
6767,9914,1,7,5000,-0.015472693331790632,0.16466076744634628
6767,9914,1,8,50,0.3444160251215569,0.14948910562583972
6767,9914,1,8,100,0.32955328200972445,0.14948910562583972
6767,9914,1,8,250,0.3347863365362353,0.14948910562583972
6767,9914,1,8,500,0.3366559822875666,0.14948910562583972
6767,9914,1,8,1000,0.3505545988654781,0.14948910562583972
6767,9914,1,8,2000,0.34823707744848326,0.14948910562583972
6767,9914,1,8,5000,0.3391225544107433,0.14948910562583972
6767,9914,1,9,50,0.26077325480435243,0.12559473098009727
6767,9914,1,9,100,-0.063021677471637,0.12559473098009727
6767,9914,1,9,250,-0.15648840877517944,0.12559473098009727
6767,9914,1,9,500,-0.1608843192868729,0.12559473098009727
6767,9914,1,9,1000,0.33972165142394056,0.12559473098009727
6767,9914,1,9,2000,-0.14697882901134612,0.12559473098009727
6767,9914,1,9,5000,-0.14892191479509248,0.12559473098009727
6767,9914,1,10,50,0.3426382698541327,0.12543586446305954
6767,9914,1,10,100,0.3312742388284322,0.12543586446305954
6767,9914,1,10,250,-0.08344488018059731,0.12543586446305954
6767,9914,1,10,500,-0.4312391467932376,0.12543586446305954
6767,9914,1,10,1000,-0.1288930452651082,0.12543586446305954
6767,9914,1,10,2000,-0.0912950046307015,0.12543586446305954
6767,9914,1,10,5000,-0.3688664910858988,0.12543586446305954
6767,9914,1,11,50,0.0028467961333648595,0.14062170957817788
6767,9914,1,11,100,0.13015418789071495,0.14062170957817788
6767,9914,1,11,250,0.360135448020375,0.14062170957817788
6767,9914,1,11,500,0.310640122134753,0.14062170957817788
6767,9914,1,11,1000,-0.12312565119240693,0.14062170957817788
6767,9914,1,11,2000,0.01113213417457648,0.14062170957817788
6767,9914,1,11,5000,-0.12373921914795133,0.14062170957817788
6767,9914,1,12,50,-0.08582535019680515,0.12055573021851845
6767,9914,1,12,100,0.38988083178976496,0.12055573021851845
6767,9914,1,12,250,-0.11124573107200825,0.12055573021851845
6767,9914,1,12,500,-0.08821450277842185,0.12055573021851845
6767,9914,1,12,1000,-0.10525729335494399,0.12055573021851845
6767,9914,1,12,2000,-0.05031944605232702,0.12055573021851845
6767,9914,1,12,5000,-0.0843384608705724,0.12055573021851845
6767,9914,1,13,50,0.13478706008335328,0.11515456464344265
6767,9914,1,13,100,0.3470425011576749,0.11515456464344265
6767,9914,1,13,250,-0.15469401192405685,0.11515456464344265
6767,9914,1,13,500,-0.4944724617967111,0.11515456464344265
6767,9914,1,13,1000,0.37905150208381566,0.11515456464344265
6767,9914,1,13,2000,0.37905150208381566,0.11515456464344265
6767,9914,1,13,5000,-0.5152693765918035,0.11515456464344265
6767,9914,1,14,50,0.34024875549895794,0.09919148462799456
6767,9914,1,14,100,-0.08126953577216761,0.09919148462799456
6767,9914,1,14,250,-0.07311262734429341,0.09919148462799456
6767,9914,1,14,500,0.14974531141468023,0.09919148462799456
6767,9914,1,14,1000,0.3750853785598518,0.09919148462799456
6767,9914,1,14,2000,0.4289151134521881,0.09919148462799456
6767,9914,1,14,5000,0.33247351817550386,0.09919148462799456
6767,9914,1,15,50,-0.03148334394535768,0.08351307228324299
6767,9914,1,15,100,0.23078114146793194,0.08351307228324299
6767,9914,1,15,250,-0.11169469205834753,0.08351307228324299
6767,9914,1,15,500,0.06265339198888537,0.08351307228324299
6767,9914,1,15,1000,-0.07903558404723293,0.08351307228324299
6767,9914,1,15,2000,0.07445046596434363,0.08351307228324299
6767,9914,1,15,5000,-0.007703244385273811,0.08351307228324299
6767,9914,1,16,50,-0.023169425793006626,0.04843903716390418
6767,9914,1,16,100,-0.03827274832137101,0.04843903716390418
6767,9914,1,16,250,0.3320227483213697,0.04843903716390418
6767,9914,1,16,500,0.0955346289650379,0.04843903716390418
6767,9914,1,16,1000,0.027654332600140386,0.04843903716390418
6767,9914,1,16,2000,0.20970312861773682,0.04843903716390418
6767,9914,1,16,5000,0.4360145577680022,0.04843903716390418
6767,9914,1,17,50,0.4036474010187543,0.08409823315812154
6767,9914,1,17,100,0.35550040518638504,0.08409823315812154
6767,9914,1,17,250,-0.42518016323223,0.08409823315812154
6767,9914,1,17,500,-0.3386091977309542,0.08409823315812154
6767,9914,1,17,1000,-0.4501526684417668,0.08409823315812154
6767,9914,1,17,2000,-0.31969422898819055,0.08409823315812154
6767,9914,1,17,5000,-0.45342961333641796,0.08409823315812154
6767,9914,1,18,50,0.2915782733271595,0.11357621358666121
6767,9914,1,18,100,0.11984581210928508,0.11357621358666121
6767,9914,1,18,250,0.6225482605927285,0.11357621358666121
6767,9914,1,18,500,-0.17315495485066057,0.11357621358666121
6767,9914,1,18,1000,0.26398182449640906,0.11357621358666121
6767,9914,1,18,2000,0.6268077824727937,0.11357621358666121
6767,9914,1,18,5000,-0.29344068360731734,0.11357621358666121
6767,9914,1,19,50,0.6248581847649919,0.126396059159537
6767,9914,1,19,100,-0.22794447499421178,0.126396059159537
6767,9914,1,19,250,-0.08322094234776489,0.126396059159537
6767,9914,1,19,500,-0.18601672840935568,0.126396059159537
6767,9914,1,19,1000,0.5864367475109975,0.126396059159537
6767,9914,1,19,2000,0.7159252720537148,0.126396059159537
6767,9914,1,19,5000,-0.17561212086130984,0.126396059159537
6767,9914,1,20,50,0.7292345595045139,0.15873280990458596
6767,9914,1,20,100,0.776782096550126,0.15873280990458596
6767,9914,1,20,250,0.14771974125955012,0.15873280990458596
6767,9914,1,20,500,0.767212824149107,0.15873280990458596
6767,9914,1,20,1000,0.6996291821023373,0.15873280990458596
6767,9914,1,20,2000,0.730729407849038,0.15873280990458596
6767,9914,1,20,5000,0.7413460147024761,0.15873280990458596
6767,9914,1,21,50,-0.19670966948367652,0.1383691729563212
6767,9914,1,21,100,0.6337650497800412,0.1383691729563212
6767,9914,1,21,250,0.7799964546191231,0.1383691729563212
6767,9914,1,21,500,0.7726701782820082,0.1383691729563212
6767,9914,1,21,1000,-0.08088460870571901,0.1383691729563212
6767,9914,1,21,2000,0.19887018117619648,0.1383691729563212
6767,9914,1,21,5000,0.7839593221810586,0.1383691729563212
6767,9914,1,22,50,0.17405251504977826,0.12886177793367945
6767,9914,1,22,100,0.12784896677471513,0.12886177793367945
6767,9914,1,22,250,-0.08926545496642768,0.12886177793367945
6767,9914,1,22,500,-0.132625101296596,0.12886177793367945
6767,9914,1,22,1000,0.7401489059967572,0.12886177793367945
6767,9914,1,22,2000,0.7486726528131499,0.12886177793367945
6767,9914,1,22,5000,0.7461301082426474,0.12886177793367945
6767,9914,1,23,50,0.4370691276915948,0.11782688030460986
6767,9914,1,23,100,0.050005788376938365,0.11782688030460986
6767,9914,1,23,250,0.7405247887242409,0.11782688030460986
6767,9914,1,23,500,0.7822401742301447,0.11782688030460986
6767,9914,1,23,1000,0.7746157964806657,0.11782688030460986
6767,9914,1,23,2000,0.7450100573049308,0.11782688030460986
6767,9914,1,23,5000,-0.16134558057420778,0.11782688030460986
6767,9914,1,24,50,0.33328172030562725,0.14909568892595398
6767,9914,1,24,100,-0.10712259782356892,0.14909568892595398
6767,9914,1,24,250,0.4221886576753862,0.14909568892595398
6767,9914,1,24,500,0.6973861860384338,0.14909568892595398
6767,9914,1,24,1000,0.08656300648298276,0.14909568892595398
6767,9914,1,24,2000,-0.06728952014355283,0.14909568892595398
6767,9914,1,24,5000,0.10996613799490595,0.14909568892595398
6767,9914,2,5,50,0.31519521301227155,0.1945017673469145
6767,9914,2,5,100,0.30786929844871513,0.1945017673469145
6767,9914,2,5,250,0.31519521301227155,0.1945017673469145
6767,9914,2,5,500,0.31519521301227155,0.1945017673469145
6767,9914,2,5,1000,0.3147466137994908,0.1945017673469145
6767,9914,2,5,2000,0.32237280041676336,0.1945017673469145
6767,9914,2,5,5000,0.32237280041676336,0.1945017673469145
6767,9914,2,6,50,-0.5261829995369303,0.15687618063697728
6767,9914,2,6,100,0.17823208497337334,0.15687618063697728
6767,9914,2,6,250,-0.1387640368140765,0.15687618063697728
6767,9914,2,6,500,-0.3081659527668431,0.15687618063697728
6767,9914,2,6,1000,0.2422283804121324,0.15687618063697728
6767,9914,2,6,2000,-0.17017683491549007,0.15687618063697728
6767,9914,2,6,5000,0.2422283804121324,0.15687618063697728
6767,9914,2,7,50,0.2757213764760362,0.10276826571000952
6767,9914,2,7,100,0.27108561009492943,0.10276826571000952
6767,9914,2,7,250,0.2706370108821487,0.10276826571000952
6767,9914,2,7,500,0.29112207686964586,0.10276826571000952
6767,9914,2,7,1000,0.2706370108821487,0.10276826571000952
6767,9914,2,7,2000,0.2706370108821487,0.10276826571000952
6767,9914,2,7,5000,-0.309514644593654,0.10276826571000952
6767,9914,2,8,50,0.19931660974762638,0.22493168828695637
6767,9914,2,8,100,-0.11515035309099231,0.22493168828695637
6767,9914,2,8,250,-0.21306943158138314,0.22493168828695637
6767,9914,2,8,500,0.49806197904607524,0.22493168828695637
6767,9914,2,8,1000,0.5180980840472329,0.22493168828695637
6767,9914,2,8,2000,-0.35646887300300834,0.22493168828695637
6767,9914,2,8,5000,-0.35646887300300834,0.22493168828695637
6767,9914,2,9,50,0.4132930076406577,0.18481667904615923
6767,9914,2,9,100,0.4532125492012041,0.18481667904615923
6767,9914,2,9,250,-0.10677059215096085,0.18481667904615923
6767,9914,2,9,500,-0.39907566855753607,0.18481667904615923
6767,9914,2,9,1000,-0.27169556031488806,0.18481667904615923
6767,9914,2,9,2000,0.520497004514934,0.18481667904615923
6767,9914,2,9,5000,0.47174837925445695,0.18481667904615923
6767,9914,2,10,50,0.4795243401250287,0.19571255899682918
6767,9914,2,10,100,0.633009666589487,0.19571255899682918
6767,9914,2,10,250,-0.02042392625607825,0.19571255899682918
6767,9914,2,10,500,0.5364808838851577,0.19571255899682918
6767,9914,2,10,1000,0.6363748842324611,0.19571255899682918
6767,9914,2,10,2000,0.6125998495021995,0.19571255899682918
6767,9914,2,10,5000,0.6855677674230145,0.19571255899682918
6767,9914,2,11,50,0.06713974589025307,0.2193825537524063
6767,9914,2,11,100,0.5385893001852267,0.2193825537524063
6767,9914,2,11,250,0.5619142886084739,0.2193825537524063
6767,9914,2,11,500,-0.2529951232924277,0.2193825537524063
6767,9914,2,11,1000,-0.2211503675619343,0.2193825537524063
6767,9914,2,11,2000,-0.2529951232924277,0.2193825537524063
6767,9914,2,11,5000,-0.2211503675619343,0.2193825537524063
6767,9914,2,12,50,0.6143964169946741,0.20660511120782357
6767,9914,2,12,100,0.6021369964112057,0.20660511120782357
6767,9914,2,12,250,0.12551733618893274,0.20660511120782357
6767,9914,2,12,500,0.43474147661495655,0.20660511120782357
6767,9914,2,12,1000,0.15214206124102753,0.20660511120782357
6767,9914,2,12,2000,-0.1090146735355415,0.20660511120782357
6767,9914,2,12,5000,-0.10206138573743961,0.20660511120782357
6767,9914,2,13,50,0.6324890744385269,0.08095270116957241
6767,9914,2,13,100,0.5314884087751789,0.08095270116957241
6767,9914,2,13,250,0.17180083642046662,0.08095270116957241
6767,9914,2,13,500,0.2529976557073396,0.08095270116957241
6767,9914,2,13,1000,0.6252373234545026,0.08095270116957241
6767,9914,2,13,2000,0.6241907125492004,0.08095270116957241
6767,9914,2,13,5000,0.6722639065755959,0.08095270116957241
6767,9914,2,14,50,-0.13981354190784834,0.15316283560927707
6767,9914,2,14,100,0.30368647256309267,0.15316283560927707
6767,9914,2,14,250,-0.6309244037971744,0.15316283560927707
6767,9914,2,14,500,-0.5953360152813143,0.15316283560927707
6767,9914,2,14,1000,-0.19124327101180771,0.15316283560927707
6767,9914,2,14,2000,-0.2357240536003713,0.15316283560927707
6767,9914,2,14,5000,-0.2742272516786297,0.15316283560927707
6767,9914,2,15,50,0.5296914795091449,0.14147038971917353
6767,9914,2,15,100,-0.25202557015512733,0.14147038971917353
6767,9914,2,15,250,-0.05443823801805925,0.14147038971917353
6767,9914,2,15,500,-0.19565437601296665,0.14147038971917353
6767,9914,2,15,1000,-0.17180228351470317,0.14147038971917353
6767,9914,2,15,2000,-0.25209177471636923,0.14147038971917353
6767,9914,2,15,5000,-0.46076457223894446,0.14147038971917353
6767,9914,2,16,50,-0.29254059099328633,0.1996385231146956
6767,9914,2,16,100,-0.3717961333642056,0.1996385231146956
6767,9914,2,16,250,-0.4253986744616804,0.1996385231146956
6767,9914,2,16,500,-0.26772690437601376,0.1996385231146956
6767,9914,2,16,1000,-0.4207654404954849,0.1996385231146956
6767,9914,2,16,2000,-0.37127300879833247,0.1996385231146956
6767,9914,2,16,5000,-0.37127300879833247,0.1996385231146956
6767,9914,2,17,50,0.028785236744617415,0.20683639155991346
6767,9914,2,17,100,-0.12956015570733892,0.20683639155991346
6767,9914,2,17,250,0.13224958034267287,0.20683639155991346
6767,9914,2,17,500,-0.16807167457744954,0.20683639155991346
6767,9914,2,17,1000,-0.10003834799722167,0.20683639155991346
6767,9914,2,17,2000,-0.16807167457744954,0.20683639155991346
6767,9914,2,17,5000,-0.17008205024311218,0.20683639155991346
6767,9914,2,18,50,0.028102931812920673,0.16994663673543656
6767,9914,2,18,100,-0.09734819981477139,0.16994663673543656
6767,9914,2,18,250,0.6255394043760127,0.16994663673543656
6767,9914,2,18,500,-0.10317601007177568,0.16994663673543656
6767,9914,2,18,1000,0.044485123871265575,0.16994663673543656
6767,9914,2,18,2000,-0.26726926082426483,0.16994663673543656
6767,9914,2,18,5000,-0.0834387300300995,0.16994663673543656
6767,9914,2,19,50,0.06153442637184481,0.2458449053584206
6767,9914,2,19,100,0.5582542255151652,0.2458449053584206
6767,9914,2,19,250,0.6636674432739058,0.2458449053584206
6767,9914,2,19,500,-0.18960733097939209,0.2458449053584206
6767,9914,2,19,1000,0.11970218800648302,0.2458449053584206
6767,9914,2,19,2000,-0.09756236976151889,0.2458449053584206
6767,9914,2,19,5000,-0.014732142857142527,0.2458449053584206
6767,9914,2,20,50,-0.07088446399629666,0.24639993540175129
6767,9914,2,20,100,-0.1269438093308628,0.24639993540175129
6767,9914,2,20,250,0.6074471087057184,0.24639993540175129
6767,9914,2,20,500,-0.024073859689742294,0.24639993540175129
6767,9914,2,20,1000,-0.116712853090993,0.24639993540175129
6767,9914,2,20,2000,-0.09421126128733504,0.24639993540175129
6767,9914,2,20,5000,-0.2009514644593654,0.24639993540175129
6767,9914,2,21,50,0.392285902407963,0.20104499557959737
6767,9914,2,21,100,0.19266214690900596,0.20104499557959737
6767,9914,2,21,250,-0.19311544917805046,0.20104499557959737
6767,9914,2,21,500,0.6000444981477193,0.20104499557959737
6767,9914,2,21,1000,0.0002130846260701702,0.20104499557959737
6767,9914,2,21,2000,0.7137578866635789,0.20104499557959737
6767,9914,2,21,5000,-0.1770480001157676,0.20104499557959737
6767,9914,2,22,50,0.6680022140541784,0.21750301482136672
6767,9914,2,22,100,-0.04425865362352377,0.21750301482136672
6767,9914,2,22,250,0.6600790113452182,0.21750301482136672
6767,9914,2,22,500,0.723925170757119,0.21750301482136672
6767,9914,2,22,1000,-0.39356151597591926,0.21750301482136672
6767,9914,2,22,2000,0.665384058809909,0.21750301482136672
6767,9914,2,22,5000,-0.23064692347765536,0.21750301482136672
6767,9914,2,23,50,0.5527096839546188,0.2629750579176519
6767,9914,2,23,100,0.6706945328779805,0.2629750579176519
6767,9914,2,23,250,-0.12657877981014187,0.2629750579176519
6767,9914,2,23,500,-0.20635274369066792,0.2629750579176519
6767,9914,2,23,1000,0.6977573657096546,0.2629750579176519
6767,9914,2,23,2000,0.7008986455197951,0.2629750579176519
6767,9914,2,23,5000,0.6347331558231065,0.2629750579176519
6767,9914,2,24,50,0.34277321139152644,0.24995921364877297
6767,9914,2,24,100,-0.17344147950914435,0.24995921364877297
6767,9914,2,24,250,-0.3279054034498724,0.24995921364877297
6767,9914,2,24,500,-0.16080653797175293,0.24995921364877297
6767,9914,2,24,1000,-0.19058014007872037,0.24995921364877297
6767,9914,2,24,2000,-0.24320372192637119,0.24995921364877297
6767,9914,2,24,5000,-0.2633917718221801,0.24995921364877297
6767,9967,0,5,50,0.5022108571820916,0.3551653878351548
6767,9967,0,5,100,-0.21772990273878945,0.3551653878351548
6767,9967,0,5,250,0.35805554161792136,0.3551653878351548
6767,9967,0,5,500,0.5920713495356125,0.3551653878351548
6767,9967,0,5,1000,0.5057823116900948,0.3551653878351548
6767,9967,0,5,2000,0.5354380022499738,0.3551653878351548
6767,9967,0,5,5000,0.54574733079639,0.3551653878351548
6767,9967,0,6,50,-0.21230950647131708,0.27340848964881154
6767,9967,0,6,100,-0.2109489504081382,0.27340848964881154
6767,9967,0,6,250,-0.22108670851477963,0.27340848964881154
6767,9967,0,6,500,0.5487234053439527,0.27340848964881154
6767,9967,0,6,1000,-0.2309730940579029,0.27340848964881154
6767,9967,0,6,2000,0.6094588871342139,0.27340848964881154
6767,9967,0,6,5000,-0.1620309500199385,0.27340848964881154
6767,9967,0,7,50,-0.21366882465253512,0.2663127427612642
6767,9967,0,7,100,0.16813428576521527,0.2663127427612642
6767,9967,0,7,250,-0.29105060032323593,0.2663127427612642
6767,9967,0,7,500,0.34912719418703814,0.2663127427612642
6767,9967,0,7,1000,-0.21392498369296853,0.2663127427612642
6767,9967,0,7,2000,-0.1996164711583408,0.2663127427612642
6767,9967,0,7,5000,0.4164751938358098,0.2663127427612642
6767,9967,0,8,50,0.45029635719397576,0.2790010904943031
6767,9967,0,8,100,0.42910158983656005,0.2790010904943031
6767,9967,0,8,250,-0.28624530760211386,0.2790010904943031
6767,9967,0,8,500,-0.25223305653192374,0.2790010904943031
6767,9967,0,8,1000,-0.17089760966643874,0.2790010904943031
6767,9967,0,8,2000,0.4695788032355262,0.2790010904943031
6767,9967,0,8,5000,-0.0821010355955436,0.2790010904943031
6767,9967,0,9,50,-0.11092771660623635,0.24181967879857164
6767,9967,0,9,100,-0.21224587933852868,0.24181967879857164
6767,9967,0,9,250,-0.24122081734540002,0.24181967879857164
6767,9967,0,9,500,0.5426221739980089,0.24181967879857164
6767,9967,0,9,1000,0.21764424130709792,0.24181967879857164
6767,9967,0,9,2000,-0.25482514009522794,0.24181967879857164
6767,9967,0,9,5000,-0.22959099884860457,0.24181967879857164
6767,9967,0,10,50,-0.14621721428363954,0.25427340629220063
6767,9967,0,10,100,-0.19411041345917723,0.25427340629220063
6767,9967,0,10,250,-0.265753574673001,0.25427340629220063
6767,9967,0,10,500,-0.1754237600053875,0.25427340629220063
6767,9967,0,10,1000,-0.23679869035389578,0.25427340629220063
6767,9967,0,10,2000,-0.2352469227904963,0.25427340629220063
6767,9967,0,10,5000,-0.23545938459771165,0.25427340629220063
6767,9967,0,11,50,-0.2264450868960125,0.23802077907282393
6767,9967,0,11,100,-0.16062805839369787,0.23802077907282393
6767,9967,0,11,250,-0.27927211220294135,0.23802077907282393
6767,9967,0,11,500,-0.31098928885496924,0.23802077907282393
6767,9967,0,11,1000,-0.24347359746323338,0.23802077907282393
6767,9967,0,11,2000,-0.21690043929955038,0.23802077907282393
6767,9967,0,11,5000,-0.21947333569246164,0.23802077907282393
6767,9967,0,12,50,0.7160913596499336,0.24421030542986275
6767,9967,0,12,100,0.6394121232547514,0.24421030542986275
6767,9967,0,12,250,-0.16624177056072453,0.24421030542986275
6767,9967,0,12,500,-0.2416034053967694,0.24421030542986275
6767,9967,0,12,1000,-0.1744469473500745,0.24421030542986275
6767,9967,0,12,2000,-0.14785130099743604,0.24421030542986275
6767,9967,0,12,5000,-0.12655193261432762,0.24421030542986275
6767,9967,0,13,50,-0.2509994246324647,0.23443576513415135
6767,9967,0,13,100,-0.25242232868373893,0.23443576513415135
6767,9967,0,13,250,-0.1277409182377316,0.23443576513415135
6767,9967,0,13,500,-0.20622680209205368,0.23443576513415135
6767,9967,0,13,1000,-0.15382503050141172,0.23443576513415135
6767,9967,0,13,2000,-0.25367708710199655,0.23443576513415135
6767,9967,0,13,5000,-0.1777829979718546,0.23443576513415135
6767,9967,0,14,50,-0.2745964257231214,0.21487361606092586
6767,9967,0,14,100,-0.2289102875583292,0.21487361606092586
6767,9967,0,14,250,-0.15178454713986556,0.21487361606092586
6767,9967,0,14,500,-0.14955272848990275,0.21487361606092586
6767,9967,0,14,1000,0.2001269324162661,0.21487361606092586
6767,9967,0,14,2000,-0.09294046646033116,0.21487361606092586
6767,9967,0,14,5000,-0.22453045486715406,0.21487361606092586
6767,9967,0,15,50,0.5294436001172523,0.19116979813364096
6767,9967,0,15,100,-0.1971090999838907,0.19116979813364096
6767,9967,0,15,250,-0.18977497946766408,0.19116979813364096
6767,9967,0,15,500,-0.10310467397820244,0.19116979813364096
6767,9967,0,15,1000,-0.2104380765228917,0.19116979813364096
6767,9967,0,15,2000,-0.23435366716754114,0.19116979813364096
6767,9967,0,15,5000,-0.15761014343585866,0.19116979813364096
6767,9967,0,16,50,0.13182411314835307,0.20583825495518068
6767,9967,0,16,100,-0.383374931668916,0.20583825495518068
6767,9967,0,16,250,-0.383374931668916,0.20583825495518068
6767,9967,0,16,500,-0.11424218681916465,0.20583825495518068
6767,9967,0,16,1000,-0.2745965907740495,0.20583825495518068
6767,9967,0,16,2000,-0.22591436563666079,0.20583825495518068
6767,9967,0,16,5000,-0.26694367439016997,0.20583825495518068
6767,9967,0,17,50,-0.18890227268526005,0.17235807884447568
6767,9967,0,17,100,0.039945295520385726,0.17235807884447568
6767,9967,0,17,250,0.11137442694317745,0.17235807884447568
6767,9967,0,17,500,0.046344072426988014,0.17235807884447568
6767,9967,0,17,1000,-0.2526142829131355,0.17235807884447568
6767,9967,0,17,2000,-0.15518665939562348,0.17235807884447568
6767,9967,0,17,5000,-0.2735757507836617,0.17235807884447568
6767,9967,0,18,50,-0.16923938425440543,0.17280201854279983
6767,9967,0,18,100,0.19553533938432044,0.17280201854279983
6767,9967,0,18,250,0.4221303337857929,0.17280201854279983
6767,9967,0,18,500,0.41256340431403504,0.17280201854279983
6767,9967,0,18,1000,-0.17925017693459522,0.17280201854279983
6767,9967,0,18,2000,-0.19974496330587788,0.17280201854279983
6767,9967,0,18,5000,0.13873425909298553,0.17280201854279983
6767,9967,0,19,50,-0.034502947479474244,0.17514683440343756
6767,9967,0,19,100,-0.013158025040206467,0.17514683440343756
6767,9967,0,19,250,-0.27882717616347674,0.17514683440343756
6767,9967,0,19,500,-0.21468859181188948,0.17514683440343756
6767,9967,0,19,1000,-0.2083753112860508,0.17514683440343756
6767,9967,0,19,2000,-0.25831221231623247,0.17514683440343756
6767,9967,0,19,5000,-0.22680625958945877,0.17514683440343756
6767,9967,0,20,50,-0.19177188938418865,0.166673179043273
6767,9967,0,20,100,-0.10784464779452296,0.166673179043273
6767,9967,0,20,250,-0.15667620275912353,0.166673179043273
6767,9967,0,20,500,-0.12281117711681178,0.166673179043273
6767,9967,0,20,1000,-0.16996185342949444,0.166673179043273
6767,9967,0,20,2000,-0.22395908981675428,0.166673179043273
6767,9967,0,20,5000,-0.13309970924628545,0.166673179043273
6767,9967,0,21,50,-0.07091776238476177,0.19458894914742775
6767,9967,0,21,100,-0.08758493520760802,0.19458894914742775
6767,9967,0,21,250,-0.1940463736990684,0.19458894914742775
6767,9967,0,21,500,0.6146682657900921,0.19458894914742775
6767,9967,0,21,1000,0.09559828155575711,0.19458894914742775
6767,9967,0,21,2000,-0.12336203458939343,0.19458894914742775
6767,9967,0,21,5000,-0.15488890752130513,0.19458894914742775
6767,9967,0,22,50,-0.14483346856506019,0.18534728276267115
6767,9967,0,22,100,0.5900078415695947,0.18534728276267115
6767,9967,0,22,250,0.5552719247050871,0.18534728276267115
6767,9967,0,22,500,0.5355429333775232,0.18534728276267115
6767,9967,0,22,1000,0.5984270894127094,0.18534728276267115
6767,9967,0,22,2000,0.5155186246768304,0.18534728276267115
6767,9967,0,22,5000,0.549277398784169,0.18534728276267115
6767,9967,0,23,50,0.6136051727621081,0.179246614404826
6767,9967,0,23,100,-0.1007217099408193,0.179246614404826
6767,9967,0,23,250,0.5599918860963744,0.179246614404826
6767,9967,0,23,500,-0.08435459970528514,0.179246614404826
6767,9967,0,23,1000,0.29893594967663245,0.179246614404826
6767,9967,0,23,2000,-0.13952010782446977,0.179246614404826
6767,9967,0,23,5000,0.2259789005495535,0.179246614404826
6767,9967,0,24,50,0.7454279242403035,0.16873363185696236
6767,9967,0,24,100,-0.09761928890778548,0.16873363185696236
6767,9967,0,24,250,0.7436846563375598,0.16873363185696236
6767,9967,0,24,500,0.25597393581763594,0.16873363185696236
6767,9967,0,24,1000,0.226041908741361,0.16873363185696236
6767,9967,0,24,2000,0.18139889244225182,0.16873363185696236
6767,9967,0,24,5000,0.4578435584583979,0.16873363185696236
6767,9967,1,5,50,0.5523173480409113,0.29329266862001785
6767,9967,1,5,100,0.5808251506584868,0.29329266862001785
6767,9967,1,5,250,0.5632867152488567,0.29329266862001785
6767,9967,1,5,500,0.5445374662305797,0.29329266862001785
6767,9967,1,5,1000,0.5946224592060123,0.29329266862001785
6767,9967,1,5,2000,0.5476622516643732,0.29329266862001785
6767,9967,1,5,5000,0.5272961224915556,0.29329266862001785
6767,9967,1,6,50,0.5685364901193911,0.3462703907652071
6767,9967,1,6,100,-0.2676851244219921,0.3462703907652071
6767,9967,1,6,250,-0.33858250301713133,0.3462703907652071
6767,9967,1,6,500,0.26158719409460923,0.3462703907652071
6767,9967,1,6,1000,-0.28739319554441745,0.3462703907652071
6767,9967,1,6,2000,0.19753369349646477,0.3462703907652071
6767,9967,1,6,5000,-0.2943665559945182,0.3462703907652071
6767,9967,1,7,50,-0.1721493559052587,0.3370752694698894
6767,9967,1,7,100,-0.21560210743627117,0.3370752694698894
6767,9967,1,7,250,0.4258515307483273,0.3370752694698894
6767,9967,1,7,500,-0.21981288671432497,0.3370752694698894
6767,9967,1,7,1000,0.350851687546709,0.3370752694698894
6767,9967,1,7,2000,-0.13635001591091012,0.3370752694698894
6767,9967,1,7,5000,0.17121582785584255,0.3370752694698894
6767,9967,1,8,50,0.4866066123363024,0.3149989518796704
6767,9967,1,8,100,0.07521313026347387,0.3149989518796704
6767,9967,1,8,250,-0.21700549421529514,0.3149989518796704
6767,9967,1,8,500,0.15667537750448246,0.3149989518796704
6767,9967,1,8,1000,-0.24064536728452957,0.3149989518796704
6767,9967,1,8,2000,-0.24064536728452957,0.3149989518796704
6767,9967,1,8,5000,-0.2477042653781254,0.3149989518796704
6767,9967,1,9,50,-0.17857181762004526,0.3031143803280232
6767,9967,1,9,100,0.4868622762239516,0.3031143803280232
6767,9967,1,9,250,-0.21369032253592213,0.3031143803280232
6767,9967,1,9,500,0.17729506616561586,0.3031143803280232
6767,9967,1,9,1000,-0.22261763839850468,0.3031143803280232
6767,9967,1,9,2000,-0.2309301808165931,0.3031143803280232
6767,9967,1,9,5000,-0.2309301808165931,0.3031143803280232
6767,9967,1,10,50,0.5796755709441705,0.2613437776039696
6767,9967,1,10,100,-0.1644986264461764,0.2613437776039696
6767,9967,1,10,250,0.6816739085512225,0.2613437776039696
6767,9967,1,10,500,0.6866060016478683,0.2613437776039696
6767,9967,1,10,1000,0.6377963571939756,0.2613437776039696
6767,9967,1,10,2000,0.06953603854005164,0.2613437776039696
6767,9967,1,10,5000,0.6844163122473069,0.2613437776039696
6767,9967,1,11,50,-0.04485547810632473,0.2151823597045489
6767,9967,1,11,100,0.5667292237192706,0.2151823597045489
6767,9967,1,11,250,0.5812487538654925,0.2151823597045489
6767,9967,1,11,500,-0.1809098465422495,0.2151823597045489
6767,9967,1,11,1000,0.3683878535060774,0.2151823597045489
6767,9967,1,11,2000,-0.16664428851166357,0.2151823597045489
6767,9967,1,11,5000,0.6019333488041068,0.2151823597045489
6767,9967,1,12,50,0.5838849060266036,0.2123243618064505
6767,9967,1,12,100,-0.17767843820889395,0.2123243618064505
6767,9967,1,12,250,0.39041220809092836,0.2123243618064505
6767,9967,1,12,500,0.4206837861890664,0.2123243618064505
6767,9967,1,12,1000,-0.02555231817329595,0.2123243618064505
6767,9967,1,12,2000,0.6586512846904039,0.2123243618064505
6767,9967,1,12,5000,0.6567806799966195,0.2123243618064505
6767,9967,1,13,50,-0.005165887736320318,0.19872582427464308
6767,9967,1,13,100,0.30680240069875964,0.19872582427464308
6767,9967,1,13,250,-0.130888893326925,0.19872582427464308
6767,9967,1,13,500,-0.12091659877571881,0.19872582427464308
6767,9967,1,13,1000,-0.13345968532050267,0.19872582427464308
6767,9967,1,13,2000,-0.1344180122718669,0.19872582427464308
6767,9967,1,13,5000,0.3726407620335327,0.19872582427464308
6767,9967,1,14,50,0.4157751303242128,0.14957716628345422
6767,9967,1,14,100,0.7629661945990054,0.14957716628345422
6767,9967,1,14,250,0.7550580682175291,0.14957716628345422
6767,9967,1,14,500,0.6234469945546397,0.14957716628345422
6767,9967,1,14,1000,-0.04623563396721708,0.14957716628345422
6767,9967,1,14,2000,0.06713475384964773,0.14957716628345422
6767,9967,1,14,5000,-0.1505958090928543,0.14957716628345422
6767,9967,1,15,50,0.09662101963181802,0.13312749859566042
6767,9967,1,15,100,-0.09585456438438655,0.13312749859566042
6767,9967,1,15,250,0.22336271955074477,0.13312749859566042
6767,9967,1,15,500,0.22929382465253473,0.13312749859566042
6767,9967,1,15,1000,0.5815892539301926,0.13312749859566042
6767,9967,1,15,2000,0.5335676038698502,0.13312749859566042
6767,9967,1,15,5000,-0.19253648780867838,0.13312749859566042
6767,9967,1,16,50,-0.11099130247629196,0.1640451482757105
6767,9967,1,16,100,0.438115763750063,0.1640451482757105
6767,9967,1,16,250,-0.21534912562620334,0.1640451482757105
6767,9967,1,16,500,-0.11120203124876238,0.1640451482757105
6767,9967,1,16,1000,0.5977673395903039,0.1640451482757105
6767,9967,1,16,2000,-0.20556907414351822,0.1640451482757105
6767,9967,1,16,5000,-0.12997430487151174,0.1640451482757105
6767,9967,1,17,50,0.7803555064950843,0.13276971546303618
6767,9967,1,17,100,0.3113304903861137,0.13276971546303618
6767,9967,1,17,250,-0.08199461900964189,0.13276971546303618
6767,9967,1,17,500,0.05146626293008982,0.13276971546303618
6767,9967,1,17,1000,-0.06428576851673407,0.13276971546303618
6767,9967,1,17,2000,0.614560735110426,0.13276971546303618
6767,9967,1,17,5000,0.6207895508238024,0.13276971546303618
6767,9967,1,18,50,0.3794209716350076,0.12848080351918606
6767,9967,1,18,100,0.36288398273171135,0.12848080351918606
6767,9967,1,18,250,0.3693658215178874,0.12848080351918606
6767,9967,1,18,500,0.23209927780315842,0.12848080351918606
6767,9967,1,18,1000,0.00021283317180365025,0.12848080351918606
6767,9967,1,18,2000,0.6952605295890096,0.12848080351918606
6767,9967,1,18,5000,-0.07425612371953494,0.12848080351918606
6767,9967,1,19,50,0.5442167310145217,0.13876206517934436
6767,9967,1,19,100,-0.09617265878559478,0.13876206517934436
6767,9967,1,19,250,0.4991699176197807,0.13876206517934436
6767,9967,1,19,500,0.23507506351159746,0.13876206517934436
6767,9967,1,19,1000,0.3910279305782591,0.13876206517934436
6767,9967,1,19,2000,0.6476812572787459,0.13876206517934436
6767,9967,1,19,5000,0.6354787120613938,0.13876206517934436
6767,9967,1,20,50,-0.06007676353615654,0.10710847718270045
6767,9967,1,20,100,0.7878819113425636,0.10710847718270045
6767,9967,1,20,250,-0.037732581515352415,0.10710847718270045
6767,9967,1,20,500,0.2807828233479722,0.10710847718270045
6767,9967,1,20,1000,0.48220722111014563,0.10710847718270045
6767,9967,1,20,2000,-0.04521714595255555,0.10710847718270045
6767,9967,1,20,5000,0.7015096465665445,0.10710847718270045
6767,9967,1,21,50,0.4004459015873941,0.12240263283190121
6767,9967,1,21,100,0.771088763398834,0.12240263283190121
6767,9967,1,21,250,-0.05973618094599309,0.12240263283190121
6767,9967,1,21,500,0.8220644537078364,0.12240263283190121
6767,9967,1,21,1000,0.6486394604419141,0.12240263283190121
6767,9967,1,21,2000,0.4833765656731038,0.12240263283190121
6767,9967,1,21,5000,-0.04394179743101523,0.12240263283190121
6767,9967,1,22,50,-0.04919206745433391,0.09363747239137321
6767,9967,1,22,100,-0.04993657092832582,0.09363747239137321
6767,9967,1,22,250,0.17944275010497224,0.09363747239137321
6767,9967,1,22,500,0.3356724901035464,0.09363747239137321
6767,9967,1,22,1000,-0.2498710539624105,0.09363747239137321
6767,9967,1,22,2000,0.40352872282271424,0.09363747239137321
6767,9967,1,22,5000,0.7684313609307288,0.09363747239137321
6767,9967,1,23,50,0.042156152702477745,0.10177749368086256
6767,9967,1,23,100,0.5616716093917937,0.10177749368086256
6767,9967,1,23,250,0.31857952714889715,0.10177749368086256
6767,9967,1,23,500,0.24077229144824908,0.10177749368086256
6767,9967,1,23,1000,0.5244902154508793,0.10177749368086256
6767,9967,1,23,2000,0.5959598668765229,0.10177749368086256
6767,9967,1,23,5000,0.24077229144824908,0.10177749368086256
6767,9967,1,24,50,-0.10964993358350617,0.12658993845256294
6767,9967,1,24,100,-0.07993214261192438,0.12658993845256294
6767,9967,1,24,250,0.008524096445199025,0.12658993845256294
6767,9967,1,24,500,-0.1727874015306161,0.12658993845256294
6767,9967,1,24,1000,0.7488507091248079,0.12658993845256294
6767,9967,1,24,2000,0.5266579530780016,0.12658993845256294
6767,9967,1,24,5000,0.7554621954150175,0.12658993845256294
6767,9967,2,5,50,-0.22859305967449373,0.3761070468777691
6767,9967,2,5,100,0.5109690371060889,0.3761070468777691
6767,9967,2,5,250,0.5287636728188843,0.3761070468777691
6767,9967,2,5,500,-0.24270846262322765,0.3761070468777691
6767,9967,2,5,1000,0.5328437317618718,0.3761070468777691
6767,9967,2,5,2000,0.5287210896794308,0.3761070468777691
6767,9967,2,5,5000,-0.24270846262322765,0.3761070468777691
6767,9967,2,6,50,0.3561019163072955,0.37114235474528934
6767,9967,2,6,100,0.15374196862183764,0.37114235474528934
6767,9967,2,6,250,0.04028422760126815,0.37114235474528934
6767,9967,2,6,500,-0.057121155303681004,0.37114235474528934
6767,9967,2,6,1000,-0.28971092320246394,0.37114235474528934
6767,9967,2,6,2000,0.0470022955283077,0.37114235474528934
6767,9967,2,6,5000,0.012415295863691278,0.37114235474528934
6767,9967,2,7,50,0.5187724386736766,0.33881126429917857
6767,9967,2,7,100,-0.20954416069622495,0.33881126429917857
6767,9967,2,7,250,-0.20212512147748363,0.33881126429917857
6767,9967,2,7,500,0.23127072214402433,0.33881126429917857
6767,9967,2,7,1000,0.5213441384473589,0.33881126429917857
6767,9967,2,7,2000,0.09910833711850087,0.33881126429917857
6767,9967,2,7,5000,-0.20848098514277602,0.33881126429917857
6767,9967,2,8,50,-0.19527984054760006,0.350092713618333
6767,9967,2,8,100,0.49268589190880696,0.350092713618333
6767,9967,2,8,250,-0.19536500682650704,0.350092713618333
6767,9967,2,8,500,0.49058219404179315,0.350092713618333
6767,9967,2,8,1000,0.41167196425128877,0.350092713618333
6767,9967,2,8,2000,0.05520953545425944,0.350092713618333
6767,9967,2,8,5000,0.49130449816595356,0.350092713618333
6767,9967,2,9,50,-0.25150967957673087,0.3202571272490548
6767,9967,2,9,100,-0.19068923782122305,0.3202571272490548
6767,9967,2,9,250,0.5335041005252578,0.3202571272490548
6767,9967,2,9,500,-0.21396694789144177,0.3202571272490548
6767,9967,2,9,1000,0.5443868985214075,0.3202571272490548
6767,9967,2,9,2000,0.2995948742443963,0.3202571272490548
6767,9967,2,9,5000,-0.20108517684216698,0.3202571272490548
6767,9967,2,10,50,-0.2221716295280074,0.32045484147640707
6767,9967,2,10,100,0.6430044567051607,0.32045484147640707
6767,9967,2,10,250,-0.22489430963818213,0.32045484147640707
6767,9967,2,10,500,0.6213633916381236,0.32045484147640707
6767,9967,2,10,1000,0.535288383583638,0.32045484147640707
6767,9967,2,10,2000,0.6238931272133327,0.32045484147640707
6767,9967,2,10,5000,0.6462570740827787,0.32045484147640707
6767,9967,2,11,50,-0.24523766178292006,0.3485490165206672
6767,9967,2,11,100,-0.22104639482558774,0.3485490165206672
6767,9967,2,11,250,-0.218323714715413,0.3485490165206672
6767,9967,2,11,500,-0.11216039946285872,0.3485490165206672
6767,9967,2,11,1000,-0.21560367542008807,0.3485490165206672
6767,9967,2,11,2000,-0.218323714715413,0.3485490165206672
6767,9967,2,11,5000,-0.218323714715413,0.3485490165206672
6767,9967,2,12,50,-0.1821429832889242,0.3294335394189869
6767,9967,2,12,100,-0.17357580855148702,0.3294335394189869
6767,9967,2,12,250,-0.18137623920236867,0.3294335394189869
6767,9967,2,12,500,-0.19406927451534484,0.3294335394189869
6767,9967,2,12,1000,-0.049128935474330615,0.3294335394189869
6767,9967,2,12,2000,-0.2031237621180395,0.3294335394189869
6767,9967,2,12,5000,-0.20446463585804064,0.3294335394189869
6767,9967,2,13,50,-0.16806834791943426,0.32077057236560286
6767,9967,2,13,100,0.2868194372555594,0.32077057236560286
6767,9967,2,13,250,-0.07682687445038094,0.32077057236560286
6767,9967,2,13,500,0.6901780750968511,0.32077057236560286
6767,9967,2,13,1000,-0.11252177846996525,0.32077057236560286
6767,9967,2,13,2000,0.06394642380852955,0.32077057236560286
6767,9967,2,13,5000,0.16979292380456856,0.32077057236560286
6767,9967,2,14,50,-0.17423543458569624,0.32008117324726554
6767,9967,2,14,100,-0.1945149532839856,0.32008117324726554
6767,9967,2,14,250,-0.30660949742652643,0.32008117324726554
6767,9967,2,14,500,0.19923462583614754,0.32008117324726554
6767,9967,2,14,1000,-0.2795052466389034,0.32008117324726554
6767,9967,2,14,2000,-0.2764881569357045,0.32008117324726554
6767,9967,2,14,5000,-0.14315485936340555,0.32008117324726554
6767,9967,2,15,50,-0.33775336967974845,0.32208879250152156
6767,9967,2,15,100,-0.3250003383544029,0.32208879250152156
6767,9967,2,15,250,-0.28930753873415194,0.32208879250152156
6767,9967,2,15,500,-0.2736187052877038,0.32208879250152156
6767,9967,2,15,1000,-0.21558337415592976,0.32208879250152156
6767,9967,2,15,2000,-0.2259131690174322,0.32208879250152156
6767,9967,2,15,5000,-0.21281976141558268,0.32208879250152156
6767,9967,2,16,50,-0.27789129613833685,0.3221911043428016
6767,9967,2,16,100,-0.25939676196487216,0.3221911043428016
6767,9967,2,16,250,-0.2422188803077081,0.3221911043428016
6767,9967,2,16,500,-0.24691783896839248,0.3221911043428016
6767,9967,2,16,1000,-0.16677306949832504,0.3221911043428016
6767,9967,2,16,2000,-0.24083761035305107,0.3221911043428016
6767,9967,2,16,5000,-0.26101195034739966,0.3221911043428016
6767,9967,2,17,50,-0.18101465388160176,0.3101679650768853
6767,9967,2,17,100,-0.20537910052525832,0.3101679650768853
6767,9967,2,17,250,-0.25442179688964806,0.3101679650768853
6767,9967,2,17,500,-0.17897549092748077,0.3101679650768853
6767,9967,2,17,1000,-0.27782787531920883,0.3101679650768853
6767,9967,2,17,2000,-0.17897549092748077,0.3101679650768853
6767,9967,2,17,5000,-0.1911995340282202,0.3101679650768853
6767,9967,2,18,50,-0.3245734753915669,0.30136475028825677
6767,9967,2,18,100,-0.24661831279659685,0.30136475028825677
6767,9967,2,18,250,-0.2627986679069696,0.30136475028825677
6767,9967,2,18,500,-0.26626362330360676,0.30136475028825677
6767,9967,2,18,1000,-0.2508488156605606,0.30136475028825677
6767,9967,2,18,2000,-0.258502062146296,0.30136475028825677
6767,9967,2,18,5000,-0.20971465830496672,0.30136475028825677
6767,9967,2,19,50,-0.21439244918412015,0.27166987269782084
6767,9967,2,19,100,-0.17351065469761395,0.27166987269782084
6767,9967,2,19,250,-0.19470760897982708,0.27166987269782084
6767,9967,2,19,500,-0.19107161955893137,0.27166987269782084
6767,9967,2,19,1000,-0.19088040805871087,0.27166987269782084
6767,9967,2,19,2000,-0.19088040805871087,0.27166987269782084
6767,9967,2,19,5000,-0.19055979663084888,0.27166987269782084
6767,9967,2,20,50,-0.10450723550258723,0.2684043251784108
6767,9967,2,20,100,0.007377363859392028,0.2684043251784108
6767,9967,2,20,250,0.017261645003182058,0.2684043251784108
6767,9967,2,20,500,0.22912386345930874,0.2684043251784108
6767,9967,2,20,1000,-0.2978524315962938,0.2684043251784108
6767,9967,2,20,2000,0.5884149350623625,0.2684043251784108
6767,9967,2,20,5000,-0.11532607626409241,0.2684043251784108
6767,9967,2,21,50,-0.1336100879787473,0.26488765304897427
6767,9967,2,21,100,0.46407390089285944,0.26488765304897427
6767,9967,2,21,250,0.0890302036596412,0.26488765304897427
6767,9967,2,21,500,0.4990016481985679,0.26488765304897427
6767,9967,2,21,1000,0.23879634299959585,0.26488765304897427
6767,9967,2,21,2000,0.4564213146108363,0.26488765304897427
6767,9967,2,21,5000,0.4410289126312812,0.26488765304897427
6767,9967,2,22,50,0.13433362998486764,0.25961264532419115
6767,9967,2,22,100,-0.19649255224191953,0.25961264532419115
6767,9967,2,22,250,-0.12149275030303386,0.25961264532419115
6767,9967,2,22,500,-0.14413179580691404,0.25961264532419115
6767,9967,2,22,1000,-0.22272467392538697,0.25961264532419115
6767,9967,2,22,2000,0.3521051668202742,0.25961264532419115
6767,9967,2,22,5000,-0.09026222631255099,0.25961264532419115
6767,9967,2,23,50,-0.2833758146913815,0.26846364827523406
6767,9967,2,23,100,-0.3194938267651871,0.26846364827523406
6767,9967,2,23,250,-0.26432815359507333,0.26846364827523406
6767,9967,2,23,500,-0.34009379184041055,0.26846364827523406
6767,9967,2,23,1000,-0.3144964147637398,0.26846364827523406
6767,9967,2,23,2000,-0.14104872699520232,0.26846364827523406
6767,9967,2,23,5000,-0.28745546100704866,0.26846364827523406
6767,9967,2,24,50,-0.07183156684826697,0.2894990883909489
6767,9967,2,24,100,-0.06889753902464135,0.2894990883909489
6767,9967,2,24,250,-0.29470478660895627,0.2894990883909489
6767,9967,2,24,500,-0.2579511221482498,0.2894990883909489
6767,9967,2,24,1000,-0.3072686695706828,0.2894990883909489
6767,9967,2,24,2000,-0.28014436509529395,0.2894990883909489
6767,9967,2,24,5000,-0.31628317358604163,0.2894990883909489
6767,31,0,5,50,0.14401041666666692,0.1497968184467542
6767,31,0,5,100,0.16992187500000022,0.1497968184467542
6767,31,0,5,250,0.3902343750000003,0.1497968184467542
6767,31,0,5,500,0.3960937500000006,0.1497968184467542
6767,31,0,5,1000,0.3550781250000005,0.1497968184467542
6767,31,0,5,2000,0.17005208333333366,0.1497968184467542
6767,31,0,5,5000,0.36367187500000053,0.1497968184467542
6767,31,0,6,50,-0.08372395833333324,0.1977991060143691
6767,31,0,6,100,0.32096354166666696,0.1977991060143691
6767,31,0,6,250,0.3152343750000004,0.1977991060143691
6767,31,0,6,500,0.1902343750000003,0.1977991060143691
6767,31,0,6,1000,0.30859375000000044,0.1977991060143691
6767,31,0,6,2000,0.05533854166666674,0.1977991060143691
6767,31,0,6,5000,-0.07708333333333328,0.1977991060143691
6767,31,0,7,50,-0.10026041666666696,0.176100084194472
6767,31,0,7,100,0.017187499999999578,0.176100084194472
6767,31,0,7,250,-0.12317708333333399,0.176100084194472
6767,31,0,7,500,0.04231770833333315,0.176100084194472
6767,31,0,7,1000,-0.09348958333333368,0.176100084194472
6767,31,0,7,2000,-0.007812500000000444,0.176100084194472
6767,31,0,7,5000,-0.11588541666666696,0.176100084194472
6767,31,0,8,50,0.014453124999999956,0.16767147298698115
6767,31,0,8,100,0.35611979166666685,0.16767147298698115
6767,31,0,8,250,0.3378906250000001,0.16767147298698115
6767,31,0,8,500,0.1694010416666668,0.16767147298698115
6767,31,0,8,1000,-0.15742187500000027,0.16767147298698115
6767,31,0,8,2000,-0.18802083333333353,0.16767147298698115
6767,31,0,8,5000,-0.12968750000000018,0.16767147298698115
6767,31,0,9,50,0.2585937500000001,0.18116704052973875
6767,31,0,9,100,-0.06796875000000036,0.18116704052973875
6767,31,0,9,250,-0.14856770833333344,0.18116704052973875
6767,31,0,9,500,-0.14856770833333355,0.18116704052973875
6767,31,0,9,1000,-0.13385416666666705,0.18116704052973875
6767,31,0,9,2000,-0.146484375,0.18116704052973875
6767,31,0,9,5000,-0.15026041666666679,0.18116704052973875
6767,31,0,10,50,-0.11497395833333357,0.1578757952005425
6767,31,0,10,100,-0.09804687499999987,0.1578757952005425
6767,31,0,10,250,-0.23867187499999998,0.1578757952005425
6767,31,0,10,500,0.01953125,0.1578757952005425
6767,31,0,10,1000,-0.10742187500000011,0.1578757952005425
6767,31,0,10,2000,-0.12265625000000013,0.1578757952005425
6767,31,0,10,5000,-0.12265625000000013,0.1578757952005425
6767,31,0,11,50,0.36367187500000003,0.16143926512857432
6767,31,0,11,100,0.269140625,0.16143926512857432
6767,31,0,11,250,-0.12851562500000036,0.16143926512857432
6767,31,0,11,500,-0.11770833333333353,0.16143926512857432
6767,31,0,11,1000,-0.1097656250000002,0.16143926512857432
6767,31,0,11,2000,-0.1317708333333335,0.16143926512857432
6767,31,0,11,5000,-0.1317708333333335,0.16143926512857432
6767,31,0,12,50,-0.17447916666666674,0.1592471557263819
6767,31,0,12,100,-0.24726562500000016,0.1592471557263819
6767,31,0,12,250,0.28333333333333344,0.1592471557263819
6767,31,0,12,500,-0.17695312500000027,0.1592471557263819
6767,31,0,12,1000,-0.23789062500000024,0.1592471557263819
6767,31,0,12,2000,0.017838541666666652,0.1592471557263819
6767,31,0,12,5000,-0.1223958333333337,0.1592471557263819
6767,31,0,13,50,-0.259765625,0.1463062549828145
6767,31,0,13,100,-0.14973958333333348,0.1463062549828145
6767,31,0,13,250,0.21028645833333337,0.1463062549828145
6767,31,0,13,500,-0.11328125000000011,0.1463062549828145
6767,31,0,13,1000,0.2938802083333337,0.1463062549828145
6767,31,0,13,2000,0.3260416666666671,0.1463062549828145
6767,31,0,13,5000,-0.12578125000000018,0.1463062549828145
6767,31,0,14,50,-0.010807291666666385,0.1601014227935841
6767,31,0,14,100,0.4174479166666675,0.1601014227935841
6767,31,0,14,250,-0.23476562499999987,0.1601014227935841
6767,31,0,14,500,-0.0861979166666661,0.1601014227935841
6767,31,0,14,1000,-0.16679687499999973,0.1601014227935841
6767,31,0,14,2000,-0.16783854166666623,0.1601014227935841
6767,31,0,14,5000,-0.07486979166666607,0.1601014227935841
6767,31,0,15,50,-0.04596354166666683,0.15039104625109945
6767,31,0,15,100,0.4292968750000006,0.15039104625109945
6767,31,0,15,250,0.08984374999999989,0.15039104625109945
6767,31,0,15,500,0.4217447916666668,0.15039104625109945
6767,31,0,15,1000,0.44401041666666685,0.15039104625109945
6767,31,0,15,2000,0.32122395833333334,0.15039104625109945
6767,31,0,15,5000,0.19700520833333324,0.15039104625109945
6767,31,0,16,50,-0.15768229166666659,0.18394474656420565
6767,31,0,16,100,0.30338541666666696,0.18394474656420565
6767,31,0,16,250,-0.08398437499999967,0.18394474656420565
6767,31,0,16,500,-0.166015625,0.18394474656420565
6767,31,0,16,1000,0.006119791666666874,0.18394474656420565
6767,31,0,16,2000,-0.010937499999999933,0.18394474656420565
6767,31,0,16,5000,-0.12773437500000018,0.18394474656420565
6767,31,0,17,50,-0.15807291666666645,0.17875641873567655
6767,31,0,17,100,-0.08294270833333339,0.17875641873567655
6767,31,0,17,250,-0.09791666666666643,0.17875641873567655
6767,31,0,17,500,-0.11562499999999998,0.17875641873567655
6767,31,0,17,1000,0.07799479166666701,0.17875641873567655
6767,31,0,17,2000,-0.0285156249999996,0.17875641873567655
6767,31,0,17,5000,-0.08489583333333306,0.17875641873567655
6767,31,0,18,50,-0.15078124999999998,0.1605067482652767
6767,31,0,18,100,-0.05156250000000029,0.1605067482652767
6767,31,0,18,250,0.21692708333333371,0.1605067482652767
6767,31,0,18,500,0.04401041666666705,0.1605067482652767
6767,31,0,18,1000,-0.001953124999999778,0.1605067482652767
6767,31,0,18,2000,-0.055338541666667185,0.1605067482652767
6767,31,0,18,5000,-0.12630208333333304,0.1605067482652767
6767,31,0,19,50,-0.21106770833333333,0.16016986312291065
6767,31,0,19,100,0.25846354166666696,0.16016986312291065
6767,31,0,19,250,-0.12565104166666652,0.16016986312291065
6767,31,0,19,500,0.31744791666666716,0.16016986312291065
6767,31,0,19,1000,-0.10677083333333326,0.16016986312291065
6767,31,0,19,2000,-0.16002604166666656,0.16016986312291065
6767,31,0,19,5000,-0.05651041666666634,0.16016986312291065
6767,31,0,20,50,-0.10273437499999993,0.16389123581043824
6767,31,0,20,100,-0.1437499999999996,0.16389123581043824
6767,31,0,20,250,-0.15651041666666676,0.16389123581043824
6767,31,0,20,500,-0.1631510416666666,0.16389123581043824
6767,31,0,20,1000,-0.15195312500000013,0.16389123581043824
6767,31,0,20,2000,-0.19374999999999987,0.16389123581043824
6767,31,0,20,5000,-0.14583333333333315,0.16389123581043824
6767,31,0,21,50,-0.13320312500000042,0.15617072062154524
6767,31,0,21,100,-0.12291666666666712,0.15617072062154524
6767,31,0,21,250,-0.10455729166666705,0.15617072062154524
6767,31,0,21,500,0.28919270833333344,0.15617072062154524
6767,31,0,21,1000,-0.09075520833333317,0.15617072062154524
6767,31,0,21,2000,-0.1015625,0.15617072062154524
6767,31,0,21,5000,-0.11835937500000004,0.15617072062154524
6767,31,0,22,50,0.30273437500000033,0.16767925963728908
6767,31,0,22,100,-0.15013020833333313,0.16767925963728908
6767,31,0,22,250,0.30338541666666696,0.16767925963728908
6767,31,0,22,500,0.275651041666667,0.16767925963728908
6767,31,0,22,1000,0.04270833333333335,0.16767925963728908
6767,31,0,22,2000,-0.11158854166666665,0.16767925963728908
6767,31,0,22,5000,-0.19479166666666692,0.16767925963728908
6767,31,0,23,50,-0.2402343750000001,0.16085452529005503
6767,31,0,23,100,0.3652343750000008,0.16085452529005503
6767,31,0,23,250,-0.16393229166666679,0.16085452529005503
6767,31,0,23,500,-0.15690104166666674,0.16085452529005503
6767,31,0,23,1000,-0.09427083333333308,0.16085452529005503
6767,31,0,23,2000,-0.13502604166666687,0.16085452529005503
6767,31,0,23,5000,-0.12656250000000024,0.16085452529005503
6767,31,0,24,50,0.11028645833333373,0.16530792370473624
6767,31,0,24,100,0.3537760416666672,0.16530792370473624
6767,31,0,24,250,0.3640625000000004,0.16530792370473624
6767,31,0,24,500,0.2203125000000004,0.16530792370473624
6767,31,0,24,1000,0.36132812500000056,0.16530792370473624
6767,31,0,24,2000,-0.11106770833333324,0.16530792370473624
6767,31,0,24,5000,0.3394531250000006,0.16530792370473624
6767,31,1,5,50,-0.1416666666666665,0.180930985396994
6767,31,1,5,100,-0.08736979166666636,0.180930985396994
6767,31,1,5,250,-0.06562499999999971,0.180930985396994
6767,31,1,5,500,-0.11145833333333299,0.180930985396994
6767,31,1,5,1000,-0.08593749999999967,0.180930985396994
6767,31,1,5,2000,-0.10208333333333297,0.180930985396994
6767,31,1,5,5000,-0.09374999999999967,0.180930985396994
6767,31,1,6,50,-0.15611979166666656,0.18041656241733167
6767,31,1,6,100,0.010677083333333282,0.18041656241733167
6767,31,1,6,250,-0.12643229166666647,0.18041656241733167
6767,31,1,6,500,-0.06184895833333326,0.18041656241733167
6767,31,1,6,1000,-0.13424479166666659,0.18041656241733167
6767,31,1,6,2000,-0.06914062499999984,0.18041656241733167
6767,31,1,6,5000,-0.06914062499999984,0.18041656241733167
6767,31,1,7,50,0.3027343749999997,0.13917916995794202
6767,31,1,7,100,0.27526041666666673,0.13917916995794202
6767,31,1,7,250,0.26653645833333345,0.13917916995794202
6767,31,1,7,500,0.31263020833333344,0.13917916995794202
6767,31,1,7,1000,0.36093750000000013,0.13917916995794202
6767,31,1,7,2000,0.36093750000000013,0.13917916995794202
6767,31,1,7,5000,0.30260416666666673,0.13917916995794202
6767,31,1,8,50,0.22708333333333441,0.12597723185459234
6767,31,1,8,100,0.12057291666666736,0.12597723185459234
6767,31,1,8,250,0.2638020833333341,0.12597723185459234
6767,31,1,8,500,0.24557291666666742,0.12597723185459234
6767,31,1,8,1000,0.3794270833333343,0.12597723185459234
6767,31,1,8,2000,0.388281250000001,0.12597723185459234
6767,31,1,8,5000,0.4204427083333345,0.12597723185459234
6767,31,1,9,50,0.304036458333334,0.133733008373901
6767,31,1,9,100,0.2641927083333343,0.133733008373901
6767,31,1,9,250,0.0886718750000004,0.133733008373901
6767,31,1,9,500,0.2641927083333343,0.133733008373901
6767,31,1,9,1000,0.07526041666666738,0.133733008373901
6767,31,1,9,2000,0.17552083333333424,0.133733008373901
6767,31,1,9,5000,0.23281250000000064,0.133733008373901
6767,31,1,10,50,-0.04244791666666603,0.13011876868094435
6767,31,1,10,100,-0.08190104166666634,0.13011876868094435
6767,31,1,10,250,-0.14492187499999964,0.13011876868094435
6767,31,1,10,500,-0.06757812499999938,0.13011876868094435
6767,31,1,10,1000,0.2552083333333344,0.13011876868094435
6767,31,1,10,2000,-0.10299479166666625,0.13011876868094435
6767,31,1,10,5000,-0.10299479166666625,0.13011876868094435
6767,31,1,11,50,0.4072916666666676,0.11671798407858733
6767,31,1,11,100,0.08216145833333344,0.11671798407858733
6767,31,1,11,250,0.04049479166666736,0.11671798407858733
6767,31,1,11,500,0.12291666666666723,0.11671798407858733
6767,31,1,11,1000,0.21302083333333421,0.11671798407858733
6767,31,1,11,2000,0.1173177083333341,0.11671798407858733
6767,31,1,11,5000,0.18203125000000075,0.11671798407858733
6767,31,1,12,50,0.4490885416666679,0.09016240704321307
6767,31,1,12,100,0.09765625000000078,0.09016240704321307
6767,31,1,12,250,0.0578125000000006,0.09016240704321307
6767,31,1,12,500,0.004166666666666985,0.09016240704321307
6767,31,1,12,1000,0.06171875000000071,0.09016240704321307
6767,31,1,12,2000,0.006640625000000511,0.09016240704321307
6767,31,1,12,5000,0.12669270833333413,0.09016240704321307
6767,31,1,13,50,0.09179687500000011,0.0913752046114292
6767,31,1,13,100,0.07213541666666745,0.0913752046114292
6767,31,1,13,250,0.2326822916666672,0.0913752046114292
6767,31,1,13,500,0.0785156250000002,0.0913752046114292
6767,31,1,13,1000,0.09283854166666705,0.0913752046114292
6767,31,1,13,2000,0.004557291666666963,0.0913752046114292
6767,31,1,13,5000,0.33164062500000047,0.0913752046114292
6767,31,1,14,50,0.18841145833333395,0.07937831223645413
6767,31,1,14,100,0.3621093750000008,0.07937831223645413
6767,31,1,14,250,0.020052083333333526,0.07937831223645413
6767,31,1,14,500,0.3394531250000011,0.07937831223645413
6767,31,1,14,1000,-0.07981770833333313,0.07937831223645413
6767,31,1,14,2000,0.222786458333334,0.07937831223645413
6767,31,1,14,5000,0.027343750000000888,0.07937831223645413
6767,31,1,15,50,0.16835937500000075,0.16847321127439968
6767,31,1,15,100,-0.132942708333333,0.16847321127439968
6767,31,1,15,250,-0.07955729166666614,0.16847321127439968
6767,31,1,15,500,-0.030859374999999467,0.16847321127439968
6767,31,1,15,1000,-0.14687499999999953,0.16847321127439968
6767,31,1,15,2000,-0.08190104166666623,0.16847321127439968
6767,31,1,15,5000,-0.12148437499999942,0.16847321127439968
6767,31,1,16,50,-0.08593749999999978,0.1671193409977275
6767,31,1,16,100,0.30950520833333395,0.1671193409977275
6767,31,1,16,250,0.3765625000000007,0.1671193409977275
6767,31,1,16,500,-0.09869791666666639,0.1671193409977275
6767,31,1,16,1000,0.02486979166666703,0.1671193409977275
6767,31,1,16,2000,-0.158333333333333,0.1671193409977275
6767,31,1,16,5000,-0.13463541666666634,0.1671193409977275
6767,31,1,17,50,0.308854166666667,0.14707915387981085
6767,31,1,17,100,-0.2300781249999999,0.14707915387981085
6767,31,1,17,250,-0.06861979166666654,0.14707915387981085
6767,31,1,17,500,-0.08736979166666614,0.14707915387981085
6767,31,1,17,1000,-0.06562499999999982,0.14707915387981085
6767,31,1,17,2000,-0.06536458333333328,0.14707915387981085
6767,31,1,17,5000,-0.06184895833333326,0.14707915387981085
6767,31,1,18,50,-0.13177083333333328,0.1504019480724117
6767,31,1,18,100,0.004296875000000089,0.1504019480724117
6767,31,1,18,250,0.08502604166666683,0.1504019480724117
6767,31,1,18,500,0.34830729166666696,0.1504019480724117
6767,31,1,18,1000,0.354557291666667,0.1504019480724117
6767,31,1,18,2000,0.3427083333333337,0.1504019480724117
6767,31,1,18,5000,0.10677083333333359,0.1504019480724117
6767,31,1,19,50,0.35208333333333375,0.1674302886615264
6767,31,1,19,100,-0.05130208333333319,0.1674302886615264
6767,31,1,19,250,-0.08307291666666661,0.1674302886615264
6767,31,1,19,500,-0.04973958333333317,0.1674302886615264
6767,31,1,19,1000,0.35742187500000056,0.1674302886615264
6767,31,1,19,2000,-0.04283854166666656,0.1674302886615264
6767,31,1,19,5000,-0.04869791666666656,0.1674302886615264
6767,31,1,20,50,0.29440104166666703,0.17167014215874296
6767,31,1,20,100,0.13124999999999998,0.17167014215874296
6767,31,1,20,250,-0.10950520833333333,0.17167014215874296
6767,31,1,20,500,-0.11002604166666652,0.17167014215874296
6767,31,1,20,1000,-0.0601562499999998,0.17167014215874296
6767,31,1,20,2000,0.0005208333333335258,0.17167014215874296
6767,31,1,20,5000,0.36627604166666694,0.17167014215874296
6767,31,1,21,50,0.11914062500000011,0.17314495125184734
6767,31,1,21,100,-0.16106770833333328,0.17314495125184734
6767,31,1,21,250,-0.1342447916666668,0.17314495125184734
6767,31,1,21,500,0.23346354166666694,0.17314495125184734
6767,31,1,21,1000,0.3582031250000005,0.17314495125184734
6767,31,1,21,2000,-0.1059895833333333,0.17314495125184734
6767,31,1,21,5000,0.3417968750000004,0.17314495125184734
6767,31,1,22,50,0.18281250000000038,0.15417688805106852
6767,31,1,22,100,0.11119791666666679,0.15417688805106852
6767,31,1,22,250,-0.18098958333333326,0.15417688805106852
6767,31,1,22,500,-0.037890624999999956,0.15417688805106852
6767,31,1,22,1000,-0.11028645833333317,0.15417688805106852
6767,31,1,22,2000,0.19414062500000018,0.15417688805106852
6767,31,1,22,5000,0.249869791666667,0.15417688805106852
6767,31,1,23,50,0.27916666666666734,0.1589973112864757
6767,31,1,23,100,0.32031250000000067,0.1589973112864757
6767,31,1,23,250,0.30468750000000067,0.1589973112864757
6767,31,1,23,500,-0.18671874999999982,0.1589973112864757
6767,31,1,23,1000,-0.1566406250000001,0.1589973112864757
6767,31,1,23,2000,-0.018619791666666163,0.1589973112864757
6767,31,1,23,5000,0.39179687500000027,0.1589973112864757
6767,31,1,24,50,-0.11419270833333317,0.16328881502282325
6767,31,1,24,100,0.12994791666666705,0.16328881502282325
6767,31,1,24,250,-0.11627604166666672,0.16328881502282325
6767,31,1,24,500,-0.00833333333333297,0.16328881502282325
6767,31,1,24,1000,-0.20611979166666683,0.16328881502282325
6767,31,1,24,2000,0.06354166666666694,0.16328881502282325
6767,31,1,24,5000,-0.04283854166666645,0.16328881502282325
6767,31,2,5,50,0.30403645833333315,0.2002991940284945
6767,31,2,5,100,0.30507812499999976,0.2002991940284945
6767,31,2,5,250,0.30416666666666636,0.2002991940284945
6767,31,2,5,500,0.3179687499999996,0.2002991940284945
6767,31,2,5,1000,0.10338541666666612,0.2002991940284945
6767,31,2,5,2000,0.2265624999999995,0.2002991940284945
6767,31,2,5,5000,0.31927083333333306,0.2002991940284945
6767,31,2,6,50,-0.09570312500000056,0.20490742393940273
6767,31,2,6,100,0.3041666666666667,0.20490742393940273
6767,31,2,6,250,0.25312499999999993,0.20490742393940273
6767,31,2,6,500,0.3140624999999998,0.20490742393940273
6767,31,2,6,1000,-0.2891927083333341,0.20490742393940273
6767,31,2,6,2000,0.007161458333332815,0.20490742393940273
6767,31,2,6,5000,0.3140624999999998,0.20490742393940273
6767,31,2,7,50,0.22630208333333346,0.1715819477742657
6767,31,2,7,100,0.228515625,0.1715819477742657
6767,31,2,7,250,-0.18320312500000013,0.1715819477742657
6767,31,2,7,500,-0.19010416666666696,0.1715819477742657
6767,31,2,7,1000,-0.09036458333333353,0.1715819477742657
6767,31,2,7,2000,0.2553385416666667,0.1715819477742657
6767,31,2,7,5000,0.2593749999999999,0.1715819477742657
6767,31,2,8,50,0.23489583333333308,0.17919538916849603
6767,31,2,8,100,0.2889322916666667,0.17919538916849603
6767,31,2,8,250,0.14192708333333326,0.17919538916849603
6767,31,2,8,500,0.24843749999999976,0.17919538916849603
6767,31,2,8,1000,-0.11627604166666738,0.17919538916849603
6767,31,2,8,2000,0.2764322916666666,0.17919538916849603
6767,31,2,8,5000,-0.06953125000000071,0.17919538916849603
6767,31,2,9,50,-0.17083333333333361,0.17232939524419275
6767,31,2,9,100,0.012239583333333193,0.17232939524419275
6767,31,2,9,250,0.2740885416666665,0.17232939524419275
6767,31,2,9,500,0.28580729166666685,0.17232939524419275
6767,31,2,9,1000,0.2899739583333334,0.17232939524419275
6767,31,2,9,2000,0.26432291666666663,0.17232939524419275
6767,31,2,9,5000,0.492447916666666,0.17232939524419275
6767,31,2,10,50,-0.0661458333333329,0.16911375856249417
6767,31,2,10,100,0.22656250000000067,0.16911375856249417
6767,31,2,10,250,-0.18229166666666607,0.16911375856249417
6767,31,2,10,500,-0.23281249999999953,0.16911375856249417
6767,31,2,10,1000,0.2768229166666668,0.16911375856249417
6767,31,2,10,2000,-0.2468749999999994,0.16911375856249417
6767,31,2,10,5000,-0.1472656249999994,0.16911375856249417
6767,31,2,11,50,-0.011458333333332682,0.14968810619086856
6767,31,2,11,100,0.4291666666666663,0.14968810619086856
6767,31,2,11,250,0.3619791666666665,0.14968810619086856
6767,31,2,11,500,0.21041666666666697,0.14968810619086856
6767,31,2,11,1000,0.2532552083333337,0.14968810619086856
6767,31,2,11,2000,0.247916666666667,0.14968810619086856
6767,31,2,11,5000,-0.05052083333333324,0.14968810619086856
6767,31,2,12,50,-0.21289062499999978,0.15450246305899545
6767,31,2,12,100,-0.2901041666666666,0.15450246305899545
6767,31,2,12,250,-0.22682291666666643,0.15450246305899545
6767,31,2,12,500,-0.199348958333333,0.15450246305899545
6767,31,2,12,1000,0.2644531250000003,0.15450246305899545
6767,31,2,12,2000,0.32539062500000016,0.15450246305899545
6767,31,2,12,5000,0.2759114583333333,0.15450246305899545
6767,31,2,13,50,-0.3055989583333335,0.16316258053148508
6767,31,2,13,100,-0.18789062499999987,0.16316258053148508
6767,31,2,13,250,0.13802083333333387,0.16316258053148508
6767,31,2,13,500,-0.26393229166666676,0.16316258053148508
6767,31,2,13,1000,0.12565104166666724,0.16316258053148508
6767,31,2,13,2000,-0.22773437499999982,0.16316258053148508
6767,31,2,13,5000,-0.20208333333333317,0.16316258053148508
6767,31,2,14,50,-0.040104166666666496,0.16514167066256366
6767,31,2,14,100,0.17513020833333348,0.16514167066256366
6767,31,2,14,250,0.26770833333333355,0.16514167066256366
6767,31,2,14,500,0.25364583333333346,0.16514167066256366
6767,31,2,14,1000,0.1460937499999999,0.16514167066256366
6767,31,2,14,2000,-0.05234375000000013,0.16514167066256366
6767,31,2,14,5000,0.2651041666666668,0.16514167066256366
6767,31,2,15,50,-0.24882812499999973,0.16283254832984975
6767,31,2,15,100,-0.22747395833333306,0.16283254832984975
6767,31,2,15,250,-0.21067708333333313,0.16283254832984975
6767,31,2,15,500,-0.18359374999999956,0.16283254832984975
6767,31,2,15,1000,-0.18984374999999964,0.16283254832984975
6767,31,2,15,2000,-0.2014322916666662,0.16283254832984975
6767,31,2,15,5000,-0.2072916666666662,0.16283254832984975
6767,31,2,16,50,0.2746093750000005,0.17718115015827557
6767,31,2,16,100,-0.2109375,0.17718115015827557
6767,31,2,16,250,-0.1304687499999999,0.17718115015827557
6767,31,2,16,500,0.26145833333333385,0.17718115015827557
6767,31,2,16,1000,-0.14114583333333341,0.17718115015827557
6767,31,2,16,2000,-0.1299479166666665,0.17718115015827557
6767,31,2,16,5000,-0.12447916666666647,0.17718115015827557
6767,31,2,17,50,-0.11315104166666701,0.17280418524779145
6767,31,2,17,100,-0.19244791666666683,0.17280418524779145
6767,31,2,17,250,-0.15195312500000002,0.17280418524779145
6767,31,2,17,500,-0.14375000000000016,0.17280418524779145
6767,31,2,17,1000,-0.13776041666666705,0.17280418524779145
6767,31,2,17,2000,-0.13776041666666705,0.17280418524779145
6767,31,2,17,5000,-0.10117187500000013,0.17280418524779145
6767,31,2,18,50,-0.11575520833333364,0.1726732323094654
6767,31,2,18,100,-0.27148437500000033,0.1726732323094654
6767,31,2,18,250,-0.12500000000000022,0.1726732323094654
6767,31,2,18,500,-0.17786458333333321,0.1726732323094654
6767,31,2,18,1000,-0.16145833333333326,0.1726732323094654
6767,31,2,18,2000,-0.17395833333333321,0.1726732323094654
6767,31,2,18,5000,-0.15846354166666698,0.1726732323094654
6767,31,2,19,50,-0.11445312500000016,0.1760427388051166
6767,31,2,19,100,-0.2171875000000003,0.1760427388051166
6767,31,2,19,250,-0.18203124999999998,0.1760427388051166
6767,31,2,19,500,-0.14856770833333321,0.1760427388051166
6767,31,2,19,1000,-0.14856770833333321,0.1760427388051166
6767,31,2,19,2000,-0.14492187499999998,0.1760427388051166
6767,31,2,19,5000,-0.1406250000000001,0.1760427388051166
6767,31,2,20,50,-0.15286458333333386,0.17335460289096594
6767,31,2,20,100,-0.14856770833333377,0.17335460289096594
6767,31,2,20,250,-0.18085937500000016,0.17335460289096594
6767,31,2,20,500,-0.17135416666666692,0.17335460289096594
6767,31,2,20,1000,-0.1259114583333335,0.17335460289096594
6767,31,2,20,2000,-0.14075520833333355,0.17335460289096594
6767,31,2,20,5000,-0.12395833333333384,0.17335460289096594
6767,31,2,21,50,-0.17096354166666694,0.17889637839236827
6767,31,2,21,100,-0.1351562500000002,0.17889637839236827
6767,31,2,21,250,-0.09440104166666685,0.17889637839236827
6767,31,2,21,500,-0.18268229166666694,0.17889637839236827
6767,31,2,21,1000,-0.13125000000000042,0.17889637839236827
6767,31,2,21,2000,-0.10664062500000027,0.17889637839236827
6767,31,2,21,5000,-0.10911458333333368,0.17889637839236827
6767,31,2,22,50,0.3053385416666669,0.17141490325666198
6767,31,2,22,100,-0.07486979166666685,0.17141490325666198
6767,31,2,22,250,0.32916666666666705,0.17141490325666198
6767,31,2,22,500,-0.12968750000000018,0.17141490325666198
6767,31,2,22,1000,-0.14505208333333364,0.17141490325666198
6767,31,2,22,2000,-0.12864583333333357,0.17141490325666198
6767,31,2,22,5000,-0.10247395833333361,0.17141490325666198
6767,31,2,23,50,-0.09843750000000018,0.16152418624768644
6767,31,2,23,100,-0.10794270833333364,0.16152418624768644
6767,31,2,23,250,-0.1380208333333336,0.16152418624768644
6767,31,2,23,500,-0.12955729166666696,0.16152418624768644
6767,31,2,23,1000,-0.12877604166666667,0.16152418624768644
6767,31,2,23,2000,-0.10078124999999993,0.16152418624768644
6767,31,2,23,5000,-0.12708333333333355,0.16152418624768644
6767,31,2,24,50,-0.14375000000000027,0.16492927233892313
6767,31,2,24,100,-0.13372395833333384,0.16492927233892313
6767,31,2,24,250,0.007812499999999889,0.16492927233892313
6767,31,2,24,500,-0.1105468750000006,0.16492927233892313
6767,31,2,24,1000,0.36002604166666663,0.16492927233892313
6767,31,2,24,2000,-0.07864583333333353,0.16492927233892313
6767,31,2,24,5000,0.3221354166666667,0.16492927233892313
5965,145836,0,5,50,0.1844226355754519,0.0979550001653149
5965,145836,0,5,100,0.1815815011050037,0.0979550001653149
5965,145836,0,5,250,0.06960301326004514,0.0979550001653149
5965,145836,0,5,500,-0.08830502351674485,0.0979550001653149
5965,145836,0,5,1000,-0.10345774069246794,0.0979550001653149
5965,145836,0,5,2000,-0.09446152320507628,0.0979550001653149
5965,145836,0,5,5000,-0.027705488184959326,0.0979550001653149
5965,145836,0,6,50,0.21306826231087472,0.10076497494432969
5965,145836,0,6,100,0.2256157208024031,0.10076497494432969
5965,145836,0,6,250,0.22206465688219001,0.10076497494432969
5965,145836,0,6,500,0.2315342196973995,0.10076497494432969
5965,145836,0,6,1000,0.2315342196973995,0.10076497494432969
5965,145836,0,6,2000,0.2315342196973995,0.10076497494432969
5965,145836,0,6,5000,0.2466869368731237,0.10076497494432969
5965,145836,0,7,50,-0.015620927069755264,0.1094877145226662
5965,145836,0,7,100,0.014436943956480985,0.1094877145226662
5965,145836,0,7,250,-0.02368054768515737,0.1094877145226662
5965,145836,0,7,500,-0.16738273502578205,0.1094877145226662
5965,145836,0,7,1000,0.015858573695247125,0.1094877145226662
5965,145836,0,7,2000,-0.05539557006856566,0.1094877145226662
5965,145836,0,7,5000,-0.04710963619878605,0.1094877145226662
5965,145836,0,8,50,0.20596666572221978,0.10541079959311007
5965,145836,0,8,100,0.18844633648778875,0.10541079959311007
5965,145836,0,8,250,0.18844633648778875,0.10541079959311007
5965,145836,0,8,500,0.18844651357171227,0.10541079959311007
5965,145836,0,8,1000,0.18655260100867055,0.10541079959311007
5965,145836,0,8,2000,0.18655260100867055,0.10541079959311007
5965,145836,0,8,5000,0.1756612313707725,0.10541079959311007
5965,145836,0,9,50,0.02130408143027185,0.10248966734154517
5965,145836,0,9,100,0.06368699353997953,0.10248966734154517
5965,145836,0,9,250,0.15151459879866291,0.10248966734154517
5965,145836,0,9,500,-0.053029551765171656,0.10248966734154517
5965,145836,0,9,1000,-0.10629728140760375,0.10248966734154517
5965,145836,0,9,2000,0.15388167960559906,0.10248966734154517
5965,145836,0,9,5000,-0.16975034708448866,0.10248966734154517
5965,145836,0,10,50,0.18536897206324077,0.10777615767447683
5965,145836,0,10,100,0.09612009123363852,0.10777615767447683
5965,145836,0,10,250,0.19223841162803967,0.10777615767447683
5965,145836,0,10,500,0.19223841162803967,0.10777615767447683
5965,145836,0,10,1000,-0.003783752195840262,0.10777615767447683
5965,145836,0,10,2000,-0.03739923924746291,0.10777615767447683
5965,145836,0,10,5000,-0.05136938998129925,0.10777615767447683
5965,145836,0,11,50,0.19697328157760619,0.10529307293774014
5965,145836,0,11,100,0.16003853346177865,0.10529307293774014
5965,145836,0,11,250,0.15696063778545966,0.10529307293774014
5965,145836,0,11,500,0.16122269365897923,0.10529307293774014
5965,145836,0,11,1000,-0.10227234090780246,0.10529307293774014
5965,145836,0,11,2000,-0.06865437468124858,0.10529307293774014
5965,145836,0,11,5000,0.13281524480081708,0.10529307293774014
5965,145836,0,12,50,0.21093617187057345,0.09566769083430093
5965,145836,0,12,100,-0.00046891822972616737,0.09566769083430093
5965,145836,0,12,250,0.16997825409418055,0.09566769083430093
5965,145836,0,12,500,0.027467487391625744,0.09566769083430093
5965,145836,0,12,1000,0.01112175582252073,0.09566769083430093
5965,145836,0,12,2000,0.02959833824446212,0.09566769083430093
5965,145836,0,12,5000,-0.06486761205870561,0.09566769083430093
5965,145836,0,13,50,0.05018717770725878,0.09208378399169365
5965,145836,0,13,100,0.1586211537371791,0.09208378399169365
5965,145836,0,13,250,0.1586211537371791,0.09208378399169365
5965,145836,0,13,500,0.008042797642659694,0.09208378399169365
5965,145836,0,13,1000,0.18938895421318103,0.09208378399169365
5965,145836,0,13,2000,-0.06297352241174181,0.09208378399169365
5965,145836,0,13,5000,0.11600590751969142,0.09208378399169365
5965,145836,0,14,50,-0.017042733892445705,0.09337648125140101
5965,145836,0,14,100,-0.008755560435200538,0.09337648125140101
5965,145836,0,14,250,0.055158454694849035,0.09337648125140101
5965,145836,0,14,500,-0.14062694792315933,0.09337648125140101
5965,145836,0,14,1000,0.19720632402107974,0.09337648125140101
5965,145836,0,14,2000,0.06084284864282963,0.09337648125140101
5965,145836,0,14,5000,0.01869829149430524,0.09337648125140101
5965,145836,0,15,50,0.1510359409531371,0.09388156784841434
5965,145836,0,15,100,0.10014255255850968,0.09388156784841434
5965,145836,0,15,250,0.18702771717572386,0.09388156784841434
5965,145836,0,15,500,0.1084291947639836,0.09388156784841434
5965,145836,0,15,1000,0.0009426177253926138,0.09388156784841434
5965,145836,0,15,2000,0.03598203660678967,0.09388156784841434
5965,145836,0,15,5000,0.03598203660678967,0.09388156784841434
5965,145836,0,16,50,0.08356873689578936,0.08730107112529752
5965,145836,0,16,100,0.1060624681248945,0.08730107112529752
5965,145836,0,16,250,0.4872133011276699,0.08730107112529752
5965,145836,0,16,500,0.06249982291607703,0.08730107112529752
5965,145836,0,16,1000,0.3702644217147396,0.08730107112529752
5965,145836,0,16,2000,0.0994342168640564,0.08730107112529752
5965,145836,0,16,5000,0.06249982291607703,0.08730107112529752
5965,145836,0,17,50,0.22183108318694444,0.0907044453433319
5965,145836,0,17,100,0.4327692029806761,0.0907044453433319
5965,145836,0,17,250,0.02865093925313189,0.0907044453433319
5965,145836,0,17,500,0.20880815436051503,0.0907044453433319
5965,145836,0,17,1000,0.20146802572675337,0.0907044453433319
5965,145836,0,17,2000,-0.14109852241174015,0.0907044453433319
5965,145836,0,17,5000,0.008995686235621192,0.0907044453433319
5965,145836,0,18,50,-0.0019004646682145854,0.09602730488235957
5965,145836,0,18,100,-0.020358099110330152,0.09602730488235957
5965,145836,0,18,250,-0.0901982277440927,0.09602730488235957
5965,145836,0,18,500,-0.10393144018813327,0.09602730488235957
5965,145836,0,18,1000,0.2095177296424321,0.09602730488235957
5965,145836,0,18,2000,0.1991012990876636,0.09602730488235957
5965,145836,0,18,5000,-0.10393144018813327,0.09602730488235957
5965,145836,0,19,50,0.40270265484218204,0.09708697422661902
5965,145836,0,19,100,0.1612216311554372,0.09708697422661902
5965,145836,0,19,250,0.2182771859239534,0.09708697422661902
5965,145836,0,19,500,0.1893946208987366,0.09708697422661902
5965,145836,0,19,1000,0.1335264138380462,0.09708697422661902
5965,145836,0,19,2000,0.2251430838102798,0.09708697422661902
5965,145836,0,19,5000,0.25071170028900114,0.09708697422661902
5965,145836,0,20,50,0.12452683175610624,0.09287649918315162
5965,145836,0,20,100,-0.038121387487958125,0.09287649918315162
5965,145836,0,20,250,0.17187021873406272,0.09287649918315162
5965,145836,0,20,500,-0.0904358743695799,0.09287649918315162
5965,145836,0,20,1000,0.2241963931546439,0.09287649918315162
5965,145836,0,20,2000,-0.014683621862071283,0.09287649918315162
5965,145836,0,20,5000,0.21093882812942732,0.09287649918315162
5965,145836,0,21,50,0.239110932453108,0.09306381021451995
5965,145836,0,21,100,-0.015149706749022163,0.09306381021451995
5965,145836,0,21,250,0.1799307247690829,0.09306381021451995
5965,145836,0,21,500,0.2971183133110441,0.09306381021451995
5965,145836,0,21,1000,-0.061550476001585475,0.09306381021451995
5965,145836,0,21,2000,-0.02840957386524534,0.09306381021451995
5965,145836,0,21,5000,-0.00875644585481894,0.09306381021451995
5965,145836,0,22,50,0.05350750127500403,0.08951415525756981
5965,145836,0,22,100,-0.03906701564005166,0.08951415525756981
5965,145836,0,22,250,-0.04095278234260702,0.08951415525756981
5965,145836,0,22,500,0.16595437609792063,0.08951415525756981
5965,145836,0,22,1000,-0.09493451436504685,0.08951415525756981
5965,145836,0,22,2000,-0.04379462514874943,0.08951415525756981
5965,145836,0,22,5000,-0.04379462514874943,0.08951415525756981
5965,145836,0,23,50,0.15199060038533474,0.08570710997145449
5965,145836,0,23,100,0.4178544865982885,0.08570710997145449
5965,145836,0,23,250,-0.04261329829432736,0.08570710997145449
5965,145836,0,23,500,0.7317777100923661,0.08570710997145449
5965,145836,0,23,1000,0.06321081486938296,0.08570710997145449
5965,145836,0,23,2000,0.06321081486938296,0.08570710997145449
5965,145836,0,23,5000,0.04687606250354215,0.08570710997145449
5965,145836,0,24,50,0.010410940953137438,0.07574386815921971
5965,145836,0,24,100,0.37902989884966287,0.07574386815921971
5965,145836,0,24,250,0.45288522836742706,0.07574386815921971
5965,145836,0,24,500,0.4329988808296019,0.07574386815921971
5965,145836,0,24,1000,0.021070153567178895,0.07574386815921971
5965,145836,0,24,2000,-0.10558381027936681,0.07574386815921971
5965,145836,0,24,5000,0.007100179917267191,0.07574386815921971
5965,145836,1,5,50,0.1460733410778029,0.07499720789925747
5965,145836,1,5,100,0.12689674590581912,0.07499720789925747
5965,145836,1,5,250,0.1508082110273693,0.07499720789925747
5965,145836,1,5,500,0.05232635150450471,0.07499720789925747
5965,145836,1,5,1000,0.1811136453788178,0.07499720789925747
5965,145836,1,5,2000,0.1508082110273693,0.07499720789925747
5965,145836,1,5,5000,0.1508082110273693,0.07499720789925747
5965,145836,1,6,50,-0.14464462798209277,0.07509426159323486
5965,145836,1,6,100,-0.04379745849152794,0.07509426159323486
5965,145836,1,6,250,-0.06676364962883252,0.07509426159323486
5965,145836,1,6,500,0.12523941746472456,0.07509426159323486
5965,145836,1,6,1000,-0.06676364962883252,0.07509426159323486
5965,145836,1,6,2000,-0.03361725789085934,0.07509426159323486
5965,145836,1,6,5000,-0.03361725789085934,0.07509426159323486
5965,145836,1,7,50,0.11837387374624542,0.07011835237890462
5965,145836,1,7,100,-0.1252325111917042,0.07011835237890462
5965,145836,1,7,250,0.13612990168300498,0.07011835237890462
5965,145836,1,7,500,0.13328894429648042,0.07011835237890462
5965,145836,1,7,1000,-0.12546838697795615,0.07011835237890462
5965,145836,1,7,2000,0.09185555618518682,0.07011835237890462
5965,145836,1,7,5000,0.09185555618518682,0.07011835237890462
5965,145836,1,8,50,0.10937730209100682,0.06432427286764836
5965,145836,1,8,100,-0.18537056581855338,0.06432427286764836
5965,145836,1,8,250,0.11884686490621577,0.06432427286764836
5965,145836,1,8,500,-0.059898105910353605,0.06432427286764836
5965,145836,1,8,1000,0.1197942638975461,0.06432427286764836
5965,145836,1,8,2000,0.09824828582761969,0.06432427286764836
5965,145836,1,8,5000,0.09635437326457774,0.06432427286764836
5965,145836,1,9,50,0.06486495579985274,0.0525520734947669
5965,145836,1,9,100,-0.1358867654558853,0.0525520734947669
5965,145836,1,9,250,0.18940028758429195,0.0525520734947669
5965,145836,1,9,500,0.04569774607581989,0.0525520734947669
5965,145836,1,9,1000,-0.029828714959353242,0.0525520734947669
5965,145836,1,9,2000,0.026756318354394737,0.0525520734947669
5965,145836,1,9,5000,-0.09375442709808979,0.0525520734947669
5965,145836,1,10,50,-0.060369503315010786,0.06065793825489616
5965,145836,1,10,100,0.12381902731342354,0.06065793825489616
5965,145836,1,10,250,-0.04829468181560681,0.06065793825489616
5965,145836,1,10,500,0.10866631013770012,0.06065793825489616
5965,145836,1,10,1000,0.14512735875786187,0.06065793825489616
5965,145836,1,10,2000,-0.04971578030260093,0.06065793825489616
5965,145836,1,10,5000,0.12855407434691368,0.06065793825489616
5965,145836,1,11,50,0.142758684195613,0.05192819183781458
5965,145836,1,11,100,0.1212160707202351,0.05192819183781458
5965,145836,1,11,250,-0.08427282257607527,0.05192819183781458
5965,145836,1,11,500,0.03267605683685493,0.05192819183781458
5965,145836,1,11,1000,0.16335708619028644,0.05192819183781458
5965,145836,1,11,2000,0.1212160707202351,0.05192819183781458
5965,145836,1,11,5000,-0.048059337281125325,0.05192819183781458
5965,145836,1,12,50,0.09824899416331345,0.046844833460519604
5965,145836,1,12,100,-0.17068906896356328,0.046844833460519604
5965,145836,1,12,250,0.13234260780869167,0.046844833460519604
5965,145836,1,12,500,0.13234260780869167,0.046844833460519604
5965,145836,1,12,1000,0.0880684393947978,0.046844833460519604
5965,145836,1,12,2000,-0.16027210715702378,0.046844833460519604
5965,145836,1,12,5000,0.11079574431914685,0.046844833460519604
5965,145836,1,13,50,-0.05279084263614264,0.07118182440038917
5965,145836,1,13,100,-0.10084911741372415,0.07118182440038917
5965,145836,1,13,250,0.046402008840028874,0.07118182440038917
5965,145836,1,13,500,0.046402008840028874,0.07118182440038917
5965,145836,1,13,1000,-0.017751777922592638,0.07118182440038917
5965,145836,1,13,2000,0.15032919901399722,0.07118182440038917
5965,145836,1,13,5000,-0.06060573326911023,0.07118182440038917
5965,145836,1,14,50,0.2623160098033659,0.06572825962170677
5965,145836,1,14,100,-0.021065195217316757,0.06572825962170677
5965,145836,1,14,250,0.03693032101773719,0.06572825962170677
5965,145836,1,14,500,0.1467786663455548,0.06572825962170677
5965,145836,1,14,1000,0.2566328554428511,0.06572825962170677
5965,145836,1,14,2000,0.20715277384257957,0.06572825962170677
5965,145836,1,14,5000,0.20715277384257957,0.06572825962170677
5965,145836,1,15,50,-0.11150248625828729,0.06879562421152062
5965,145836,1,15,100,-0.044978431178104517,0.06879562421152062
5965,145836,1,15,250,0.183950884002947,0.06879562421152062
5965,145836,1,15,500,-0.12997233949113107,0.06879562421152062
5965,145836,1,15,1000,0.0418985875786263,0.06879562421152062
5965,145836,1,15,2000,-0.05941750014166669,0.06879562421152062
5965,145836,1,15,5000,0.222304782682609,0.06879562421152062
5965,145836,1,16,50,0.22183072901909595,0.06706818278792163
5965,145836,1,16,100,0.19010826911089673,0.06706818278792163
5965,145836,1,16,250,0.2284595115317043,0.06706818278792163
5965,145836,1,16,500,-0.15909538448461402,0.06706818278792163
5965,145836,1,16,1000,-0.0011786705955676435,0.06706818278792163
5965,145836,1,16,2000,0.21662286790955954,0.06706818278792163
5965,145836,1,16,5000,0.21662286790955954,0.06706818278792163
5965,145836,1,17,50,0.06699952541508547,0.07684917073006006
5965,145836,1,17,100,-0.0949336289454289,0.07684917073006006
5965,145836,1,17,250,-0.14607334107780245,0.07684917073006006
5965,145836,1,17,500,-0.07338853629512088,0.07684917073006006
5965,145836,1,17,1000,-0.14607334107780245,0.07684917073006006
5965,145836,1,17,2000,-0.14607334107780245,0.07684917073006006
5965,145836,1,17,5000,-0.14607334107780245,0.07684917073006006
5965,145836,1,18,50,0.19294214314047753,0.07904655156185382
5965,145836,1,18,100,0.11458569445231515,0.07904655156185382
5965,145836,1,18,250,-0.033141964639881394,0.07904655156185382
5965,145836,1,18,500,0.012305384767950733,0.07904655156185382
5965,145836,1,18,1000,0.22727375757919221,0.07904655156185382
5965,145836,1,18,2000,-0.051608807446024474,0.07904655156185382
5965,145836,1,18,5000,-0.04616241429138024,0.07904655156185382
5965,145836,1,19,50,-0.051137410041366294,0.07217039298189067
5965,145836,1,19,100,0.11245413526378512,0.07217039298189067
5965,145836,1,19,250,0.11008616903723056,0.07217039298189067
5965,145836,1,19,500,-0.05160969286564199,0.07217039298189067
5965,145836,1,19,1000,-0.002127840426133787,0.07217039298189067
5965,145836,1,19,2000,-0.07244432481441543,0.07217039298189067
5965,145836,1,19,5000,-0.032669150563835125,0.07217039298189067
5965,145836,1,20,50,0.079543619312065,0.07145878233001186
5965,145836,1,20,100,0.23248091035303498,0.07145878233001186
5965,145836,1,20,250,0.1524662478041593,0.07145878233001186
5965,145836,1,20,500,0.24502978551595256,0.07145878233001186
5965,145836,1,20,1000,0.16833066526888485,0.07145878233001186
5965,145836,1,20,2000,0.26018250269167564,0.07145878233001186
5965,145836,1,20,5000,0.26018250269167564,0.07145878233001186
5965,145836,1,21,50,-0.07741613305377604,0.08983972521484723
5965,145836,1,21,100,0.004967204057347185,0.08983972521484723
5965,145836,1,21,250,0.076942610642036,0.08983972521484723
5965,145836,1,21,500,-0.08641075678585475,0.08983972521484723
5965,145836,1,21,1000,0.016805972686576576,0.08983972521484723
5965,145836,1,21,2000,-0.011131849606163868,0.08983972521484723
5965,145836,1,21,5000,-0.011605549101828871,0.08983972521484723
5965,145836,1,22,50,-0.0004779495098307107,0.08695090546594894
5965,145836,1,22,100,0.11363847254490955,0.08695090546594894
5965,145836,1,22,250,0.1238199127330426,0.08695090546594894
5965,145836,1,22,500,0.015621635405451806,0.08695090546594894
5965,145836,1,22,1000,0.015621635405451806,0.08695090546594894
5965,145836,1,22,2000,0.015621635405451806,0.08695090546594894
5965,145836,1,22,5000,0.015621635405451806,0.08695090546594894
5965,145836,1,23,50,-0.04853215135717004,0.08623102892344525
5965,145836,1,23,100,0.15199237122457132,0.08623102892344525
5965,145836,1,23,250,-0.08522978409927995,0.08623102892344525
5965,145836,1,23,500,-0.02343068226893974,0.08623102892344525
5965,145836,1,23,1000,-0.025328844846148946,0.08623102892344525
5965,145836,1,23,2000,-0.05586962373207838,0.08623102892344525
5965,145836,1,23,5000,-0.05255372726242413,0.08623102892344525
5965,145836,1,24,50,0.04568818354394588,0.0861276017078018
5965,145836,1,24,100,-0.001415785969285377,0.0861276017078018
5965,145836,1,24,250,-0.09114456423188022,0.0861276017078018
5965,145836,1,24,500,-0.09114456423188022,0.0861276017078018
5965,145836,1,24,1000,0.15459886949623225,0.0861276017078018
5965,145836,1,24,2000,-0.001425171417236748,0.0861276017078018
5965,145836,1,24,5000,0.1815797302657678,0.0861276017078018
5965,145836,2,5,50,-0.14441317929393127,0.06118841429621922
5965,145836,2,5,100,-0.02934918116393659,0.06118841429621922
5965,145836,2,5,250,-0.10700827336091134,0.06118841429621922
5965,145836,2,5,500,-0.06155012183373976,0.06118841429621922
5965,145836,2,5,1000,-0.09351270754235819,0.06118841429621922
5965,145836,2,5,2000,-0.06699509831699457,0.06118841429621922
5965,145836,2,5,5000,-0.06699509831699457,0.06118841429621922
5965,145836,2,6,50,0.22159201989006716,0.06629764327259381
5965,145836,2,6,100,0.17258262735875884,0.06629764327259381
5965,145836,2,6,250,-0.02059061030203324,0.06629764327259381
5965,145836,2,6,500,-0.01846011361704425,0.06629764327259381
5965,145836,2,6,1000,-0.10322133365444519,0.06629764327259381
5965,145836,2,6,2000,-0.10322133365444519,0.06629764327259381
5965,145836,2,6,5000,-0.057763182127273605,0.06629764327259381
5965,145836,2,7,50,-0.007100002833342001,0.06698769564950696
5965,145836,2,7,100,0.02414238255794343,0.06698769564950696
5965,145836,2,7,250,0.08783557403524689,0.06698769564950696
5965,145836,2,7,500,0.08617700600668765,0.06698769564950696
5965,145836,2,7,1000,0.07126105003683403,0.06698769564950696
5965,145836,2,7,2000,0.0646322675242258,0.06698769564950696
5965,145836,2,7,5000,0.07126105003683403,0.06698769564950696
5965,145836,2,8,50,-0.044271157987192056,0.05606551633914592
5965,145836,2,8,100,-0.044271157987192056,0.05606551633914592
5965,145836,2,8,250,-0.02438392502974973,0.05606551633914592
5965,145836,2,8,500,-0.014439246047486143,0.05606551633914592
5965,145836,2,8,1000,-0.014200536918455686,0.05606551633914592
5965,145836,2,8,2000,-0.05752996259987431,0.05606551633914592
5965,145836,2,8,5000,0.10913859296197737,0.05606551633914592
5965,145836,2,9,50,0.2639697965659882,0.062107348709058326
5965,145836,2,9,100,-0.03527405508018289,0.062107348709058326
5965,145836,2,9,250,0.10464190088966985,0.062107348709058326
5965,145836,2,9,500,-0.0016543180143927527,0.062107348709058326
5965,145836,2,9,1000,0.015393905479685777,0.062107348709058326
5965,145836,2,9,2000,0.0018983396611326198,0.062107348709058326
5965,145836,2,9,5000,0.015393905479685777,0.062107348709058326
5965,145836,2,10,50,0.015393374227915424,0.05492678566253619
5965,145836,2,10,100,0.2604185555618519,0.05492678566253619
5965,145836,2,10,250,-0.02959107780359238,0.05492678566253619
5965,145836,2,10,500,0.015630312517709744,0.05492678566253619
5965,145836,2,10,1000,-0.044033511361703415,0.05492678566253619
5965,145836,2,10,2000,-0.044033511361703415,0.05492678566253619
5965,145836,2,10,5000,-0.07433894571315192,0.05492678566253619
5965,145836,2,11,50,0.289775528418428,0.0648523376425544
5965,145836,2,11,100,-0.005443559811865284,0.0648523376425544
5965,145836,2,11,250,0.29451039836799453,0.0648523376425544
5965,145836,2,11,500,0.09966814472715002,0.0648523376425544
5965,145836,2,11,1000,0.2871711551538506,0.0648523376425544
5965,145836,2,11,2000,0.11908220944069814,0.0648523376425544
5965,145836,2,11,5000,0.11908220944069814,0.0648523376425544
5965,145836,2,12,50,0.3023228098260329,0.05214975980363955
5965,145836,2,12,100,0.11245236442454909,0.05214975980363955
5965,145836,2,12,250,0.2864610486201621,0.05214975980363955
5965,145836,2,12,500,-0.03266915056383435,0.05214975980363955
5965,145836,2,12,1000,0.2935633535445118,0.05214975980363955
5965,145836,2,12,2000,0.3016137657958863,0.05214975980363955
5965,145836,2,12,5000,0.2855141808806029,0.05214975980363955
5965,145836,2,13,50,0.20265342551141863,0.0836589379853361
5965,145836,2,13,100,0.21827860259534215,0.0836589379853361
5965,145836,2,13,250,0.22277724259080878,0.0836589379853361
5965,145836,2,13,500,0.21614792882642964,0.0836589379853361
5965,145836,2,13,1000,0.22632830651102187,0.0836589379853361
5965,145836,2,13,2000,0.22774887374624608,0.0836589379853361
5965,145836,2,13,5000,0.22774887374624608,0.0836589379853361
5965,145836,2,14,50,0.226564359381198,0.07701000376749487
5965,145836,2,14,100,0.023443432311442303,0.07701000376749487
5965,145836,2,14,250,0.1789755340851139,0.07701000376749487
5965,145836,2,14,500,0.22656453646512165,0.07701000376749487
5965,145836,2,14,1000,0.22159290530968445,0.07701000376749487
5965,145836,2,14,2000,0.22159290530968445,0.07701000376749487
5965,145836,2,14,5000,0.21875230209100716,0.07701000376749487
5965,145836,2,15,50,0.14630231059103638,0.07396349301239803
5965,145836,2,15,100,0.21686033745112565,0.07396349301239803
5965,145836,2,15,250,0.2481105145350494,0.07396349301239803
5965,145836,2,15,500,0.10842388224627508,0.07396349301239803
5965,145836,2,15,1000,0.15127447299824415,0.07396349301239803
5965,145836,2,15,2000,-0.007343493228309184,0.07396349301239803
5965,145836,2,15,5000,0.15127447299824415,0.07396349301239803
5965,145836,2,16,50,-0.0028351136170445823,0.07483293126960733
5965,145836,2,16,100,-0.09375123958746412,0.07483293126960733
5965,145836,2,16,250,0.08617488099960446,0.07483293126960733
5965,145836,2,16,500,0.010422274324248582,0.07483293126960733
5965,145836,2,16,1000,-0.009938481044936331,0.07483293126960733
5965,145836,2,16,2000,-0.03432346857822777,0.07483293126960733
5965,145836,2,16,5000,-0.03243132685442174,0.07483293126960733
5965,145836,2,17,50,0.008762643792146751,0.07024669255650484
5965,145836,2,17,100,-0.008756622938742797,0.07024669255650484
5965,145836,2,17,250,0.13636630872103006,0.07024669255650484
5965,145836,2,17,500,0.016813587295292032,0.07024669255650484
5965,145836,2,17,1000,0.02462635292117743,0.07024669255650484
5965,145836,2,17,2000,0.016813587295292032,0.07024669255650484
5965,145836,2,17,5000,-0.03716743639145359,0.07024669255650484
5965,145836,2,18,50,-0.02059680823935961,0.066989117480475
5965,145836,2,18,100,-0.009230499518331547,0.066989117480475
5965,145836,2,18,250,0.049000892502976345,0.066989117480475
5965,145836,2,18,500,0.13045117442058163,0.066989117480475
5965,145836,2,18,1000,-0.044033688445627384,0.066989117480475
5965,145836,2,18,2000,-0.044033688445627384,0.066989117480475
5965,145836,2,18,5000,-0.017987830792768444,0.066989117480475
5965,145836,2,19,50,0.06747906868022946,0.06186178364515131
5965,145836,2,19,100,-0.06344810732702355,0.06186178364515131
5965,145836,2,19,250,0.030069735649119633,0.06186178364515131
5965,145836,2,19,500,-0.0194112313707705,0.06186178364515131
5965,145836,2,19,1000,0.08356891397971367,0.06186178364515131
5965,145836,2,19,2000,-0.027933749362497484,0.06186178364515131
5965,145836,2,19,5000,-0.13754285430951374,0.06186178364515131
5965,145836,2,20,50,-0.020120629568764703,0.064987658162811
5965,145836,2,20,100,0.050658220944070353,0.064987658162811
5965,145836,2,20,250,0.06178582053606896,0.064987658162811
5965,145836,2,20,500,0.015393197143991677,0.064987658162811
5965,145836,2,20,1000,0.06178582053606896,0.064987658162811
5965,145836,2,20,2000,0.0710196846489497,0.064987658162811
5965,145836,2,20,5000,0.06178582053606896,0.064987658162811
5965,145836,2,21,50,0.017286755539186682,0.06206370689371517
5965,145836,2,21,100,0.1557796650988843,0.06206370689371517
5965,145836,2,21,250,0.03314001671672284,0.06206370689371517
5965,145836,2,21,500,0.07125680002266754,0.06206370689371517
5965,145836,2,21,1000,0.1408638862129552,0.06206370689371517
5965,145836,2,21,2000,0.006397333824447404,0.06206370689371517
5965,145836,2,21,5000,0.1408638862129552,0.06206370689371517
5965,145836,2,22,50,0.08735532243440902,0.07055491686139634
5965,145836,2,22,100,0.04901098628662248,0.07055491686139634
5965,145836,2,22,250,-0.01183682070606773,0.07055491686139634
5965,145836,2,22,500,-0.028883273360910233,0.07055491686139634
5965,145836,2,22,1000,0.042382557941861077,0.07055491686139634
5965,145836,2,22,2000,0.07101862214540866,0.07055491686139634
5965,145836,2,22,5000,0.08830272142573892,0.07055491686139634
5965,145836,2,23,50,-0.014677246840822389,0.05940260080816348
5965,145836,2,23,100,-0.07244751232503999,0.05940260080816348
5965,145836,2,23,250,0.10156064061880232,0.05940260080816348
5965,145836,2,23,500,0.08593564061880221,0.05940260080816348
5965,145836,2,23,1000,0.058001891256304505,0.05940260080816348
5965,145836,2,23,2000,-0.06747216240720733,0.05940260080816348
5965,145836,2,23,5000,-0.005923634328780847,0.05940260080816348
5965,145836,2,24,50,0.009234218280728013,0.06006913634991539
5965,145836,2,24,100,0.016337231540772157,0.06006913634991539
5965,145836,2,24,250,-0.03361743497478231,0.06006913634991539
5965,145836,2,24,500,-0.027934103530344978,0.06006913634991539
5965,145836,2,24,1000,0.10629551056836861,0.06006913634991539
5965,145836,2,24,2000,-0.07788168668895457,0.06006913634991539
5965,145836,2,24,5000,0.03599071371904672,0.06006913634991539
5965,9914,0,5,50,-0.14006728442792538,0.33143483963767745
5965,9914,0,5,100,-0.34842997804993525,0.33143483963767745
5965,9914,0,5,250,0.5255368255967682,0.33143483963767745
5965,9914,0,5,500,-0.2705337544586056,0.33143483963767745
5965,9914,0,5,1000,-0.2594133502531749,0.33143483963767745
5965,9914,0,5,2000,-0.3175732240403082,0.33143483963767745
5965,9914,0,5,5000,-0.2682062370606876,0.33143483963767745
5965,9914,0,6,50,-0.30717383577361557,0.30437632730215863
5965,9914,0,6,100,-0.26973089346736256,0.30437632730215863
5965,9914,0,6,250,-0.18837184467835655,0.30437632730215863
5965,9914,0,6,500,-0.19344623793370064,0.30437632730215863
5965,9914,0,6,1000,-0.21736837756603755,0.30437632730215863
5965,9914,0,6,2000,-0.30717383577361423,0.30437632730215863
5965,9914,0,6,5000,-0.30717383577361423,0.30437632730215863
5965,9914,0,7,50,-0.2726367825696534,0.3107844943305287
5965,9914,0,7,100,-0.19990809969818646,0.3107844943305287
5965,9914,0,7,250,-0.2990384375545625,0.3107844943305287
5965,9914,0,7,500,-0.32980750043650664,0.3107844943305287
5965,9914,0,7,1000,-0.24853692225187696,0.3107844943305287
5965,9914,0,7,2000,-0.2367781266368998,0.3107844943305287
5965,9914,0,7,5000,-0.2881016001097514,0.3107844943305287
5965,9914,0,8,50,-0.23429471390087675,0.2827893793280777
5965,9914,0,8,100,0.062250567459031125,0.2827893793280777
5965,9914,0,8,250,-0.26772802811104757,0.2827893793280777
5965,9914,0,8,500,0.009017765832731839,0.2827893793280777
5965,9914,0,8,1000,-0.04253994038562248,0.2827893793280777
5965,9914,0,8,2000,-0.09979834938016074,0.2827893793280777
5965,9914,0,8,5000,-0.2458208357237297,0.2827893793280777
5965,9914,0,9,50,-0.053000127834176514,0.2101212051545288
5965,9914,0,9,100,0.1128347072909136,0.2101212051545288
5965,9914,0,9,250,0.5291606127310374,0.2101212051545288
5965,9914,0,9,500,-0.0506648156693531,0.2101212051545288
5965,9914,0,9,1000,0.08899636140280853,0.2101212051545288
5965,9914,0,9,2000,0.6578631270110503,0.2101212051545288
5965,9914,0,9,5000,0.6604431948567017,0.2101212051545288
5965,9914,0,10,50,0.10872335748671857,0.21521047781244626
5965,9914,0,10,100,-0.12628808523110013,0.21521047781244626
5965,9914,0,10,250,0.11710195243321575,0.21521047781244626
5965,9914,0,10,500,-0.15962240590157495,0.21521047781244626
5965,9914,0,10,1000,-0.07860593711805641,0.21521047781244626
5965,9914,0,10,2000,0.11308998590706104,0.21521047781244626
5965,9914,0,10,5000,-0.03244805567334286,0.21521047781244626
5965,9914,0,11,50,-0.2388016481255154,0.22802209338573162
5965,9914,0,11,100,-0.27456559764036814,0.22802209338573162
5965,9914,0,11,250,-0.1594606644882901,0.22802209338573162
5965,9914,0,11,500,-0.04881005088423829,0.22802209338573162
5965,9914,0,11,1000,-0.11405380883490135,0.22802209338573162
5965,9914,0,11,2000,-0.11405380883490135,0.22802209338573162
5965,9914,0,11,5000,-0.16156369259933645,0.22802209338573162
5965,9914,0,12,50,-0.08384713838517233,0.18249842515828513
5965,9914,0,12,100,0.18266022922850467,0.18249842515828513
5965,9914,0,12,250,-0.18170887792771306,0.18249842515828513
5965,9914,0,12,500,0.23244462597590565,0.18249842515828513
5965,9914,0,12,1000,0.7097330136439605,0.18249842515828513
5965,9914,0,12,2000,0.1128421123194735,0.18249842515828513
5965,9914,0,12,5000,-0.07537578571250514,0.18249842515828513
5965,9914,0,13,50,0.04236806577535979,0.15546876455098688
5965,9914,0,13,100,0.1412824885884617,0.15546876455098688
5965,9914,0,13,250,0.18790961500087272,0.15546876455098688
5965,9914,0,13,500,-0.11299878713426958,0.15546876455098688
5965,9914,0,13,1000,0.000968499787982191,0.15546876455098688
5965,9914,0,13,2000,0.08522291474395804,0.15546876455098688
5965,9914,0,13,5000,0.09230329126237835,0.15546876455098688
5965,9914,0,14,50,-0.12001290813399412,0.14363515146930939
5965,9914,0,14,100,0.20159683594821842,0.14363515146930939
5965,9914,0,14,250,-0.06557581502082754,0.14363515146930939
5965,9914,0,14,500,-0.08981013506772084,0.14363515146930939
5965,9914,0,14,1000,-0.08278666034770832,0.14363515146930939
5965,9914,0,14,2000,-0.11227426355042291,0.14363515146930939
5965,9914,0,14,5000,-0.08981013506772084,0.14363515146930939
5965,9914,0,15,50,-0.11574176560824034,0.1419933541238559
5965,9914,0,15,100,-0.06652794579830867,0.1419933541238559
5965,9914,0,15,250,-0.038510435633933415,0.1419933541238559
5965,9914,0,15,500,-0.00248380247436919,0.1419933541238559
5965,9914,0,15,1000,-0.038510435633933415,0.1419933541238559
5965,9914,0,15,2000,-0.031803818188621436,0.1419933541238559
5965,9914,0,15,5000,-0.038510435633933415,0.1419933541238559
5965,9914,0,16,50,0.2502381301289579,0.11256555693578364
5965,9914,0,16,100,0.16640814023097605,0.11256555693578364
5965,9914,0,16,250,0.12668951572672238,0.11256555693578364
5965,9914,0,16,500,0.16220948903744037,0.11256555693578364
5965,9914,0,16,1000,0.20466095881868718,0.11256555693578364
5965,9914,0,16,2000,0.2502381301289579,0.11256555693578364
5965,9914,0,16,5000,0.17115632249133284,0.11256555693578364
5965,9914,0,17,50,-0.07249639881768832,0.11296402076739026
5965,9914,0,17,100,-0.09962647476989933,0.11296402076739026
5965,9914,0,17,250,0.026332671297796706,0.11296402076739026
5965,9914,0,17,500,0.0049087544586078335,0.11296402076739026
5965,9914,0,17,1000,-0.1489131756503953,0.11296402076739026
5965,9914,0,17,2000,-0.10615186388466208,0.11296402076739026
5965,9914,0,17,5000,-0.06950710570951091,0.11296402076739026
5965,9914,0,18,50,-0.021572796887082024,0.1477947787527088
5965,9914,0,18,100,-0.04913002606570116,0.1477947787527088
5965,9914,0,18,250,-0.059915645032550424,0.1477947787527088
5965,9914,0,18,500,0.14601975817515156,0.1477947787527088
5965,9914,0,18,1000,-0.09116720398593203,0.1477947787527088
5965,9914,0,18,2000,-0.013207453044325135,0.1477947787527088
5965,9914,0,18,5000,0.14601975817515156,0.1477947787527088
5965,9914,0,19,50,0.00564730862288243,0.11413469905582539
5965,9914,0,19,100,-0.06620251428001289,0.11413469905582539
5965,9914,0,19,250,-0.02714176810256763,0.11413469905582539
5965,9914,0,19,500,-0.05220116422638543,0.11413469905582539
5965,9914,0,19,1000,-0.039948570127958605,0.11413469905582539
5965,9914,0,19,2000,-0.05290698036966035,0.11413469905582539
5965,9914,0,19,5000,-0.05290698036966035,0.11413469905582539
5965,9914,0,20,50,-0.007959236486990484,0.0974784056652516
5965,9914,0,20,100,0.11259384899353997,0.0974784056652516
5965,9914,0,20,250,0.009503379810931856,0.0974784056652516
5965,9914,0,20,500,-0.0933454515976152,0.0974784056652516
5965,9914,0,20,1000,-0.0574942006934227,0.0974784056652516
5965,9914,0,20,2000,-0.07362118368212445,0.0974784056652516
5965,9914,0,20,5000,-0.0009591460676945385,0.0974784056652516
5965,9914,0,21,50,0.18813800167119832,0.14116693058009797
5965,9914,0,21,100,0.013933925319897789,0.14116693058009797
5965,9914,0,21,250,-0.09939458045446647,0.14116693058009797
5965,9914,0,21,500,-0.07369367501434199,0.14116693058009797
5965,9914,0,21,1000,-0.09440086303659179,0.14116693058009797
5965,9914,0,21,2000,0.014817072410266752,0.14116693058009797
5965,9914,0,21,5000,-0.07369367501434199,0.14116693058009797
5965,9914,0,22,50,-0.018286133421465456,0.11715566449523897
5965,9914,0,22,100,-0.0842551944326666,0.11715566449523897
5965,9914,0,22,250,-0.027866681424758788,0.11715566449523897
5965,9914,0,22,500,0.021829244718266527,0.11715566449523897
5965,9914,0,22,1000,-0.025773007033999096,0.11715566449523897
5965,9914,0,22,2000,0.010223226534632812,0.11715566449523897
5965,9914,0,22,5000,-0.025773007033999096,0.11715566449523897
5965,9914,0,23,50,-0.05033782519767527,0.09520875980399784
5965,9914,0,23,100,0.013445583173280595,0.09520875980399784
5965,9914,0,23,250,-0.04953223603801349,0.09520875980399784
5965,9914,0,23,500,-0.056931028784515836,0.09520875980399784
5965,9914,0,23,1000,-0.08206876231573279,0.09520875980399784
5965,9914,0,23,2000,-0.056931028784515836,0.09520875980399784
5965,9914,0,23,5000,-0.05251724202439412,0.09520875980399784
5965,9914,0,24,50,0.03617083634730989,0.10725005405925656
5965,9914,0,24,100,-0.028740474794840654,0.10725005405925656
5965,9914,0,24,250,-0.09898379623855669,0.10725005405925656
5965,9914,0,24,500,-0.06435827243022141,0.10725005405925656
5965,9914,0,24,1000,-0.06942253248858765,0.10725005405925656
5965,9914,0,24,2000,-0.06160243259085607,0.10725005405925656
5965,9914,0,24,5000,-0.06160243259085607,0.10725005405925656
5965,9914,1,5,50,-0.25312842969743676,0.3795429235669261
5965,9914,1,5,100,-0.02739003142849794,0.3795429235669261
5965,9914,1,5,250,-0.3046861359157911,0.3795429235669261
5965,9914,1,5,500,-0.20127764024344486,0.3795429235669261
5965,9914,1,5,1000,-0.23734558566760644,0.3795429235669261
5965,9914,1,5,2000,-0.23220727532363794,0.3795429235669261
5965,9914,1,5,5000,-0.18064956910528362,0.3795429235669261
5965,9914,1,6,50,-0.20030563281035663,0.37469849349219864
5965,9914,1,6,100,-0.22599835374522947,0.37469849349219864
5965,9914,1,6,250,-0.26369384649921346,0.37469849349219864
5965,9914,1,6,500,-0.22816490920655474,0.37469849349219864
5965,9914,1,6,1000,-0.08174800765757806,0.37469849349219864
5965,9914,1,6,2000,-0.09204957159960991,0.37469849349219864
5965,9914,1,6,5000,-0.2209313655184454,0.37469849349219864
5965,9914,1,7,50,-0.11532357636377155,0.3179253985218066
5965,9914,1,7,100,-0.2143276389962827,0.3179253985218066
5965,9914,1,7,250,-0.20222821206754615,0.3179253985218066
5965,9914,1,7,500,-0.13683362537726595,0.3179253985218066
5965,9914,1,7,1000,-0.11838263263575155,0.3179253985218066
5965,9914,1,7,2000,-0.19916915579556338,0.3179253985218066
5965,9914,1,7,5000,-0.17806482439949078,0.3179253985218066
5965,9914,1,8,50,-0.0900373525230097,0.26324292953753214
5965,9914,1,8,100,0.009269147065427141,0.26324292953753214
5965,9914,1,8,250,-0.04831586266244159,0.26324292953753214
5965,9914,1,8,500,-0.11502503679129872,0.26324292953753214
5965,9914,1,8,1000,-0.04493839016237933,0.26324292953753214
5965,9914,1,8,2000,-0.09133362225935804,0.26324292953753214
5965,9914,1,8,5000,-0.1771072372851743,0.26324292953753214
5965,9914,1,9,50,-0.054921537876330584,0.2828584386192267
5965,9914,1,9,100,0.07168106619939585,0.2828584386192267
5965,9914,1,9,250,0.04639250392856198,0.2828584386192267
5965,9914,1,9,500,0.1541532077024766,0.2828584386192267
5965,9914,1,9,1000,0.06096131301289698,0.2828584386192267
5965,9914,1,9,2000,0.058384363074008516,0.2828584386192267
5965,9914,1,9,5000,0.15641797722681017,0.2828584386192267
5965,9914,1,10,50,-0.06540471988725705,0.25360633455811654
5965,9914,1,10,100,-0.09665978648574514,0.25360633455811654
5965,9914,1,10,250,-0.047853243246612664,0.25360633455811654
5965,9914,1,10,500,-0.04775619839864331,0.25360633455811654
5965,9914,1,10,1000,-0.009899353969717861,0.25360633455811654
5965,9914,1,10,2000,0.01988600932877782,0.25360633455811654
5965,9914,1,10,5000,-0.03172703973460311,0.25360633455811654
5965,9914,1,11,50,-0.034958360355192286,0.17707397738933559
5965,9914,1,11,100,-0.09239293108178803,0.17707397738933559
5965,9914,1,11,250,0.06580264273777225,0.17707397738933559
5965,9914,1,11,500,-0.09045125464568005,0.17707397738933559
5965,9914,1,11,1000,0.05960307487964811,0.17707397738933559
5965,9914,1,11,2000,0.05999437217829473,0.17707397738933559
5965,9914,1,11,5000,-0.04495008231273989,0.17707397738933559
5965,9914,1,12,50,-0.12990407759846312,0.193583197437374
5965,9914,1,12,100,-0.10430099648299951,0.193583197437374
5965,9914,1,12,250,0.02689506373001438,0.193583197437374
5965,9914,1,12,500,-0.10696680676460868,0.193583197437374
5965,9914,1,12,1000,0.004509662393056613,0.193583197437374
5965,9914,1,12,2000,-0.02191498715422424,0.193583197437374
5965,9914,1,12,5000,-0.02191498715422424,0.193583197437374
5965,9914,1,13,50,-0.03478648574493115,0.13817508804812187
5965,9914,1,13,100,-0.046790816517422895,0.13817508804812187
5965,9914,1,13,250,0.09342963508019475,0.13817508804812187
5965,9914,1,13,500,0.018775255044772843,0.13817508804812187
5965,9914,1,13,1000,0.08077794891621748,0.13817508804812187
5965,9914,1,13,2000,0.008208669027960247,0.13817508804812187
5965,9914,1,13,5000,-0.023848868823425518,0.13817508804812187
5965,9914,1,14,50,-0.05588808897258701,0.15893529292434344
5965,9914,1,14,100,-0.06806585330872306,0.15893529292434344
5965,9914,1,14,250,0.04978244805567533,0.15893529292434344
5965,9914,1,14,500,-0.09028015951210944,0.15893529292434344
5965,9914,1,14,1000,-0.10977720997231233,0.15893529292434344
5965,9914,1,14,2000,0.04978244805567533,0.15893529292434344
5965,9914,1,14,5000,0.05363150395350602,0.15893529292434344
5965,9914,1,15,50,-0.1519948367464019,0.19298437684694258
5965,9914,1,15,100,-0.10880442306253169,0.19298437684694258
5965,9914,1,15,250,0.10043050497618,0.19298437684694258
5965,9914,1,15,500,0.06692275074206344,0.19298437684694258
5965,9914,1,15,1000,-0.09744744768152325,0.19298437684694258
5965,9914,1,15,2000,0.06692275074206344,0.19298437684694258
5965,9914,1,15,5000,0.06692275074206344,0.19298437684694258
5965,9914,1,16,50,0.00507907011548947,0.13270050760196436
5965,9914,1,16,100,0.10654783804345203,0.13270050760196436
5965,9914,1,16,250,0.009830370282609024,0.13270050760196436
5965,9914,1,16,500,0.11477248634357062,0.13270050760196436
5965,9914,1,16,1000,0.2212388690728604,0.13270050760196436
5965,9914,1,16,2000,0.20248504963707503,0.13270050760196436
5965,9914,1,16,5000,0.13417171247911075,0.13270050760196436
5965,9914,1,17,50,-0.11621646691277265,0.16091623999940646
5965,9914,1,17,100,-0.08311170212765939,0.16091623999940646
5965,9914,1,17,250,-0.10292599960090798,0.16091623999940646
5965,9914,1,17,500,-0.13265602005437616,0.16091623999940646
5965,9914,1,17,1000,-0.07933357860866563,0.16091623999940646
5965,9914,1,17,2000,-0.07344580142675272,0.16091623999940646
5965,9914,1,17,5000,-0.11242976915018232,0.16091623999940646
5965,9914,1,18,50,-0.08327578197101493,0.16771905131893017
5965,9914,1,18,100,-0.060902072784416506,0.16771905131893017
5965,9914,1,18,250,-0.06410533224414339,0.16771905131893017
5965,9914,1,18,500,-0.06209311316754318,0.16771905131893017
5965,9914,1,18,1000,-0.05695519256192305,0.16771905131893017
5965,9914,1,18,2000,-0.05695519256192305,0.16771905131893017
5965,9914,1,18,5000,-0.041651726696764535,0.16771905131893017
5965,9914,1,19,50,0.08697946546606439,0.15201651430070562
5965,9914,1,19,100,-0.053725041156370446,0.15201651430070562
5965,9914,1,19,250,-0.06605870083060927,0.15201651430070562
5965,9914,1,19,500,-0.07532200182085824,0.15201651430070562
5965,9914,1,19,1000,-0.04638938602180176,0.15201651430070562
5965,9914,1,19,2000,-0.041794370931132696,0.15201651430070562
5965,9914,1,19,5000,-0.041794370931132696,0.15201651430070562
5965,9914,1,20,50,-0.12749081776458548,0.13179130055593943
5965,9914,1,20,100,-0.043890383751963524,0.13179130055593943
5965,9914,1,20,250,-0.03504722069791033,0.13179130055593943
5965,9914,1,20,500,-0.058239380409566444,0.13179130055593943
5965,9914,1,20,1000,0.031884104287746684,0.13179130055593943
5965,9914,1,20,2000,-0.03504722069791033,0.13179130055593943
5965,9914,1,20,5000,0.018512571400064792,0.13179130055593943
5965,9914,1,21,50,-0.04663219301090016,0.1440884772078232
5965,9914,1,21,100,-0.026590288344018442,0.1440884772078232
5965,9914,1,21,250,0.024636919757551334,0.1440884772078232
5965,9914,1,21,500,-0.01942377965129327,0.1440884772078232
5965,9914,1,21,1000,-0.033348351250905184,0.1440884772078232
5965,9914,1,21,2000,0.016346795415429494,0.1440884772078232
5965,9914,1,21,5000,0.016346795415429494,0.1440884772078232
5965,9914,1,22,50,-0.02682335187448559,0.1305479654011404
5965,9914,1,22,100,-0.017487949290365123,0.1305479654011404
5965,9914,1,22,250,0.23413375196428143,0.1305479654011404
5965,9914,1,22,500,0.44539765782844054,0.1305479654011404
5965,9914,1,22,1000,0.555336998952384,0.1305479654011404
5965,9914,1,22,2000,0.3314264735227359,0.1305479654011404
5965,9914,1,22,5000,-0.1485090169863571,0.1305479654011404
5965,9914,1,23,50,-0.06322920044398861,0.14249731259814258
5965,9914,1,23,100,0.08175463320944976,0.14249731259814258
5965,9914,1,23,250,0.16140896647626735,0.14249731259814258
5965,9914,1,23,500,-0.029567499563494026,0.14249731259814258
5965,9914,1,23,1000,-0.03834050971539826,0.14249731259814258
5965,9914,1,23,2000,-0.05203240752288529,0.14249731259814258
5965,9914,1,23,5000,0.07778982502307252,0.14249731259814258
5965,9914,1,24,50,-0.09118513194981293,0.12097592579953609
5965,9914,1,24,100,0.04728734316929206,0.12097592579953609
5965,9914,1,24,250,0.1916935845950476,0.12097592579953609
5965,9914,1,24,500,0.17365493502282314,0.12097592579953609
5965,9914,1,24,1000,0.17365493502282314,0.12097592579953609
5965,9914,1,24,2000,-0.002824044049787311,0.12097592579953609
5965,9914,1,24,5000,-0.021897838667033098,0.12097592579953609
5965,9914,2,5,50,-0.32305450412811,0.3778143289138467
5965,9914,2,5,100,-0.3290868742361125,0.3778143289138467
5965,9914,2,5,250,-0.3495465784091183,0.3778143289138467
5965,9914,2,5,500,-0.29960044024843435,0.3778143289138467
5965,9914,2,5,1000,-0.3262776402434452,0.3778143289138467
5965,9914,2,5,2000,-0.29960044024843435,0.3778143289138467
5965,9914,2,5,5000,-0.3356933289266908,0.3778143289138467
5965,9914,2,6,50,-0.1856553684118617,0.3882586773317342
5965,9914,2,6,100,-0.2354970566960155,0.3882586773317342
5965,9914,2,6,250,-0.07642691002968083,0.3882586773317342
5965,9914,2,6,500,0.01094034508992181,0.3882586773317342
5965,9914,2,6,1000,-0.06540900700905283,0.3882586773317342
5965,9914,2,6,2000,-0.21070541081539518,0.3882586773317342
5965,9914,2,6,5000,0.01094034508992181,0.3882586773317342
5965,9914,2,7,50,-0.26264428113541805,0.35981684235961753
5965,9914,2,7,100,0.05000927577261782,0.35981684235961753
5965,9914,2,7,250,-0.26095437567034974,0.35981684235961753
5965,9914,2,7,500,-0.008218802224937427,0.35981684235961753
5965,9914,2,7,1000,-0.06774782681898506,0.35981684235961753
5965,9914,2,7,2000,-0.1596259135466802,0.35981684235961753
5965,9914,2,7,5000,-0.06774782681898506,0.35981684235961753
5965,9914,2,8,50,0.1429618711182068,0.3146334537657219
5965,9914,2,8,100,0.18854995510214384,0.3146334537657219
5965,9914,2,8,250,-0.2268074505499995,0.3146334537657219
5965,9914,2,8,500,-0.11638288518620066,0.3146334537657219
5965,9914,2,8,1000,-0.21358440797186418,0.3146334537657219
5965,9914,2,8,2000,-0.21277803933551032,0.3146334537657219
5965,9914,2,8,5000,-0.17671009391135162,0.3146334537657219
5965,9914,2,9,50,-0.029804850215759626,0.31585452524934493
5965,9914,2,9,100,-0.1484431512060047,0.31585452524934493
5965,9914,2,9,250,-0.07288223977950237,0.31585452524934493
5965,9914,2,9,500,-0.030844672120923566,0.31585452524934493
5965,9914,2,9,1000,-0.002578119153923142,0.31585452524934493
5965,9914,2,9,2000,-0.011767369858571741,0.31585452524934493
5965,9914,2,9,5000,-0.002578119153923142,0.31585452524934493
5965,9914,2,10,50,-0.1679308479459234,0.2725256006021587
5965,9914,2,10,100,-0.2409896391958285,0.2725256006021587
5965,9914,2,10,250,-0.09068392843780315,0.2725256006021587
5965,9914,2,10,500,-0.24549306577535968,0.2725256006021587
5965,9914,2,10,1000,-0.22568071699383763,0.2725256006021587
5965,9914,2,10,2000,-0.1535198828914225,0.2725256006021587
5965,9914,2,10,5000,-0.22986728629867048,0.2725256006021587
5965,9914,2,11,50,0.019660350826867456,0.22055347014792392
5965,9914,2,11,100,-0.17533197912249587,0.22055347014792392
5965,9914,2,11,250,-0.12775077324087636,0.22055347014792392
5965,9914,2,11,500,-0.1067945424160025,0.22055347014792392
5965,9914,2,11,1000,-0.10729145880621682,0.22055347014792392
5965,9914,2,11,2000,-0.15295788019755008,0.22055347014792392
5965,9914,2,11,5000,-0.06016351862014002,0.22055347014792392
5965,9914,2,12,50,-0.1193495734703558,0.23077496105889977
5965,9914,2,12,100,0.3796784190965547,0.23077496105889977
5965,9914,2,12,250,0.4180010008480716,0.23077496105889977
5965,9914,2,12,500,0.7016015128083608,0.23077496105889977
5965,9914,2,12,1000,0.4713382523509012,0.23077496105889977
5965,9914,2,12,2000,0.4713382523509012,0.23077496105889977
5965,9914,2,12,5000,0.25450810343967656,0.23077496105889977
5965,9914,2,13,50,0.003524793594574138,0.24201348575210221
5965,9914,2,13,100,-0.11653254471078256,0.24201348575210221
5965,9914,2,13,250,-0.10445845077448623,0.24201348575210221
5965,9914,2,13,500,-0.11476858896011555,0.24201348575210221
5965,9914,2,13,1000,-0.10985398842632843,0.24201348575210221
5965,9914,2,13,2000,-0.07532395051258389,0.24201348575210221
5965,9914,2,13,5000,-0.11153882729290676,0.24201348575210221
5965,9914,2,14,50,0.09794007694994011,0.19952578559588577
5965,9914,2,14,100,0.04524628345513926,0.19952578559588577
5965,9914,2,14,250,0.029942427851638254,0.19952578559588577
5965,9914,2,14,500,0.03969134282008324,0.19952578559588577
5965,9914,2,14,1000,0.029942427851638254,0.19952578559588577
5965,9914,2,14,2000,0.05227287608191333,0.19952578559588577
5965,9914,2,14,5000,0.05227287608191333,0.19952578559588577
5965,9914,2,15,50,-0.11976815245316896,0.19193097497384845
5965,9914,2,15,100,0.017077554812800044,0.19193097497384845
5965,9914,2,15,250,-0.07731824162530276,0.19193097497384845
5965,9914,2,15,500,-0.1365124809807694,0.19193097497384845
5965,9914,2,15,1000,-0.023997359132973517,0.19193097497384845
5965,9914,2,15,2000,-0.01708651879474199,0.19193097497384845
5965,9914,2,15,5000,-0.04050862413010392,0.19193097497384845
5965,9914,2,16,50,0.020861134668628045,0.1825361277096318
5965,9914,2,16,100,-0.11518171160609614,0.1825361277096318
5965,9914,2,16,250,-0.08045680451971804,0.1825361277096318
5965,9914,2,16,500,-0.06691612519019086,0.1825361277096318
5965,9914,2,16,1000,-0.043897399042180485,0.1825361277096318
5965,9914,2,16,2000,-0.08264011872989041,0.1825361277096318
5965,9914,2,16,5000,-0.07579475443366412,0.1825361277096318
5965,9914,2,17,50,-0.08891139844354035,0.17914940893375852
5965,9914,2,17,100,-0.07603054613254834,0.17914940893375852
5965,9914,2,17,250,-0.08923488127010937,0.17914940893375852
5965,9914,2,17,500,-0.09537520889975193,0.17914940893375852
5965,9914,2,17,1000,-0.10115619777506124,0.17914940893375852
5965,9914,2,17,2000,-0.08819700805667086,0.17914940893375852
5965,9914,2,17,5000,-0.09269926542116647,0.17914940893375852
5965,9914,2,18,50,-0.1585977837918734,0.1785743611412658
5965,9914,2,18,100,-0.06694301713601614,0.1785743611412658
5965,9914,2,18,250,0.06611950001247124,0.1785743611412658
5965,9914,2,18,500,-0.16206060898954977,0.1785743611412658
5965,9914,2,18,1000,-0.17631918635105026,0.1785743611412658
5965,9914,2,18,2000,-0.11026905976403689,0.1785743611412658
5965,9914,2,18,5000,-0.06547993938789254,0.1785743611412658
5965,9914,2,19,50,0.08229987715447307,0.16578007556261457
5965,9914,2,19,100,0.030452985083935236,0.16578007556261457
5965,9914,2,19,250,0.5167497848644346,0.16578007556261457
5965,9914,2,19,500,0.15738491806141086,0.16578007556261457
5965,9914,2,19,1000,0.14746062083759426,0.16578007556261457
5965,9914,2,19,2000,0.15036027412636221,0.16578007556261457
5965,9914,2,19,5000,0.3076668547803745,0.16578007556261457
5965,9914,2,20,50,-0.059684530193809704,0.17095244866071882
5965,9914,2,20,100,0.04718679067621223,0.17095244866071882
5965,9914,2,20,250,-0.07022110635803469,0.17095244866071882
5965,9914,2,20,500,-0.0963211038637094,0.17095244866071882
5965,9914,2,20,1000,-0.04026386844927665,0.17095244866071882
5965,9914,2,20,2000,-0.05711459554513554,0.17095244866071882
5965,9914,2,20,5000,-0.08497893853982275,0.17095244866071882
5965,9914,2,21,50,-0.007974826020803572,0.15490706969820306
5965,9914,2,21,100,-0.021818721782942307,0.15490706969820306
5965,9914,2,21,250,0.07328990608864883,0.15490706969820306
5965,9914,2,21,500,0.008768333291760966,0.15490706969820306
5965,9914,2,21,1000,-0.13264861502581515,0.15490706969820306
5965,9914,2,21,2000,-0.0030723073757193964,0.15490706969820306
5965,9914,2,21,5000,-0.0030723073757193964,0.15490706969820306
5965,9914,2,22,50,-0.07144527450050964,0.15299217197869822
5965,9914,2,22,100,-0.053309190341972235,0.15299217197869822
5965,9914,2,22,250,-0.05340272754483444,0.15299217197869822
5965,9914,2,22,500,-0.07740710196802192,0.15299217197869822
5965,9914,2,22,1000,-0.08538660484896954,0.15299217197869822
5965,9914,2,22,2000,0.3614643872689644,0.15299217197869822
5965,9914,2,22,5000,-0.1677757320845069,0.15299217197869822
5965,9914,2,23,50,0.017890549001025047,0.14638640768354927
5965,9914,2,23,100,-0.06072902895911925,0.14638640768354927
5965,9914,2,23,250,-0.05727049088324032,0.14638640768354927
5965,9914,2,23,500,-0.03640935621461239,0.14638640768354927
5965,9914,2,23,1000,-0.035360180589159795,0.14638640768354927
5965,9914,2,23,2000,-0.10300862413010614,0.14638640768354927
5965,9914,2,23,5000,-0.13731378301863317,0.14638640768354927
5965,9914,2,24,50,-0.038103938539822524,0.13905566263924946
5965,9914,2,24,100,-0.057100175226358796,0.13905566263924946
5965,9914,2,24,250,-0.04188440048888664,0.13905566263924946
5965,9914,2,24,500,-0.06420315656880704,0.13905566263924946
5965,9914,2,24,1000,-0.025221137537103755,0.13905566263924946
5965,9914,2,24,2000,-0.04978517622409073,0.13905566263924946
5965,9914,2,24,5000,-0.04188440048888664,0.13905566263924946
5965,3903,0,5,50,0.11584391133424843,0.030836315725752902
5965,3903,0,5,100,-0.01657006346800627,0.030836315725752902
5965,3903,0,5,250,0.05191953219974943,0.030836315725752902
5965,3903,0,5,500,0.05302420309761646,0.030836315725752902
5965,3903,0,5,1000,0.0732329212649393,0.030836315725752902
5965,3903,0,5,2000,0.05191953219974943,0.030836315725752902
5965,3903,0,5,5000,0.05191953219974943,0.030836315725752902
5965,3903,0,6,50,0.0017381668482283619,0.026258747793665663
5965,3903,0,6,100,-0.005214500544688305,0.026258747793665663
5965,3903,0,6,250,0.03645413962961108,0.026258747793665663
5965,3903,0,6,500,0.22601793523737235,0.026258747793665663
5965,3903,0,6,1000,0.1149015614392388,0.026258747793665663
5965,3903,0,6,2000,0.004889858538972169,0.026258747793665663
5965,3903,0,6,5000,-0.02540743065094242,0.026258747793665663
5965,3903,0,7,50,-0.005688635753642979,0.02514765020921548
5965,3903,0,7,100,0.11679933571732948,0.02514765020921548
5965,3903,0,7,250,0.015156291937035826,0.02514765020921548
5965,3903,0,7,500,-0.044349403605993265,0.02514765020921548
5965,3903,0,7,1000,-0.02730150460222036,0.02514765020921548
5965,3903,0,7,2000,-0.022725187088524,0.02514765020921548
5965,3903,0,7,5000,0.05192397259192438,0.02514765020921548
5965,3903,0,8,50,-0.022732834430603144,0.026388670020260813
5965,3903,0,8,100,-0.009629730497797806,0.026388670020260813
5965,3903,0,8,250,0.020679153049462884,0.026388670020260813
5965,3903,0,8,500,-0.024935022261166395,0.026388670020260813
5965,3903,0,8,1000,-0.047349135208954674,0.026388670020260813
5965,3903,0,8,2000,-0.04040066151975885,0.026388670020260813
5965,3903,0,8,5000,-0.014842504223305797,0.026388670020260813
5965,3903,0,9,50,-0.01215656033407575,0.023104322842354287
5965,3903,0,9,100,0.04008539367530162,0.023104322842354287
5965,3903,0,9,250,0.050342699600560814,0.023104322842354287
5965,3903,0,9,500,0.041347698495396545,0.023104322842354287
5965,3903,0,9,1000,-0.011525037891347067,0.023104322842354287
5965,3903,0,9,2000,-0.039771112584663704,0.023104322842354287
5965,3903,0,9,5000,0.050342699600560814,0.023104322842354287
5965,3903,0,10,50,-0.00789551066483496,0.02467224185541329
5965,3903,0,10,100,-0.04640308498713408,0.02467224185541329
5965,3903,0,10,250,-0.1100094827041791,0.02467224185541329
5965,3903,0,10,500,-0.046242490803453884,0.02467224185541329
5965,3903,0,10,1000,0.06613298086486985,0.02467224185541329
5965,3903,0,10,2000,-0.006001436713557018,0.02467224185541329
5965,3903,0,10,5000,-0.046242490803453884,0.02467224185541329
5965,3903,0,11,50,0.07655482798907398,0.023429179959643682
5965,3903,0,11,100,0.023995879316059843,0.023429179959643682
5965,3903,0,11,250,-0.0640874402027195,0.023429179959643682
5965,3903,0,11,500,0.08853352594767694,0.023429179959643682
5965,3903,0,11,1000,0.06408250643363478,0.023429179959643682
5965,3903,0,11,2000,0.055867287532166854,0.023429179959643682
5965,3903,0,11,5000,0.08002499447417799,0.023429179959643682
5965,3903,0,12,50,0.04892276085823788,0.021890479160194678
5965,3903,0,12,100,0.00520315287579487,0.021890479160194678
5965,3903,0,12,250,0.05318282377366168,0.021890479160194678
5965,3903,0,12,500,-0.05509120565528447,0.021890479160194678
5965,3903,0,12,1000,0.05239539422788353,0.021890479160194678
5965,3903,0,12,2000,0.05239539422788353,0.021890479160194678
5965,3903,0,12,5000,0.012150886499628033,0.021890479160194678
5965,3903,0,13,50,-0.030142122152228668,0.026458592490985856
5965,3903,0,13,100,0.06881793800028368,0.026458592490985856
5965,3903,0,13,250,-0.017370567501856504,0.026458592490985856
5965,3903,0,13,500,0.05460695621970524,0.026458592490985856
5965,3903,0,13,1000,0.016257509196544673,0.026458592490985856
5965,3903,0,13,2000,-0.00584552961050866,0.026458592490985856
5965,3903,0,13,5000,-0.03661646063247004,0.026458592490985856
5965,3903,0,14,50,0.016576477367813647,0.02567028169083152
5965,3903,0,14,100,0.08176365469931568,0.02567028169083152
5965,3903,0,14,250,0.011838085539714438,0.02567028169083152
5965,3903,0,14,500,0.004414243199292511,0.02567028169083152
5965,3903,0,14,1000,-0.030146562544404065,0.02567028169083152
5965,3903,0,14,2000,-0.010891788629438293,0.02567028169083152
5965,3903,0,14,5000,-0.030146562544404065,0.02567028169083152
5965,3903,0,15,50,0.052873476452105495,0.027148754954218594
5965,3903,0,15,100,0.039454364609481374,0.027148754954218594
5965,3903,0,15,250,-0.01909862012346264,0.027148754954218594
5965,3903,0,15,500,-0.03519627520169355,0.027148754954218594
5965,3903,0,15,1000,0.014521069167495404,0.027148754954218594
5965,3903,0,15,2000,0.045134119578774445,0.027148754954218594
5965,3903,0,15,5000,0.06549997829141463,0.027148754954218594
5965,3903,0,16,50,-0.00458248472505185,0.025020554708858878
5965,3903,0,16,100,-0.04071987637948338,0.025020554708858878
5965,3903,0,16,250,0.08223384289300506,0.025020554708858878
5965,3903,0,16,500,0.05776456843335065,0.025020554708858878
5965,3903,0,16,1000,0.05776456843335065,0.025020554708858878
5965,3903,0,16,2000,0.07544250974912725,0.025020554708858878
5965,3903,0,16,5000,-0.003625333522790042,0.025020554708858878
5965,3903,0,17,50,-0.034885694437866266,0.024076132469607502
5965,3903,0,17,100,-0.03424973160296263,0.024076132469607502
5965,3903,0,17,250,0.040727277033106635,0.024076132469607502
5965,3903,0,17,500,-0.03424973160296263,0.024076132469607502
5965,3903,0,17,1000,-0.02414537251930038,0.024076132469607502
5965,3903,0,17,2000,-0.013729692606450294,0.024076132469607502
5965,3903,0,17,5000,-0.02604388686275494,0.024076132469607502
5965,3903,0,18,50,0.0006332492619085528,0.024037347285644287
5965,3903,0,18,100,-0.015620066230916607,0.024037347285644287
5965,3903,0,18,250,0.013883626201866228,0.024037347285644287
5965,3903,0,18,500,-0.02636556860701944,0.024037347285644287
5965,3903,0,18,1000,-0.008676032933895517,0.024037347285644287
5965,3903,0,18,2000,-0.028728103932807225,0.024037347285644287
5965,3903,0,18,5000,0.04356518101011897,0.024037347285644287
5965,3903,0,19,50,0.038662988048437485,0.022206808421675273
5965,3903,0,19,100,-0.026522955840793228,0.022206808421675273
5965,3903,0,19,250,-0.059034767283980716,0.022206808421675273
5965,3903,0,19,500,0.02587983904071789,0.022206808421675273
5965,3903,0,19,1000,-0.028575403779661945,0.022206808421675273
5965,3903,0,19,2000,-0.02683871706215768,0.022206808421675273
5965,3903,0,19,5000,-0.016418596757130977,0.022206808421675273
5965,3903,0,20,50,0.06882139163864331,0.02282707126198734
5965,3903,0,20,100,-0.03630291960719356,0.02282707126198734
5965,3903,0,20,250,0.026193133377540923,0.02282707126198734
5965,3903,0,20,500,0.10306347589952547,0.02282707126198734
5965,3903,0,20,1000,-0.020356977928289388,0.02282707126198734
5965,3903,0,20,2000,0.016253315492825493,0.02282707126198734
5965,3903,0,20,5000,0.008520865896210927,0.02282707126198734
5965,3903,0,21,50,-0.025731085902841233,0.024159900715303852
5965,3903,0,21,100,-0.051454771152055545,0.024159900715303852
5965,3903,0,21,250,-0.000950737302451321,0.024159900715303852
5965,3903,0,21,500,0.002519429182651356,0.024159900715303852
5965,3903,0,21,1000,0.3494349354268308,0.024159900715303852
5965,3903,0,21,2000,0.24054270473168138,0.024159900715303852
5965,3903,0,21,5000,0.02004245014919781,0.024159900715303852
5965,3903,0,22,50,0.003951208970775499,0.04629237361516143
5965,3903,0,22,100,-0.014200867553956664,0.04629237361516143
5965,3903,0,22,250,0.42803086368588067,0.04629237361516143
5965,3903,0,22,500,0.6373159210754831,0.04629237361516143
5965,3903,0,22,1000,0.6373159210754831,0.04629237361516143
5965,3903,0,22,2000,0.6373159210754831,0.04629237361516143
5965,3903,0,22,5000,0.2929272446675809,0.04629237361516143
5965,3903,0,23,50,-0.07560261055589734,0.07587883862791238
5965,3903,0,23,100,-0.06486993597941249,0.07587883862791238
5965,3903,0,23,250,0.005528534946873109,0.07587883862791238
5965,3903,0,23,500,-0.046712185620234714,0.07587883862791238
5965,3903,0,23,1000,-0.06092020713936197,0.07587883862791238
5965,3903,0,23,2000,-0.028404448680908745,0.07587883862791238
5965,3903,0,23,5000,-0.10937944039217584,0.07587883862791238
5965,3903,0,24,50,-0.14930029286853275,0.07902759152061735
5965,3903,0,24,100,0.0853917017951018,0.07902759152061735
5965,3903,0,24,250,-0.02020748472505085,0.07902759152061735
5965,3903,0,24,500,-0.047189774467547796,0.07902759152061735
5965,3903,0,24,1000,-0.036781495208323745,0.07902759152061735
5965,3903,0,24,2000,-0.013096690032997516,0.07902759152061735
5965,3903,0,24,5000,-0.034401445002290365,0.07902759152061735
5965,3903,1,5,50,-0.03851448159901494,0.02619245243647
5965,3903,1,5,100,0.018147389444101325,0.02619245243647
5965,3903,1,5,250,0.001742853928857424,0.02619245243647
5965,3903,1,5,500,0.012147186172815294,0.02619245243647
5965,3903,1,5,1000,0.0012692120968107456,0.02619245243647
5965,3903,1,5,2000,-0.049236795260424904,0.02619245243647
5965,3903,1,5,5000,0.0012692120968107456,0.02619245243647
5965,3903,1,6,50,-0.02083530684096735,0.026071248297153467
5965,3903,1,6,100,0.0549303647831505,0.026071248297153467
5965,3903,1,6,250,0.03014384897140643,0.026071248297153467
5965,3903,1,6,500,-0.04213315453354294,0.026071248297153467
5965,3903,1,6,1000,0.0386701420136073,0.026071248297153467
5965,3903,1,6,2000,-0.011835865343628349,0.026071248297153467
5965,3903,1,6,5000,0.01972397535483572,0.026071248297153467
5965,3903,1,7,50,-0.03267314569222779,0.02508756570288275
5965,3903,1,7,100,-0.07923287784777266,0.02508756570288275
5965,3903,1,7,250,-0.04214622902161569,0.02508756570288275
5965,3903,1,7,500,-0.0468675993463753,0.02508756570288275
5965,3903,1,7,1000,-0.04749912178910387,0.02508756570288275
5965,3903,1,7,2000,-0.04749912178910387,0.02508756570288275
5965,3903,1,7,5000,0.03630316629564534,0.02508756570288275
5965,3903,1,8,50,-0.037095529610510325,0.02249511609020547
5965,3903,1,8,100,-0.027466045801165295,0.02249511609020547
5965,3903,1,8,250,-0.005835662072341985,0.02249511609020547
5965,3903,1,8,500,-0.027466045801165295,0.02249511609020547
5965,3903,1,8,1000,-0.013888313282496512,0.02249511609020547
5965,3903,1,8,2000,-0.04402698179636644,0.02249511609020547
5965,3903,1,8,5000,-0.026044133551209048,0.02249511609020547
5965,3903,1,9,50,-0.04876512693601154,0.024664769647831205
5965,3903,1,9,100,0.05935151525916005,0.024664769647831205
5965,3903,1,9,250,0.0012667452122689937,0.024664769647831205
5965,3903,1,9,500,-0.01878433903282395,0.024664769647831205
5965,3903,1,9,1000,-0.03172931566649484,0.024664769647831205
5965,3903,1,9,2000,-0.01878433903282395,0.024664769647831205
5965,3903,1,9,5000,-0.01878433903282395,0.024664769647831205
5965,3903,1,10,50,-0.012942756437582581,0.02405932665703815
5965,3903,1,10,100,0.020369312350998037,0.02405932665703815
5965,3903,1,10,250,-0.03898960356178838,0.02405932665703815
5965,3903,1,10,500,-0.03503074724893129,0.02405932665703815
5965,3903,1,10,1000,-0.025728619018298926,0.02405932665703815
5965,3903,1,10,2000,-0.025100056837021656,0.02405932665703815
5965,3903,1,10,5000,-0.025728619018298926,0.02405932665703815
5965,3903,1,11,50,0.017357493013782754,0.025969746343710368
5965,3903,1,11,100,-0.011994486019672124,0.025969746343710368
5965,3903,1,11,250,0.00616227758568888,0.025969746343710368
5965,3903,1,11,500,-0.03392360946652173,0.025969746343710368
5965,3903,1,11,1000,0.009161269123288185,0.025969746343710368
5965,3903,1,11,2000,0.06645688280522255,0.025969746343710368
5965,3903,1,11,5000,-0.017837548745640253,0.025969746343710368
5965,3903,1,12,50,0.051299110737459075,0.02501207083666893
5965,3903,1,12,100,0.0511417235036854,0.02501207083666893
5965,3903,1,12,250,0.003634460995594835,0.02501207083666893
5965,3903,1,12,500,0.05161487195882375,0.02501207083666893
5965,3903,1,12,1000,-0.014680183220449727,0.02501207083666893
5965,3903,1,12,2000,0.03172191501286725,0.02501207083666893
5965,3903,1,12,5000,-0.0017322463253289788,0.02501207083666893
5965,3903,1,13,50,-0.024625428251157988,0.02494462554100734
5965,3903,1,13,100,0.03456425938205454,0.02494462554100734
5965,3903,1,13,250,0.035038394591009214,0.02494462554100734
5965,3903,1,13,500,-0.029675880973808577,0.02494462554100734
5965,3903,1,13,1000,0.07687428953725184,0.02494462554100734
5965,3903,1,13,2000,-0.029675880973808577,0.02494462554100734
5965,3903,1,13,5000,0.041510266186709166,0.02494462554100734
5965,3903,1,14,50,-0.05113481622697147,0.024560904410903046
5965,3903,1,14,100,0.0443543373750771,0.024560904410903046
5965,3903,1,14,250,0.004266230126777959,0.024560904410903046
5965,3903,1,14,500,-0.047974490440328865,0.024560904410903046
5965,3903,1,14,1000,0.07466470105306366,0.024560904410903046
5965,3903,1,14,2000,-0.00962578348253107,0.024560904410903046
5965,3903,1,14,5000,-0.00962578348253107,0.024560904410903046
5965,3903,1,15,50,0.003001705110594499,0.02375542480853775
5965,3903,1,15,100,0.0014224056268649088,0.02375542480853775
5965,3903,1,15,250,0.0642453208134004,0.02375542480853775
5965,3903,1,15,500,-0.01688952501618335,0.02375542480853775
5965,3903,1,15,1000,0.017054806280488943,0.02375542480853775
5965,3903,1,15,2000,-0.013416151581174596,0.02375542480853775
5965,3903,1,15,5000,0.0642453208134004,0.02375542480853775
5965,3903,1,16,50,-0.04640851213312591,0.023493821691294048
5965,3903,1,16,100,-0.010732921264940076,0.023493821691294048
5965,3903,1,16,250,0.02414413907702906,0.023493821691294048
5965,3903,1,16,500,-0.03930610484851471,0.023493821691294048
5965,3903,1,16,1000,0.03993047332606947,0.023493821691294048
5965,3903,1,16,2000,-0.03250465747801623,0.023493821691294048
5965,3903,1,16,5000,0.0036334742417777344,0.023493821691294048
5965,3903,1,17,50,-0.11269073951278075,0.025229554118125136
5965,3903,1,17,100,-0.02825816242757384,0.025229554118125136
5965,3903,1,17,250,-0.006312017477384191,0.025229554118125136
5965,3903,1,17,500,-0.023205489508833388,0.025229554118125136
5965,3903,1,17,1000,0.05603429561565465,0.025229554118125136
5965,3903,1,17,2000,0.02935173234499966,0.025229554118125136
5965,3903,1,17,5000,0.02461630077835042,0.025229554118125136
5965,3903,1,18,50,-0.03867704929032789,0.02560728478983249
5965,3903,1,18,100,-0.10701295805112221,0.02560728478983249
5965,3903,1,18,250,-0.028098801686164965,0.02560728478983249
5965,3903,1,18,500,-0.018626705110596053,0.02560728478983249
5965,3903,1,18,1000,0.023522977549375712,0.02560728478983249
5965,3903,1,18,2000,-0.06487018266786826,0.02560728478983249
5965,3903,1,18,5000,-0.06487018266786826,0.02560728478983249
5965,3903,1,19,50,-0.012785862580716567,0.02534857466003562
5965,3903,1,19,100,0.00031773472899709887,0.02534857466003562
5965,3903,1,19,250,0.04181788668908526,0.02534857466003562
5965,3903,1,19,500,0.07623610650626,0.02534857466003562
5965,3903,1,19,1000,0.07907721743317675,0.02534857466003562
5965,3903,1,19,2000,-0.04166271965139978,0.02534857466003562
5965,3903,1,19,5000,0.07907721743317675,0.02534857466003562
5965,3903,1,20,50,0.05319145786955992,0.025604984148456397
5965,3903,1,20,100,-0.02746678586652873,0.025604984148456397
5965,3903,1,20,250,0.038030725540346144,0.025604984148456397
5965,3903,1,20,500,-0.051142216880595726,0.025604984148456397
5965,3903,1,20,1000,-0.04560726803391291,0.025604984148456397
5965,3903,1,20,2000,0.05887812011556881,0.025604984148456397
5965,3903,1,20,5000,-0.06881744462337636,0.025604984148456397
5965,3903,1,21,50,-0.005051439476467912,0.025722755204049843
5965,3903,1,21,100,0.015627713572995305,0.025722755204049843
5965,3903,1,21,250,0.04087800367861716,0.025722755204049843
5965,3903,1,21,500,0.0656640261134529,0.025722755204049843
5965,3903,1,21,1000,0.013579952714756205,0.025722755204049843
5965,3903,1,21,2000,0.05903156033407564,0.025722755204049843
5965,3903,1,21,5000,0.05903156033407564,0.025722755204049843
5965,3903,1,22,50,0.037244776125293644,0.025251274015359173
5965,3903,1,22,100,0.03519380831715013,0.025251274015359173
5965,3903,1,22,250,0.06850365690964488,0.025251274015359173
5965,3903,1,22,500,0.05982022332212433,0.025251274015359173
5965,3903,1,22,1000,-0.021789004404870083,0.025251274015359173
5965,3903,1,22,2000,0.08301362509670096,0.025251274015359173
5965,3903,1,22,5000,-0.042770844187625556,0.025251274015359173
5965,3903,1,23,50,0.01278931621907431,0.02418398453749951
5965,3903,1,23,100,-0.03140220677623673,0.02418398453749951
5965,3903,1,23,250,-0.006942059789388,0.02418398453749951
5965,3903,1,23,500,-0.0004746285858637789,0.02418398453749951
5965,3903,1,23,1000,-0.01310705094807485,0.02418398453749951
5965,3903,1,23,2000,0.01467845640126808,0.02418398453749951
5965,3903,1,23,5000,0.012942756437580916,0.02418398453749951
5965,3903,1,24,50,0.03456179249751301,0.024419505009690205
5965,3903,1,24,100,-0.01294374319139835,0.024419505009690205
5965,3903,1,24,250,0.003315986201234411,0.024419505009690205
5965,3903,1,24,500,-0.04387773528158134,0.024419505009690205
5965,3903,1,24,1000,0.06913542604082801,0.024419505009690205
5965,3903,1,24,2000,0.07701564202150235,0.024419505009690205
5965,3903,1,24,5000,-0.05224935466300484,0.024419505009690205
5965,3903,2,5,50,-0.02020057744833481,0.06108396934033017
5965,3903,2,5,100,-0.09817633093354916,0.06108396934033017
5965,3903,2,5,250,-0.03693444204992247,0.06108396934033017
5965,3903,2,5,500,-0.03993565378360919,0.06108396934033017
5965,3903,2,5,1000,-0.0977026891015026,0.06108396934033017
5965,3903,2,5,2000,-0.03693444204992247,0.06108396934033017
5965,3903,2,5,5000,-0.06707385062915483,0.06108396934033017
5965,3903,2,6,50,-0.10023025900314253,0.047022336898127716
5965,3903,2,6,100,-0.09439015653862626,0.047022336898127716
5965,3903,2,6,250,-0.06328841629959447,0.047022336898127716
5965,3903,2,6,500,-0.04497771909881798,0.047022336898127716
5965,3903,2,6,1000,-0.04497771909881798,0.047022336898127716
5965,3903,2,6,2000,-0.024784788992563866,0.047022336898127716
5965,3903,2,6,5000,-0.014680429908903392,0.047022336898127716
5965,3903,2,7,50,-0.007104874169153619,0.043702629491331024
5965,3903,2,7,100,-0.008209791755474871,0.043702629491331024
5965,3903,2,7,250,0.002999484914506856,0.043702629491331024
5965,3903,2,7,500,-0.008209791755474871,0.043702629491331024
5965,3903,2,7,1000,-0.03677557468542314,0.043702629491331024
5965,3903,2,7,2000,-0.017674734365871525,0.043702629491331024
5965,3903,2,7,5000,-0.017674734365871525,0.043702629491331024
5965,3903,2,8,50,-0.04387428164322127,0.044166058851145086
5965,3903,2,8,100,0.15277884676108,0.044166058851145086
5965,3903,2,8,250,-0.008369892562244297,0.044166058851145086
5965,3903,2,8,500,0.001576585910734063,0.044166058851145086
5965,3903,2,8,1000,-0.009948698669066225,0.044166058851145086
5965,3903,2,8,2000,0.31187316463790105,0.044166058851145086
5965,3903,2,8,5000,-0.010898202529246781,0.044166058851145086
5965,3903,2,9,50,-0.0961253631254042,0.10510460948349985
5965,3903,2,9,100,-0.10021792458043277,0.10510460948349985
5965,3903,2,9,250,-0.07102851323828918,0.10510460948349985
5965,3903,2,9,500,-0.06518520382386894,0.10510460948349985
5965,3903,2,9,1000,-0.1115848351726424,0.10510460948349985
5965,3903,2,9,2000,-0.09469308996037251,0.10510460948349985
5965,3903,2,9,5000,-0.09279950938600268,0.10510460948349985
5965,3903,2,10,50,-0.09375320694990419,0.08664623388011375
5965,3903,2,10,100,-0.04434891022908494,0.08664623388011375
5965,3903,2,10,250,-0.025576165553608865,0.08664623388011375
5965,3903,2,10,500,-0.04276763723772148,0.08664623388011375
5965,3903,2,10,1000,-0.01862892530668314,0.08664623388011375
5965,3903,2,10,2000,-0.025576165553608865,0.08664623388011375
5965,3903,2,10,5000,-0.09138845142802954,0.08664623388011375
5965,3903,2,11,50,-0.11126882726282383,0.07510938030243224
5965,3903,2,11,100,-0.09801351655378177,0.07510938030243224
5965,3903,2,11,250,-0.06439876103190778,0.07510938030243224
5965,3903,2,11,500,-0.17203658093749552,0.07510938030243224
5965,3903,2,11,1000,-0.14251537362446487,0.07510938030243224
5965,3903,2,11,2000,-0.1264204321192307,0.07510938030243224
5965,3903,2,11,5000,-0.07243858444244489,0.07510938030243224
5965,3903,2,12,50,-0.028096828178532207,0.07800142020169776
5965,3903,2,12,100,-0.029042138334991696,0.07800142020169776
5965,3903,2,12,250,0.07055561147160427,0.07800142020169776
5965,3903,2,12,500,0.089487470200034,0.07800142020169776
5965,3903,2,12,1000,-0.10685310393280723,0.07800142020169776
5965,3903,2,12,2000,0.018461670534740793,0.07800142020169776
5965,3903,2,12,5000,-0.10685310393280723,0.07800142020169776
5965,3903,2,13,50,-0.012781915565450719,0.07792582373493487
5965,3903,2,13,100,-0.12404802925527736,0.07792582373493487
5965,3903,2,13,250,-0.08491855333996523,0.07792582373493487
5965,3903,2,13,500,0.05714118670960966,0.07792582373493487
5965,3903,2,13,1000,-0.06171454396185605,0.07792582373493487
5965,3903,2,13,2000,-0.013264931558756188,0.07792582373493487
5965,3903,2,13,5000,-0.009781443897125985,0.07792582373493487
5965,3903,2,14,50,-0.1013198819053035,0.07293947468099174
5965,3903,2,14,100,0.11411363851655265,0.07293947468099174
5965,3903,2,14,250,-0.05192101233047619,0.07293947468099174
5965,3903,2,14,500,0.0700725954782998,0.07293947468099174
5965,3903,2,14,1000,0.023995632627606733,0.07293947468099174
5965,3903,2,14,2000,-0.04671613263550156,0.07293947468099174
5965,3903,2,14,5000,-0.012476515259161824,0.07293947468099174
5965,3903,2,15,50,-0.05619538317624162,0.07500058131444687
5965,3903,2,15,100,-0.12768668395459304,0.07500058131444687
5965,3903,2,15,250,-0.1068516238020818,0.07500058131444687
5965,3903,2,15,500,-0.029204459337848543,0.07500058131444687
5965,3903,2,15,1000,0.0393070916023297,0.07500058131444687
5965,3903,2,15,2000,-0.07133588705221139,0.07500058131444687
5965,3903,2,15,5000,-0.0411959850960707,0.07500058131444687
5965,3903,2,16,50,-0.10859349097712279,0.0690152255441904
5965,3903,2,16,100,-0.14757520050837514,0.0690152255441904
5965,3903,2,16,250,-0.06202561810259022,0.0690152255441904
5965,3903,2,16,500,-0.12025988135272125,0.0690152255441904
5965,3903,2,16,1000,-0.07103073343437627,0.0690152255441904
5965,3903,2,16,2000,-0.09137858388986275,0.0690152255441904
5965,3903,2,16,5000,-0.06392857283821896,0.0690152255441904
5965,3903,2,17,50,-0.18356087876347782,0.0720389410940626
5965,3903,2,17,100,-0.02761455225058851,0.0720389410940626
5965,3903,2,17,250,-0.14472890912392022,0.0720389410940626
5965,3903,2,17,500,0.21449462416520548,0.0720389410940626
5965,3903,2,17,1000,-0.1188507969023821,0.0720389410940626
5965,3903,2,17,2000,0.0012657584584546688,0.0720389410940626
5965,3903,2,17,5000,0.21449462416520548,0.0720389410940626
5965,3903,2,18,50,-0.06597978733481724,0.07006446463459366
5965,3903,2,18,100,0.09833322479041318,0.07006446463459366
5965,3903,2,18,250,0.05698157927974834,0.07006446463459366
5965,3903,2,18,500,0.07749150404963778,0.07006446463459366
5965,3903,2,18,1000,-0.030295315682281942,0.07006446463459366
5965,3903,2,18,2000,-0.03993343358752133,0.07006446463459366
5965,3903,2,18,5000,-0.02903301086218668,0.07006446463459366
5965,3903,2,19,50,-0.043407793776346515,0.06889200847751126
5965,3903,2,19,100,0.07891440305341146,0.06889200847751126
5965,3903,2,19,250,-0.04940750367072477,0.06889200847751126
5965,3903,2,19,500,-0.018147142755648993,0.06889200847751126
5965,3903,2,19,1000,-0.00047265507823035513,0.06889200847751126
5965,3903,2,19,2000,-0.021469296168237784,0.06889200847751126
5965,3903,2,19,5000,0.021788511027960755,0.06889200847751126
5965,3903,2,20,50,-0.13384550790192407,0.06506873047711695
5965,3903,2,20,100,-0.1483690439539611,0.06506873047711695
5965,3903,2,20,250,-0.06865512362051662,0.06506873047711695
5965,3903,2,20,500,-0.10259822147492015,0.06506873047711695
5965,3903,2,20,1000,-0.13620384952398923,0.06506873047711695
5965,3903,2,20,2000,0.11868230868816976,0.06506873047711695
5965,3903,2,20,5000,-0.027304711552124883,0.06506873047711695
5965,3903,2,21,50,-0.1006913197240239,0.0714286852573755
5965,3903,2,21,100,-0.01151591041854183,0.0714286852573755
5965,3903,2,21,250,-0.1515135816795331,0.0714286852573755
5965,3903,2,21,500,0.1573494904403283,0.0714286852573755
5965,3903,2,21,1000,-0.09675885907576642,0.0714286852573755
5965,3903,2,21,2000,0.034883967618687284,0.0714286852573755
5965,3903,2,21,5000,-0.01295040377966128,0.0714286852573755
5965,3903,2,22,50,-0.02382837785566605,0.07665416382940024
5965,3903,2,22,100,-0.009475796902381872,0.07665416382940024
5965,3903,2,22,250,0.004726797470753108,0.07665416382940024
5965,3903,2,22,500,-0.12942213722982598,0.07665416382940024
5965,3903,2,22,1000,0.021303028150113312,0.07665416382940024
5965,3903,2,22,2000,-0.11505475496929152,0.07665416382940024
5965,3903,2,22,5000,0.16603119720866977,0.07665416382940024
5965,3903,2,23,50,-0.04593289679344503,0.07002579715167784
5965,3903,2,23,100,-0.050669808490819146,0.07002579715167784
5965,3903,2,23,250,-0.042611730134671344,0.07002579715167784
5965,3903,2,23,500,-0.14646115544924965,0.07002579715167784
5965,3903,2,23,1000,-0.16004061478709752,0.07002579715167784
5965,3903,2,23,2000,0.16855679360267684,0.07002579715167784
5965,3903,2,23,5000,-0.11885055021392776,0.07002579715167784
5965,3903,2,24,50,-0.15846205536873004,0.07289468852820291
5965,3903,2,24,100,-0.13778290231926604,0.07289468852820291
5965,3903,2,24,250,-0.08759857670629478,0.07289468852820291
5965,3903,2,24,500,-0.19507308885520735,0.07289468852820291
5965,3903,2,24,1000,-0.08759857670629478,0.07289468852820291
5965,3903,2,24,2000,-0.14630574172310917,0.07289468852820291
5965,3903,2,24,5000,-0.14630574172310917,0.07289468852820291
5965,10101,0,5,50,-0.26718761687486003,0.1024324018950114
5965,10101,0,5,100,-0.06249549196969595,0.1024324018950114
5965,10101,0,5,250,-0.10959789705395295,0.1024324018950114
5965,10101,0,5,500,-0.08013157437782514,0.1024324018950114
5965,10101,0,5,1000,-0.15178871963925145,0.1024324018950114
5965,10101,0,5,2000,-0.06584479152196543,0.1024324018950114
5965,10101,0,5,5000,-0.037494456792366404,0.1024324018950114
5965,10101,0,6,50,-0.07812316339506153,0.1163177266069392
5965,10101,0,6,100,0.0002213943771838256,0.1163177266069392
5965,10101,0,6,250,0.016523266779221335,0.1163177266069392
5965,10101,0,6,500,-0.033925265539682226,0.1163177266069392
5965,10101,0,6,1000,-0.06651865857046801,0.1163177266069392
5965,10101,0,6,2000,-0.02365831000288643,0.1163177266069392
5965,10101,0,6,5000,-0.023881540985009275,0.1163177266069392
5965,10101,0,7,50,-0.013616088124980386,0.11348213707876682
5965,10101,0,7,100,0.012276034375900857,0.11348213707876682
5965,10101,0,7,250,-0.008260882051227103,0.11348213707876682
5965,10101,0,7,500,0.10692630472414799,0.11348213707876682
5965,10101,0,7,1000,-0.025226269728476525,0.11348213707876682
5965,10101,0,7,2000,-0.045753335274569706,0.11348213707876682
5965,10101,0,7,5000,-0.0656215605398417,0.11348213707876682
5965,10101,0,8,50,-0.08459669491253874,0.11327691667517739
5965,10101,0,8,100,-0.07968878562345827,0.11327691667517739
5965,10101,0,8,250,0.13103191151170557,0.11327691667517739
5965,10101,0,8,500,0.008257208841349173,0.11327691667517739
5965,10101,0,8,1000,0.04084742955451226,0.11327691667517739
5965,10101,0,8,2000,-0.15937089268350157,0.11327691667517739
5965,10101,0,8,5000,0.04084742955451226,0.11327691667517739
5965,10101,0,9,50,-0.09040036651956118,0.10645136815013762
5965,10101,0,9,100,-0.03682860401996135,0.10645136815013762
5965,10101,0,9,250,-0.03704866268446305,0.10645136815013762
5965,10101,0,9,500,0.077681209461119,0.10645136815013762
5965,10101,0,9,1000,-0.01651208018550454,0.10645136815013762
5965,10101,0,9,2000,-0.1017873171409347,0.10645136815013762
5965,10101,0,9,5000,-0.1017873171409347,0.10645136815013762
5965,10101,0,10,50,-0.014727067148949113,0.10272360216312978
5965,10101,0,10,100,-0.014727067148949113,0.10272360216312978
5965,10101,0,10,250,-0.02276572000256516,0.10272360216312978
5965,10101,0,10,500,-0.12187560107070727,0.10272360216312978
5965,10101,0,10,1000,-0.00981715429084451,0.10272360216312978
5965,10101,0,10,2000,0.02031952918799318,0.10272360216312978
5965,10101,0,10,5000,-0.03839072000256516,0.10272360216312978
5965,10101,0,11,50,-0.07343531277048254,0.09587283940187949
5965,10101,0,11,100,0.052679339463363895,0.09587283940187949
5965,10101,0,11,250,-0.021870124648708522,0.09587283940187949
5965,10101,0,11,500,-0.06830200196616998,0.09587283940187949
5965,10101,0,11,1000,-0.025441653398588393,0.09587283940187949
5965,10101,0,11,2000,-0.03347830268317997,0.09587283940187949
5965,10101,0,11,5000,-0.06182863741277911,0.09587283940187949
5965,10101,0,12,50,-0.019641154109186987,0.09124956805321414
5965,10101,0,12,100,0.0852678905356743,0.09124956805321414
5965,10101,0,12,250,0.20714248982186861,0.09124956805321414
5965,10101,0,12,500,0.10736892651443053,0.09124956805321414
5965,10101,0,12,1000,0.25000283838945025,0.09124956805321414
5965,10101,0,12,2000,0.03036342070675202,0.09124956805321414
5965,10101,0,12,5000,0.18727342973616945,0.09124956805321414
5965,10101,0,13,50,0.03191802330551441,0.08910682663370785
5965,10101,0,13,100,-0.07589369196328422,0.08910682663370785
5965,10101,0,13,250,-0.049552436072791806,0.08910682663370785
5965,10101,0,13,500,-0.02588945107551599,0.08910682663370785
5965,10101,0,13,1000,-0.04999789625252482,0.08910682663370785
5965,10101,0,13,2000,-0.018299430719255327,0.08910682663370785
5965,10101,0,13,5000,-0.04954993161151078,0.08910682663370785
5965,10101,0,14,50,0.06473397946208093,0.09079540925199484
5965,10101,0,14,100,-0.06763080634303253,0.09079540925199484
5965,10101,0,14,250,-0.09151702232243131,0.09079540925199484
5965,10101,0,14,500,-0.10401795732130847,0.09079540925199484
5965,10101,0,14,1000,-0.0651766012523648,0.09079540925199484
5965,10101,0,14,2000,-0.11361705651667553,0.09079540925199484
5965,10101,0,14,5000,-0.05088981839650386,0.09079540925199484
5965,10101,0,15,50,-0.049329372054754184,0.09201266881383238
5965,10101,0,15,100,0.11116301839009157,0.09201266881383238
5965,10101,0,15,250,-0.008478770182618778,0.09201266881383238
5965,10101,0,15,500,0.00513665008601949,0.09201266881383238
5965,10101,0,15,1000,-0.04665260383830416,0.09201266881383238
5965,10101,0,15,2000,-0.029461981609907983,0.09201266881383238
5965,10101,0,15,5000,-0.083484213211802,0.09201266881383238
5965,10101,0,16,50,-0.017186114198091795,0.08790869469218884
5965,10101,0,16,100,0.01719112312065152,0.08790869469218884
5965,10101,0,16,250,0.12544796464101327,0.08790869469218884
5965,10101,0,16,500,0.018753906959596667,0.08790869469218884
5965,10101,0,16,1000,-0.017633077054593826,0.08790869469218884
5965,10101,0,16,2000,-0.03750030053535336,0.08790869469218884
5965,10101,0,16,5000,0.0026816101749251864,0.08790869469218884
5965,10101,0,17,50,0.036381975091629104,0.08586468828241615
5965,10101,0,17,100,0.1261176575873817,0.08586468828241615
5965,10101,0,17,250,-0.03504459276791705,0.08586468828241615
5965,10101,0,17,500,-0.0232113471463834,0.08586468828241615
5965,10101,0,17,1000,-0.020309511342872066,0.08586468828241615
5965,10101,0,17,2000,0.028577071957512912,0.08586468828241615
5965,10101,0,17,5000,-0.0468741651795741,0.08586468828241615
5965,10101,0,18,50,0.026567659190237514,0.08359730579834206
5965,10101,0,18,100,-0.1305742629537412,0.08359730579834206
5965,10101,0,18,250,-0.03504225527072202,0.08359730579834206
5965,10101,0,18,500,0.0024573774082898847,0.08359730579834206
5965,10101,0,18,1000,-0.040623363751963626,0.08359730579834206
5965,10101,0,18,2000,-0.05066825705523481,0.08359730579834206
5965,10101,0,18,5000,-0.05870590812433818,0.08359730579834206
5965,10101,0,19,50,0.007369293835418178,0.08539246249949148
5965,10101,0,19,100,0.09933069598173627,0.08539246249949148
5965,10101,0,19,250,-0.015624332143659547,0.08539246249949148
5965,10101,0,19,500,0.08928421160894529,0.08539246249949148
5965,10101,0,19,1000,-0.02656265026767668,0.08539246249949148
5965,10101,0,19,2000,-0.038617123302309375,0.08539246249949148
5965,10101,0,19,5000,-0.04642970678435199,0.08539246249949148
5965,10101,0,20,50,0.06964138785890495,0.0818541819499958
5965,10101,0,20,100,0.06964138785890495,0.0818541819499958
5965,10101,0,20,250,0.09173925152004037,0.0818541819499958
5965,10101,0,20,500,0.023220530171077614,0.0818541819499958
5965,10101,0,20,1000,-0.03370453901883996,0.0818541819499958
5965,10101,0,20,2000,0.1171892531228953,0.0818541819499958
5965,10101,0,20,5000,-0.05290273740957241,0.0818541819499958
5965,10101,0,21,50,-0.18213644572197918,0.08707919490915987
5965,10101,0,21,100,0.012052469465607674,0.08707919490915987
5965,10101,0,21,250,-0.05937643589113417,0.08707919490915987
5965,10101,0,21,500,-0.16451288562025146,0.08707919490915987
5965,10101,0,21,1000,-0.07499776268125624,0.08707919490915987
5965,10101,0,21,2000,0.08728114347691385,0.08707919490915987
5965,10101,0,21,5000,-0.07499776268125624,0.08707919490915987
5965,10101,0,22,50,0.09709980044452449,0.08552335515922846
5965,10101,0,22,100,-0.00512880277400829,0.08552335515922846
5965,10101,0,22,250,-0.07366288481882377,0.08552335515922846
5965,10101,0,22,500,0.0707600472308001,0.08552335515922846
5965,10101,0,22,1000,0.06473097410854478,0.08552335515922846
5965,10101,0,22,2000,0.003130409636365128,0.08552335515922846
5965,10101,0,22,5000,-0.010264785003686216,0.08552335515922846
5965,10101,0,23,50,0.02321084625412806,0.08249942612767126
5965,10101,0,23,100,0.11094012133614051,0.08249942612767126
5965,10101,0,23,250,-0.09374899821548788,0.08249942612767126
5965,10101,0,23,500,0.04464252321468698,0.08249942612767126
5965,10101,0,23,1000,-0.18459666151972076,0.08249942612767126
5965,10101,0,23,2000,0.12321916106557795,0.08249942612767126
5965,10101,0,23,5000,-0.020756808127544657,0.08249942612767126
5965,10101,0,24,50,-0.005361884637166692,0.08538430728105512
5965,10101,0,24,100,-0.006022394558840682,0.08538430728105512
5965,10101,0,24,250,-0.20156188223288396,0.08538430728105512
5965,10101,0,24,500,0.13058244419392373,0.08538430728105512
5965,10101,0,24,1000,-0.05557616634431428,0.08538430728105512
5965,10101,0,24,2000,0.0011191602641504872,0.08538430728105512
5965,10101,0,24,5000,-0.06740740839682413,0.08538430728105512
5965,10101,1,5,50,0.13280607188271487,0.10376261537946879
5965,10101,1,5,100,-0.0058086805295827215,0.10376261537946879
5965,10101,1,5,250,-0.07142957321308341,0.10376261537946879
5965,10101,1,5,500,-0.1564779059765119,0.10376261537946879
5965,10101,1,5,1000,-0.0944200268745391,0.10376261537946879
5965,10101,1,5,2000,-0.08504399169720966,0.10376261537946879
5965,10101,1,5,5000,-0.04285467178867852,0.10376261537946879
5965,10101,1,6,50,0.004682507773848266,0.09703400771901255
5965,10101,1,6,100,0.008478436254448662,0.09703400771901255
5965,10101,1,6,250,0.2200905546413351,0.09703400771901255
5965,10101,1,6,500,0.08951161669320329,0.09703400771901255
5965,10101,1,6,1000,-0.00848845409956922,0.09703400771901255
5965,10101,1,6,2000,0.10580580874731582,0.09703400771901255
5965,10101,1,6,5000,0.034371894468012365,0.09703400771901255
5965,10101,1,7,50,-0.13526879214173526,0.09165634525467851
5965,10101,1,7,100,-0.03638781883461706,0.09165634525467851
5965,10101,1,7,250,-0.08303290928908047,0.09165634525467851
5965,10101,1,7,500,-0.0941974637487577,0.09165634525467851
5965,10101,1,7,1000,-0.11317042758834406,0.09165634525467851
5965,10101,1,7,2000,-0.1162953274098929,0.09165634525467851
5965,10101,1,7,5000,-0.1162953274098929,0.09165634525467851
5965,10101,1,8,50,-0.07946321714413918,0.09806566818197428
5965,10101,1,8,100,0.034151501875340884,0.09806566818197428
5965,10101,1,8,250,0.05424345901499217,0.09806566818197428
5965,10101,1,8,500,0.16539979884166955,0.09806566818197428
5965,10101,1,8,1000,0.10669238804056291,0.09806566818197428
5965,10101,1,8,2000,0.2810250993770241,0.09806566818197428
5965,10101,1,8,5000,0.07143224463844866,0.09806566818197428
5965,10101,1,9,50,-0.06696061250440788,0.0846421489607165
5965,10101,1,9,100,0.08102900633662058,0.0846421489607165
5965,10101,1,9,250,-0.057140118931857664,0.0846421489607165
5965,10101,1,9,500,0.17276842482074684,0.0846421489607165
5965,10101,1,9,1000,0.18102763723112048,0.0846421489607165
5965,10101,1,9,2000,-0.1310292400863402,0.0846421489607165
5965,10101,1,9,5000,0.17745594151715538,0.0846421489607165
5965,10101,1,10,50,0.07031659062009099,0.08208372466891628
5965,10101,1,10,100,0.12656244991077426,0.08208372466891628
5965,10101,1,10,250,-0.06317002687453932,0.08208372466891628
5965,10101,1,10,500,-0.10468948687261614,0.08208372466891628
5965,10101,1,10,1000,-0.06338958464678379,0.08208372466891628
5965,10101,1,10,2000,0.06651899249863757,0.08208372466891628
5965,10101,1,10,5000,0.19709843133902571,0.08208372466891628
5965,10101,1,11,50,-0.08102750365985223,0.09225777252818675
5965,10101,1,11,100,-0.09307980616137501,0.09225777252818675
5965,10101,1,11,250,-0.14910844517700905,0.09225777252818675
5965,10101,1,11,500,-0.1323687929431624,0.09225777252818675
5965,10101,1,11,1000,0.19241225035529963,0.09225777252818675
5965,10101,1,11,2000,-0.03660236768430114,0.09225777252818675
5965,10101,1,11,5000,-0.03660236768430114,0.09225777252818675
5965,10101,1,12,50,-0.14151892571300362,0.08504965047615445
5965,10101,1,12,100,-0.09866141553487284,0.08504965047615445
5965,10101,1,12,250,-0.021882313026938216,0.08504965047615445
5965,10101,1,12,500,-0.06339259000032005,0.08504965047615445
5965,10101,1,12,1000,-0.045533443574153565,0.08504965047615445
5965,10101,1,12,2000,-0.09151969374779645,0.08504965047615445
5965,10101,1,12,5000,-0.09040270401675521,0.08504965047615445
5965,10101,1,13,50,-0.07611792472991863,0.08653539125441706
5965,10101,1,13,100,-0.15044966767468382,0.08653539125441706
5965,10101,1,13,250,0.09508421000609135,0.08653539125441706
5965,10101,1,13,500,-0.11049198973104069,0.08653539125441706
5965,10101,1,13,1000,-0.1468779719607186,0.08653539125441706
5965,10101,1,13,2000,-0.11875320571043801,0.08653539125441706
5965,10101,1,13,5000,-0.13437954142312136,0.08653539125441706
5965,10101,1,14,50,-0.06607052696536808,0.09072572457978363
5965,10101,1,14,100,-0.14978030865648628,0.09072572457978363
5965,10101,1,14,250,-0.17054012213756775,0.09072572457978363
5965,10101,1,14,500,-0.03236448526976077,0.09072572457978363
5965,10101,1,14,1000,-0.07812767142536503,0.09072572457978363
5965,10101,1,14,2000,-0.04062503339281631,0.09072572457978363
5965,10101,1,14,5000,-0.07812767142536503,0.09072572457978363
5965,10101,1,15,50,-0.05379298991269865,0.09165769342709673
5965,10101,1,15,100,0.00871085026126539,0.09165769342709673
5965,10101,1,15,250,-0.07499843053759803,0.09165769342709673
5965,10101,1,15,500,-0.0535699258946607,0.09165769342709673
5965,10101,1,15,1000,-0.0959838124979967,0.09165769342709673
5965,10101,1,15,2000,-0.04084559294957524,0.09165769342709673
5965,10101,1,15,5000,-0.039952669021084075,0.09165769342709673
5965,10101,1,16,50,-0.007362114379749429,0.08813999291348047
5965,10101,1,16,100,-0.06830417249928,0.08813999291348047
5965,10101,1,16,250,-0.030353402861631906,0.08813999291348047
5965,10101,1,16,500,0.013396363388647914,0.08813999291348047
5965,10101,1,16,1000,0.10937950803030383,0.08813999291348047
5965,10101,1,16,2000,0.12522924168919503,0.08813999291348047
5965,10101,1,16,5000,-0.08258878482203058,0.08813999291348047
5965,10101,1,17,50,-0.019646496959917714,0.09403581752665834
5965,10101,1,17,100,-0.0035670207195750425,0.09403581752665834
5965,10101,1,17,250,-0.02834783026831822,0.09403581752665834
5965,10101,1,17,500,-0.07053681624867836,0.09403581752665834
5965,10101,1,17,1000,-0.050444692144941516,0.09403581752665834
5965,10101,1,17,2000,-0.07053681624867836,0.09403581752665834
5965,10101,1,17,5000,-0.03995350384151042,0.09403581752665834
5965,10101,1,18,50,-0.00490941196584993,0.0920845495587943
5965,10101,1,18,100,0.042410046429371406,0.0920845495587943
5965,10101,1,18,250,0.013174802047379641,0.0920845495587943
5965,10101,1,18,500,0.000228239904682348,0.0920845495587943
5965,10101,1,18,1000,-0.03950804366177729,0.0920845495587943
5965,10101,1,18,2000,0.09888481348107969,0.0920845495587943
5965,10101,1,18,5000,0.00848528178194563,0.0920845495587943
5965,10101,1,19,50,-0.01785397053952098,0.08369340128701715
5965,10101,1,19,100,-0.03705317071476666,0.08369340128701715
5965,10101,1,19,250,-0.03950988026671598,0.08369340128701715
5965,10101,1,19,500,-0.04620714365857037,0.08369340128701715
5965,10101,1,19,1000,-0.12522773901242834,0.08369340128701715
5965,10101,1,19,2000,-0.05022363169592792,0.08369340128701715
5965,10101,1,19,5000,-0.05982373267580754,0.08369340128701715
5965,10101,1,20,50,0.0022336455339101446,0.08894588706383591
5965,10101,1,20,100,-0.07276879214173604,0.08894588706383591
5965,10101,1,20,250,-0.10893137642520545,0.08894588706383591
5965,10101,1,20,500,-0.07589419285554133,0.08894588706383591
5965,10101,1,20,1000,-0.018523830449976075,0.08894588706383591
5965,10101,1,20,2000,-0.06004479312482036,0.08894588706383591
5965,10101,1,20,5000,-0.05491131535642224,0.08894588706383591
5965,10101,1,21,50,-0.039063418302470065,0.08225993867178451
5965,10101,1,21,100,0.03637796795358106,0.08225993867178451
5965,10101,1,21,250,0.021432177852814704,0.08225993867178451
5965,10101,1,21,500,-0.011605840537278311,0.08225993867178451
5965,10101,1,21,1000,0.017413185354176464,0.08225993867178451
5965,10101,1,21,2000,0.051122232403321144,0.08225993867178451
5965,10101,1,21,5000,-0.04598341178419252,0.08225993867178451
5965,10101,1,22,50,-0.0636178245514677,0.08548457349068873
5965,10101,1,22,100,0.02320850875693259,0.08548457349068873
5965,10101,1,22,250,-0.04330313732194979,0.08548457349068873
5965,10101,1,22,500,0.022995295619930967,0.08548457349068873
5965,10101,1,22,1000,-0.10268291249479089,0.08548457349068873
5965,10101,1,22,2000,-0.038616455445968256,0.08548457349068873
5965,10101,1,22,5000,-0.038616455445968256,0.08548457349068873
5965,10101,1,23,50,0.09374899821548655,0.08096265286264732
5965,10101,1,23,100,0.013621264011625889,0.08096265286264732
5965,10101,1,23,250,0.03861294920017455,0.08096265286264732
5965,10101,1,23,500,-0.04240987946528829,0.08096265286264732
5965,10101,1,23,1000,0.05826512293899533,0.08096265286264732
5965,10101,1,23,2000,-0.014731074286997159,0.08096265286264732
5965,10101,1,23,5000,0.05826512293899533,0.08096265286264732
5965,10101,1,24,50,-0.014729905538399701,0.07320368599391633
5965,10101,1,24,100,-0.0015611141980925725,0.07320368599391633
5965,10101,1,24,250,-0.03303651571332422,0.07320368599391633
5965,10101,1,24,500,-0.028793958304392575,0.07320368599391633
5965,10101,1,24,1000,-0.01205046589658465,0.07320368599391633
5965,10101,1,24,2000,-0.027455240267997616,0.07320368599391633
5965,10101,1,24,5000,0.03772703776326802,0.07320368599391633
5965,10101,2,5,50,0.016741862945477304,0.12116558931113129
5965,10101,2,5,100,-0.06451241990652512,0.12116558931113129
5965,10101,2,5,250,-0.06673583866699462,0.12116558931113129
5965,10101,2,5,500,-0.10022015205724766,0.12116558931113129
5965,10101,2,5,1000,-0.12343650812619156,0.12116558931113129
5965,10101,2,5,2000,-0.12321327714406871,0.12116558931113129
5965,10101,2,5,5000,-0.06628937670274904,0.12116558931113129
5965,10101,2,6,50,0.23080198910904082,0.09826368521107354
5965,10101,2,6,100,0.08102960008590776,0.09826368521107354
5965,10101,2,6,250,-0.019413656167898807,0.09826368521107354
5965,10101,2,6,500,0.14151411411163384,0.09826368521107354
5965,10101,2,6,1000,0.01562149286135106,0.09826368521107354
5965,10101,2,6,2000,-0.06897253062582143,0.09826368521107354
5965,10101,2,6,5000,-0.052899899912977943,0.09826368521107354
5965,10101,2,7,50,0.28326362794078874,0.10104340748477464
5965,10101,2,7,100,0.23817040615979712,0.10104340748477464
5965,10101,2,7,250,0.09486626919619012,0.10104340748477464
5965,10101,2,7,500,0.24821636374750544,0.10104340748477464
5965,10101,2,7,1000,0.11116213089115645,0.10104340748477464
5965,10101,2,7,2000,0.20535601517992386,0.10104340748477464
5965,10101,2,7,5000,0.1805770422361206,0.10104340748477464
5965,10101,2,8,50,0.2750022557115782,0.09827586429740708
5965,10101,2,8,100,-0.06093495277091532,0.09827586429740708
5965,10101,2,8,250,0.19352805973061282,0.09827586429740708
5965,10101,2,8,500,0.0747751468769664,0.09827586429740708
5965,10101,2,8,1000,-0.08973174946475881,0.09827586429740708
5965,10101,2,8,2000,-0.00647621454997227,0.09827586429740708
5965,10101,2,8,5000,0.19375129071273556,0.09827586429740708
5965,10101,2,9,50,0.13347953089599052,0.07883748493752436
5965,10101,2,9,100,0.29598450731859005,0.07883748493752436
5965,10101,2,9,250,0.1725463402658195,0.07883748493752436
5965,10101,2,9,500,0.010047157586267508,0.07883748493752436
5965,10101,2,9,1000,-0.02968626705505162,0.07883748493752436
5965,10101,2,9,2000,-0.13214234946489556,0.07883748493752436
5965,10101,2,9,5000,-0.05892952571314103,0.07883748493752436
5965,10101,2,10,50,0.008042576063194029,0.08413980566929692
5965,10101,2,10,100,0.24352849258723686,0.08413980566929692
5965,10101,2,10,250,0.23616310142570596,0.08413980566929692
5965,10101,2,10,500,0.046650714554856476,0.08413980566929692
5965,10101,2,10,1000,0.19084724330473568,0.08413980566929692
5965,10101,2,10,2000,0.26071870767326466,0.08413980566929692
5965,10101,2,10,5000,0.19084724330473568,0.08413980566929692
5965,10101,2,11,50,0.2846010004430838,0.09779264128501738
5965,10101,2,11,100,0.0453096072356145,0.09779264128501738
5965,10101,2,11,250,0.004022363030306786,0.09779264128501738
5965,10101,2,11,500,0.2558060403541794,0.09779264128501738
5965,10101,2,11,1000,-0.057587287145255184,0.09779264128501738
5965,10101,2,11,2000,-0.011380376522120428,0.09779264128501738
5965,10101,2,11,5000,0.04776514803896492,0.09779264128501738
5965,10101,2,12,50,-0.09709732812606398,0.09466602956932188
5965,10101,2,12,100,0.2040181944638797,0.09466602956932188
5965,10101,2,12,250,-0.032584544827118034,0.09466602956932188
5965,10101,2,12,500,-0.10513485419531887,0.09466602956932188
5965,10101,2,12,1000,-0.10379645937282145,0.09466602956932188
5965,10101,2,12,2000,-0.08370507633962332,0.09466602956932188
5965,10101,2,12,5000,-0.1325922649964254,0.09466602956932188
5965,10101,2,13,50,0.028345043664517733,0.09310380722303555
5965,10101,2,13,100,0.002012084192641095,0.09310380722303555
5965,10101,2,13,250,0.03638882061912918,0.09310380722303555
5965,10101,2,13,500,0.004469346422498077,0.09310380722303555
5965,10101,2,13,1000,0.22299177437415507,0.09310380722303555
5965,10101,2,13,2000,-0.0158450586645017,0.09310380722303555
5965,10101,2,13,5000,0.022774068206832254,0.09310380722303555
5965,10101,2,14,50,-0.09487047544114446,0.09625249931312063
5965,10101,2,14,100,0.2218753792852579,0.09625249931312063
5965,10101,2,14,250,0.23950945812436375,0.09625249931312063
5965,10101,2,14,500,-0.033258129733102715,0.09625249931312063
5965,10101,2,14,1000,0.11116266303337441,0.09625249931312063
5965,10101,2,14,2000,-0.0033441450941691375,0.09625249931312063
5965,10101,2,14,5000,-0.033258129733102715,0.09625249931312063
5965,10101,2,15,50,-0.037946272321616736,0.08635392143615389
5965,10101,2,15,100,-0.021427346608614006,0.08635392143615389
5965,10101,2,15,250,-0.036607053392965216,0.08635392143615389
5965,10101,2,15,500,-0.027454249197759517,0.08635392143615389
5965,10101,2,15,1000,0.018308102137419957,0.08635392143615389
5965,10101,2,15,2000,-0.03571412946447383,0.08635392143615389
5965,10101,2,15,5000,-0.03660842035561063,0.08635392143615389
5965,10101,2,16,50,0.12856919035982817,0.09485950737236198
5965,10101,2,16,100,-0.078568457503566,0.09485950737236198
5965,10101,2,16,250,0.24933200794444743,0.09485950737236198
5965,10101,2,16,500,-0.023659311787397663,0.09485950737236198
5965,10101,2,16,1000,0.006918322948012534,0.09485950737236198
5965,10101,2,16,2000,0.20781087830551748,0.09485950737236198
5965,10101,2,16,5000,-0.023659311787397663,0.09485950737236198
5965,10101,2,17,50,-0.0004424342905076095,0.08733976025945836
5965,10101,2,17,100,0.020753124203393924,0.08733976025945836
5965,10101,2,17,250,0.19999641625429954,0.08733976025945836
5965,10101,2,17,500,0.23370496241118743,0.08733976025945836
5965,10101,2,17,1000,-0.0225431675910569,0.08733976025945836
5965,10101,2,17,2000,0.020753124203393924,0.08733976025945836
5965,10101,2,17,5000,0.020753124203393924,0.08733976025945836
5965,10101,2,18,50,-0.09241173107020906,0.10057163878258119
5965,10101,2,18,100,-0.08727775240955515,0.10057163878258119
5965,10101,2,18,250,-0.08638372223239077,0.10057163878258119
5965,10101,2,18,500,0.18660720107135775,0.10057163878258119
5965,10101,2,18,1000,0.21651869196328366,0.10057163878258119
5965,10101,2,18,2000,0.20736722348075942,0.10057163878258119
5965,10101,2,18,5000,0.1959832782129226,0.10057163878258119
5965,10101,2,19,50,-0.08415304008778068,0.10629773224254982
5965,10101,2,19,100,-0.035710164290660096,0.10629773224254982
5965,10101,2,19,250,-0.07187501285712761,0.10629773224254982
5965,10101,2,19,500,-0.04798880759200319,0.10629773224254982
5965,10101,2,19,1000,0.15423741491510234,0.10629773224254982
5965,10101,2,19,2000,-0.051558655986755464,0.10629773224254982
5965,10101,2,19,5000,-0.09151750267899705,0.10629773224254982
5965,10101,2,20,50,0.09799239044484576,0.10277729559159286
5965,10101,2,20,100,0.16562570124915832,0.10277729559159286
5965,10101,2,20,250,-0.08415431330053791,0.10277729559159286
5965,10101,2,20,500,0.01005006918991791,0.10277729559159286
5965,10101,2,20,1000,0.14018240945967997,0.10277729559159286
5965,10101,2,20,2000,0.17678407803767793,0.10277729559159286
5965,10101,2,20,5000,0.17678407803767793,0.10277729559159286
5965,10101,2,21,50,0.16004526062425806,0.10988938007412316
5965,10101,2,21,100,-0.02030853098690588,0.10988938007412316
5965,10101,2,21,250,-0.01562115982603618,0.10988938007412316
5965,10101,2,21,500,0.1767829092890807,0.10988938007412316
5965,10101,2,21,1000,-0.11741345463956843,0.10988938007412316
5965,10101,2,21,2000,0.0029055090133889294,0.10988938007412316
5965,10101,2,21,5000,-0.012495759112231442,0.10988938007412316
5965,10101,2,22,50,0.01719379454601766,0.1084898445840734
5965,10101,2,22,100,0.009371245004505147,0.1084898445840734
5965,10101,2,22,250,0.09665617686973038,0.1084898445840734
5965,10101,2,22,500,-0.0841539793723669,0.1084898445840734
5965,10101,2,22,1000,-0.06852781062377089,0.1084898445840734
5965,10101,2,22,2000,-0.032138186434175986,0.1084898445840734
5965,10101,2,22,5000,-0.09553543089319794,0.1084898445840734
5965,10101,2,23,50,0.06405877670089766,0.10333074838363253
5965,10101,2,23,100,-0.004682674737932713,0.10333074838363253
5965,10101,2,23,250,3.704459840769836e-06,0.10333074838363253
5965,10101,2,23,500,0.08214733178034439,0.10333074838363253
5965,10101,2,23,1000,0.021424528754852123,0.10333074838363253
5965,10101,2,23,2000,0.18660323589754613,0.10333074838363253
5965,10101,2,23,5000,-0.04866218356966434,0.10333074838363253
5965,10101,2,24,50,-0.07298527223910245,0.10384072569124944
5965,10101,2,24,100,0.028791035986471147,0.10384072569124944
5965,10101,2,24,250,-0.026111680273127158,0.10384072569124944
5965,10101,2,24,500,0.09174018009035545,0.10384072569124944
5965,10101,2,24,1000,0.004467489281869463,0.10384072569124944
5965,10101,2,24,2000,-0.05312660499807398,0.10384072569124944
5965,10101,2,24,5000,-0.05602632294698484,0.10384072569124944
5965,9889,0,5,50,0.0022635956774639254,0.13877097078899367
5965,9889,0,5,100,0.16595313910339937,0.13877097078899367
5965,9889,0,5,250,0.0641101381506366,0.13877097078899367
5965,9889,0,5,500,0.025726560149435307,0.13877097078899367
5965,9889,0,5,1000,0.017474895948250357,0.13877097078899367
5965,9889,0,5,2000,0.012309917510780699,0.13877097078899367
5965,9889,0,5,5000,0.04856505741650874,0.13877097078899367
5965,9889,0,6,50,-0.16774858025774686,0.14353243850668015
5965,9889,0,6,100,-0.1418484699378203,0.14353243850668015
5965,9889,0,6,250,-0.055863958604953634,0.14353243850668015
5965,9889,0,6,500,-0.1625836018202772,0.14353243850668015
5965,9889,0,6,1000,-0.09828933594925138,0.14353243850668015
5965,9889,0,6,2000,-0.0775542040667917,0.14353243850668015
5965,9889,0,6,5000,-0.05165409374686514,0.14353243850668015
5965,9889,0,7,50,-0.051339509577776,0.12775099244195573
5965,9889,0,7,100,-0.06314640582689679,0.12775099244195573
5965,9889,0,7,250,0.06022582677264077,0.12775099244195573
5965,9889,0,7,500,0.024277827574968103,0.12775099244195573
5965,9889,0,7,1000,-0.14070178517701415,0.12775099244195573
5965,9889,0,7,2000,-0.10087574277905975,0.12775099244195573
5965,9889,0,7,5000,-0.12499882471667734,0.12775099244195573
5965,9889,0,8,50,0.12822301862902374,0.13356941004005404
5965,9889,0,8,100,0.22521915116337443,0.13356941004005404
5965,9889,0,8,250,-0.12580546083642485,0.13356941004005404
5965,9889,0,8,500,-0.13246226557015206,0.13356941004005404
5965,9889,0,8,1000,-0.11351669842543355,0.13356941004005404
5965,9889,0,8,2000,-0.14314676624711764,0.13356941004005404
5965,9889,0,8,5000,-0.1290617791595624,0.13356941004005404
5965,9889,0,9,50,0.07626491826296211,0.13378320391305373
5965,9889,0,9,100,-0.14022814599839406,0.13378320391305373
5965,9889,0,9,250,-0.1039675214371667,0.13378320391305373
5965,9889,0,9,500,-0.1039675214371667,0.13378320391305373
5965,9889,0,9,1000,-0.12112274032193371,0.13378320391305373
5965,9889,0,9,2000,-0.1334201214772841,0.13378320391305373
5965,9889,0,9,5000,-0.1272753485106809,0.13378320391305373
5965,9889,0,10,50,0.13738513564336474,0.13360382674177243
5965,9889,0,10,100,0.1223277974877146,0.13360382674177243
5965,9889,0,10,250,-0.10014550007521905,0.13360382674177243
5965,9889,0,10,500,-0.07562556413599342,0.13360382674177243
5965,9889,0,10,1000,-0.08371738980543675,0.13360382674177243
5965,9889,0,10,2000,-0.04825478261959548,0.13360382674177243
5965,9889,0,10,5000,-0.07562556413599342,0.13360382674177243
5965,9889,0,11,50,-0.06639880653896368,0.13157477156446074
5965,9889,0,11,100,0.006066420745161061,0.13157477156446074
5965,9889,0,11,250,0.01868504600842602,0.13157477156446074
5965,9889,0,11,500,-0.04946140682980682,0.13157477156446074
5965,9889,0,11,1000,-0.04970429871627735,0.13157477156446074
5965,9889,0,11,2000,-0.05019008248921897,0.13157477156446074
5965,9889,0,11,5000,-0.061931162872328804,0.13157477156446074
5965,9889,0,12,50,-0.19334194163073026,0.11044173050170525
5965,9889,0,12,100,-0.09683198463042686,0.11044173050170525
5965,9889,0,12,250,-0.06566072861297723,0.11044173050170525
5965,9889,0,12,500,-0.07651172776050508,0.11044173050170525
5965,9889,0,12,1000,0.09861841527931092,0.11044173050170525
5965,9889,0,12,2000,0.21000158271487335,0.11044173050170525
5965,9889,0,12,5000,-0.03415882622104116,0.11044173050170525
5965,9889,0,13,50,-0.09067702587503612,0.11192263081054125
5965,9889,0,13,100,0.27622683908334233,0.11192263081054125
5965,9889,0,13,250,0.17309376880453298,0.11192263081054125
5965,9889,0,13,500,0.21542629876642239,0.11192263081054125
5965,9889,0,13,1000,0.13511918939925838,0.11192263081054125
5965,9889,0,13,2000,0.13511918939925838,0.11192263081054125
5965,9889,0,13,5000,0.21542629876642239,0.11192263081054125
5965,9889,0,14,50,-0.04259305109818545,0.11838562710452252
5965,9889,0,14,100,-0.03716911856884919,0.11838562710452252
5965,9889,0,14,250,-0.03384071620198614,0.11838562710452252
5965,9889,0,14,500,-0.05457545632333605,0.11838562710452252
5965,9889,0,14,1000,-0.06356363140607757,0.11838562710452252
5965,9889,0,14,2000,-0.1370682009076315,0.11838562710452252
5965,9889,0,14,5000,-0.1370682009076315,0.11838562710452252
5965,9889,0,15,50,-0.05619186265169129,0.12116090526324115
5965,9889,0,15,100,-0.0025076628472571194,0.12116090526324115
5965,9889,0,15,250,0.010287646675359308,0.12116090526324115
5965,9889,0,15,500,-0.119976447322234,0.12116090526324115
5965,9889,0,15,1000,-0.08338870223648498,0.12116090526324115
5965,9889,0,15,2000,-0.08938303893791943,0.12116090526324115
5965,9889,0,15,5000,-0.08338870223648498,0.12116090526324115
5965,9889,0,16,50,-0.009959742628623092,0.12581772430988225
5965,9889,0,16,100,0.16103301135793746,0.12581772430988225
5965,9889,0,16,250,0.04605896161368073,0.12581772430988225
5965,9889,0,16,500,0.14985254111924617,0.12581772430988225
5965,9889,0,16,1000,0.15463555247718241,0.12581772430988225
5965,9889,0,16,2000,0.17963578753384746,0.12581772430988225
5965,9889,0,16,5000,0.07098554558218939,0.12581772430988225
5965,9889,0,17,50,-0.0067214453164159416,0.10971257712470403
5965,9889,0,17,100,-0.02711378623006644,0.10971257712470403
5965,9889,0,17,250,-0.025423337052452366,0.10971257712470403
5965,9889,0,17,500,-0.08200696081135306,0.10971257712470403
5965,9889,0,17,1000,-0.09360113077925791,0.10971257712470403
5965,9889,0,17,2000,-0.0039751999548691686,0.10971257712470403
5965,9889,0,17,5000,-0.09360113077925791,0.10971257712470403
5965,9889,0,18,50,-0.10070689374185227,0.10952126772659401
5965,9889,0,18,100,-0.01822315966302257,0.10952126772659401
5965,9889,0,18,250,-0.05448221717982127,0.10952126772659401
5965,9889,0,18,500,-0.0919714045732627,0.10952126772659401
5965,9889,0,18,1000,-0.08913897176812657,0.10952126772659401
5965,9889,0,18,2000,0.051651351419116254,0.10952126772659401
5965,9889,0,18,5000,-0.0681589891936617,0.10952126772659401
5965,9889,0,19,50,0.07878159161568499,0.09935141331190855
5965,9889,0,19,100,-0.05003729565740789,0.09935141331190855
5965,9889,0,19,250,0.13106367841741162,0.09935141331190855
5965,9889,0,19,500,0.011013580007020907,0.09935141331190855
5965,9889,0,19,1000,0.08882203703239466,0.09935141331190855
5965,9889,0,19,2000,-0.04566837578979266,0.09935141331190855
5965,9889,0,19,5000,0.028655757948048866,0.09935141331190855
5965,9889,0,20,50,-0.04355678342192382,0.09471583266162847
5965,9889,0,20,100,-0.054319636320328546,0.09471583266162847
5965,9889,0,20,250,-0.10517140331962616,0.09471583266162847
5965,9889,0,20,500,-0.0902746872179323,0.09471583266162847
5965,9889,0,20,1000,-0.07238178216828939,0.09471583266162847
5965,9889,0,20,2000,-0.06047146098686074,0.09471583266162847
5965,9889,0,20,5000,-0.06557101531942611,0.09471583266162847
5965,9889,0,21,50,-0.08541763301073224,0.10005007877906193
5965,9889,0,21,100,0.10620800320930845,0.10005007877906193
5965,9889,0,21,250,-0.08273877055962231,0.10005007877906193
5965,9889,0,21,500,0.09584474664025688,0.10005007877906193
5965,9889,0,21,1000,-0.09667958955972211,0.10005007877906193
5965,9889,0,21,2000,-0.059988419541670224,0.10005007877906193
5965,9889,0,21,5000,-0.059988419541670224,0.10005007877906193
5965,9889,0,22,50,0.031559491274696594,0.09567997198988001
5965,9889,0,22,100,0.013097357336276816,0.09567997198988001
5965,9889,0,22,250,0.13486689524621542,0.09567997198988001
5965,9889,0,22,500,-0.04120425797312077,0.09567997198988001
5965,9889,0,22,1000,-0.022505500325945338,0.09567997198988001
5965,9889,0,22,2000,-0.06929548816568054,0.09567997198988001
5965,9889,0,22,5000,-0.07941467756493836,0.09567997198988001
5965,9889,0,23,50,-0.0650194156804732,0.09542522152470924
5965,9889,0,23,100,-0.047454414677564505,0.09542522152470924
5965,9889,0,23,250,-0.018473886771637527,0.09542522152470924
5965,9889,0,23,500,0.09496250062681688,0.09542522152470924
5965,9889,0,23,1000,-0.016039483251430675,0.09542522152470924
5965,9889,0,23,2000,-0.05537308193761914,0.09542522152470924
5965,9889,0,23,5000,-0.07335961789188594,0.09542522152470924
5965,9889,0,24,50,-0.04429094373683784,0.08854739581998555
5965,9889,0,24,100,-0.09099513589409314,0.08854739581998555
5965,9889,0,24,250,0.13834573387824844,0.08854739581998555
5965,9889,0,24,500,-0.04485899734229171,0.08854739581998555
5965,9889,0,24,1000,-0.05255122668237833,0.08854739581998555
5965,9889,0,24,2000,-0.014321219035203003,0.08854739581998555
5965,9889,0,24,5000,0.10766613805034753,0.08854739581998555
5965,9889,1,5,50,-0.1519543394594317,0.15248104162389298
5965,9889,1,5,100,0.1290461087152731,0.15248104162389298
5965,9889,1,5,250,-0.08630536367967323,0.15248104162389298
5965,9889,1,5,500,0.16273873921873327,0.15248104162389298
5965,9889,1,5,1000,-0.08355637599037302,0.15248104162389298
5965,9889,1,5,2000,-0.07423716277203996,0.15248104162389298
5965,9889,1,5,5000,0.1290461087152731,0.15248104162389298
5965,9889,1,6,50,-0.0826568924882165,0.12872251861138836
5965,9889,1,6,100,-0.05504713669641981,0.12872251861138836
5965,9889,1,6,250,-0.02670909700631796,0.12872251861138836
5965,9889,1,6,500,-0.03269285615785733,0.12872251861138836
5965,9889,1,6,1000,-0.05504713669641981,0.12872251861138836
5965,9889,1,6,2000,-0.06532146349413304,0.12872251861138836
5965,9889,1,6,5000,-0.05496643390833433,0.12872251861138836
5965,9889,1,7,50,-0.06720230856985376,0.11790051514672108
5965,9889,1,7,100,-0.05658244847558125,0.11790051514672108
5965,9889,1,7,250,-0.010592828577877134,0.11790051514672108
5965,9889,1,7,500,-0.1075219699628921,0.11790051514672108
5965,9889,1,7,1000,-0.028568786982250072,0.11790051514672108
5965,9889,1,7,2000,-0.05658244847558125,0.11790051514672108
5965,9889,1,7,5000,-0.06655668626516897,0.11790051514672108
5965,9889,1,8,50,0.8165625626817758,0.10462338674117198
5965,9889,1,8,100,-0.0895377845752694,0.10462338674117198
5965,9889,1,8,250,-0.11010093333166171,0.10462338674117198
5965,9889,1,8,500,-0.11260507032895484,0.10462338674117198
5965,9889,1,8,1000,-0.09025588268478812,0.10462338674117198
5965,9889,1,8,2000,-0.10491088218333267,0.10462338674117198
5965,9889,1,8,5000,-0.09926168701735016,0.10462338674117198
5965,9889,1,9,50,-0.0707634170344017,0.0994289194928722
5965,9889,1,9,100,0.14304608364256255,0.0994289194928722
5965,9889,1,9,250,-0.06071004350115583,0.0994289194928722
5965,9889,1,9,500,0.1749538505415693,0.0994289194928722
5965,9889,1,9,1000,-0.06963318624009651,0.0994289194928722
5965,9889,1,9,2000,-0.06963318624009651,0.0994289194928722
5965,9889,1,9,5000,-0.0549578151639758,0.0994289194928722
5965,9889,1,10,50,0.2086198412897382,0.09926324483134297
5965,9889,1,10,100,-0.1335928881255637,0.09926324483134297
5965,9889,1,10,250,0.19826050233176085,0.09926324483134297
5965,9889,1,10,500,0.18135405175007424,0.09926324483134297
5965,9889,1,10,1000,0.17057827073513165,0.09926324483134297
5965,9889,1,10,2000,-0.048004447272090855,0.09926324483134297
5965,9889,1,10,5000,-0.003480405676461684,0.09926324483134297
5965,9889,1,11,50,-0.04249824491024223,0.09370393834318493
5965,9889,1,11,100,-0.046641510380103446,0.09370393834318493
5965,9889,1,11,250,0.05464048866713456,0.09370393834318493
5965,9889,1,11,500,-0.018544403770938245,0.09370393834318493
5965,9889,1,11,1000,0.2878166996790683,0.09370393834318493
5965,9889,1,11,2000,0.07076145822886137,0.09370393834318493
5965,9889,1,11,5000,0.07076145822886137,0.09370393834318493
5965,9889,1,12,50,-0.09609782431551606,0.11233821731042301
5965,9889,1,12,100,-0.09861528119045226,0.11233821731042301
5965,9889,1,12,250,-0.08063422989168778,0.11233821731042301
5965,9889,1,12,500,0.012473281892487864,0.11233821731042301
5965,9889,1,12,1000,-0.1148796353174204,0.11233821731042301
5965,9889,1,12,2000,-0.12653531177915944,0.11233821731042301
5965,9889,1,12,5000,-0.11544455483401861,0.11233821731042301
5965,9889,1,13,50,0.13697652880854283,0.11534497013894249
5965,9889,1,13,100,-0.06291095740146435,0.11534497013894249
5965,9889,1,13,250,0.11853241588105445,0.11534497013894249
5965,9889,1,13,500,-0.07384344285929201,0.11534497013894249
5965,9889,1,13,1000,-0.07260939537157862,0.11534497013894249
5965,9889,1,13,2000,-0.08758563897803728,0.11534497013894249
5965,9889,1,13,5000,-0.07723060939223847,0.11534497013894249
5965,9889,1,14,50,-0.04743404309999155,0.10782445872894703
5965,9889,1,14,100,-0.0797359216728527,0.10782445872894703
5965,9889,1,14,250,-0.07789111861899478,0.10782445872894703
5965,9889,1,14,500,-0.06153665943736897,0.10782445872894703
5965,9889,1,14,1000,-0.06153665943736897,0.10782445872894703
5965,9889,1,14,2000,-0.05836300270785444,0.10782445872894703
5965,9889,1,14,5000,-0.06153665943736897,0.10782445872894703
5965,9889,1,15,50,-0.0875072867565958,0.10909564794133109
5965,9889,1,15,100,-0.0675309961388032,0.10909564794133109
5965,9889,1,15,250,-0.06509385029084502,0.10909564794133109
5965,9889,1,15,500,-0.10013727309196718,0.10909564794133109
5965,9889,1,15,1000,-0.11819706837328181,0.10909564794133109
5965,9889,1,15,2000,-0.0702627463393849,0.10909564794133109
5965,9889,1,15,5000,-0.09228677226456894,0.10909564794133109
5965,9889,1,16,50,0.23398363065389438,0.10476385072504933
5965,9889,1,16,100,-0.033602917209909045,0.10476385072504933
5965,9889,1,16,250,-0.0774699754287439,0.10476385072504933
5965,9889,1,16,500,-0.05934436428141687,0.10476385072504933
5965,9889,1,16,1000,-0.06872743456022534,0.10476385072504933
5965,9889,1,16,2000,-0.06518082125664393,0.10476385072504933
5965,9889,1,16,5000,-0.02590441969210744,0.10476385072504933
5965,9889,1,17,50,-0.09593563521712944,0.1062907623484167
5965,9889,1,17,100,-0.11868794504061819,0.1062907623484167
5965,9889,1,17,250,-0.09577344611874405,0.1062907623484167
5965,9889,1,17,500,-0.09399250012536331,0.1062907623484167
5965,9889,1,17,1000,-0.10516983627519783,0.1062907623484167
5965,9889,1,17,2000,-0.14442664978437392,0.1062907623484167
5965,9889,1,17,5000,-0.14442664978437392,0.1062907623484167
5965,9889,1,18,50,-0.09416252444589257,0.10013161502654318
5965,9889,1,18,100,-0.0853392807892881,0.10013161502654318
5965,9889,1,18,250,-0.08817288887774488,0.10013161502654318
5965,9889,1,18,500,-0.04517005566141763,0.10013161502654318
5965,9889,1,18,1000,-0.05399760869020043,0.10013161502654318
5965,9889,1,18,2000,-0.0817691618192753,0.10013161502654318
5965,9889,1,18,5000,-0.07414666595627284,0.10013161502654318
5965,9889,1,19,50,-0.08127789339083313,0.09110029470544757
5965,9889,1,19,100,-0.04728869972921568,0.09110029470544757
5965,9889,1,19,250,0.008183497768528336,0.09110029470544757
5965,9889,1,19,500,0.0702846849613864,0.09110029470544757
5965,9889,1,19,1000,-0.07941898693711658,0.09110029470544757
5965,9889,1,19,2000,0.01804490835924244,0.09110029470544757
5965,9889,1,19,5000,0.0034804056764623503,0.09110029470544757
5965,9889,1,20,50,-0.13245286330358141,0.09279687616669804
5965,9889,1,20,100,0.0339206354678564,0.09279687616669804
5965,9889,1,20,250,-0.04850355092267522,0.09279687616669804
5965,9889,1,20,500,-0.015216393165180753,0.09279687616669804
5965,9889,1,20,1000,-0.05820003008725372,0.09279687616669804
5965,9889,1,20,2000,-0.04234193222846305,0.09279687616669804
5965,9889,1,20,5000,-0.04234193222846305,0.09279687616669804
5965,9889,1,21,50,-0.07181764617390474,0.08228922081309162
5965,9889,1,21,100,-0.0892941091665832,0.08228922081309162
5965,9889,1,21,250,0.0038929301223545876,0.08228922081309162
5965,9889,1,21,500,-0.09335549656503861,0.08228922081309162
5965,9889,1,21,1000,-0.10410385430247604,0.08228922081309162
5965,9889,1,21,2000,-0.06282281115234067,0.08228922081309162
5965,9889,1,21,5000,-0.08314502682779934,0.08228922081309162
5965,9889,1,22,50,-0.0669535402667727,0.08209258713032347
5965,9889,1,22,100,-0.03431161305285224,0.08209258713032347
5965,9889,1,22,250,-0.03781474087353376,0.08209258713032347
5965,9889,1,22,500,-0.028170365936214248,0.08209258713032347
5965,9889,1,22,1000,-0.025821226601963176,0.08209258713032347
5965,9889,1,22,2000,-0.019418422801124047,0.08209258713032347
5965,9889,1,22,5000,-0.04679743130077252,0.08209258713032347
5965,9889,1,23,50,-0.09958606521412128,0.07942421857061621
5965,9889,1,23,100,-0.040316919065291335,0.07942421857061621
5965,9889,1,23,250,-0.055205408183732985,0.07942421857061621
5965,9889,1,23,500,-0.039919281541472174,0.07942421857061621
5965,9889,1,23,1000,-0.07051308168689219,0.07942421857061621
5965,9889,1,23,2000,-0.07764783497141803,0.07942421857061621
5965,9889,1,23,5000,-0.07764783497141803,0.07942421857061621
5965,9889,1,24,50,-0.03627237739444511,0.07751271175119065
5965,9889,1,24,100,-0.03861510881556607,0.07751271175119065
5965,9889,1,24,250,-0.03861510881556607,0.07751271175119065
5965,9889,1,24,500,-0.0452425314662529,0.07751271175119065
5965,9889,1,24,1000,-0.05463382872831124,0.07751271175119065
5965,9889,1,24,2000,-0.04961458542272634,0.07751271175119065
5965,9889,1,24,5000,-0.04734746389529687,0.07751271175119065
5965,9889,2,5,50,-0.14888698357249452,0.3540049941835914
5965,9889,2,5,100,-0.2921033348986548,0.3540049941835914
5965,9889,2,5,250,-0.2236890707996374,0.3540049941835914
5965,9889,2,5,500,-0.28019355881488095,0.3540049941835914
5965,9889,2,5,1000,-0.2750285803774113,0.3540049941835914
5965,9889,2,5,2000,-0.2646484780807531,0.3540049941835914
5965,9889,2,5,5000,-0.28019355881488095,0.3540049941835914
5965,9889,2,6,50,-0.05512563237739465,0.34938476401648433
5965,9889,2,6,100,-0.23349452780054236,0.34938476401648433
5965,9889,2,6,250,-0.283916924626337,0.34938476401648433
5965,9889,2,6,500,-0.169449935436346,0.34938476401648433
5965,9889,2,6,1000,-0.2470955998941684,0.34938476401648433
5965,9889,2,6,2000,-0.1914692918832508,0.34938476401648433
5965,9889,2,6,5000,-0.25720734583238924,0.34938476401648433
5965,9889,2,7,50,-0.18094915081826712,0.2938894468202153
5965,9889,2,7,100,-0.1513933642704104,0.2938894468202153
5965,9889,2,7,250,-0.2437646352526015,0.2938894468202153
5965,9889,2,7,500,-0.1594179870824598,0.2938894468202153
5965,9889,2,7,1000,-0.07196744731489735,0.2938894468202153
5965,9889,2,7,2000,-0.07196744731489735,0.2938894468202153
5965,9889,2,7,5000,-0.22862571800751674,0.2938894468202153
5965,9889,2,8,50,0.5263981920237368,0.2538211824300446
5965,9889,2,8,100,0.5281782011583593,0.2538211824300446
5965,9889,2,8,250,0.5258313137016026,0.2538211824300446
5965,9889,2,8,500,0.5280173406798394,0.2538211824300446
5965,9889,2,8,1000,0.08896213911073592,0.2538211824300446
5965,9889,2,8,2000,-0.08816701246113823,0.2538211824300446
5965,9889,2,8,5000,0.06937121974090732,0.2538211824300446
5965,9889,2,9,50,-0.0493188958133044,0.273973323012408
5965,9889,2,9,100,-0.024938601942793848,0.273973323012408
5965,9889,2,9,250,-0.005750746380767557,0.273973323012408
5965,9889,2,9,500,0.03489048757127178,0.273973323012408
5965,9889,2,9,1000,0.040242336056881656,0.273973323012408
5965,9889,2,9,2000,0.044694367650741196,0.273973323012408
5965,9889,2,9,5000,0.05140713585128531,0.273973323012408
5965,9889,2,10,50,-0.06823808834380429,0.21904101039884624
5965,9889,2,10,100,-0.15883962600668322,0.21904101039884624
5965,9889,2,10,250,0.059834367400012245,0.21904101039884624
5965,9889,2,10,500,-0.03626101632233625,0.21904101039884624
5965,9889,2,10,1000,-0.016443388952965154,0.21904101039884624
5965,9889,2,10,2000,-0.02088017351865301,0.21904101039884624
5965,9889,2,10,5000,-0.031908730474269675,0.21904101039884624
5965,9889,2,11,50,-0.11017975746372588,0.20537012643981883
5965,9889,2,11,100,-0.1230564949251256,0.20537012643981883
5965,9889,2,11,250,-0.04023735496701142,0.20537012643981883
5965,9889,2,11,500,-0.0012197858128072392,0.20537012643981883
5965,9889,2,11,1000,-0.11787464404354342,0.20537012643981883
5965,9889,2,11,2000,-0.1127014653393269,0.20537012643981883
5965,9889,2,11,5000,-0.0986863334103929,0.20537012643981883
5965,9889,2,12,50,-0.13683006852596247,0.20800440828364813
5965,9889,2,12,100,-0.12921362913261702,0.20800440828364813
5965,9889,2,12,250,-0.11301403233136786,0.20800440828364813
5965,9889,2,12,500,-0.14556139672041002,0.20800440828364813
5965,9889,2,12,1000,-0.10662926314258736,0.20800440828364813
5965,9889,2,12,2000,-0.09139518235606958,0.20800440828364813
5965,9889,2,12,5000,-0.10662926314258736,0.20800440828364813
5965,9889,2,13,50,-0.061684200038244485,0.20588218022746652
5965,9889,2,13,100,-0.05593715462198379,0.20588218022746652
5965,9889,2,13,250,-0.017490413055993748,0.20588218022746652
5965,9889,2,13,500,-0.07981529584107205,0.20588218022746652
5965,9889,2,13,1000,-0.010932718943886477,0.20588218022746652
5965,9889,2,13,2000,-0.061684200038244485,0.20588218022746652
5965,9889,2,13,5000,-0.053099147134823,0.20588218022746652
5965,9889,2,14,50,-0.10475221893491016,0.17499189644767366
5965,9889,2,14,100,-0.07068349776852889,0.17499189644767366
5965,9889,2,14,250,-0.10807670369070299,0.17499189644767366
5965,9889,2,14,500,-0.1368202161267681,0.17499189644767366
5965,9889,2,14,1000,-0.1166515708053355,0.17499189644767366
5965,9889,2,14,2000,-0.13657771600140467,0.17499189644767366
5965,9889,2,14,5000,-0.1264651865409694,0.17499189644767366
5965,9889,2,15,50,-0.07997607123157136,0.17035448712465837
5965,9889,2,15,100,-0.05845585009026122,0.17035448712465837
5965,9889,2,15,250,0.06509629582251686,0.17035448712465837
5965,9889,2,15,500,-0.042829674806940665,0.17035448712465837
5965,9889,2,15,1000,0.48533668349167824,0.17035448712465837
5965,9889,2,15,2000,0.05601792072008693,0.17035448712465837
5965,9889,2,15,5000,0.42980424480994706,0.17035448712465837
5965,9889,2,16,50,-0.06629507987207772,0.16392212521033298
5965,9889,2,16,100,-0.09309624073858946,0.16392212521033298
5965,9889,2,16,250,0.046557673503159536,0.16392212521033298
5965,9889,2,16,500,-0.08719279261402724,0.16392212521033298
5965,9889,2,16,1000,-0.03010671940762555,0.16392212521033298
5965,9889,2,16,2000,-0.08451459200360045,0.16392212521033298
5965,9889,2,16,5000,-0.060072134737080285,0.16392212521033298
5965,9889,2,17,50,-0.0050907456581469335,0.15857867137496356
5965,9889,2,17,100,0.08452539113856405,0.15857867137496356
5965,9889,2,17,250,-0.04313922445315177,0.15857867137496356
5965,9889,2,17,500,-0.057647250226475766,0.15857867137496356
5965,9889,2,17,1000,-0.04412513382345762,0.15857867137496356
5965,9889,2,17,2000,-0.030677483685822793,0.15857867137496356
5965,9889,2,17,5000,-0.047589900710642064,0.15857867137496356
5965,9889,2,18,50,-0.04192527846344063,0.15572638171172887
5965,9889,2,18,100,-0.05116174006162688,0.15572638171172887
5965,9889,2,18,250,-0.09576521913549307,0.15572638171172887
5965,9889,2,18,500,-0.09212193086495613,0.15572638171172887
5965,9889,2,18,1000,-0.08661563847658338,0.15572638171172887
5965,9889,2,18,2000,-0.08661563847658338,0.15572638171172887
5965,9889,2,18,5000,0.5520653528829129,0.15572638171172887
5965,9889,2,19,50,-0.02696331337138369,0.1535015876128267
5965,9889,2,19,100,-0.05999733508210636,0.1535015876128267
5965,9889,2,19,250,-0.0355351631401879,0.1535015876128267
5965,9889,2,19,500,-0.06588978717916205,0.1535015876128267
5965,9889,2,19,1000,-0.003061126326715291,0.1535015876128267
5965,9889,2,19,2000,-0.005572981803124599,0.1535015876128267
5965,9889,2,19,5000,-0.005572981803124599,0.1535015876128267
5965,9889,2,20,50,-0.05456583247169544,0.1373896205677077
5965,9889,2,20,100,0.053766659567007435,0.1373896205677077
5965,9889,2,20,250,0.05512562047640679,0.1373896205677077
5965,9889,2,20,500,0.08031091023520909,0.1373896205677077
5965,9889,2,20,1000,-0.0638751932908338,0.1373896205677077
5965,9889,2,20,2000,-0.030519752357652807,0.1373896205677077
5965,9889,2,20,5000,0.010358290294697037,0.1373896205677077
5965,9889,2,21,50,-0.02598521250671859,0.13183491586859755
5965,9889,2,21,100,0.04388938860194458,0.13183491586859755
5965,9889,2,21,250,-0.040469012401412874,0.13183491586859755
5965,9889,2,21,500,-0.05318009328597695,0.13183491586859755
5965,9889,2,21,1000,-0.05488895523562998,0.13183491586859755
5965,9889,2,21,2000,-0.02598521250671859,0.13183491586859755
5965,9889,2,21,5000,-0.05188375578221627,0.13183491586859755
5965,9889,2,22,50,-0.0678380151653214,0.15043275008159043
5965,9889,2,22,100,-0.056911004485985184,0.15043275008159043
5965,9889,2,22,250,0.0008913831389441018,0.15043275008159043
5965,9889,2,22,500,-0.03222357282194266,0.15043275008159043
5965,9889,2,22,1000,-0.02461060786953284,0.15043275008159043
5965,9889,2,22,2000,-0.06744914478389952,0.15043275008159043
5965,9889,2,22,5000,-0.07707625057749212,0.15043275008159043
5965,9889,2,23,50,-0.04970830635387402,0.1357089557325269
5965,9889,2,23,100,-0.057570469987964334,0.1357089557325269
5965,9889,2,23,250,-0.07228815126366639,0.1357089557325269
5965,9889,2,23,500,-0.07398878623006833,0.1357089557325269
5965,9889,2,23,1000,0.002761132283622958,0.1357089557325269
5965,9889,2,23,2000,-0.08266825356032459,0.1357089557325269
5965,9889,2,23,5000,-0.07553154147026309,0.1357089557325269
5965,9889,2,24,50,-0.06008009164075889,0.1319710317367251
5965,9889,2,24,100,-0.05586091454262154,0.1319710317367251
5965,9889,2,24,250,-0.0351268679169594,0.1319710317367251
5965,9889,2,24,500,-0.06468994458930899,0.1319710317367251
5965,9889,2,24,1000,-0.08467141812801826,0.1319710317367251
5965,9889,2,24,2000,-0.06928882822685878,0.1319710317367251
5965,9889,2,24,5000,-0.055938393215325455,0.1319710317367251
5965,49,0,5,50,-0.1396707533046615,0.3132257957752392
5965,49,0,5,100,-0.37175127660135454,0.3132257957752392
5965,49,0,5,250,0.03636308871610394,0.3132257957752392
5965,49,0,5,500,-0.05867683345735586,0.3132257957752392
5965,49,0,5,1000,-0.24522322762615112,0.3132257957752392
5965,49,0,5,2000,-0.15677532548573847,0.3132257957752392
5965,49,0,5,5000,-0.26381062208498374,0.3132257957752392
5965,49,0,6,50,-0.25597280795169564,0.28297721456473135
5965,49,0,6,100,-0.44600486214463153,0.28297721456473135
5965,49,0,6,250,-0.2413040687914545,0.28297721456473135
5965,49,0,6,500,-0.07005052389727429,0.28297721456473135
5965,49,0,6,1000,-0.21683843961668248,0.28297721456473135
5965,49,0,6,2000,-0.1954313802968335,0.28297721456473135
5965,49,0,6,5000,-0.008887915792649914,0.28297721456473135
5965,49,0,7,50,-0.14306339647737099,0.2723545425163824
5965,49,0,7,100,-0.19079843614503023,0.2723545425163824
5965,49,0,7,250,-0.20064174303325732,0.2723545425163824
5965,49,0,7,500,-0.05690946750416015,0.2723545425163824
5965,49,0,7,1000,-0.15825759845137932,0.2723545425163824
5965,49,0,7,2000,-0.029385268474464987,0.2723545425163824
5965,49,0,7,5000,-0.05690946750416015,0.2723545425163824
5965,49,0,8,50,-0.3595188739980546,0.2299539341478207
5965,49,0,8,100,0.14024331963226855,0.2299539341478207
5965,49,0,8,250,0.07922536371786176,0.2299539341478207
5965,49,0,8,500,-0.11993612049417557,0.2299539341478207
5965,49,0,8,1000,0.036075844256099776,0.2299539341478207
5965,49,0,8,2000,-0.08366911562214319,0.2299539341478207
5965,49,0,8,5000,-0.11993612049417557,0.2299539341478207
5965,49,0,9,50,-0.13379251858872188,0.21246639972120995
5965,49,0,9,100,0.16709598460168268,0.21246639972120995
5965,49,0,9,250,0.5584377911354207,0.21246639972120995
5965,49,0,9,500,0.41872204001335944,0.21246639972120995
5965,49,0,9,1000,-0.028095163196967143,0.21246639972120995
5965,49,0,9,2000,0.02451419752091777,0.21246639972120995
5965,49,0,9,5000,-0.0203074737941501,0.21246639972120995
5965,49,0,10,50,-0.3344801749595706,0.186614094460745
5965,49,0,10,100,-0.3684537559765162,0.186614094460745
5965,49,0,10,250,-0.35904202530644336,0.186614094460745
5965,49,0,10,500,-0.3666369519329926,0.186614094460745
5965,49,0,10,1000,-0.3682625953605835,0.186614094460745
5965,49,0,10,2000,-0.10746270720052964,0.186614094460745
5965,49,0,10,5000,0.19223026394813347,0.186614094460745
5965,49,0,11,50,-0.1376631090772733,0.1689634641872736
5965,49,0,11,100,-0.14673980513335871,0.1689634641872736
5965,49,0,11,250,-0.1267667250890625,0.1689634641872736
5965,49,0,11,500,-0.1475053631172808,0.1689634641872736
5965,49,0,11,1000,-0.014094524896290261,0.1689634641872736
5965,49,0,11,2000,-0.13704188285150176,0.1689634641872736
5965,49,0,11,5000,-0.19514592110120288,0.1689634641872736
5965,49,0,12,50,0.011707351773618924,0.1617344886327351
5965,49,0,12,100,0.37552569169381506,0.1617344886327351
5965,49,0,12,250,-0.21091227741873075,0.1617344886327351
5965,49,0,12,500,-0.24756306835493458,0.1617344886327351
5965,49,0,12,1000,-0.23528196007745983,0.1617344886327351
5965,49,0,12,2000,-0.25984197938394993,0.1617344886327351
5965,49,0,12,5000,-0.27350941411102236,0.1617344886327351
5965,49,0,13,50,-0.0777434111842874,0.13843919770523042
5965,49,0,13,100,0.07607066424285747,0.13843919770523042
5965,49,0,13,250,0.04204993393606293,0.13843919770523042
5965,49,0,13,500,0.05801001432606012,0.13843919770523042
5965,49,0,13,1000,-0.18138180744193366,0.13843919770523042
5965,49,0,13,2000,-0.17082517299669508,0.13843919770523042
5965,49,0,13,5000,-0.17082517299669508,0.13843919770523042
5965,49,0,14,50,-0.08070585141912934,0.14438209525395312
5965,49,0,14,100,-0.08032165337087149,0.14438209525395312
5965,49,0,14,250,-0.04974181415086554,0.14438209525395312
5965,49,0,14,500,0.11042569674748692,0.14438209525395312
5965,49,0,14,1000,-0.06211699212799082,0.14438209525395312
5965,49,0,14,2000,-0.1566303528634535,0.14438209525395312
5965,49,0,14,5000,-0.06211699212799082,0.14438209525395312
5965,49,0,15,50,-0.12346961644830895,0.15338191242519725
5965,49,0,15,100,-0.035406141236201005,0.15338191242519725
5965,49,0,15,250,-0.022936069591253605,0.15338191242519725
5965,49,0,15,500,-0.20126228261888585,0.15338191242519725
5965,49,0,15,1000,-0.07865018815771008,0.15338191242519725
5965,49,0,15,2000,-0.10000812981929841,0.15338191242519725
5965,49,0,15,5000,-0.11224094440668453,0.15338191242519725
5965,49,0,16,50,0.169056433763212,0.12613925470831355
5965,49,0,16,100,0.29448604161295583,0.12613925470831355
5965,49,0,16,250,-0.05256060926770123,0.12613925470831355
5965,49,0,16,500,0.41313155329352913,0.12613925470831355
5965,49,0,16,1000,0.5107033923318958,0.12613925470831355
5965,49,0,16,2000,-0.14224922437129428,0.12613925470831355
5965,49,0,16,5000,-0.10564791730142764,0.12613925470831355
5965,49,0,17,50,0.25277251557116787,0.13493811994033883
5965,49,0,17,100,0.11262436426277928,0.13493811994033883
5965,49,0,17,250,-0.06489014856329223,0.13493811994033883
5965,49,0,17,500,-0.1154925059179226,0.13493811994033883
5965,49,0,17,1000,-0.3080562938717276,0.13493811994033883
5965,49,0,17,2000,-0.1154925059179226,0.13493811994033883
5965,49,0,17,5000,-0.13986058641631705,0.13493811994033883
5965,49,0,18,50,-0.08409648044741824,0.10853417489063155
5965,49,0,18,100,0.006259365771556391,0.10853417489063155
5965,49,0,18,250,0.1642302690750464,0.10853417489063155
5965,49,0,18,500,-0.050697388350481765,0.10853417489063155
5965,49,0,18,1000,0.06484125978507993,0.10853417489063155
5965,49,0,18,2000,-0.029961222226779882,0.10853417489063155
5965,49,0,18,5000,0.3805443445021915,0.10853417489063155
5965,49,0,19,50,-0.12495184363794021,0.14767374302198197
5965,49,0,19,100,-0.13488963220990446,0.14767374302198197
5965,49,0,19,250,-0.15357356827290403,0.14767374302198197
5965,49,0,19,500,-0.12949163361028382,0.14767374302198197
5965,49,0,19,1000,-0.1500371426541588,0.14767374302198197
5965,49,0,19,2000,-0.14009939985820397,0.14767374302198197
5965,49,0,19,5000,-0.14086436275400183,0.14767374302198197
5965,49,0,20,50,0.4848516655875737,0.11940677223689365
5965,49,0,20,100,0.13417557223674037,0.11940677223689365
5965,49,0,20,250,0.5349305284968483,0.11940677223689365
5965,49,0,20,500,0.48891538506046833,0.11940677223689365
5965,49,0,20,1000,0.5184435662367876,0.11940677223689365
5965,49,0,20,2000,0.5989593556642135,0.11940677223689365
5965,49,0,20,5000,0.1623675059179226,0.11940677223689365
5965,49,0,21,50,0.1597865171707641,0.11657245843301196
5965,49,0,21,100,-0.02145425438570725,0.11657245843301196
5965,49,0,21,250,0.171205937844236,0.11657245843301196
5965,49,0,21,500,0.006975806097217929,0.11657245843301196
5965,49,0,21,1000,-0.11568124040534777,0.11657245843301196
5965,49,0,21,2000,0.12791506206494463,0.11657245843301196
5965,49,0,21,5000,-0.044055884451098204,0.11657245843301196
5965,49,0,22,50,0.39741060677748635,0.1114337886607836
5965,49,0,22,100,0.4817466330829446,0.1114337886607836
5965,49,0,22,250,0.45460667787751713,0.1114337886607836
5965,49,0,22,500,0.4767288042427408,0.1114337886607836
5965,49,0,22,1000,0.4393624885010667,0.1114337886607836
5965,49,0,22,2000,0.5086969840567659,0.1114337886607836
5965,49,0,22,5000,0.5086969840567659,0.1114337886607836
5965,49,0,23,50,-0.13680201656139357,0.14785205945554414
5965,49,0,23,100,-0.1480309632590755,0.14785205945554414
5965,49,0,23,250,0.2423551775230277,0.14785205945554414
5965,49,0,23,500,-0.16733543890770342,0.14785205945554414
5965,49,0,23,1000,-0.19194324836817644,0.14785205945554414
5965,49,0,23,2000,-0.15926096280497792,0.14785205945554414
5965,49,0,23,5000,-0.2009738022066232,0.14785205945554414
5965,49,0,24,50,-0.12738886683502448,0.11467602817107125
5965,49,0,24,100,-0.08500586665338516,0.11467602817107125
5965,49,0,24,250,0.2782879717492444,0.11467602817107125
5965,49,0,24,500,-0.11548998823739653,0.11467602817107125
5965,49,0,24,1000,-0.13680197078538447,0.11467602817107125
5965,49,0,24,2000,0.0684257959898752,0.11467602817107125
5965,49,0,24,5000,-0.13302714370883795,0.11467602817107125
5965,49,1,5,50,-0.21301646325028778,0.3480892127440447
5965,49,1,5,100,-0.19261267673201832,0.3480892127440447
5965,49,1,5,250,0.26170680246150374,0.3480892127440447
5965,49,1,5,500,-0.06020552329669371,0.3480892127440447
5965,49,1,5,1000,0.33925836638971507,0.3480892127440447
5965,49,1,5,2000,0.33892388108784244,0.3480892127440447
5965,49,1,5,5000,0.33156712703904595,0.3480892127440447
5965,49,1,6,50,-0.3174200055077695,0.35234454741115184
5965,49,1,6,100,-0.3149849049030874,0.35234454741115184
5965,49,1,6,250,-0.2098136989652427,0.35234454741115184
5965,49,1,6,500,0.5862000711908497,0.35234454741115184
5965,49,1,6,1000,-0.20111685223650633,0.35234454741115184
5965,49,1,6,2000,0.18530146981273543,0.35234454741115184
5965,49,1,6,5000,0.5862000711908497,0.35234454741115184
5965,49,1,7,50,0.016626762193263978,0.3405453805296852
5965,49,1,7,100,-0.17622216452410577,0.3405453805296852
5965,49,1,7,250,-0.22128145910481223,0.3405453805296852
5965,49,1,7,500,0.16853092517343593,0.3405453805296852
5965,49,1,7,1000,0.10110803577706362,0.3405453805296852
5965,49,1,7,2000,-0.128725938298334,0.3405453805296852
5965,49,1,7,5000,0.10110803577706362,0.3405453805296852
5965,49,1,8,50,-0.4620121833764973,0.30634663758480823
5965,49,1,8,100,-0.41628355198396905,0.30634663758480823
5965,49,1,8,250,-0.14540396962230817,0.30634663758480823
5965,49,1,8,500,-0.2263484513792865,0.30634663758480823
5965,49,1,8,1000,-0.2822058946316828,0.30634663758480823
5965,49,1,8,2000,-0.20097558747099664,0.30634663758480823
5965,49,1,8,5000,-0.2461289975273635,0.30634663758480823
5965,49,1,9,50,-0.22811664130065445,0.3195910820617147
5965,49,1,9,100,-0.2993605457672207,0.3195910820617147
5965,49,1,9,250,-0.10760616921449828,0.3195910820617147
5965,49,1,9,500,-0.29778177697342223,0.3195910820617147
5965,49,1,9,1000,-0.22902186188975093,0.3195910820617147
5965,49,1,9,2000,-0.22902186188975093,0.3195910820617147
5965,49,1,9,5000,0.0012418573634189745,0.3195910820617147
5965,49,1,10,50,-0.2968744049118761,0.309554512747194
5965,49,1,10,100,-0.305618126274404,0.309554512747194
5965,49,1,10,250,-0.2922888389299696,0.309554512747194
5965,49,1,10,500,-0.24106452293341496,0.309554512747194
5965,49,1,10,1000,0.10961431697799251,0.309554512747194
5965,49,1,10,2000,-0.2752289441342256,0.309554512747194
5965,49,1,10,5000,0.10961431697799251,0.309554512747194
5965,49,1,11,50,-0.2221904791027025,0.29112763177063306
5965,49,1,11,100,-0.23231933673858063,0.29112763177063306
5965,49,1,11,250,-0.24555771292802464,0.29112763177063306
5965,49,1,11,500,-0.24555771292802464,0.29112763177063306
5965,49,1,11,1000,-0.249234487792088,0.29112763177063306
5965,49,1,11,2000,-0.24216236897075039,0.29112763177063306
5965,49,1,11,5000,-0.25535084930977126,0.29112763177063306
5965,49,1,12,50,-0.22223698752841803,0.271790761484008
5965,49,1,12,100,0.09332039215025623,0.271790761484008
5965,49,1,12,250,-0.008456385350504858,0.271790761484008
5965,49,1,12,500,0.05275218186771968,0.271790761484008
5965,49,1,12,1000,0.16117311827641978,0.271790761484008
5965,49,1,12,2000,0.23762564599104696,0.271790761484008
5965,49,1,12,5000,0.3674023725888861,0.271790761484008
5965,49,1,13,50,-0.22066101107120306,0.25443694297632524
5965,49,1,13,100,-0.061736776592566156,0.25443694297632524
5965,49,1,13,250,-0.27150122057151904,0.25443694297632524
5965,49,1,13,500,-0.23337319203072693,0.25443694297632524
5965,49,1,13,1000,-0.24144771390946196,0.25443694297632524
5965,49,1,13,2000,-0.02661476704771859,0.25443694297632524
5965,49,1,13,5000,-0.24144771390946196,0.25443694297632524
5965,49,1,14,50,-0.15930747123069366,0.23646415169505638
5965,49,1,14,100,-0.2073763553360909,0.23646415169505638
5965,49,1,14,250,-0.17488504728478693,0.23646415169505638
5965,49,1,14,500,-0.19963544901504615,0.23646415169505638
5965,49,1,14,1000,-0.13603604659338486,0.23646415169505638
5965,49,1,14,2000,-0.14148330017929478,0.23646415169505638
5965,49,1,14,5000,-0.13603604659338486,0.23646415169505638
5965,49,1,15,50,0.04458203390500892,0.2298682591529947
5965,49,1,15,100,0.11004332973961206,0.2298682591529947
5965,49,1,15,250,-0.17502782265861205,0.2298682591529947
5965,49,1,15,500,-0.040376729234536834,0.2298682591529947
5965,49,1,15,1000,0.12748412671092468,0.2298682591529947
5965,49,1,15,2000,0.21096194438910654,0.2298682591529947
5965,49,1,15,5000,0.25305948537511447,0.2298682591529947
5965,49,1,16,50,-0.14081703036011406,0.21174449826392758
5965,49,1,16,100,0.1281522733464978,0.21174449826392758
5965,49,1,16,250,-0.1036889787482127,0.21174449826392758
5965,49,1,16,500,-0.1314491531072015,0.21174449826392758
5965,49,1,16,1000,-0.19533657818102967,0.21174449826392758
5965,49,1,16,2000,-0.12332624598635933,0.21174449826392758
5965,49,1,16,5000,-0.13469989065026777,0.21174449826392758
5965,49,1,17,50,0.1029231461082335,0.19286556302569285
5965,49,1,17,100,0.16303624764162028,0.19286556302569285
5965,49,1,17,250,0.19156014894414908,0.19286556302569285
5965,49,1,17,500,-0.07822126694810971,0.19286556302569285
5965,49,1,17,1000,0.1971055005185507,0.19286556302569285
5965,49,1,17,2000,-0.15099486832622377,0.19286556302569285
5965,49,1,17,5000,-0.15099486832622377,0.19286556302569285
5965,49,1,18,50,-0.10631826118545995,0.19130933791892246
5965,49,1,18,100,-0.07425527925563014,0.19130933791892246
5965,49,1,18,250,-0.060923382678650495,0.19130933791892246
5965,49,1,18,500,-0.010368723925984202,0.19130933791892246
5965,49,1,18,1000,-0.07583001976058734,0.19130933791892246
5965,49,1,18,2000,-0.07425527925563014,0.19130933791892246
5965,49,1,18,5000,-0.060923382678650495,0.19130933791892246
5965,49,1,19,50,-0.12547877128401375,0.19081573270880636
5965,49,1,19,100,-0.10770197840251261,0.19081573270880636
5965,49,1,19,250,0.20202486516218632,0.19081573270880636
5965,49,1,19,500,-0.11826085587221968,0.19081573270880636
5965,49,1,19,1000,0.19562341065694827,0.19081573270880636
5965,49,1,19,2000,0.16356139002332015,0.19081573270880636
5965,49,1,19,5000,0.15457684107448377,0.19081573270880636
5965,49,1,20,50,-0.010559106349754654,0.1827841528568904
5965,49,1,20,100,0.18525367965875306,0.1827841528568904
5965,49,1,20,250,-0.10875413998230488,0.1827841528568904
5965,49,1,20,500,0.22003969329341222,0.1827841528568904
5965,49,1,20,1000,0.24450532246818424,0.1827841528568904
5965,49,1,20,2000,0.14726764829962324,0.1827841528568904
5965,49,1,20,5000,-0.010559106349754654,0.1827841528568904
5965,49,1,21,50,-0.05322875590327392,0.17726187092221363
5965,49,1,21,100,-0.07492200683490713,0.17726187092221363
5965,49,1,21,250,-0.016533333357746316,0.17726187092221363
5965,49,1,21,500,0.20455971169170617,0.17726187092221363
5965,49,1,21,1000,-0.0038714602327319936,0.17726187092221363
5965,49,1,21,2000,0.12633849051960544,0.17726187092221363
5965,49,1,21,5000,0.02508447504804623,0.17726187092221363
5965,49,1,22,50,0.34647252816872554,0.16213673746065796
5965,49,1,22,100,0.17168466335223997,0.16213673746065796
5965,49,1,22,250,0.2568321609792109,0.16213673746065796
5965,49,1,22,500,0.38044629228970894,0.16213673746065796
5965,49,1,22,1000,0.1395730673002552,0.16213673746065796
5965,49,1,22,2000,0.072485487173928,0.16213673746065796
5965,49,1,22,5000,0.17230588957801074,0.16213673746065796
5965,49,1,23,50,-0.14611999796388264,0.16329607069713042
5965,49,1,23,100,0.08080207259122951,0.16329607069713042
5965,49,1,23,250,0.2686819676945883,0.16329607069713042
5965,49,1,23,500,-0.07248530406988962,0.16329607069713042
5965,49,1,23,1000,-0.12466610978625092,0.16329607069713042
5965,49,1,23,2000,0.18836127561991778,0.16329607069713042
5965,49,1,23,5000,-0.09045165540698885,0.16329607069713042
5965,49,1,24,50,-0.1326918802148026,0.17591695342458707
5965,49,1,24,100,0.1293471187480959,0.17591695342458707
5965,49,1,24,250,-0.13159284400121818,0.17591695342458707
5965,49,1,24,500,0.13704014336313786,0.17591695342458707
5965,49,1,24,1000,-0.1326918802148026,0.17591695342458707
5965,49,1,24,2000,-0.14822299361919034,0.17591695342458707
5965,49,1,24,5000,-0.12151113565519,0.17591695342458707
5965,49,2,5,50,-0.27761799407328813,0.27904070623120364
5965,49,2,5,100,0.3124998168959619,0.27904070623120364
5965,49,2,5,250,-0.2637127987525485,0.27904070623120364
5965,49,2,5,500,-0.04481897053050332,0.27904070623120364
5965,49,2,5,1000,-0.2728885083173176,0.27904070623120364
5965,49,2,5,2000,-0.18955515972531445,0.27904070623120364
5965,49,2,5,5000,-0.18955515972531445,0.27904070623120364
5965,49,2,6,50,-0.2780496160674524,0.2816709997433025
5965,49,2,6,100,-0.1980118655078863,0.2816709997433025
5965,49,2,6,250,-0.25038392339219984,0.2816709997433025
5965,49,2,6,500,0.3024178338938766,0.2816709997433025
5965,49,2,6,1000,-0.2780496160674524,0.2816709997433025
5965,49,2,6,2000,-0.2020261468904535,0.2816709997433025
5965,49,2,6,5000,-0.1685316118135789,0.2816709997433025
5965,49,2,7,50,-0.13025760357829164,0.25948841578344267
5965,49,2,7,100,-0.11883740471265802,0.25948841578344267
5965,49,2,7,250,-0.1512796408817112,0.25948841578344267
5965,49,2,7,500,-0.16613999841798077,0.25948841578344267
5965,49,2,7,1000,-0.029243774828907165,0.25948841578344267
5965,49,2,7,2000,-0.17149400627241151,0.25948841578344267
5965,49,2,7,5000,-0.12098622215353771,0.25948841578344267
5965,49,2,8,50,-0.23710004584925104,0.2044095172720627
5965,49,2,8,100,-0.17612699620022443,0.2044095172720627
5965,49,2,8,250,-0.2485662953805048,0.2044095172720627
5965,49,2,8,500,0.16164905144784059,0.2044095172720627
5965,49,2,8,1000,-0.23284539464047127,0.2044095172720627
5965,49,2,8,2000,-0.17612699620022443,0.2044095172720627
5965,49,2,8,5000,-0.23642919842911359,0.2044095172720627
5965,49,2,9,50,-0.23963223737021555,0.2241656153632318
5965,49,2,9,100,-0.2826841623795905,0.2241656153632318
5965,49,2,9,250,-0.12724531326903654,0.2241656153632318
5965,49,2,9,500,0.29615672863395653,0.2241656153632318
5965,49,2,9,1000,-0.2165055106991347,0.2241656153632318
5965,49,2,9,2000,-0.14831861970316607,0.2241656153632318
5965,49,2,9,5000,-0.14831861970316607,0.2241656153632318
5965,49,2,10,50,-0.07454046379520451,0.19065134110938103
5965,49,2,10,100,-0.15137595360583078,0.19065134110938103
5965,49,2,10,250,0.04706579440785652,0.19065134110938103
5965,49,2,10,500,-0.15161531635983283,0.19065134110938103
5965,49,2,10,1000,-0.1985364585774717,0.19065134110938103
5965,49,2,10,2000,0.10502856789204829,0.19065134110938103
5965,49,2,10,5000,-0.2292130682816924,0.19065134110938103
5965,49,2,11,50,-0.08027555692924249,0.18664288894109549
5965,49,2,11,100,-0.0651750584468086,0.18664288894109549
5965,49,2,11,250,0.11921871887231406,0.18664288894109549
5965,49,2,11,500,0.16981883320247526,0.18664288894109549
5965,49,2,11,1000,0.11921871887231406,0.18664288894109549
5965,49,2,11,2000,0.2162664226011911,0.18664288894109549
5965,49,2,11,5000,-0.06426745750521445,0.18664288894109549
5965,49,2,12,50,-0.026901050211521338,0.1854773118680714
5965,49,2,12,100,0.08180388056050403,0.1854773118680714
5965,49,2,12,250,-0.11109480467925992,0.1854773118680714
5965,49,2,12,500,-0.12084413341985578,0.1854773118680714
5965,49,2,12,1000,-0.1328850549751559,0.1854773118680714
5965,49,2,12,2000,-0.13503373508800665,0.1854773118680714
5965,49,2,12,5000,-0.1381407359610467,0.1854773118680714
5965,49,2,13,50,-0.14784177101155438,0.1937871188507251
5965,49,2,13,100,0.49517356065577656,0.1937871188507251
5965,49,2,13,250,-0.26046412112991335,0.1937871188507251
5965,49,2,13,500,-0.16117201965219008,0.1937871188507251
5965,49,2,13,1000,-0.16346471109112448,0.1937871188507251
5965,49,2,13,2000,-0.17502855507476522,0.1937871188507251
5965,49,2,13,5000,-0.12624286443562993,0.1937871188507251
5965,49,2,14,50,-0.005926116421941741,0.1604080373081213
5965,49,2,14,100,-0.2839255619829141,0.1604080373081213
5965,49,2,14,250,0.1566333740800856,0.1604080373081213
5965,49,2,14,500,0.48571371939965363,0.1604080373081213
5965,49,2,14,1000,0.19849136920805321,0.1604080373081213
5965,49,2,14,2000,-0.13068592969976756,0.1604080373081213
5965,49,2,14,5000,-0.12509699936426288,0.1604080373081213
5965,49,2,15,50,-0.2498090682641152,0.17750731222045102
5965,49,2,15,100,0.13599095722396737,0.17750731222045102
5965,49,2,15,250,-0.249618868944383,0.17750731222045102
5965,49,2,15,500,-0.013952710818665448,0.17750731222045102
5965,49,2,15,1000,-0.11162109146119992,0.17750731222045102
5965,49,2,15,2000,-0.0966657944810978,0.17750731222045102
5965,49,2,15,5000,0.6605028201683971,0.17750731222045102
5965,49,2,16,50,-0.12571616566960409,0.18959971772951942
5965,49,2,16,100,-0.05103196520437381,0.18959971772951942
5965,49,2,16,250,-0.1361805156795649,0.18959971772951942
5965,49,2,16,500,-0.07707347928434172,0.18959971772951942
5965,49,2,16,1000,-0.1172111661969445,0.18959971772951942
5965,49,2,16,2000,0.08075217674080637,0.18959971772951942
5965,49,2,16,5000,-0.1172111661969445,0.18959971772951942
5965,49,2,17,50,-0.029529691784634382,0.17643822699589543
5965,49,2,17,100,-0.09680861563093224,0.17643822699589543
5965,49,2,17,250,-0.15553291881020403,0.17643822699589543
5965,49,2,17,500,-0.14053161694049277,0.17643822699589543
5965,49,2,17,1000,-0.14053161694049277,0.17643822699589543
5965,49,2,17,2000,-0.07850713812782761,0.17643822699589543
5965,49,2,17,5000,-0.14053161694049277,0.17643822699589543
5965,49,2,18,50,-0.14898713254681517,0.21055418108110976
5965,49,2,18,100,-0.14592856269189203,0.21055418108110976
5965,49,2,18,250,-0.17818211014952923,0.21055418108110976
5965,49,2,18,500,-0.16265269045749586,0.21055418108110976
5965,49,2,18,1000,-0.1239966356464004,0.21055418108110976
5965,49,2,18,2000,-0.1495122749285155,0.21055418108110976
5965,49,2,18,5000,-0.1495122749285155,0.21055418108110976
5965,49,2,19,50,-0.09030897158518214,0.16132360186426659
5965,49,2,19,100,0.10383216610612478,0.16132360186426659
5965,49,2,19,250,-0.08481589621370078,0.16132360186426659
5965,49,2,19,500,0.5988634549241809,0.16132360186426659
5965,49,2,19,1000,-0.17029705517437255,0.16132360186426659
5965,49,2,19,2000,-0.1865434645041829,0.16132360186426659
5965,49,2,19,5000,-0.0986729809483905,0.16132360186426659
5965,49,2,20,50,0.1874509281177491,0.15221120923447568
5965,49,2,20,100,-0.159834032668689,0.15221120923447568
5965,49,2,20,250,-0.1228022022288876,0.15221120923447568
5965,49,2,20,500,-0.1289193419387339,0.15221120923447568
5965,49,2,20,1000,-0.12036577411992855,0.15221120923447568
5965,49,2,20,2000,-0.18429760192303124,0.15221120923447568
5965,49,2,20,5000,-0.1310204150016402,0.15221120923447568
5965,49,2,21,50,0.40152060579604865,0.1516671705823782
5965,49,2,21,100,0.14755484698361787,0.1516671705823782
5965,49,2,21,250,0.5210243718799075,0.1516671705823782
5965,49,2,21,500,-0.08051354640295727,0.1516671705823782
5965,49,2,21,1000,-0.11200469442133232,0.1516671705823782
5965,49,2,21,2000,-0.14205797220334204,0.1516671705823782
5965,49,2,21,5000,-0.1288230749906243,0.1516671705823782
5965,49,2,22,50,0.14960899963672214,0.1659916943770667
5965,49,2,22,100,0.09599636611725737,0.1659916943770667
5965,49,2,22,250,0.10139459359692549,0.1659916943770667
5965,49,2,22,500,-0.08519542510898281,0.1659916943770667
5965,49,2,22,1000,0.24302533830302242,0.1659916943770667
5965,49,2,22,2000,0.049358760502848154,0.1659916943770667
5965,49,2,22,5000,0.13766342950934007,0.1659916943770667
5965,49,2,23,50,-0.14578569576604783,0.1400820312714983
5965,49,2,23,100,0.5226002567851038,0.1400820312714983
5965,49,2,23,250,0.10650759076100991,0.1400820312714983
5965,49,2,23,500,-0.10837282582264951,0.1400820312714983
5965,49,2,23,1000,-0.12194060617690439,0.1400820312714983
5965,49,2,23,2000,-0.14406534177467234,0.1400820312714983
5965,49,2,23,5000,-0.13183211520320104,0.1400820312714983
5965,49,2,24,50,0.2025024920459617,0.14615130721133457
5965,49,2,24,100,0.05409103859540232,0.14615130721133457
5965,49,2,24,250,0.15032557729041252,0.14615130721133457
5965,49,2,24,500,-0.06388596024152093,0.14615130721133457
5965,49,2,24,1000,-0.13962268849462067,0.14615130721133457
5965,49,2,24,2000,-0.16246157561757257,0.14615130721133457
5965,49,2,24,5000,-0.13823768954929982,0.14615130721133457
5965,9946,0,5,50,-0.1598561837340019,0.3444647910958206
5965,9946,0,5,100,-0.1737978700801145,0.3444647910958206
5965,9946,0,5,250,-0.19374957373394586,0.3444647910958206
5965,9946,0,5,500,-0.1628199991559489,0.3444647910958206
5965,9946,0,5,1000,-0.15769316291672397,0.3444647910958206
5965,9946,0,5,2000,-0.16514373512817226,0.3444647910958206
5965,9946,0,5,5000,-0.13205022787386156,0.3444647910958206
5965,9946,0,6,50,-0.2333324625907538,0.3141651530000232
5965,9946,0,6,100,0.6403835547114681,0.3141651530000232
5965,9946,0,6,250,-0.18878085385141585,0.3141651530000232
5965,9946,0,6,500,-0.20416719846691567,0.3141651530000232
5965,9946,0,6,1000,0.6589732145244968,0.3141651530000232
5965,9946,0,6,2000,-0.22644190860574254,0.3141651530000232
5965,9946,0,6,5000,-0.22644190860574254,0.3141651530000232
5965,9946,0,7,50,0.6019220700960868,0.24976990885757708
5965,9946,0,7,100,0.6170662705448027,0.24976990885757708
5965,9946,0,7,250,0.6044059285148825,0.24976990885757708
5965,9946,0,7,500,-0.21209927784187477,0.24976990885757708
5965,9946,0,7,1000,-0.23501630148506092,0.24976990885757708
5965,9946,0,7,2000,-0.2288448851281205,0.24976990885757708
5965,9946,0,7,5000,0.6349347410469316,0.24976990885757708
5965,9946,0,8,50,-0.20015930444972263,0.22521591159192797
5965,9946,0,8,100,-0.22267702502141695,0.22521591159192797
5965,9946,0,8,250,-0.18173099809296378,0.22521591159192797
5965,9946,0,8,500,-0.21298004248392566,0.22521591159192797
5965,9946,0,8,1000,-0.15849445904386117,0.22521591159192797
5965,9946,0,8,2000,-0.21209991614319934,0.22521591159192797
5965,9946,0,8,5000,-0.21298004248392566,0.22521591159192797
5965,9946,0,9,50,-0.10857455379279102,0.21288332482020866
5965,9946,0,9,100,-0.16001521194973245,0.21288332482020866
5965,9946,0,9,250,-0.15528895538464849,0.21288332482020866
5965,9946,0,9,500,-0.15128106136745578,0.21288332482020866
5965,9946,0,9,1000,-0.20953608768702126,0.21288332482020866
5965,9946,0,9,2000,-0.20953608768702126,0.21288332482020866
5965,9946,0,9,5000,-0.20953608768702126,0.21288332482020866
5965,9946,0,10,50,0.6878992980234153,0.1731467889086661
5965,9946,0,10,100,-0.11410146818368738,0.1731467889086661
5965,9946,0,10,250,-0.13413327865375635,0.1731467889086661
5965,9946,0,10,500,-0.14495061679478416,0.1731467889086661
5965,9946,0,10,1000,-0.12676304122330473,0.1731467889086661
5965,9946,0,10,2000,-0.1438288022167915,0.1731467889086661
5965,9946,0,10,5000,-0.12652258399573568,0.1731467889086661
5965,9946,0,11,50,-0.1795673845673127,0.24324798947507734
5965,9946,0,11,100,-0.19663496927886925,0.24324798947507734
5965,9946,0,11,250,-0.18117025037929846,0.24324798947507734
5965,9946,0,11,500,-0.1815707844604878,0.24324798947507734
5965,9946,0,11,1000,-0.18934319731839244,0.24324798947507734
5965,9946,0,11,2000,-0.1970355945459623,0.24324798947507734
5965,9946,0,11,5000,-0.186378378851507,0.24324798947507734
5965,9946,0,12,50,-0.26995276703531246,0.1464290934846098
5965,9946,0,12,100,0.6271623281890276,0.1464290934846098
5965,9946,0,12,250,-0.2802895098718644,0.1464290934846098
5965,9946,0,12,500,-0.23437380560889431,0.1464290934846098
5965,9946,0,12,1000,-0.23862215685365595,0.1464290934846098
5965,9946,0,12,2000,0.614822595795866,0.1464290934846098
5965,9946,0,12,5000,0.6302873146954369,0.1464290934846098
5965,9946,0,13,50,0.7845336960522471,0.1692722193966982
5965,9946,0,13,100,-0.24286695184818097,0.1692722193966982
5965,9946,0,13,250,-0.22940595199244762,0.1692722193966982
5965,9946,0,13,500,-0.2248394987232738,0.1692722193966982
5965,9946,0,13,1000,-0.31137802147968796,0.1692722193966982
5965,9946,0,13,2000,-0.23509608915063596,0.1692722193966982
5965,9946,0,13,5000,-0.2664256051014502,0.1692722193966982
5965,9946,0,14,50,-0.10689117082800059,0.10407945032583255
5965,9946,0,14,100,-0.1179485558600315,0.10407945032583255
5965,9946,0,14,250,-0.0947105122435209,0.10407945032583255
5965,9946,0,14,500,-0.1782043832745226,0.10407945032583255
5965,9946,0,14,1000,-0.12948772161328337,0.10407945032583255
5965,9946,0,14,2000,-0.1139426679327159,0.10407945032583255
5965,9946,0,14,5000,-0.1567301485897017,0.10407945032583255
5965,9946,0,15,50,-0.011699151420968446,0.12998841148950113
5965,9946,0,15,100,-0.08838225613253492,0.12998841148950113
5965,9946,0,15,250,0.6847750410042336,0.12998841148950113
5965,9946,0,15,500,-0.08581774378207996,0.12998841148950113
5965,9946,0,15,1000,0.7338132241612666,0.12998841148950113
5965,9946,0,15,2000,-0.1506399332798415,0.12998841148950113
5965,9946,0,15,5000,0.6897430769924872,0.12998841148950113
5965,9946,0,16,50,-0.07379729883007657,0.14712471570245797
5965,9946,0,16,100,-0.2495184163941765,0.14712471570245797
5965,9946,0,16,250,0.7369384842253865,0.14712471570245797
5965,9946,0,16,500,-0.26474459297015185,0.14712471570245797
5965,9946,0,16,1000,-0.2495184163941765,0.14712471570245797
5965,9946,0,16,2000,-0.22780477311967684,0.14712471570245797
5965,9946,0,16,5000,-0.207772278755331,0.14712471570245797
5965,9946,0,17,50,-0.1016833615064544,0.15183727645948844
5965,9946,0,17,100,-0.12187401782044727,0.15183727645948844
5965,9946,0,17,250,-0.125000600080168,0.15183727645948844
5965,9946,0,17,500,-0.08028823059293333,0.15183727645948844
5965,9946,0,17,1000,-0.08028823059293333,0.15183727645948844
5965,9946,0,17,2000,0.7076113195298576,0.15183727645948844
5965,9946,0,17,5000,-0.14446983911850164,0.15183727645948844
5965,9946,0,18,50,-0.011939471869683138,0.10468499221675945
5965,9946,0,18,100,-0.08181003213669424,0.10468499221675945
5965,9946,0,18,250,-0.08181003213669424,0.10468499221675945
5965,9946,0,18,500,-0.030609420870756687,0.10468499221675945
5965,9946,0,18,1000,0.7193901674304986,0.10468499221675945
5965,9946,0,18,2000,-0.06041768239323053,0.10468499221675945
5965,9946,0,18,5000,-0.07451835136212082,0.10468499221675945
5965,9946,0,19,50,-0.01778781657046924,0.06949434705865826
5965,9946,0,19,100,-0.018350251223349878,0.06949434705865826
5965,9946,0,19,250,-0.00024095875003782297,0.06949434705865826
5965,9946,0,19,500,-0.5110561379165628,0.06949434705865826
5965,9946,0,19,1000,0.6807681956249312,0.06949434705865826
5965,9946,0,19,2000,0.6807681956249312,0.06949434705865826
5965,9946,0,19,5000,0.671232931287324,0.06949434705865826
5965,9946,0,20,50,-0.03814078379271846,0.06972869674051699
5965,9946,0,20,100,-0.02323813480241388,0.06972869674051699
5965,9946,0,20,250,-0.033334374818445034,0.06972869674051699
5965,9946,0,20,500,-0.01906993596684159,0.06972869674051699
5965,9946,0,20,1000,0.61402134526168,0.06972869674051699
5965,9946,0,20,2000,-0.21466333426281148,0.06972869674051699
5965,9946,0,20,5000,-0.18565618649566862,0.06972869674051699
5965,9946,0,21,50,-0.027002562457221435,0.0615077669273807
5965,9946,0,21,100,-0.018991105753253024,0.0615077669273807
5965,9946,0,21,250,-0.002402930929425784,0.0615077669273807
5965,9946,0,21,500,-0.016587308557743263,0.0615077669273807
5965,9946,0,21,1000,0.6547264134400947,0.0615077669273807
5965,9946,0,21,2000,0.6547264134400947,0.0615077669273807
5965,9946,0,21,5000,-0.015944949460432567,0.0615077669273807
5965,9946,0,22,50,-0.09142681667204355,0.13741452955447714
5965,9946,0,22,100,-0.11234053160795798,0.13741452955447714
5965,9946,0,22,250,-0.12227674036332048,0.13741452955447714
5965,9946,0,22,500,-0.11570469873928713,0.13741452955447714
5965,9946,0,22,1000,-0.0958325091933202,0.13741452955447714
5965,9946,0,22,2000,-0.11570469873928713,0.13741452955447714
5965,9946,0,22,5000,-0.10544810831192453,0.13741452955447714
5965,9946,0,23,50,-0.07499935700316163,0.08322514398973559
5965,9946,0,23,100,-0.09366957956194566,0.08322514398973559
5965,9946,0,23,250,-0.05881440624467782,0.08322514398973559
5965,9946,0,23,500,-0.08950379715281664,0.08322514398973559
5965,9946,0,23,1000,-0.07940769391564084,0.08322514398973559
5965,9946,0,23,2000,-0.08501517105229295,0.08322514398973559
5965,9946,0,23,5000,-0.09439044972218358,0.08322514398973559
5965,9946,0,24,50,-0.017148238643215463,0.04760543971860577
5965,9946,0,24,100,-0.0251599233119435,0.04760543971860577
5965,9946,0,24,250,-0.028847116506474535,0.04760543971860577
5965,9946,0,24,500,0.7490373490544133,0.04760543971860577
5965,9946,0,24,1000,0.034453590598187867,0.04760543971860577
5965,9946,0,24,2000,0.6396625477723752,0.04760543971860577
5965,9946,0,24,5000,-0.18213048353626293,0.04760543971860577
5965,9946,1,5,50,-0.00817235423072149,0.008201637241662434
5965,9946,1,5,100,0.012821513114382843,0.008201637241662434
5965,9946,1,5,250,-0.00632957830658798,0.008201637241662434
5965,9946,1,5,500,0.0025649226870202435,0.008201637241662434
5965,9946,1,5,1000,-0.0010424372489833411,0.008201637241662434
5965,9946,1,5,2000,0.0025649226870202435,0.008201637241662434
5965,9946,1,5,5000,0.0025649226870202435,0.008201637241662434
5965,9946,1,6,50,0.003927012120774398,0.00781066554240148
5965,9946,1,6,100,0.0036866460791089573,0.00781066554240148
5965,9946,1,6,250,-0.016906687184805258,0.00781066554240148
5965,9946,1,6,500,0.014744441447705814,0.00781066554240148
5965,9946,1,6,1000,-0.005207854914498933,0.00781066554240148
5965,9946,1,6,2000,-0.005047641282023063,0.00781066554240148
5965,9946,1,6,5000,-0.016906687184805258,0.00781066554240148
5965,9946,1,7,50,-0.0008820412447005932,0.010114067049595098
5965,9946,1,7,100,0.06794945565175803,0.010114067049595098
5965,9946,1,7,250,-0.012419428872834759,0.010114067049595098
5965,9946,1,7,500,-0.008013690758606029,0.010114067049595098
5965,9946,1,7,1000,-0.007212485817371883,0.010114067049595098
5965,9946,1,7,2000,0.0050471853525034804,0.010114067049595098
5965,9946,1,7,5000,0.05857249004265286,0.010114067049595098
5965,9946,1,8,50,-0.016265376725384195,0.00934014990115301
5965,9946,1,8,100,0.0019239769712134924,0.00934014990115301
5965,9946,1,8,250,-0.006331082873996086,0.00934014990115301
5965,9946,1,8,500,-0.021554250315155565,0.00934014990115301
5965,9946,1,8,1000,-0.01129765988779341,0.00934014990115301
5965,9946,1,8,2000,-0.01129765988779341,0.00934014990115301
5965,9946,1,8,5000,0.003925507553366292,0.00934014990115301
5965,9946,1,9,50,0.0024035692307506906,0.009392315654749581
5965,9946,1,9,100,-0.027484844700912503,0.009392315654749581
5965,9946,1,9,250,-0.009375780192360073,0.009392315654749581
5965,9946,1,9,500,0.004887108498883408,0.009392315654749581
5965,9946,1,9,1000,-0.0006400338567714714,0.009392315654749581
5965,9946,1,9,2000,-0.009935296896327994,0.009392315654749581
5965,9946,1,9,5000,-0.010175845309800535,0.009392315654749581
5965,9946,1,10,50,-0.016747750154978647,0.009777045249700014
5965,9946,1,10,100,-0.00825392002141545,0.009777045249700014
5965,9946,1,10,250,0.024921153023588993,0.009777045249700014
5965,9946,1,10,500,-0.010015358119613849,0.009777045249700014
5965,9946,1,10,1000,0.09647400202454837,0.009777045249700014
5965,9946,1,10,2000,0.05552774713133635,0.009777045249700014
5965,9946,1,10,5000,-0.010816836618558923,0.009777045249700014
5965,9946,1,11,50,-0.006569534011687583,0.009523848618293487
5965,9946,1,11,100,0.0064113720620397885,0.009523848618293487
5965,9946,1,11,250,-0.012899796212550663,0.009523848618293487
5965,9946,1,11,500,-0.011377584332224244,0.009523848618293487
5965,9946,1,11,1000,-0.002803601789471477,0.009523848618293487
5965,9946,1,11,2000,-0.0018420008439543611,0.009523848618293487
5965,9946,1,11,5000,-0.0071320142575190815,0.009523848618293487
5965,9946,1,12,50,0.010017181837683964,0.009350470937622236
5965,9946,1,12,100,0.013541334636729352,0.009350470937622236
5965,9946,1,12,250,0.04975846060889688,0.009350470937622236
5965,9946,1,12,500,-0.008012505341860154,0.009350470937622236
5965,9946,1,12,1000,-0.012338638162318949,0.009350470937622236
5965,9946,1,12,2000,-0.0074523047436148016,0.009350470937622236
5965,9946,1,12,5000,0.0029647272809822933,0.009350470937622236
5965,9946,1,13,50,0.008252643418765415,0.009178035994364767
5965,9946,1,13,100,0.0028853043590193472,0.009178035994364767
5965,9946,1,13,250,0.008332567863195695,0.009178035994364767
5965,9946,1,13,500,0.008572797126005671,0.009178035994364767
5965,9946,1,13,1000,0.06963174438570519,0.009178035994364767
5965,9946,1,13,2000,-0.0021643886058319017,0.009178035994364767
5965,9946,1,13,5000,0.044071742922089485,0.009178035994364767
5965,9946,1,14,50,-0.020431797435838006,0.01205824738537264
5965,9946,1,14,100,-0.009696663386829063,0.01205824738537264
5965,9946,1,14,250,0.002963906607850064,0.01205824738537264
5965,9946,1,14,500,0.01201816530441524,0.01205824738537264
5965,9946,1,14,1000,-0.0016024554754212605,0.01205824738537264
5965,9946,1,14,2000,-0.014903743221147403,0.01205824738537264
5965,9946,1,14,5000,-0.009937302986205543,0.01205824738537264
5965,9946,1,15,50,-0.003124257019182064,0.011973704360580224
5965,9946,1,15,100,0.0038469508974883215,0.011973704360580224
5965,9946,1,15,250,-0.005047732467926336,0.011973704360580224
5965,9946,1,15,500,-0.006891967366515872,0.011973704360580224
5965,9946,1,15,1000,-0.01282005413992704,0.011973704360580224
5965,9946,1,15,2000,-0.00801373635155711,0.011973704360580224
5965,9946,1,15,5000,-0.0011229088088356987,0.011973704360580224
5965,9946,1,16,50,-0.01634676014427139,0.012360948882663307
5965,9946,1,16,100,-0.007933082419897541,0.012360948882663307
5965,9946,1,16,250,-0.001763216223317543,0.012360948882663307
5965,9946,1,16,500,-0.0053674302456490075,0.012360948882663307
5965,9946,1,16,1000,-0.0038453095512261948,0.012360948882663307
5965,9946,1,16,2000,-0.011378632970114322,0.012360948882663307
5965,9946,1,16,5000,-0.011378632970114322,0.012360948882663307
5965,9946,1,17,50,0.006169364674111333,0.01319590826253055
5965,9946,1,17,100,-0.00296554795411319,0.01319590826253055
5965,9946,1,17,250,-0.0014414667627647981,0.01319590826253055
5965,9946,1,17,500,0.015224079300195204,0.01319590826253055
5965,9946,1,17,1000,0.00015952973819954863,0.01319590826253055
5965,9946,1,17,2000,-0.003846859711585382,0.01319590826253055
5965,9946,1,17,5000,-0.00296554795411319,0.01319590826253055
5965,9946,1,18,50,0.001122726437027377,0.012649544957815121
5965,9946,1,18,100,0.007531636479672921,0.012649544957815121
5965,9946,1,18,250,0.0785262909722656,0.012649544957815121
5965,9946,1,18,500,7.750801800376905e-07,0.012649544957815121
5965,9946,1,18,1000,0.008895002516077,0.012649544957815121
5965,9946,1,18,2000,0.004327637387868455,0.012649544957815121
5965,9946,1,18,5000,0.015705996800271516,0.012649544957815121
5965,9946,1,19,50,0.02436040530992445,0.012808835744939406
5965,9946,1,19,100,0.051040397633462575,0.012808835744939406
5965,9946,1,19,250,0.005609893563095603,0.012808835744939406
5965,9946,1,19,500,0.0012013286858584271,0.012808835744939406
5965,9946,1,19,1000,-0.0065714945086121634,0.012808835744939406
5965,9946,1,19,2000,-0.007933447163511853,0.012808835744939406
5965,9946,1,19,5000,0.02275749390498727,0.012808835744939406
5965,9946,1,20,50,-0.0003210655662763129,0.011270013630115809
5965,9946,1,20,100,0.021073427045920856,0.011270013630115809
5965,9946,1,20,250,0.021073427045920856,0.011270013630115809
5965,9946,1,20,500,0.006491205320567239,0.011270013630115809
5965,9946,1,20,1000,0.006651464545994856,0.011270013630115809
5965,9946,1,20,2000,0.00673157136223268,0.011270013630115809
5965,9946,1,20,5000,0.02724475221695788,0.011270013630115809
5965,9946,1,21,50,0.004967443279881301,0.010880613544277197
5965,9946,1,21,100,-0.001923749006455422,0.010880613544277197
5965,9946,1,21,250,0.00785347712612905,0.010880613544277197
5965,9946,1,21,500,-0.0022429908546609534,0.010880613544277197
5965,9946,1,21,1000,-0.0009606890864813922,0.010880613544277197
5965,9946,1,21,2000,-0.006010062900671187,0.010880613544277197
5965,9946,1,21,5000,0.011138768450917769,0.010880613544277197
5965,9946,1,22,50,0.009695067633517351,0.010994676323361546
5965,9946,1,22,100,0.009695113226468877,0.010994676323361546
5965,9946,1,22,250,0.009534808408089845,0.010994676323361546
5965,9946,1,22,500,-0.023477133055526567,0.010994676323361546
5965,9946,1,22,1000,-0.0024028853364740366,0.010994676323361546
5965,9946,1,22,2000,-0.0024028853364740366,0.010994676323361546
5965,9946,1,22,5000,-0.004968993440240599,0.010994676323361546
5965,9946,1,23,50,0.011779622980820914,0.010697430182609987
5965,9946,1,23,100,-0.017147509155988505,0.010697430182609987
5965,9946,1,23,250,-0.012660068472209685,0.010697430182609987
5965,9946,1,23,500,0.033575151196676534,0.010697430182609987
5965,9946,1,23,1000,-0.013461091041636508,0.010697430182609987
5965,9946,1,23,2000,-0.004327956538530131,0.010697430182609987
5965,9946,1,23,5000,-0.009616830128302056,0.010697430182609987
5965,9946,1,24,50,0.011058844006487045,0.010996885364946644
5965,9946,1,24,100,-0.004166466303406002,0.010996885364946644
5965,9946,1,24,250,-0.0022426261110466417,0.010996885364946644
5965,9946,1,24,500,-0.00408781846162376,0.010996885364946644
5965,9946,1,24,1000,-0.009935844011748629,0.010996885364946644
5965,9946,1,24,2000,0.03846330833345113,0.010996885364946644
5965,9946,1,24,5000,-0.0008826339530726424,0.010996885364946644
5965,9946,2,5,50,-0.1909448777136329,0.34190470284511254
5965,9946,2,5,100,-0.22171578881951404,0.34190470284511254
5965,9946,2,5,250,-0.1806882872862703,0.34190470284511254
5965,9946,2,5,500,-0.1848547079967241,0.34190470284511254
5965,9946,2,5,1000,-0.23613642912383903,0.34190470284511254
5965,9946,2,5,2000,-0.19511138960998975,0.34190470284511254
5965,9946,2,5,5000,-0.1953534425908705,0.34190470284511254
5965,9946,2,6,50,-0.2328535998184449,0.2710126284067802
5965,9946,2,6,100,-0.19871961581207676,0.2710126284067802
5965,9946,2,6,250,-0.31794878650107283,0.2710126284067802
5965,9946,2,6,500,-0.3028831427082348,0.2710126284067802
5965,9946,2,6,1000,-0.2545678813942688,0.2710126284067802
5965,9946,2,6,2000,-0.18589869540606652,0.2710126284067802
5965,9946,2,6,5000,-0.18589869540606652,0.2710126284067802
5965,9946,2,7,50,-0.2653040640811679,0.2714038014829461
5965,9946,2,7,100,0.6763606793855842,0.2714038014829461
5965,9946,2,7,250,-0.21650624696580112,0.2714038014829461
5965,9946,2,7,500,-0.2060907195086118,0.2714038014829461
5965,9946,2,7,1000,-0.2520035970085728,0.2714038014829461
5965,9946,2,7,2000,-0.22131566507488976,0.2714038014829461
5965,9946,2,7,5000,-0.24046538870730771,0.2714038014829461
5965,9946,2,8,50,-0.11626558323180824,0.2209779957470984
5965,9946,2,8,100,0.7493574115757506,0.2209779957470984
5965,9946,2,8,250,-0.16370167565703475,0.2209779957470984
5965,9946,2,8,500,-0.10592993462609812,0.2209779957470984
5965,9946,2,8,1000,-0.15128320423618813,0.2209779957470984
5965,9946,2,8,2000,-0.15817307432692285,0.2209779957470984
5965,9946,2,8,5000,-0.16370167565703475,0.2209779957470984
5965,9946,2,9,50,-0.34799663898503197,0.1584908607189431
5965,9946,2,9,100,0.7438290382103975,0.1584908607189431
5965,9946,2,9,250,0.764101305908036,0.1584908607189431
5965,9946,2,9,500,0.7677068421259692,0.1584908607189431
5965,9946,2,9,1000,-0.08141100262291268,0.1584908607189431
5965,9946,2,9,2000,0.7234762989529073,0.1584908607189431
5965,9946,2,9,5000,0.7268416970939339,0.1584908607189431
5965,9946,2,10,50,-0.15881470393700559,0.1415474715427438
5965,9946,2,10,100,-0.14383190253751132,0.1415474715427438
5965,9946,2,10,250,-0.15039961283112746,0.1415474715427438
5965,9946,2,10,500,-0.24455047159182575,0.1415474715427438
5965,9946,2,10,1000,-0.261457842670907,0.1415474715427438
5965,9946,2,10,2000,0.6874985359774668,0.1415474715427438
5965,9946,2,10,5000,0.686777529038374,0.1415474715427438
5965,9946,2,11,50,-0.3165049033118654,0.23995533457737162
5965,9946,2,11,100,-0.19206869838150287,0.23995533457737162
5965,9946,2,11,250,-0.23974474651182875,0.23995533457737162
5965,9946,2,11,500,-0.145351743584347,0.23995533457737162
5965,9946,2,11,1000,-0.2941494024625241,0.23995533457737162
5965,9946,2,11,2000,-0.24575243857900875,0.23995533457737162
5965,9946,2,11,5000,-0.1879004083600273,0.23995533457737162
5965,9946,2,12,50,-0.2535255809241409,0.23979463027380263
5965,9946,2,12,100,-0.2368599436752784,0.23979463027380263
5965,9946,2,12,250,-0.3032054848771605,0.23979463027380263
5965,9946,2,12,500,-0.23653937963147165,0.23979463027380263
5965,9946,2,12,1000,-0.26330175841883474,0.23979463027380263
5965,9946,2,12,2000,-0.26362072670933046,0.23979463027380263
5965,9946,2,12,5000,-0.2890231589316721,0.23979463027380263
5965,9946,2,13,50,-0.2749199823504346,0.15886868923103378
5965,9946,2,13,100,-0.2749182954112199,0.15886868923103378
5965,9946,2,13,250,-0.29350845674671744,0.15886868923103378
5965,9946,2,13,500,-0.25071983626593786,0.15886868923103378
5965,9946,2,13,1000,-0.29415099821583557,0.15886868923103378
5965,9946,2,13,2000,-0.28469424494115503,0.15886868923103378
5965,9946,2,13,5000,-0.2909442179539733,0.15886868923103378
5965,9946,2,14,50,-0.345751642040494,0.14576438723497748
5965,9946,2,14,100,-0.3137807700373074,0.14576438723497748
5965,9946,2,14,250,-0.2712336554219874,0.14576438723497748
5965,9946,2,14,500,-0.3479975964370192,0.14576438723497748
5965,9946,2,14,1000,-0.310977715363258,0.14576438723497748
5965,9946,2,14,2000,-0.2544870906837553,0.14576438723497748
5965,9946,2,14,5000,-0.2649841839316379,0.14576438723497748
5965,9946,2,15,50,-0.23862028754263453,0.18115167458588846
5965,9946,2,15,100,-0.23862028754263453,0.18115167458588846
5965,9946,2,15,250,-0.23133038489317892,0.18115167458588846
5965,9946,2,15,500,-0.23517510173603184,0.18115167458588846
5965,9946,2,15,1000,-0.22828559638891122,0.18115167458588846
5965,9946,2,15,2000,-0.2517631853739558,0.18115167458588846
5965,9946,2,15,5000,-0.23517510173603184,0.18115167458588846
5965,9946,2,16,50,-0.0032064155182481846,0.16280439227298096
5965,9946,2,16,100,-0.3516836498077558,0.16280439227298096
5965,9946,2,16,250,-0.26618719955671,0.16280439227298096
5965,9946,2,16,500,-0.28766111509086856,0.16280439227298096
5965,9946,2,16,1000,0.7516013598823983,0.16280439227298096
5965,9946,2,16,2000,0.744229754663394,0.16280439227298096
5965,9946,2,16,5000,0.744229754663394,0.16280439227298096
5965,9946,2,17,50,-0.2399047321795461,0.1432425023591625
5965,9946,2,17,100,-0.2568093220885699,0.1432425023591625
5965,9946,2,17,250,-0.29863789178419264,0.1432425023591625
5965,9946,2,17,500,-0.21851055871801128,0.1432425023591625
5965,9946,2,17,1000,-0.21145805856835753,0.1432425023591625
5965,9946,2,17,2000,-0.3004797102563399,0.1432425023591625
5965,9946,2,17,5000,-0.21145805856835753,0.1432425023591625
5965,9946,2,18,50,-0.19976022934298943,0.13296912791502
5965,9946,2,18,100,-0.14831770187502624,0.13296912791502
5965,9946,2,18,250,-0.24663475338141938,0.13296912791502
5965,9946,2,18,500,-0.2840550317575148,0.13296912791502
5965,9946,2,18,1000,-0.25128090313026485,0.13296912791502
5965,9946,2,18,2000,-0.261056305544779,0.13296912791502
5965,9946,2,18,5000,-0.2487167555234242,0.13296912791502
5965,9946,2,19,50,-0.15104174396368042,0.12548036746797536
5965,9946,2,19,100,-0.15745297924686497,0.12548036746797536
5965,9946,2,19,250,-0.23958330186965593,0.12548036746797536
5965,9946,2,19,500,-0.1529637148450167,0.12548036746797536
5965,9946,2,19,1000,-0.22772443833868028,0.12548036746797536
5965,9946,2,19,2000,-0.23774066272437744,0.12548036746797536
5965,9946,2,19,5000,-0.19390896669328983,0.12548036746797536
5965,9946,2,20,50,-0.26995126246790435,0.13746280524290094
5965,9946,2,20,100,-0.2427875289262199,0.13746280524290094
5965,9946,2,20,250,-0.26466184176271246,0.13746280524290094
5965,9946,2,20,500,-0.2963124688727541,0.13746280524290094
5965,9946,2,20,1000,-0.23541624285787743,0.13746280524290094
5965,9946,2,20,2000,-0.24118698835477337,0.13746280524290094
5965,9946,2,20,5000,-0.24118698835477337,0.13746280524290094
5965,9946,2,21,50,-0.18309240363244217,0.12847015817674942
5965,9946,2,21,100,-0.1793270641185991,0.12847015817674942
5965,9946,2,21,250,0.7116175266078356,0.12847015817674942
5965,9946,2,21,500,-0.24631364222219154,0.12847015817674942
5965,9946,2,21,1000,-0.21273858221141795,0.12847015817674942
5965,9946,2,21,2000,-0.2512818605822523,0.12847015817674942
5965,9946,2,21,5000,-0.24046315465267176,0.12847015817674942
5965,9946,2,22,50,-0.1358978170726748,0.14126584612547938
5965,9946,2,22,100,-0.25304421053948545,0.14126584612547938
5965,9946,2,22,250,-0.29230648975953444,0.14126584612547938
5965,9946,2,22,500,-0.14551350737718238,0.14126584612547938
5965,9946,2,22,1000,-0.1512025047115766,0.14126584612547938
5965,9946,2,22,2000,-0.18173154520838464,0.14126584612547938
5965,9946,2,22,5000,-0.20785115456187164,0.14126584612547938
5965,9946,2,23,50,0.5121786363888328,0.12314572842288295
5965,9946,2,23,100,-0.2931083330020936,0.12314572842288295
5965,9946,2,23,250,-0.25208260959396855,0.12314572842288295
5965,9946,2,23,500,-0.2688291743322011,0.12314572842288295
5965,9946,2,23,1000,-0.2705133779701223,0.12314572842288295
5965,9946,2,23,2000,-0.2588935126922597,0.12314572842288295
5965,9946,2,23,5000,-0.23197146738784113,0.12314572842288295
5965,9946,2,24,50,-0.17828444449780845,0.10544817322974695
5965,9946,2,24,100,-0.2828526544337664,0.10544817322974695
5965,9946,2,24,250,-0.29126418928940734,0.10544817322974695
5965,9946,2,24,500,0.6955117252136023,0.10544817322974695
5965,9946,2,24,1000,-0.2090528479913436,0.10544817322974695
5965,9946,2,24,2000,-0.2630591127295816,0.10544817322974695
5965,9946,2,24,5000,-0.24334923409187204,0.10544817322974695
6794,145804,0,5,50,0.363205272172577,0.08700414320212914
6794,145804,0,5,100,0.0043912916255397505,0.08700414320212914
6794,145804,0,5,250,0.3335476107375287,0.08700414320212914
6794,145804,0,5,500,0.3439651708567115,0.08700414320212914
6794,145804,0,5,1000,0.37771095486046935,0.08700414320212914
6794,145804,0,5,2000,0.34331809130831736,0.08700414320212914
6794,145804,0,5,5000,0.3859766827037267,0.08700414320212914
6794,145804,0,6,50,0.06211254400734745,0.07384882653431428
6794,145804,0,6,100,0.036843906202990495,0.07384882653431428
6794,145804,0,6,250,-0.21448905622384007,0.07384882653431428
6794,145804,0,6,500,0.09194084112753786,0.07384882653431428
6794,145804,0,6,1000,-0.12233155973387122,0.07384882653431428
6794,145804,0,6,2000,-0.1015425828816039,0.07384882653431428
6794,145804,0,6,5000,-0.18569422250167622,0.07384882653431428
6794,145804,0,7,50,-0.17230476440564302,0.09612565641655287
6794,145804,0,7,100,-0.12749533040478855,0.09612565641655287
6794,145804,0,7,250,0.35855839814575313,0.09612565641655287
6794,145804,0,7,500,-0.11652050333321073,0.09612565641655287
6794,145804,0,7,1000,-0.02793485131190765,0.09612565641655287
6794,145804,0,7,2000,-0.058496741674892716,0.09612565641655287
6794,145804,0,7,5000,-0.12405276164248402,0.09612565641655287
6794,145804,0,8,50,-0.09508428198746988,0.09822822812159203
6794,145804,0,8,100,-0.12659167878463218,0.09822822812159203
6794,145804,0,8,250,-0.10593185392991578,0.09822822812159203
6794,145804,0,8,500,-0.13743925072707808,0.09822822812159203
6794,145804,0,8,1000,-0.10649221360255923,0.09822822812159203
6794,145804,0,8,2000,-0.10175585686989674,0.09822822812159203
6794,145804,0,8,5000,-0.0792444410209181,0.09822822812159203
6794,145804,0,9,50,0.38498602255393044,0.10324012694459914
6794,145804,0,9,100,0.3602370854600251,0.10324012694459914
6794,145804,0,9,250,0.3759897529518571,0.10324012694459914
6794,145804,0,9,500,-0.13847465222979383,0.10324012694459914
6794,145804,0,9,1000,0.03292806877022181,0.10324012694459914
6794,145804,0,9,2000,-0.021694442868303576,0.10324012694459914
6794,145804,0,9,5000,-0.05186949578268496,0.10324012694459914
6794,145804,0,10,50,-0.13029597415244676,0.10385787434852105
6794,145804,0,10,100,-0.13459873150635793,0.10385787434852105
6794,145804,0,10,250,-0.14019412221506755,0.10385787434852105
6794,145804,0,10,500,0.4339701752904345,0.10385787434852105
6794,145804,0,10,1000,0.4426646366325862,0.10385787434852105
6794,145804,0,10,2000,0.4498532731041863,0.10385787434852105
6794,145804,0,10,5000,-0.018638299191901964,0.10385787434852105
6794,145804,0,11,50,-0.13425411999820547,0.10198490030676294
6794,145804,0,11,100,-0.13571771892830553,0.10198490030676294
6794,145804,0,11,250,-0.14049753868951798,0.10198490030676294
6794,145804,0,11,500,-0.14325014218265864,0.10198490030676294
6794,145804,0,11,1000,-0.06052053533255608,0.10198490030676294
6794,145804,0,11,2000,-0.14523072022939254,0.10198490030676294
6794,145804,0,11,5000,0.4200684802488157,0.10198490030676294
6794,145804,0,12,50,-0.23777526034931395,0.12523914216684398
6794,145804,0,12,100,-0.21780305029637337,0.12523914216684398
6794,145804,0,12,250,-0.17127216696928615,0.12523914216684398
6794,145804,0,12,500,-0.22116042492491705,0.12523914216684398
6794,145804,0,12,1000,-0.14312132007526812,0.12523914216684398
6794,145804,0,12,2000,0.33815357838454124,0.12523914216684398
6794,145804,0,12,5000,0.3333770162886566,0.12523914216684398
6794,145804,0,13,50,-0.18672533543231473,0.11083219874303321
6794,145804,0,13,100,-0.061640512424983585,0.11083219874303321
6794,145804,0,13,250,-0.16468648723720958,0.11083219874303321
6794,145804,0,13,500,-0.18422835557672723,0.11083219874303321
6794,145804,0,13,1000,-0.10640623597966892,0.11083219874303321
6794,145804,0,13,2000,-0.10911673724116899,0.11083219874303321
6794,145804,0,13,5000,-0.08565861910618322,0.11083219874303321
6794,145804,0,14,50,-0.17876219933810866,0.10237660934930343
6794,145804,0,14,100,-0.16959323223739442,0.10237660934930343
6794,145804,0,14,250,-0.13515896747019163,0.10237660934930343
6794,145804,0,14,500,-0.17876219933810866,0.10237660934930343
6794,145804,0,14,1000,0.6720467903007009,0.10237660934930343
6794,145804,0,14,2000,0.20243705530806388,0.10237660934930343
6794,145804,0,14,5000,-0.11359429514348984,0.10237660934930343
6794,145804,0,15,50,-0.1479422523976418,0.11856914792982776
6794,145804,0,15,100,-0.15857452977456654,0.11856914792982776
6794,145804,0,15,250,-0.14656570323345186,0.11856914792982776
6794,145804,0,15,500,0.6833247451928398,0.11856914792982776
6794,145804,0,15,1000,-0.0893611825506585,0.11856914792982776
6794,145804,0,15,2000,-0.09409502387085278,0.11856914792982776
6794,145804,0,15,5000,-0.09844289370411285,0.11856914792982776
6794,145804,0,16,50,-0.13089855976554055,0.11683161191117962
6794,145804,0,16,100,-0.1490611573470495,0.11683161191117962
6794,145804,0,16,250,-0.12908989572831808,0.11683161191117962
6794,145804,0,16,500,-0.09456919973925548,0.11683161191117962
6794,145804,0,16,1000,-0.09181362723467656,0.11683161191117962
6794,145804,0,16,2000,-0.09099603570995063,0.11683161191117962
6794,145804,0,16,5000,-0.09788220414130966,0.11683161191117962
6794,145804,0,17,50,-0.12013746028122485,0.1252851389649713
6794,145804,0,17,100,-0.1213413531830444,0.1252851389649713
6794,145804,0,17,250,-0.08044895246678707,0.1252851389649713
6794,145804,0,17,500,-0.15737104923544665,0.1252851389649713
6794,145804,0,17,1000,0.11230046593686183,0.1252851389649713
6794,145804,0,17,2000,-0.06090700165472962,0.1252851389649713
6794,145804,0,17,5000,-0.09805486040368017,0.1252851389649713
6794,145804,0,18,50,-0.1476834948035699,0.10587323961632457
6794,145804,0,18,100,-0.14475695672368916,0.10587323961632457
6794,145804,0,18,250,-0.05582826017249354,0.10587323961632457
6794,145804,0,18,500,-0.15009470321761675,0.10587323961632457
6794,145804,0,18,1000,-0.15263423890381456,0.10587323961632457
6794,145804,0,18,2000,-0.05432235282940223,0.10587323961632457
6794,145804,0,18,5000,-0.14540242805755377,0.10587323961632457
6794,145804,0,19,50,-0.13804261982930177,0.1085787283358701
6794,145804,0,19,100,-0.1284019510363832,0.1085787283358701
6794,145804,0,19,250,-0.1311981412668839,0.1085787283358701
6794,145804,0,19,500,-0.04132200017682186,0.1085787283358701
6794,145804,0,19,1000,-0.12267678978607288,0.1085787283358701
6794,145804,0,19,2000,-0.12039399111671778,0.1085787283358701
6794,145804,0,19,5000,0.02970025850192881,0.1085787283358701
6794,145804,0,20,50,-0.10472775484674623,0.11123158221503186
6794,145804,0,20,100,-0.10864256137276529,0.11123158221503186
6794,145804,0,20,250,-0.11105467698475124,0.11123158221503186
6794,145804,0,20,500,-0.11389395911737232,0.11123158221503186
6794,145804,0,20,1000,-0.09276012333933292,0.11123158221503186
6794,145804,0,20,2000,-0.10804051183118091,0.11123158221503186
6794,145804,0,20,5000,-0.1017130123853962,0.11123158221503186
6794,145804,0,21,50,-0.06951729976986831,0.11857423901833582
6794,145804,0,21,100,-0.0798890463931129,0.11857423901833582
6794,145804,0,21,250,-0.06491017750729722,0.11857423901833582
6794,145804,0,21,500,-0.07993193211388328,0.11857423901833582
6794,145804,0,21,1000,-0.0923723374565204,0.11857423901833582
6794,145804,0,21,2000,-0.07016136907055415,0.11857423901833582
6794,145804,0,21,5000,-0.07119491494112151,0.11857423901833582
6794,145804,0,22,50,-0.07967498891569036,0.10460254001977896
6794,145804,0,22,100,-0.04614359227951503,0.10460254001977896
6794,145804,0,22,250,-0.023373212655114717,0.10460254001977896
6794,145804,0,22,500,-0.010674833207535817,0.10460254001977896
6794,145804,0,22,1000,-0.048295507027980134,0.10460254001977896
6794,145804,0,22,2000,-0.04368953938096809,0.10460254001977896
6794,145804,0,22,5000,0.025180969494396743,0.10460254001977896
6794,145804,0,23,50,-0.027892377953836034,0.07498038122400738
6794,145804,0,23,100,-0.011279068271427994,0.07498038122400738
6794,145804,0,23,250,0.3993622233541124,0.07498038122400738
6794,145804,0,23,500,-0.03607266424571276,0.07498038122400738
6794,145804,0,23,1000,0.8448257718110178,0.07498038122400738
6794,145804,0,23,2000,0.19077024239009366,0.07498038122400738
6794,145804,0,23,5000,0.8492590419593891,0.07498038122400738
6794,145804,0,24,50,-0.1059739561615558,0.10872206659251882
6794,145804,0,24,100,-0.11213028385068913,0.10872206659251882
6794,145804,0,24,250,-0.12207375057400849,0.10872206659251882
6794,145804,0,24,500,-0.06667686302168863,0.10872206659251882
6794,145804,0,24,1000,-0.11126910558860292,0.10872206659251882
6794,145804,0,24,2000,-0.07795271486405875,0.10872206659251882
6794,145804,0,24,5000,-0.10730902163815526,0.10872206659251882
6794,145804,1,5,50,-0.1522043920256304,0.28064269255444857
6794,145804,1,5,100,-0.03994545101263014,0.28064269255444857
6794,145804,1,5,250,-0.12973326401241358,0.28064269255444857
6794,145804,1,5,500,-0.10761054124418667,0.28064269255444857
6794,145804,1,5,1000,-0.21780177197200334,0.28064269255444857
6794,145804,1,5,2000,-0.1957624701779287,0.28064269255444857
6794,145804,1,5,5000,-0.16649428531276156,0.28064269255444857
6794,145804,1,6,50,-0.12921776940149943,0.219554980327463
6794,145804,1,6,100,-0.05363135665348795,0.219554980327463
6794,145804,1,6,250,0.5606926142871475,0.219554980327463
6794,145804,1,6,500,-0.22047021223813246,0.219554980327463
6794,145804,1,6,1000,-0.19989727220424613,0.219554980327463
6794,145804,1,6,2000,-0.22253660296267697,0.219554980327463
6794,145804,1,6,5000,-0.20187756159709003,0.219554980327463
6794,145804,1,7,50,-0.09745157377399616,0.22598374032484528
6794,145804,1,7,100,-0.09745157377399616,0.22598374032484528
6794,145804,1,7,250,-0.1993799631974542,0.22598374032484528
6794,145804,1,7,500,-0.18358337907810218,0.22598374032484528
6794,145804,1,7,1000,-0.11092482397061088,0.22598374032484528
6794,145804,1,7,2000,-0.08393461313121164,0.22598374032484528
6794,145804,1,7,5000,-0.21199121040658342,0.22598374032484528
6794,145804,1,8,50,-0.0984408318906137,0.22342330142170533
6794,145804,1,8,100,-0.07545730198673051,0.22342330142170533
6794,145804,1,8,250,-0.08372039070870962,0.22342330142170533
6794,145804,1,8,500,-0.21440208893046986,0.22342330142170533
6794,145804,1,8,1000,-0.2230117272652904,0.22342330142170533
6794,145804,1,8,2000,0.10360707673772962,0.22342330142170533
6794,145804,1,8,5000,-0.1997248221232264,0.22342330142170533
6794,145804,1,9,50,-0.14273357542872533,0.22425000959183536
6794,145804,1,9,100,-0.26399006436816785,0.22425000959183536
6794,145804,1,9,250,0.6830664824340086,0.22425000959183536
6794,145804,1,9,500,0.687801107243332,0.22425000959183536
6794,145804,1,9,1000,0.7005419600489815,0.22425000959183536
6794,145804,1,9,2000,0.5546656447769147,0.22425000959183536
6794,145804,1,9,5000,0.6878871261024925,0.22425000959183536
6794,145804,1,10,50,-0.21685453361448748,0.22959920237146125
6794,145804,1,10,100,-0.20859144489250836,0.22959920237146125
6794,145804,1,10,250,-0.1968844678475855,0.22959920237146125
6794,145804,1,10,500,-0.10537211280132164,0.22959920237146125
6794,145804,1,10,1000,-0.16843164774856623,0.22959920237146125
6794,145804,1,10,2000,-0.2107022470798129,0.22959920237146125
6794,145804,1,10,5000,0.6008950909705103,0.22959920237146125
6794,145804,1,11,50,0.5831601959811459,0.22928079714703165
6794,145804,1,11,100,-0.1635237481328219,0.22928079714703165
6794,145804,1,11,250,0.7101406915553394,0.22928079714703165
6794,145804,1,11,500,-0.19202114463968134,0.22928079714703165
6794,145804,1,11,1000,0.5764908478572973,0.22928079714703165
6794,145804,1,11,2000,0.4674583563156812,0.22928079714703165
6794,145804,1,11,5000,0.4069831396438241,0.22928079714703165
6794,145804,1,12,50,0.0895737555223618,0.19476137171069846
6794,145804,1,12,100,0.36630599225681804,0.19476137171069846
6794,145804,1,12,250,0.09336254400734789,0.19476137171069846
6794,145804,1,12,500,0.1099780392120644,0.19476137171069846
6794,145804,1,12,1000,-0.12870173871907575,0.19476137171069846
6794,145804,1,12,2000,0.6043835969375632,0.19476137171069846
6794,145804,1,12,5000,0.47839157599085774,0.19476137171069846
6794,145804,1,13,50,0.1460480231002288,0.17054914506345212
6794,145804,1,13,100,-0.10842734927978348,0.17054914506345212
6794,145804,1,13,250,0.11484198096401854,0.17054914506345212
6794,145804,1,13,500,-0.1514743038657852,0.17054914506345212
6794,145804,1,13,1000,0.07580113000575361,0.17054914506345212
6794,145804,1,13,2000,0.4875164615189727,0.17054914506345212
6794,145804,1,13,5000,0.22908133507867218,0.17054914506345212
6794,145804,1,14,50,-0.17742701015269968,0.1811647741323719
6794,145804,1,14,100,0.4285908626363769,0.1811647741323719
6794,145804,1,14,250,0.28766380695883476,0.1811647741323719
6794,145804,1,14,500,0.25684513834273726,0.1811647741323719
6794,145804,1,14,1000,-0.16115633263748508,0.1811647741323719
6794,145804,1,14,2000,-0.14282058395836528,0.1811647741323719
6794,145804,1,14,5000,-0.1250863487493209,0.1811647741323719
6794,145804,1,15,50,0.19404328884654642,0.18432994498740848
6794,145804,1,15,100,0.4523951592577742,0.18432994498740848
6794,145804,1,15,250,0.2032115549306709,0.18432994498740848
6794,145804,1,15,500,0.09964686907847176,0.18432994498740848
6794,145804,1,15,1000,0.21121679325651732,0.18432994498740848
6794,145804,1,15,2000,-0.0188977165662928,0.18432994498740848
6794,145804,1,15,5000,0.18371294343835276,0.18432994498740848
6794,145804,1,16,50,-0.12358048264249932,0.16151949664995197
6794,145804,1,16,100,0.4139114927793643,0.16151949664995197
6794,145804,1,16,250,0.671444452105227,0.16151949664995197
6794,145804,1,16,500,0.16236360691344254,0.16151949664995197
6794,145804,1,16,1000,-0.15142836666103654,0.16151949664995197
6794,145804,1,16,2000,0.3748710129475297,0.16151949664995197
6794,145804,1,16,5000,-0.14803020936149136,0.16151949664995197
6794,145804,1,17,50,0.1395485684086628,0.16229843726431187
6794,145804,1,17,100,-0.07691999371889113,0.16229843726431187
6794,145804,1,17,250,0.4317748387496902,0.16229843726431187
6794,145804,1,17,500,0.3913999944578455,0.16229843726431187
6794,145804,1,17,1000,-0.07554092914223254,0.16229843726431187
6794,145804,1,17,2000,0.42876397249771736,0.16229843726431187
6794,145804,1,17,5000,0.19029800462637958,0.16229843726431187
6794,145804,1,18,50,0.20097242547121552,0.1274744329829032
6794,145804,1,18,100,-0.06512510094638824,0.1274744329829032
6794,145804,1,18,250,0.15375359745219286,0.1274744329829032
6794,145804,1,18,500,0.09241575924880108,0.1274744329829032
6794,145804,1,18,1000,-0.1919750837261227,0.1274744329829032
6794,145804,1,18,2000,-0.13769895675535837,0.1274744329829032
6794,145804,1,18,5000,0.0883687492412526,0.1274744329829032
6794,145804,1,19,50,-0.06409341070797048,0.13448765260881948
6794,145804,1,19,100,-0.0901336203597648,0.13448765260881948
6794,145804,1,19,250,0.2564996608729161,0.13448765260881948
6794,145804,1,19,500,0.14630764665596963,0.13448765260881948
6794,145804,1,19,1000,-0.09017836171268423,0.13448765260881948
6794,145804,1,19,2000,-0.018122392218286487,0.13448765260881948
6794,145804,1,19,5000,-0.06137948683606287,0.13448765260881948
6794,145804,1,20,50,-0.1540537150250454,0.1270899408618387
6794,145804,1,20,100,-0.15048203550145933,0.1270899408618387
6794,145804,1,20,250,-0.13085258132452238,0.1270899408618387
6794,145804,1,20,500,-0.1109678746364614,0.1270899408618387
6794,145804,1,20,1000,-0.10829733132056374,0.1270899408618387
6794,145804,1,20,2000,-0.10520056991824023,0.1270899408618387
6794,145804,1,20,5000,-0.138773986313517,0.1270899408618387
6794,145804,1,21,50,0.19520582176958345,0.118072320828955
6794,145804,1,21,100,0.5484263497126001,0.118072320828955
6794,145804,1,21,250,0.2377748067503448,0.118072320828955
6794,145804,1,21,500,-0.07476816144296627,0.118072320828955
6794,145804,1,21,1000,0.2979944410209179,0.118072320828955
6794,145804,1,21,2000,0.1764391953055312,0.118072320828955
6794,145804,1,21,5000,0.06349008284201707,0.118072320828955
6794,145804,1,22,50,0.25172227405163194,0.11748310274483428
6794,145804,1,22,100,-0.08001790973677403,0.11748310274483428
6794,145804,1,22,250,-0.07674816218191982,0.11748310274483428
6794,145804,1,22,500,-0.06525499519679911,0.11748310274483428
6794,145804,1,22,1000,-0.07227002697181928,0.11748310274483428
6794,145804,1,22,2000,-0.06323070670389563,0.11748310274483428
6794,145804,1,22,5000,-0.08010392859593418,0.11748310274483428
6794,145804,1,23,50,0.04054799538945475,0.1304642008299201
6794,145804,1,23,100,-0.04769378737655494,0.1304642008299201
6794,145804,1,23,250,0.23377282674960542,0.1304642008299201
6794,145804,1,23,500,0.0738201808325899,0.1304642008299201
6794,145804,1,23,1000,0.02341547983183523,0.1304642008299201
6794,145804,1,23,2000,0.07390764296119923,0.1304642008299201
6794,145804,1,23,5000,0.057378826395963034,0.1304642008299201
6794,145804,1,24,50,0.17583562002195707,0.12435611244826361
6794,145804,1,24,100,0.1822486434916627,0.12435611244826361
6794,145804,1,24,250,-0.03305705582269347,0.12435611244826361
6794,145804,1,24,500,0.13279266535414358,0.12435611244826361
6794,145804,1,24,1000,-0.03305705582269347,0.12435611244826361
6794,145804,1,24,2000,-0.04838140217833098,0.12435611244826361
6794,145804,1,24,5000,-0.14583248111708735,0.12435611244826361
6794,145804,2,5,50,-0.13214529715185974,0.22330590186442142
6794,145804,2,5,100,0.7295972420522867,0.22330590186442142
6794,145804,2,5,250,0.5334896242946953,0.22330590186442142
6794,145804,2,5,500,0.6819905456779114,0.22330590186442142
6794,145804,2,5,1000,0.6516881551618576,0.22330590186442142
6794,145804,2,5,2000,0.6819905456779114,0.22330590186442142
6794,145804,2,5,5000,0.6819905456779114,0.22330590186442142
6794,145804,2,6,50,-0.016830006281107868,0.23972341995501648
6794,145804,2,6,100,-0.1464798905556397,0.23972341995501648
6794,145804,2,6,250,-0.09120943340705179,0.23972341995501648
6794,145804,2,6,500,-0.011965445985104073,0.23972341995501648
6794,145804,2,6,1000,-0.12702230915194368,0.23972341995501648
6794,145804,2,6,2000,0.382618400877245,0.23972341995501648
6794,145804,2,6,5000,-0.09396467602147074,0.23972341995501648
6794,145804,2,7,50,-0.18315254252943858,0.23522009768398114
6794,145804,2,7,100,0.34654796339011035,0.23522009768398114
6794,145804,2,7,250,-0.1624054617274625,0.23522009768398114
6794,145804,2,7,500,0.3835663402513506,0.23522009768398114
6794,145804,2,7,1000,-0.17901918377257042,0.23522009768398114
6794,145804,2,7,2000,-0.12035106415967656,0.23522009768398114
6794,145804,2,7,5000,0.3782713145331138,0.23522009768398114
6794,145804,2,8,50,-0.17075737337496089,0.2524613453539101
6794,145804,2,8,100,-0.33845551035327204,0.2524613453539101
6794,145804,2,8,250,-0.12654908171775026,0.2524613453539101
6794,145804,2,8,500,-0.17880335313553897,0.2524613453539101
6794,145804,2,8,1000,-0.29493644171236655,0.2524613453539101
6794,145804,2,8,2000,-0.28667335299038743,0.2524613453539101
6794,145804,2,8,5000,-0.2921838382192259,0.2524613453539101
6794,145804,2,9,50,-0.16778646506859018,0.25375956125678467
6794,145804,2,9,100,-0.17071197224172152,0.25375956125678467
6794,145804,2,9,250,-0.15659481768950123,0.25375956125678467
6794,145804,2,9,500,-0.15108433246066277,0.25375956125678467
6794,145804,2,9,1000,-0.1133776397810573,0.25375956125678467
6794,145804,2,9,2000,-0.15383957507508206,0.25375956125678467
6794,145804,2,9,5000,-0.1593474211826419,0.25375956125678467
6794,145804,2,10,50,-0.11006261480177482,0.22672562699258664
6794,145804,2,10,100,-0.12878837612228555,0.22672562699258664
6794,145804,2,10,250,-0.033659435254437264,0.22672562699258664
6794,145804,2,10,500,-0.21082892490116456,0.22672562699258664
6794,145804,2,10,1000,-0.14553248725304346,0.22672562699258664
6794,145804,2,10,2000,-0.17415507707553635,0.22672562699258664
6794,145804,2,10,5000,-0.18082702308439325,0.22672562699258664
6794,145804,2,11,50,0.2545632056350522,0.20251705059429229
6794,145804,2,11,100,-0.27866621779612233,0.20251705059429229
6794,145804,2,11,250,-0.24324252996722184,0.20251705059429229
6794,145804,2,11,500,-0.26988685097409926,0.20251705059429229
6794,145804,2,11,1000,-0.2538306845352767,0.20251705059429229
6794,145804,2,11,2000,-0.2538306845352767,0.20251705059429229
6794,145804,2,11,5000,-0.17045403937305004,0.20251705059429229
6794,145804,2,12,50,-0.13795771434943016,0.21065822038506582
6794,145804,2,12,100,0.278927284621313,0.21065822038506582
6794,145804,2,12,250,-0.14832925479132453,0.21065822038506582
6794,145804,2,12,500,-0.2111314754139456,0.21065822038506582
6794,145804,2,12,1000,-0.2408748670542653,0.21065822038506582
6794,145804,2,12,2000,-0.23553658448882808,0.21065822038506582
6794,145804,2,12,5000,-0.23536438182542685,0.21065822038506582
6794,145804,2,13,50,-0.19240649758256445,0.1982234286821335
6794,145804,2,13,100,-0.17381302221612271,0.1982234286821335
6794,145804,2,13,250,-0.18969430563399547,0.1982234286821335
6794,145804,2,13,500,-0.193998753674976,0.1982234286821335
6794,145804,2,13,1000,-0.1840565652760252,0.1982234286821335
6794,145804,2,13,2000,-0.1827214997994263,0.1982234286821335
6794,145804,2,13,5000,0.1544001409290765,0.1982234286821335
6794,145804,2,14,50,-0.10683472206094224,0.17749234694610666
6794,145804,2,14,100,0.2694561381342465,0.17749234694610666
6794,145804,2,14,250,-0.19240822950590397,0.17749234694610666
6794,145804,2,14,500,0.1336507096597117,0.17749234694610666
6794,145804,2,14,1000,0.17983838351182568,0.17749234694610666
6794,145804,2,14,2000,-0.004820932322373905,0.17749234694610666
6794,145804,2,14,5000,-0.18138849613632657,0.17749234694610666
6794,145804,2,15,50,-0.04382017588423737,0.1856190809108322
6794,145804,2,15,100,-0.09835679237241113,0.1856190809108322
6794,145804,2,15,250,-0.1153592899708108,0.1856190809108322
6794,145804,2,15,500,-0.1160470697176661,0.1856190809108322
6794,145804,2,15,1000,-0.1284855369556146,0.1856190809108322
6794,145804,2,15,2000,-0.11664977903957041,0.1856190809108322
6794,145804,2,15,5000,-0.13102734063666122,0.1856190809108322
6794,145804,2,16,50,-0.14363949504372975,0.1880924209490587
6794,145804,2,16,100,-0.13257625740933254,0.1880924209490587
6794,145804,2,16,250,0.07752171337031599,0.1880924209490587
6794,145804,2,16,500,-0.10674998152615045,0.1880924209490587
6794,145804,2,16,1000,-0.11062425279878785,0.1880924209490587
6794,145804,2,16,2000,-0.09710654990314405,0.1880924209490587
6794,145804,2,16,5000,-0.1120861610418189,0.1880924209490587
6794,145804,2,17,50,-0.14010826830098655,0.16662387438687576
6794,145804,2,17,100,-0.08402360100181117,0.16662387438687576
6794,145804,2,17,250,-0.07248796065861951,0.16662387438687576
6794,145804,2,17,500,-0.06912972006840623,0.16662387438687576
6794,145804,2,17,1000,-0.11772546837804909,0.16662387438687576
6794,145804,2,17,2000,-0.15009610525079586,0.16662387438687576
6794,145804,2,17,5000,-0.07528505808705988,0.16662387438687576
6794,145804,2,18,50,0.03654374739386801,0.1623420489199792
6794,145804,2,18,100,0.15005070411755705,0.1623420489199792
6794,145804,2,18,250,-0.1084275554611337,0.1623420489199792
6794,145804,2,18,500,-0.08079422375525869,0.1623420489199792
6794,145804,2,18,1000,-0.09766657968562764,0.1623420489199792
6794,145804,2,18,2000,-0.10037868916165671,0.1623420489199792
6794,145804,2,18,5000,-0.09426549461091438,0.1623420489199792
6794,145804,2,19,50,-0.08088131475743832,0.15519306482080147
6794,145804,2,19,100,-0.07007493784869379,0.15519306482080147
6794,145804,2,19,250,-0.06813794653932026,0.15519306482080147
6794,145804,2,19,500,-0.07924501832869668,0.15519306482080147
6794,145804,2,19,1000,-0.08268705101949203,0.15519306482080147
6794,145804,2,19,2000,0.07687620080018154,0.15519306482080147
6794,145804,2,19,5000,-0.09581647319708397,0.15519306482080147
6794,145804,2,20,50,-0.09874482567284382,0.15423095296156078
6794,145804,2,20,100,-0.102831628680914,0.15423095296156078
6794,145804,2,20,250,-0.10395102846556181,0.15423095296156078
6794,145804,2,20,500,-0.11058029493499832,0.15423095296156078
6794,145804,2,20,1000,-0.10408215980407154,0.15423095296156078
6794,145804,2,20,2000,-0.10356567552267781,0.15423095296156078
6794,145804,2,20,5000,-0.10778381605060794,0.15423095296156078
6794,145804,2,21,50,0.059185057493256865,0.1413346664588821
6794,145804,2,21,100,0.12422545914112437,0.1413346664588821
6794,145804,2,21,250,0.08949008713058892,0.1413346664588821
6794,145804,2,21,500,0.14467089662825838,0.1413346664588821
6794,145804,2,21,1000,0.05427810631172214,0.1413346664588821
6794,145804,2,21,2000,0.4366817486949544,0.1413346664588821
6794,145804,2,21,5000,0.05939985722353858,0.1413346664588821
6794,145804,2,22,50,-0.05500918414204792,0.1396107678412717
6794,145804,2,22,100,0.10360645819367986,0.1396107678412717
6794,145804,2,22,250,0.36936118749901004,0.1396107678412717
6794,145804,2,22,500,0.4960838739133417,0.1396107678412717
6794,145804,2,22,1000,0.3721164301134292,0.1396107678412717
6794,145804,2,22,2000,0.15986658582158475,0.1396107678412717
6794,145804,2,22,5000,0.5094266937880361,0.1396107678412717
6794,145804,2,23,50,0.10614554028090795,0.14261919051133995
6794,145804,2,23,100,0.15810117863156337,0.14261919051133995
6794,145804,2,23,250,0.11350600828948065,0.14261919051133995
6794,145804,2,23,500,-0.19300928937700934,0.14261919051133995
6794,145804,2,23,1000,-0.04571337427490185,0.14261919051133995
6794,145804,2,23,2000,-0.17006893384778654,0.14261919051133995
6794,145804,2,23,5000,0.10812628327272134,0.14261919051133995
6794,145804,2,24,50,-0.09164059984587525,0.13986580545743205
6794,145804,2,24,100,0.06469550148582481,0.13986580545743205
6794,145804,2,24,250,-0.14884722357843727,0.13986580545743205
6794,145804,2,24,500,-0.2051063202995933,0.13986580545743205
6794,145804,2,24,1000,-0.1736414380967719,0.13986580545743205
6794,145804,2,24,2000,-0.17355574912777139,0.13986580545743205
6794,145804,2,24,5000,-0.18220579900716327,0.13986580545743205
6794,3,0,5,50,-0.029649165714608294,0.03507170534854403
6794,3,0,5,100,-0.016623359261314308,0.03507170534854403
6794,3,0,5,250,-0.028925739635410896,0.03507170534854403
6794,3,0,5,500,-0.027775515623502445,0.03507170534854403
6794,3,0,5,1000,-0.025817887126769246,0.03507170534854403
6794,3,0,5,2000,-0.040850770959551586,0.03507170534854403
6794,3,0,5,5000,-0.03408278902644024,0.03507170534854403
6794,3,0,6,50,-0.020129995184108407,0.030295953214560113
6794,3,0,6,100,-0.030475528861990786,0.030295953214560113
6794,3,0,6,250,-0.021822951630523058,0.030295953214560113
6794,3,0,6,500,-0.019325815626420217,0.030295953214560113
6794,3,0,6,1000,-0.021150016834770913,0.030295953214560113
6794,3,0,6,2000,-0.0237581033623675,0.030295953214560113
6794,3,0,6,5000,-0.015807843596115534,0.030295953214560113
6794,3,0,7,50,-0.017154755588310255,0.026588538986053453
6794,3,0,7,100,-0.027356372820861785,0.026588538986053453
6794,3,0,7,250,-0.026163833855924024,0.026588538986053453
6794,3,0,7,500,-0.016144343569013175,0.026588538986053453
6794,3,0,7,1000,-0.02356594331008144,0.026588538986053453
6794,3,0,7,2000,-0.017216550404243636,0.026588538986053453
6794,3,0,7,5000,-0.01970208970066467,0.026588538986053453
6794,3,0,8,50,-0.03711190770792794,0.03124457953964572
6794,3,0,8,100,-0.03148571285613666,0.03124457953964572
6794,3,0,8,250,-0.035868421409242957,0.03124457953964572
6794,3,0,8,500,-0.028916520904303855,0.03124457953964572
6794,3,0,8,1000,-0.009520668981491398,0.03124457953964572
6794,3,0,8,2000,-0.005219951757696295,0.03124457953964572
6794,3,0,8,5000,-0.03327906551905346,0.03124457953964572
6794,3,0,9,50,-0.016716882148263168,0.026851761693809595
6794,3,0,9,100,0.0022213232964041207,0.026851761693809595
6794,3,0,9,250,-0.00436251203972815,0.026851761693809595
6794,3,0,9,500,-0.003180397081695263,0.026851761693809595
6794,3,0,9,1000,-0.003180397081695263,0.026851761693809595
6794,3,0,9,2000,-0.003751404634930955,0.026851761693809595
6794,3,0,9,5000,-0.002221844496750114,0.026851761693809595
6794,3,0,10,50,-0.020874073826987027,0.027565341310180812
6794,3,0,10,100,-0.02883436669988515,0.027565341310180812
6794,3,0,10,250,-0.018947261300666374,0.027565341310180812
6794,3,0,10,500,-0.023494669162869464,0.027565341310180812
6794,3,0,10,1000,-0.014809647209910737,0.027565341310180812
6794,3,0,10,2000,-0.019212259101201057,0.027565341310180812
6794,3,0,10,5000,-0.02321947538058111,0.027565341310180812
6794,3,0,11,50,0.006685176228260703,0.026363559579889367
6794,3,0,11,100,-0.017306033988517155,0.026363559579889367
6794,3,0,11,250,-0.011047916293140059,0.026363559579889367
6794,3,0,11,500,0.007908368288502943,0.026363559579889367
6794,3,0,11,1000,0.006858996543399165,0.026363559579889367
6794,3,0,11,2000,-0.0057071763554336075,0.026363559579889367
6794,3,0,11,5000,-0.007154973189454239,0.026363559579889367
6794,3,0,12,50,-0.011231476539730445,0.02170950643129886
6794,3,0,12,100,-0.00441398057382103,0.02170950643129886
6794,3,0,12,250,0.006849875537357497,0.02170950643129886
6794,3,0,12,500,0.026776374561670035,0.02170950643129886
6794,3,0,12,1000,0.007062329828087077,0.02170950643129886
6794,3,0,12,2000,-0.010651185105345351,0.02170950643129886
6794,3,0,12,5000,0.03928179504526086,0.02170950643129886
6794,3,0,13,50,-0.015807941321180796,0.01983835023290734
6794,3,0,13,100,-0.014758113525775052,0.01983835023290734
6794,3,0,13,250,-0.009887268274326844,0.01983835023290734
6794,3,0,13,500,-0.015868921761574284,0.01983835023290734
6794,3,0,13,1000,0.004811232961960288,0.01983835023290734
6794,3,0,13,2000,-0.011975457457543581,0.01983835023290734
6794,3,0,13,5000,-0.015432058147195837,0.01983835023290734
6794,3,0,14,50,-0.018712786295350115,0.020619559826690878
6794,3,0,14,100,-0.014606900275611068,0.020619559826690878
6794,3,0,14,250,-0.019703001801268494,0.020619559826690878
6794,3,0,14,500,-0.015758134113188493,0.020619559826690878
6794,3,0,14,1000,-0.01857007512581821,0.020619559826690878
6794,3,0,14,2000,-0.01924411747230348,0.020619559826690878
6794,3,0,14,5000,-0.017020351049280902,0.020619559826690878
6794,3,0,15,50,-0.00864218579958409,0.018883509846194756
6794,3,0,15,100,-0.01570598150364244,0.018883509846194756
6794,3,0,15,250,0.0005608115714816897,0.018883509846194756
6794,3,0,15,500,-0.01264927177887809,0.018883509846194756
6794,3,0,15,1000,-0.013423417166671836,0.018883509846194756
6794,3,0,15,2000,-0.014115734100262456,0.018883509846194756
6794,3,0,15,5000,-0.01206767734362968,0.018883509846194756
6794,3,0,16,50,-0.010875333828820888,0.019007068811382127
6794,3,0,16,100,-0.013647142414867197,0.019007068811382127
6794,3,0,16,250,-0.009895542329807383,0.019007068811382127
6794,3,0,16,500,-0.0006421188253397103,0.019007068811382127
6794,3,0,16,1000,0.009795113538283218,0.019007068811382127
6794,3,0,16,2000,-0.01178251560473842,0.019007068811382127
6794,3,0,16,5000,-0.01029426059391858,0.019007068811382127
6794,3,0,17,50,-0.008755774899825153,0.018343413128538946
6794,3,0,17,100,0.00392522495006864,0.018343413128538946
6794,3,0,17,250,0.06099187422601737,0.018343413128538946
6794,3,0,17,500,0.011508559673269803,0.018343413128538946
6794,3,0,17,1000,0.01798017406006691,0.018343413128538946
6794,3,0,17,2000,-0.00842934060859546,0.018343413128538946
6794,3,0,17,5000,-0.009336945859793389,0.018343413128538946
6794,3,0,18,50,-0.006819287592096712,0.018150878631208373
6794,3,0,18,100,-0.010070502770701317,0.018150878631208373
6794,3,0,18,250,-0.001987499791519909,0.018150878631208373
6794,3,0,18,500,-0.012383459602803737,0.018150878631208373
6794,3,0,18,1000,-0.00781823320379782,0.018150878631208373
6794,3,0,18,2000,-0.010559095519344752,0.018150878631208373
6794,3,0,18,5000,0.014474124487660278,0.018150878631208373
6794,3,0,19,50,-0.010305303526233267,0.017557094407088428
6794,3,0,19,100,-0.007145102957916705,0.017557094407088428
6794,3,0,19,250,-0.009907823112942471,0.017557094407088428
6794,3,0,19,500,-0.01180391739391451,0.017557094407088428
6794,3,0,19,1000,-0.009834822489586226,0.017557094407088428
6794,3,0,19,2000,-0.00869476188441054,0.017557094407088428
6794,3,0,19,5000,-0.012649369503942687,0.017557094407088428
6794,3,0,20,50,-0.014881344832402443,0.017913755085989854
6794,3,0,20,100,-0.013026034478444859,0.017913755085989854
6794,3,0,20,250,-0.010925597087115158,0.017913755085989854
6794,3,0,20,500,2.0522263594391355e-05,0.017913755085989854
6794,3,0,20,1000,-0.009397274799754274,0.017913755085989854
6794,3,0,20,2000,-0.011445722456646323,0.017913755085989854
6794,3,0,20,5000,-0.010550267688497206,0.017913755085989854
6794,3,0,21,50,-0.010711644345392957,0.017701920341672724
6794,3,0,21,100,-0.007409090932781415,0.017701920341672724
6794,3,0,21,250,-0.0015286806125978103,0.017701920341672724
6794,3,0,21,500,-0.008520159768753421,0.017701920341672724
6794,3,0,21,1000,-0.008285912788588035,0.017701920341672724
6794,3,0,21,2000,-0.009183028882837618,0.017701920341672724
6794,3,0,21,5000,-0.005912594441501939,0.017701920341672724
6794,3,0,22,50,-0.009896552155476135,0.017819384655530745
6794,3,0,22,100,0.004494994652484818,0.017819384655530745
6794,3,0,22,250,-0.011386045017116264,0.017819384655530745
6794,3,0,22,500,0.007186245210169306,0.017819384655530745
6794,3,0,22,1000,-0.0017734818997542368,0.017819384655530745
6794,3,0,22,2000,0.007186245210169306,0.017819384655530745
6794,3,0,22,5000,0.005554822979514928,0.017819384655530745
6794,3,0,23,50,-0.006379296775645971,0.015310127472233002
6794,3,0,23,100,-0.00725621635651752,0.015310127472233002
6794,3,0,23,250,-0.005380286013901503,0.015310127472233002
6794,3,0,23,500,-0.005034013534530368,0.015310127472233002
6794,3,0,23,1000,-0.00780787434693575,0.015310127472233002
6794,3,0,23,2000,-0.0011103521854965992,0.015310127472233002
6794,3,0,23,5000,-0.006981250599379596,0.015310127472233002
6794,3,0,24,50,-0.007175853778285446,0.017587677539286983
6794,3,0,24,100,0.0018248852838042007,0.017587677539286983
6794,3,0,24,250,-0.002893899766919117,0.017587677539286983
6794,3,0,24,500,0.009488875760431559,0.017587677539286983
6794,3,0,24,1000,-0.0013149558960268148,0.017587677539286983
6794,3,0,24,2000,-0.0013149558960268148,0.017587677539286983
6794,3,0,24,5000,-0.007175853778285446,0.017587677539286983
6794,3,1,5,50,-0.30418183794004927,0.41848284862152724
6794,3,1,5,100,-0.30470359206065867,0.41848284862152724
6794,3,1,5,250,-0.2845721961506227,0.41848284862152724
6794,3,1,5,500,-0.2890071224633174,0.41848284862152724
6794,3,1,5,1000,-0.288485368342708,0.41848284862152724
6794,3,1,5,2000,-0.28718236747960024,0.41848284862152724
6794,3,1,5,5000,-0.288485368342708,0.41848284862152724
6794,3,1,6,50,-0.21322488544016416,0.38754089365864125
6794,3,1,6,100,-0.22765868205111106,0.38754089365864125
6794,3,1,6,250,-0.2749195331816987,0.38754089365864125
6794,3,1,6,500,-0.3161089866405926,0.38754089365864125
6794,3,1,6,1000,-0.3129792762924729,0.38754089365864125
6794,3,1,6,2000,-0.31036910496349535,0.38754089365864125
6794,3,1,6,5000,-0.31036910496349535,0.38754089365864125
6794,3,1,7,50,-0.25609605696302795,0.38744319062802396
6794,3,1,7,100,-0.26079350537461765,0.38744319062802396
6794,3,1,7,250,-0.25303778363722795,0.38744319062802396
6794,3,1,7,500,-0.28690583812142734,0.38744319062802396
6794,3,1,7,1000,-0.27768296998719944,0.38744319062802396
6794,3,1,7,2000,-0.2868159636368942,0.38744319062802396
6794,3,1,7,5000,-0.2854397667003017,0.38744319062802396
6794,3,1,8,50,-0.2396657047045625,0.38332332601728075
6794,3,1,8,100,-0.25775757851362,0.38332332601728075
6794,3,1,8,250,-0.25910123300365684,0.38332332601728075
6794,3,1,8,500,-0.3031326942200967,0.38332332601728075
6794,3,1,8,1000,-0.27148674483282,0.38332332601728075
6794,3,1,8,2000,-0.2731973569409295,0.38332332601728075
6794,3,1,8,5000,-0.2725960871926483,0.38332332601728075
6794,3,1,9,50,-0.2520393592258713,0.3198166007264904
6794,3,1,9,100,-0.2557699484220134,0.3198166007264904
6794,3,1,9,250,-0.2531186999908266,0.3198166007264904
6794,3,1,9,500,-0.2549333567178552,0.3198166007264904
6794,3,1,9,1000,-0.25291455233059923,0.3198166007264904
6794,3,1,9,2000,-0.2487875251218563,0.3198166007264904
6794,3,1,9,5000,-0.2488998437962563,0.3198166007264904
6794,3,1,10,50,-0.2444154686008061,0.3296394413871802
6794,3,1,10,100,-0.21415298037993413,0.3296394413871802
6794,3,1,10,250,-0.23563904113730083,0.3296394413871802
6794,3,1,10,500,-0.23241808815374132,0.3296394413871802
6794,3,1,10,1000,-0.23368349744194838,0.3296394413871802
6794,3,1,10,2000,-0.23336595613160915,0.3296394413871802
6794,3,1,10,5000,-0.23398794359361386,0.3296394413871802
6794,3,1,11,50,-0.23011568562862983,0.2623370841584137
6794,3,1,11,100,-0.2200960324666117,0.2623370841584137
6794,3,1,11,250,-0.20667274560002624,0.2623370841584137
6794,3,1,11,500,-0.2348855157381654,0.2623370841584137
6794,3,1,11,1000,-0.2067242467091408,0.2623370841584137
6794,3,1,11,2000,-0.25190730008839535,0.2623370841584137
6794,3,1,11,5000,-0.25073495763683573,0.2623370841584137
6794,3,1,12,50,0.8268314133181285,0.18412493734939794
6794,3,1,12,100,-0.08516833859050654,0.18412493734939794
6794,3,1,12,250,-0.16734952099816114,0.18412493734939794
6794,3,1,12,500,-0.11876276289345389,0.18412493734939794
6794,3,1,12,1000,-0.11771322827324182,0.18412493734939794
6794,3,1,12,2000,-0.10242378357051374,0.18412493734939794
6794,3,1,12,5000,-0.16734952099816114,0.18412493734939794
6794,3,1,13,50,-0.11285140630277213,0.0744804247504059
6794,3,1,13,100,-0.1454356791865944,0.0744804247504059
6794,3,1,13,250,-0.1116486387810588,0.0744804247504059
6794,3,1,13,500,-0.13209470939953594,0.0744804247504059
6794,3,1,13,1000,-0.11288199424803347,0.0744804247504059
6794,3,1,13,2000,-0.1130858487330666,0.0744804247504059
6794,3,1,13,5000,-0.12707988255271474,0.0744804247504059
6794,3,1,14,50,-0.047568131309129735,0.0990693658301586
6794,3,1,14,100,0.7160093005595605,0.0990693658301586
6794,3,1,14,250,-0.04238915892857953,0.0990693658301586
6794,3,1,14,500,0.4685469924655273,0.0990693658301586
6794,3,1,14,1000,0.7209832131792803,0.0990693658301586
6794,3,1,14,2000,0.7203410943539409,0.0990693658301586
6794,3,1,14,5000,0.7200659331466739,0.0990693658301586
6794,3,1,15,50,-0.08493415676038507,0.1616539677073433
6794,3,1,15,100,-0.0870530641889492,0.1616539677073433
6794,3,1,15,250,-0.08269139909978207,0.1616539677073433
6794,3,1,15,500,-0.1048596133840074,0.1616539677073433
6794,3,1,15,1000,-0.08531179898553509,0.1616539677073433
6794,3,1,15,2000,-0.08428242830368016,0.1616539677073433
6794,3,1,15,5000,-0.08288561137842854,0.1616539677073433
6794,3,1,16,50,-0.17021419509988323,0.11043985056665401
6794,3,1,16,100,-0.14869800244755715,0.11043985056665401
6794,3,1,16,250,-0.07220230730180854,0.11043985056665401
6794,3,1,16,500,-0.08639012992482231,0.11043985056665401
6794,3,1,16,1000,0.6806515577635919,0.11043985056665401
6794,3,1,16,2000,-0.09980341625978317,0.11043985056665401
6794,3,1,16,5000,0.6832607844169437,0.11043985056665401
6794,3,1,17,50,-0.06760672098269294,0.07255508615338843
6794,3,1,17,100,0.7577265019430348,0.07255508615338843
6794,3,1,17,250,-0.19311625947021038,0.07255508615338843
6794,3,1,17,500,-0.2335295804649946,0.07255508615338843
6794,3,1,17,1000,0.015115624387589288,0.07255508615338843
6794,3,1,17,2000,-0.23192926737994723,0.07255508615338843
6794,3,1,17,5000,-0.23045114320083782,0.07255508615338843
6794,3,1,18,50,-0.18657363153637385,0.08423691375610098
6794,3,1,18,100,-0.04971932058407735,0.08423691375610098
6794,3,1,18,250,-0.07953100308133576,0.08423691375610098
6794,3,1,18,500,-0.17454628206945721,0.08423691375610098
6794,3,1,18,1000,-0.1827208208592721,0.08423691375610098
6794,3,1,18,2000,-0.17688067326575818,0.08423691375610098
6794,3,1,18,5000,0.6547624942146762,0.08423691375610098
6794,3,1,19,50,-0.03179058248308142,0.05382885318891191
6794,3,1,19,100,-0.008735545811424772,0.05382885318891191
6794,3,1,19,250,-0.18305536633087516,0.05382885318891191
6794,3,1,19,500,-0.2840436012754818,0.05382885318891191
6794,3,1,19,1000,-0.29426681574733915,0.05382885318891191
6794,3,1,19,2000,-0.20772110751946182,0.05382885318891191
6794,3,1,19,5000,-0.2598263529839768,0.05382885318891191
6794,3,1,20,50,-0.018591835240230892,0.06021698833439836
6794,3,1,20,100,-0.004025099966225576,0.06021698833439836
6794,3,1,20,250,-0.02870279618773164,0.06021698833439836
6794,3,1,20,500,-0.17951990151398312,0.06021698833439836
6794,3,1,20,1000,0.6145125043780828,0.06021698833439836
6794,3,1,20,2000,-0.21150371902506382,0.06021698833439836
6794,3,1,20,5000,-0.13513040823538247,0.06021698833439836
6794,3,1,21,50,-0.02928315277215965,0.06505416094232445
6794,3,1,21,100,-0.019753362784626916,0.06505416094232445
6794,3,1,21,250,-0.13353038832552955,0.06505416094232445
6794,3,1,21,500,-0.03137160255554983,0.06505416094232445
6794,3,1,21,1000,0.7554434164057189,0.06505416094232445
6794,3,1,21,2000,-0.21036255086915412,0.06505416094232445
6794,3,1,21,5000,0.6560467644403767,0.06505416094232445
6794,3,1,22,50,-0.03397200137805312,0.0682591230077181
6794,3,1,22,100,-0.031228826235973783,0.0682591230077181
6794,3,1,22,250,-0.10728469344038138,0.0682591230077181
6794,3,1,22,500,0.7355172431316216,0.0682591230077181
6794,3,1,22,1000,0.7310428033177526,0.0682591230077181
6794,3,1,22,2000,-0.031922999945794395,0.0682591230077181
6794,3,1,22,5000,-0.30456104376623594,0.0682591230077181
6794,3,1,23,50,-0.03259639079184862,0.0599546279618644
6794,3,1,23,100,-0.0025881831894118967,0.0599546279618644
6794,3,1,23,250,0.18957857955185164,0.0599546279618644
6794,3,1,23,500,0.03280848675734238,0.0599546279618644
6794,3,1,23,1000,0.7570335986590555,0.0599546279618644
6794,3,1,23,2000,0.7566563799091857,0.0599546279618644
6794,3,1,23,5000,-0.15611663786166163,0.0599546279618644
6794,3,1,24,50,0.004301336149205137,0.03659900212459906
6794,3,1,24,100,-0.45918929631699007,0.03659900212459906
6794,3,1,24,250,-0.4666093324570219,0.03659900212459906
6794,3,1,24,500,-0.03953568476343816,0.03659900212459906
6794,3,1,24,1000,-0.5338398770905348,0.03659900212459906
6794,3,1,24,2000,-0.23703481566186202,0.03659900212459906
6794,3,1,24,5000,0.5928329805675665,0.03659900212459906
6794,3,2,5,50,-0.29599746149371875,0.38842847268164016
6794,3,2,5,100,-0.06484315387710515,0.38842847268164016
6794,3,2,5,250,-0.29243121328143606,0.38842847268164016
6794,3,2,5,500,-0.18054950022098926,0.38842847268164016
6794,3,2,5,1000,-0.2753783849356424,0.38842847268164016
6794,3,2,5,2000,0.692535902885782,0.38842847268164016
6794,3,2,5,5000,-0.01851023481117986,0.38842847268164016
6794,3,2,6,50,-0.23212149258227688,0.4223739506407033
6794,3,2,6,100,-0.24784881072505227,0.4223739506407033
6794,3,2,6,250,-0.15048200607928097,0.4223739506407033
6794,3,2,6,500,-0.2830847229403204,0.4223739506407033
6794,3,2,6,1000,-0.27779512578649135,0.4223739506407033
6794,3,2,6,2000,-0.26279081024763273,0.4223739506407033
6794,3,2,6,5000,-0.15048200607928097,0.4223739506407033
6794,3,2,7,50,-0.15943042965671683,0.30063734458879976
6794,3,2,7,100,-0.10313831666882123,0.30063734458879976
6794,3,2,7,250,-0.206897415523848,0.30063734458879976
6794,3,2,7,500,-0.10319945998432256,0.30063734458879976
6794,3,2,7,1000,-0.1054812099457536,0.30063734458879976
6794,3,2,7,2000,0.004493724226642626,0.30063734458879976
6794,3,2,7,5000,-0.15100222917387673,0.30063734458879976
6794,3,2,8,50,-0.1358136367379531,0.3165461376078479
6794,3,2,8,100,-0.2414800031063543,0.3165461376078479
6794,3,2,8,250,-0.16535299205482223,0.3165461376078479
6794,3,2,8,500,-0.1619994261584199,0.3165461376078479
6794,3,2,8,1000,-0.22582314473525122,0.3165461376078479
6794,3,2,8,2000,-0.1499403486204871,0.3165461376078479
6794,3,2,8,5000,-0.207345582670714,0.3165461376078479
6794,3,2,9,50,-0.20014963010411502,0.27399926085267107
6794,3,2,9,100,-0.17265924364448315,0.27399926085267107
6794,3,2,9,250,-0.2155697006433699,0.27399926085267107
6794,3,2,9,500,-0.2193626710058333,0.27399926085267107
6794,3,2,9,1000,-0.20046554266337557,0.27399926085267107
6794,3,2,9,2000,-0.22040060891836355,0.27399926085267107
6794,3,2,9,5000,-0.1235935408683616,0.27399926085267107
6794,3,2,10,50,-0.20047472881945982,0.16625974296451784
6794,3,2,10,100,-0.08169206258782225,0.16625974296451784
6794,3,2,10,250,-0.1380373054359113,0.16625974296451784
6794,3,2,10,500,-0.13788449600969,0.16625974296451784
6794,3,2,10,1000,-0.13650849452322678,0.16625974296451784
6794,3,2,10,2000,-0.13650849452322678,0.16625974296451784
6794,3,2,10,5000,-0.13714054766689876,0.16625974296451784
6794,3,2,11,50,-0.047456366410097095,0.1486631942823644
6794,3,2,11,100,-0.2079983861031307,0.1486631942823644
6794,3,2,11,250,-0.07741098810203817,0.1486631942823644
6794,3,2,11,500,-0.06733217870083508,0.1486631942823644
6794,3,2,11,1000,-0.08090794924342593,0.1486631942823644
6794,3,2,11,2000,0.01651071483669775,0.1486631942823644
6794,3,2,11,5000,-0.1889487089346249,0.1486631942823644
6794,3,2,12,50,-0.11539975024079474,0.18299469534562715
6794,3,2,12,100,-0.13586556132234784,0.18299469534562715
6794,3,2,12,250,-0.12721278864075125,0.18299469534562715
6794,3,2,12,500,-0.14450817059721233,0.18299469534562715
6794,3,2,12,1000,-0.14694439131096493,0.18299469534562715
6794,3,2,12,2000,-0.07044977114092843,0.18299469534562715
6794,3,2,12,5000,-0.1654033204631593,0.18299469534562715
6794,3,2,13,50,-0.04627343707652465,0.10034068662597358
6794,3,2,13,100,-0.222125228285751,0.10034068662597358
6794,3,2,13,250,-0.21798702784460722,0.10034068662597358
6794,3,2,13,500,-0.13364313047520926,0.10034068662597358
6794,3,2,13,1000,-0.204613906511251,0.10034068662597358
6794,3,2,13,2000,-0.19959989403996958,0.10034068662597358
6794,3,2,13,5000,-0.19503372296533783,0.10034068662597358
6794,3,2,14,50,-0.07376333491083298,0.11339446029025896
6794,3,2,14,100,-0.08049053291692876,0.11339446029025896
6794,3,2,14,250,-0.08524052483832356,0.11339446029025896
6794,3,2,14,500,-0.08885745978418114,0.11339446029025896
6794,3,2,14,1000,-0.010254975117895526,0.11339446029025896
6794,3,2,14,2000,-0.008612119054667411,0.11339446029025896
6794,3,2,14,5000,-0.21585499268234698,0.11339446029025896
6794,3,2,15,50,-0.032586162235074156,0.08374126441797354
6794,3,2,15,100,0.19729390826248483,0.08374126441797354
6794,3,2,15,250,-0.20142282482247909,0.08374126441797354
6794,3,2,15,500,0.0036788561887515225,0.08374126441797354
6794,3,2,15,1000,-0.20901743050314614,0.08374126441797354
6794,3,2,15,2000,-0.2153266258323573,0.08374126441797354
6794,3,2,15,5000,-0.2088741004082042,0.08374126441797354
6794,3,2,16,50,-0.020110613046269932,0.1340362274046697
6794,3,2,16,100,-0.06123693611334646,0.1340362274046697
6794,3,2,16,250,0.018834812326179673,0.1340362274046697
6794,3,2,16,500,-0.08038818219913157,0.1340362274046697
6794,3,2,16,1000,-0.05845398686992054,0.1340362274046697
6794,3,2,16,2000,-0.04509272284441945,0.1340362274046697
6794,3,2,16,5000,-0.08461775557580109,0.1340362274046697
6794,3,2,17,50,-0.07296739683360376,0.10327770112170909
6794,3,2,17,100,-0.03532663365036215,0.10327770112170909
6794,3,2,17,250,-0.04705947234719443,0.10327770112170909
6794,3,2,17,500,0.013248749900971912,0.10327770112170909
6794,3,2,17,1000,-0.03532663365036215,0.10327770112170909
6794,3,2,17,2000,-0.06362243751850294,0.10327770112170909
6794,3,2,17,5000,-0.20408417151035552,0.10327770112170909
6794,3,2,18,50,-0.037070407130437855,0.07963475272701064
6794,3,2,18,100,-0.028497964452051716,0.07963475272701064
6794,3,2,18,250,-0.09427133064532955,0.07963475272701064
6794,3,2,18,500,-0.030312718904144886,0.07963475272701064
6794,3,2,18,1000,-0.0466305896131024,0.07963475272701064
6794,3,2,18,2000,-0.047650024913376554,0.07963475272701064
6794,3,2,18,5000,-0.1797446040128261,0.07963475272701064
6794,3,2,19,50,-0.2289128529568738,0.046197943331927616
6794,3,2,19,100,-0.0013357713348149947,0.046197943331927616
6794,3,2,19,250,0.017877269566903387,0.046197943331927616
6794,3,2,19,500,-0.17089621832665525,0.046197943331927616
6794,3,2,19,1000,-0.23649628540513956,0.046197943331927616
6794,3,2,19,2000,-0.23747356862749203,0.046197943331927616
6794,3,2,19,5000,-0.23139796877801466,0.046197943331927616
6794,3,2,20,50,-0.007868859638927805,0.06746031778892525
6794,3,2,20,100,-0.023401178850940507,0.06746031778892525
6794,3,2,20,250,-0.022944216448248955,0.06746031778892525
6794,3,2,20,500,-0.043552282649032104,0.06746031778892525
6794,3,2,20,1000,-0.27742855906867747,0.06746031778892525
6794,3,2,20,2000,-0.18065071081303086,0.06746031778892525
6794,3,2,20,5000,-0.2744426022907802,0.06746031778892525
6794,3,2,21,50,-0.002783503018792821,0.06345902325831583
6794,3,2,21,100,-0.03161754396846106,0.06345902325831583
6794,3,2,21,250,0.0038623225834020225,0.06345902325831583
6794,3,2,21,500,-0.03204564490203543,0.06345902325831583
6794,3,2,21,1000,-0.002345303828529266,0.06345902325831583
6794,3,2,21,2000,-0.0014279260708585095,0.06345902325831583
6794,3,2,21,5000,-0.13839341557179907,0.06345902325831583
6794,3,2,22,50,-0.01947859247761985,0.05572489908689875
6794,3,2,22,100,-0.04870096025951609,0.05572489908689875
6794,3,2,22,250,-0.016390480432054377,0.05572489908689875
6794,3,2,22,500,-0.020651195529352018,0.05572489908689875
6794,3,2,22,1000,-0.04730433878439411,0.05572489908689875
6794,3,2,22,2000,-0.046651795952149744,0.05572489908689875
6794,3,2,22,5000,-0.016390480432054377,0.05572489908689875
6794,3,2,23,50,-0.006014749709170486,0.07792139973959826
6794,3,2,23,100,-0.01921379012721458,0.07792139973959826
6794,3,2,23,250,-0.018490136022866088,0.07792139973959826
6794,3,2,23,500,-0.04008659352835964,0.07792139973959826
6794,3,2,23,1000,-0.019998620122086308,0.07792139973959826
6794,3,2,23,2000,-0.01618623504676231,0.07792139973959826
6794,3,2,23,5000,-0.0170835791661631,0.07792139973959826
6794,3,2,24,50,0.028691394930179914,0.05389666895685226
6794,3,2,24,100,-0.012333294069573952,0.05389666895685226
6794,3,2,24,250,-0.019386893791878634,0.05389666895685226
6794,3,2,24,500,-0.009845539671685666,0.05389666895685226
6794,3,2,24,1000,-0.012537376579758397,0.05389666895685226
6794,3,2,24,2000,-0.020926226436532525,0.05389666895685226
6794,3,2,24,5000,-0.008134699538425383,0.05389666895685226
6794,146065,0,5,50,-0.05041769621297254,0.25452759496993815
6794,146065,0,5,100,-0.06528380500849174,0.25452759496993815
6794,146065,0,5,250,-0.036944364351723324,0.25452759496993815
6794,146065,0,5,500,-0.025240954895834777,0.25452759496993815
6794,146065,0,5,1000,-0.021192115773926767,0.25452759496993815
6794,146065,0,5,2000,0.5379542930103995,0.25452759496993815
6794,146065,0,5,5000,-0.0333386331396508,0.25452759496993815
6794,146065,0,6,50,-0.26878781339572044,0.25134200792340194
6794,146065,0,6,100,-0.3083883920098688,0.25134200792340194
6794,146065,0,6,250,-0.3074398255276385,0.25134200792340194
6794,146065,0,6,500,-0.29959622623375215,0.25134200792340194
6794,146065,0,6,1000,-0.30048160564209603,0.25134200792340194
6794,146065,0,6,2000,-0.24784913025387967,0.25134200792340194
6794,146065,0,6,5000,-0.30048160564209603,0.25134200792340194
6794,146065,0,7,50,0.527389885688424,0.24449171759216465
6794,146065,0,7,100,0.5657251640582794,0.24449171759216465
6794,146065,0,7,250,-0.03941109342988269,0.24449171759216465
6794,146065,0,7,500,-0.09608997474341963,0.24449171759216465
6794,146065,0,7,1000,0.527389885688424,0.24449171759216465
6794,146065,0,7,2000,0.531438724810332,0.24449171759216465
6794,146065,0,7,5000,0.527389885688424,0.24449171759216465
6794,146065,0,8,50,-0.2406380860353985,0.26306732891263146
6794,146065,0,8,100,-0.25797001146035636,0.26306732891263146
6794,146065,0,8,250,-0.2721419368731478,0.26306732891263146
6794,146065,0,8,500,-0.24569864069472647,0.26306732891263146
6794,146065,0,8,1000,-0.24974747981663448,0.26306732891263146
6794,146065,0,8,2000,-0.2537963189385425,0.26306732891263146
6794,146065,0,8,5000,-0.2537963189385425,0.26306732891263146
6794,146065,0,9,50,-0.2548710314563657,0.24897391243604214
6794,146065,0,9,100,-0.139550439556964,0.24897391243604214
6794,146065,0,9,250,-0.13777926253461248,0.24897391243604214
6794,146065,0,9,500,-0.13973950653556633,0.24897391243604214
6794,146065,0,9,1000,-0.14233386437848894,0.24897391243604214
6794,146065,0,9,2000,-0.1919920991065306,0.24897391243604214
6794,146065,0,9,5000,-0.19547084787168334,0.24897391243604214
6794,146065,0,10,50,-0.19667334122905678,0.24187183274242735
6794,146065,0,10,100,-0.1551113020156606,0.24187183274242735
6794,146065,0,10,250,-0.1517577107999868,0.24187183274242735
6794,146065,0,10,500,-0.2243165454934769,0.24187183274242735
6794,146065,0,10,1000,-0.180795440858724,0.24187183274242735
6794,146065,0,10,2000,-0.1869949216145721,0.24187183274242735
6794,146065,0,10,5000,-0.1558065499218948,0.24187183274242735
6794,146065,0,11,50,-0.16301907686954697,0.23687262757944708
6794,146065,0,11,100,-0.2148272688949886,0.23687262757944708
6794,146065,0,11,250,-0.1361957838177834,0.23687262757944708
6794,146065,0,11,500,-0.14644357143378606,0.23687262757944708
6794,146065,0,11,1000,-0.09223267381539868,0.23687262757944708
6794,146065,0,11,2000,-0.09431963413239564,0.23687262757944708
6794,146065,0,11,5000,-0.09223267381539868,0.23687262757944708
6794,146065,0,12,50,-0.16409485391087741,0.23226750898312934
6794,146065,0,12,100,-0.16150144653537202,0.23226750898312934
6794,146065,0,12,250,-0.11051392609652055,0.23226750898312934
6794,146065,0,12,500,-0.153403768291556,0.23226750898312934
6794,146065,0,12,1000,-0.18465258971195897,0.23226750898312934
6794,146065,0,12,2000,-0.18212366204602692,0.23226750898312934
6794,146065,0,12,5000,-0.015560824440000509,0.23226750898312934
6794,146065,0,13,50,-0.19616506927310695,0.23426088342366755
6794,146065,0,13,100,-0.19382547471665468,0.23426088342366755
6794,146065,0,13,250,-0.1620068670890702,0.23426088342366755
6794,146065,0,13,500,-0.2053377261656234,0.23426088342366755
6794,146065,0,13,1000,-0.17250736498192176,0.23426088342366755
6794,146065,0,13,2000,-0.2053377261656234,0.23426088342366755
6794,146065,0,13,5000,-0.19724248111839482,0.23426088342366755
6794,146065,0,14,50,-0.06787770662705472,0.2333147116638397
6794,146065,0,14,100,-0.16959691969478052,0.2333147116638397
6794,146065,0,14,250,-0.15270566898306992,0.2333147116638397
6794,146065,0,14,500,-0.12316597807203278,0.2333147116638397
6794,146065,0,14,1000,-0.1345508668871147,0.2333147116638397
6794,146065,0,14,2000,-0.13474065622095432,0.2333147116638397
6794,146065,0,14,5000,-0.16055029478176674,0.2333147116638397
6794,146065,0,15,50,0.040232411334315654,0.20053047816596808
6794,146065,0,15,100,0.044154306028000634,0.20053047816596808
6794,146065,0,15,250,-0.23968834097357095,0.20053047816596808
6794,146065,0,15,500,-0.2815031284825127,0.20053047816596808
6794,146065,0,15,1000,-0.2729631787401883,0.20053047816596808
6794,146065,0,15,2000,-0.2735957718342896,0.20053047816596808
6794,146065,0,15,5000,-0.2729631787401883,0.20053047816596808
6794,146065,0,16,50,0.06370230326388937,0.2061929066470849
6794,146065,0,16,100,-0.12550629498372257,0.2061929066470849
6794,146065,0,16,250,-0.20306261131874448,0.2061929066470849
6794,146065,0,16,500,-0.21387874043145494,0.2061929066470849
6794,146065,0,16,1000,-0.2055933258634205,0.2061929066470849
6794,146065,0,16,2000,-0.2534154856538734,0.2061929066470849
6794,146065,0,16,5000,-0.21387874043145494,0.2061929066470849
6794,146065,0,17,50,-0.12854140357728638,0.18870268402264206
6794,146065,0,17,100,-0.12145852038532146,0.18870268402264206
6794,146065,0,17,250,-0.13189510884904998,0.18870268402264206
6794,146065,0,17,500,-0.14227037315502933,0.18870268402264206
6794,146065,0,17,1000,-0.11588980782613378,0.18870268402264206
6794,146065,0,17,2000,-0.10254239388829745,0.18870268402264206
6794,146065,0,17,5000,-0.13411053434213682,0.18870268402264206
6794,146065,0,18,50,-0.013220773659187723,0.17153820708369708
6794,146065,0,18,100,-0.08875183402192899,0.17153820708369708
6794,146065,0,18,250,-0.06819322379082338,0.17153820708369708
6794,146065,0,18,500,-0.08824763006652414,0.17153820708369708
6794,146065,0,18,1000,-0.08438694547449843,0.17153820708369708
6794,146065,0,18,2000,-0.07426728086631573,0.17153820708369708
6794,146065,0,18,5000,-0.039474812765523115,0.17153820708369708
6794,146065,0,19,50,-0.0869168996452403,0.15223907463210204
6794,146065,0,19,100,-0.037006524920800254,0.15223907463210204
6794,146065,0,19,250,-0.12531707593033348,0.15223907463210204
6794,146065,0,19,500,-0.07508894093901974,0.15223907463210204
6794,146065,0,19,1000,-0.10545154653975186,0.15223907463210204
6794,146065,0,19,2000,-0.02353323107824734,0.15223907463210204
6794,146065,0,19,5000,-0.031058689918293858,0.15223907463210204
6794,146065,0,20,50,0.06389224467251575,0.17020484822519572
6794,146065,0,20,100,-0.0773024274785763,0.17020484822519572
6794,146065,0,20,250,-0.1825028605267387,0.17020484822519572
6794,146065,0,20,500,-0.13758829462117605,0.17020484822519572
6794,146065,0,20,1000,-0.11810470105746773,0.17020484822519572
6794,146065,0,20,2000,-0.17769475001338286,0.17020484822519572
6794,146065,0,20,5000,-0.03365502473344373,0.17020484822519572
6794,146065,0,21,50,-0.019420976770272658,0.1410866981313553
6794,146065,0,21,100,0.007147400920234137,0.1410866981313553
6794,146065,0,21,250,-0.022962380347558153,0.1410866981313553
6794,146065,0,21,500,-0.0787573269632249,0.1410866981313553
6794,146065,0,21,1000,-0.009930787723063661,0.1410866981313553
6794,146065,0,21,2000,-0.04687423962606707,0.1410866981313553
6794,146065,0,21,5000,-0.043585128119967065,0.1410866981313553
6794,146065,0,22,50,6.37193356395338e-05,0.14369020422449758
6794,146065,0,22,100,-0.030807690482795413,0.14369020422449758
6794,146065,0,22,250,0.006515986405730145,0.14369020422449758
6794,146065,0,22,500,-0.06142460314563747,0.14369020422449758
6794,146065,0,22,1000,-0.05092273657970514,0.14369020422449758
6794,146065,0,22,2000,-0.015940821313342735,0.14369020422449758
6794,146065,0,22,5000,0.005502788139139181,0.14369020422449758
6794,146065,0,23,50,-0.03346367663304073,0.13053367580491357
6794,146065,0,23,100,0.008160865317701993,0.13053367580491357
6794,146065,0,23,250,0.06566273735832684,0.13053367580491357
6794,146065,0,23,500,-0.1102600372400745,0.13053367580491357
6794,146065,0,23,1000,0.03276873287637838,0.13053367580491357
6794,146065,0,23,2000,-0.06129822899786419,0.13053367580491357
6794,146065,0,23,5000,-0.12474633925573453,0.13053367580491357
6794,146065,0,24,50,0.005567876147859807,0.11863205245074808
6794,146065,0,24,100,0.055288157388887704,0.11863205245074808
6794,146065,0,24,250,-0.08274256080558362,0.11863205245074808
6794,146065,0,24,500,-0.08837290167209355,0.11863205245074808
6794,146065,0,24,1000,-0.013284492994827923,0.11863205245074808
6794,146065,0,24,2000,-0.09805200562311822,0.11863205245074808
6794,146065,0,24,5000,-0.0899543273793022,0.11863205245074808
6794,146065,1,5,50,-0.25101046092042945,0.26242794813215575
6794,146065,1,5,100,-0.23076869850747683,0.26242794813215575
6794,146065,1,5,250,-0.25101046092042945,0.26242794813215575
6794,146065,1,5,500,-0.23076869850747683,0.26242794813215575
6794,146065,1,5,1000,-0.23076869850747683,0.26242794813215575
6794,146065,1,5,2000,-0.25101046092042945,0.26242794813215575
6794,146065,1,5,5000,-0.23076869850747683,0.26242794813215575
6794,146065,1,6,50,0.24481174053851507,0.24159779944839715
6794,146065,1,6,100,0.25993208035875065,0.24159779944839715
6794,146065,1,6,250,0.2870059166216525,0.24159779944839715
6794,146065,1,6,500,0.1881955140371111,0.24159779944839715
6794,146065,1,6,1000,0.45945070282883443,0.24159779944839715
6794,146065,1,6,2000,0.29750687073886445,0.24159779944839715
6794,146065,1,6,5000,0.3137022272264965,0.24159779944839715
6794,146065,1,7,50,0.1430930977512399,0.2083965396673923
6794,146065,1,7,100,0.023026479870165484,0.2083965396673923
6794,146065,1,7,250,-0.018597111613160133,0.2083965396673923
6794,146065,1,7,500,0.5938762981103802,0.2083965396673923
6794,146065,1,7,1000,0.007086609024240076,0.2083965396673923
6794,146065,1,7,2000,0.5941926136667792,0.2083965396673923
6794,146065,1,7,5000,-0.009045484352112165,0.2083965396673923
6794,146065,1,8,50,0.018978857346551248,0.16146886142332642
6794,146065,1,8,100,0.5422564507083036,0.16146886142332642
6794,146065,1,8,250,-0.08255216317259562,0.16146886142332642
6794,146065,1,8,500,-0.06825694312646213,0.16146886142332642
6794,146065,1,8,1000,-0.051302619396955906,0.16146886142332642
6794,146065,1,8,2000,-0.026189635434154312,0.16146886142332642
6794,146065,1,8,5000,-0.026189635434154312,0.16146886142332642
6794,146065,1,9,50,0.5634483763887472,0.1785306767448956
6794,146065,1,9,100,0.5726209572438699,0.1785306767448956
6794,146065,1,9,250,0.5854627225158282,0.1785306767448956
6794,146065,1,9,500,0.5776815119031979,0.1785306767448956
6794,146065,1,9,1000,0.5923580214583613,0.1785306767448956
6794,146065,1,9,2000,0.5922314952358014,0.1785306767448956
6794,146065,1,9,5000,0.5922947583470812,0.1785306767448956
6794,146065,1,10,50,-0.058007786837379616,0.22073930752512178
6794,146065,1,10,100,-0.08533638638675156,0.22073930752512178
6794,146065,1,10,250,0.0186606408553176,0.22073930752512178
6794,146065,1,10,500,-0.025810322897352744,0.22073930752512178
6794,146065,1,10,1000,-0.04149691318597848,0.22073930752512178
6794,146065,1,10,2000,0.04042235274294281,0.22073930752512178
6794,146065,1,10,5000,-0.023975806726328264,0.22073930752512178
6794,146065,1,11,50,-0.04991018463095653,0.18141961186882907
6794,146065,1,11,100,-0.06724484740207493,0.18141961186882907
6794,146065,1,11,250,-0.055476425974859245,0.18141961186882907
6794,146065,1,11,500,-0.069901669963647,0.18141961186882907
6794,146065,1,11,1000,-0.10184752616902848,0.18141961186882907
6794,146065,1,11,2000,-0.07167178246249128,0.18141961186882907
6794,146065,1,11,5000,-0.10039038358127539,0.18141961186882907
6794,146065,1,12,50,-0.12082387428159846,0.17882806587462347
6794,146065,1,12,100,-0.023849242485071587,0.17882806587462347
6794,146065,1,12,250,-0.0272637396528308,0.17882806587462347
6794,146065,1,12,500,-0.09356047679703705,0.17882806587462347
6794,146065,1,12,1000,-0.04472382610430581,0.17882806587462347
6794,146065,1,12,2000,-0.02315163741964299,0.17882806587462347
6794,146065,1,12,5000,0.004175403363165242,0.17882806587462347
6794,146065,1,13,50,0.09223278787148825,0.15573201560088978
6794,146065,1,13,100,0.1260743323308564,0.15573201560088978
6794,146065,1,13,250,0.1405610905708765,0.15573201560088978
6794,146065,1,13,500,0.10684554007231462,0.15573201560088978
6794,146065,1,13,1000,0.1260743323308564,0.15573201560088978
6794,146065,1,13,2000,0.06692837977089017,0.15573201560088978
6794,146065,1,13,5000,0.1260743323308564,0.15573201560088978
6794,146065,1,14,50,0.00487144966202957,0.15373449284338625
6794,146065,1,14,100,-0.0481398440199331,0.15373449284338625
6794,146065,1,14,250,-0.028720197904043898,0.15373449284338625
6794,146065,1,14,500,-0.05427743033758159,0.15373449284338625
6794,146065,1,14,1000,-0.0544664212787902,0.15373449284338625
6794,146065,1,14,2000,-0.06813075907217303,0.15373449284338625
6794,146065,1,14,5000,-0.07616293110160499,0.15373449284338625
6794,146065,1,15,50,-0.04238426956655006,0.1352177322235324
6794,146065,1,15,100,-0.04326968699359046,0.1352177322235324
6794,146065,1,15,250,-0.029668840423668352,0.1352177322235324
6794,146065,1,15,500,-0.005124958331508167,0.1352177322235324
6794,146065,1,15,1000,-0.011387017862095727,0.1352177322235324
6794,146065,1,15,2000,0.0048083386255363125,0.1352177322235324
6794,146065,1,15,5000,-0.07072321598026154,0.1352177322235324
6794,146065,1,16,50,-0.014169948440563851,0.14597906285437387
6794,146065,1,16,100,-0.013094361492717033,0.14597906285437387
6794,146065,1,16,250,-0.0011380516664958318,0.14597906285437387
6794,146065,1,16,500,-0.02378434456983447,0.14597906285437387
6794,146065,1,16,1000,-0.002656290299818065,0.14597906285437387
6794,146065,1,16,2000,-0.029224629971628113,0.14597906285437387
6794,146065,1,16,5000,-0.014866488982485215,0.14597906285437387
6794,146065,1,17,50,-0.034095813502781236,0.13771046069289963
6794,146065,1,17,100,-0.03523664053413522,0.13771046069289963
6794,146065,1,17,250,-0.09874725352935121,0.13771046069289963
6794,146065,1,17,500,-0.05256955444520661,0.13771046069289963
6794,146065,1,17,1000,-0.0039849677114802695,0.13771046069289963
6794,146065,1,17,2000,-0.029352829016841553,0.13771046069289963
6794,146065,1,17,5000,-0.047317119423720966,0.13771046069289963
6794,146065,1,18,50,-0.060665978072032,0.13102122900727292
6794,146065,1,18,100,-0.07249568563830011,0.13102122900727292
6794,146065,1,18,250,-0.062057576426704064,0.13102122900727292
6794,146065,1,18,500,-0.04320543539619659,0.13102122900727292
6794,146065,1,18,1000,-0.042130000523136535,0.13102122900727292
6794,146065,1,18,2000,-0.05668028800531333,0.13102122900727292
6794,146065,1,18,5000,-0.031124462263553476,0.13102122900727292
6794,146065,1,19,50,-0.04890006587879803,0.1331859977803922
6794,146065,1,19,100,-0.06661111374707418,0.1331859977803922
6794,146065,1,19,250,-0.014171431169735405,0.1331859977803922
6794,146065,1,19,500,-0.010122592047827395,0.1331859977803922
6794,146065,1,19,1000,-0.030553687570259114,0.1331859977803922
6794,146065,1,19,2000,-0.019482871208471697,0.1331859977803922
6794,146065,1,19,5000,-0.0013291716547201293,0.1331859977803922
6794,146065,1,20,50,0.012841347066295139,0.12234747531290671
6794,146065,1,20,100,-0.057818415709203874,0.12234747531290671
6794,146065,1,20,250,-0.05629964481412819,0.12234747531290671
6794,146065,1,20,500,-0.010879772410956834,0.12234747531290671
6794,146065,1,20,1000,-0.059589668768948445,0.12234747531290671
6794,146065,1,20,2000,-0.04832959533507497,0.12234747531290671
6794,146065,1,20,5000,-0.0566162645201006,0.12234747531290671
6794,146065,1,21,50,-0.04181467345285117,0.14189951843772755
6794,146065,1,21,100,-0.05535058408884019,0.14189951843772755
6794,146065,1,21,250,-0.04434519790404379,0.14189951843772755
6794,146065,1,21,500,-0.04542120305755393,0.14189951843772755
6794,146065,1,21,1000,-0.060348674029518934,0.14189951843772755
6794,146065,1,21,2000,-0.05610977944289486,0.14189951843772755
6794,146065,1,21,5000,-0.044851873074732374,0.14189951843772755
6794,146065,1,22,50,-0.056869659133489514,0.13650387766152217
6794,146065,1,22,100,-0.044470659603096596,0.13650387766152217
6794,146065,1,22,250,-0.03991598172182753,0.13650387766152217
6794,146065,1,22,500,-0.05971794385155471,0.13650387766152217
6794,146065,1,22,1000,-0.017081002026852143,0.13650387766152217
6794,146065,1,22,2000,-0.04535717957234042,0.13650387766152217
6794,146065,1,22,5000,-0.04782455496834315,0.13650387766152217
6794,146065,1,23,50,-0.01043829930507878,0.1271815470953586
6794,146065,1,23,100,-0.04510340477198538,0.1271815470953586
6794,146065,1,23,250,-0.027770566898307036,0.1271815470953586
6794,146065,1,23,500,-0.031819406020215046,0.1271815470953586
6794,146065,1,23,1000,-0.02252204780258038,0.1271815470953586
6794,146065,1,23,2000,-0.031819406020215046,0.1271815470953586
6794,146065,1,23,5000,-0.031819406020215046,0.1271815470953586
6794,146065,1,24,50,0.021063878710016803,0.13407522051574366
6794,146065,1,24,100,0.033463866726524016,0.13407522051574366
6794,146065,1,24,250,0.025114124523702097,0.13407522051574366
6794,146065,1,24,500,0.006832225924736535,0.13407522051574366
6794,146065,1,24,1000,-0.03061778709286478,0.13407522051574366
6794,146065,1,24,2000,-0.024228555021873932,0.13407522051574366
6794,146065,1,24,5000,-0.05655357168927033,0.13407522051574366
6794,146065,2,5,50,0.1181678120939601,0.22881815410106524
6794,146065,2,5,100,-0.1200018340219281,0.22881815410106524
6794,146065,2,5,250,-0.19698946669197226,0.22881815410106524
6794,146065,2,5,500,-0.20103587261729283,0.22881815410106524
6794,146065,2,5,1000,-0.18889178844815624,0.22881815410106524
6794,146065,2,5,2000,-0.19698946669197226,0.22881815410106524
6794,146065,2,5,5000,-0.19698946669197226,0.22881815410106524
6794,146065,2,6,50,-0.261827692575344,0.22332171946684806
6794,146065,2,6,100,-0.2836539982286329,0.22332171946684806
6794,146065,2,6,250,-0.2715074808629089,0.22332171946684806
6794,146065,2,6,500,-0.28099702359227396,0.22332171946684806
6794,146065,2,6,1000,-0.28270508957813234,0.22332171946684806
6794,146065,2,6,2000,-0.28909226863950255,0.22332171946684806
6794,146065,2,6,5000,-0.285045862714182,0.22332171946684806
6794,146065,2,7,50,-0.02713869615944342,0.17571973133329255
6794,146065,2,7,100,-0.026062044688088926,0.17571973133329255
6794,146065,2,7,250,-0.060792998537649745,0.17571973133329255
6794,146065,2,7,500,-0.038208562053812956,0.17571973133329255
6794,146065,2,7,1000,-0.05762839826318522,0.17571973133329255
6794,146065,2,7,2000,-0.05762839826318522,0.17571973133329255
6794,146065,2,7,5000,-0.05762839826318522,0.17571973133329255
6794,146065,2,8,50,0.18794348809680217,0.1775424110125239
6794,146065,2,8,100,0.7444947406455749,0.1775424110125239
6794,146065,2,8,250,-0.12588416281005055,0.1775424110125239
6794,146065,2,8,500,-0.1602347776179982,0.1775424110125239
6794,146065,2,8,1000,-0.09754635695723946,0.1775424110125239
6794,146065,2,8,2000,-0.1420795192976826,0.1775424110125239
6794,146065,2,8,5000,-0.0773021613476994,0.1775424110125239
6794,146065,2,9,50,0.0752778178241379,0.13524312327402316
6794,146065,2,9,100,0.08539900318018823,0.13524312327402316
6794,146065,2,9,250,0.20673183375427573,0.13524312327402316
6794,146065,2,9,500,-0.04795149939656751,0.13524312327402316
6794,146065,2,9,1000,-0.0630059908341486,0.13524312327402316
6794,146065,2,9,2000,0.024925171601189233,0.13524312327402316
6794,146065,2,9,5000,-0.07344269335396669,0.13524312327402316
6794,146065,2,10,50,-0.030681962652865713,0.13749923107281906
6794,146065,2,10,100,-0.046431245772320606,0.13749923107281906
6794,146065,2,10,250,-0.014170632777103953,0.13749923107281906
6794,146065,2,10,500,-0.012716607722479734,0.13749923107281906
6794,146065,2,10,1000,-0.0243538646461402,0.13749923107281906
6794,146065,2,10,2000,-0.0243538646461402,0.13749923107281906
6794,146065,2,10,5000,-0.0243538646461402,0.13749923107281906
6794,146065,2,11,50,0.003225582263942983,0.12277344811069116
6794,146065,2,11,100,-0.07116689417054789,0.12277344811069116
6794,146065,2,11,250,-0.02581032289735341,0.12277344811069116
6794,146065,2,11,500,0.07135694963526362,0.12277344811069116
6794,146065,2,11,1000,-0.1096900609394088,0.12277344811069116
6794,146065,2,11,2000,-0.02872095827797816,0.12277344811069116
6794,146065,2,11,5000,-0.02872095827797816,0.12277344811069116
6794,146065,2,12,50,0.24481196865069493,0.11278677143179738
6794,146065,2,12,100,0.3351467111090023,0.11278677143179738
6794,146065,2,12,250,0.07919997864869988,0.11278677143179738
6794,146065,2,12,500,0.08324881777060811,0.11278677143179738
6794,146065,2,12,1000,0.04029548435211272,0.11278677143179738
6794,146065,2,12,2000,0.0848302814965134,0.11278677143179738
6794,146065,2,12,5000,0.0888791206184214,0.11278677143179738
6794,146065,2,13,50,-0.03365346596687935,0.11321926109156517
6794,146065,2,13,100,0.16630925289915355,0.11321926109156517
6794,146065,2,13,250,0.07869444403891146,0.11321926109156517
6794,146065,2,13,500,-0.0149936235041922,0.11321926109156517
6794,146065,2,13,1000,-0.02093982370274139,0.11321926109156517
6794,146065,2,13,2000,0.10703388469568009,0.11321926109156517
6794,146065,2,13,5000,0.19205463986257282,0.11321926109156517
6794,146065,2,14,50,0.746076394464964,0.11195145593865514
6794,146065,2,14,100,0.743926513204958,0.11195145593865514
6794,146065,2,14,250,0.13910679938537385,0.11195145593865514
6794,146065,2,14,500,0.14922866907796428,0.11195145593865514
6794,146065,2,14,1000,0.7463937365261732,0.11195145593865514
6794,146065,2,14,2000,-0.022837032704595805,0.11195145593865514
6794,146065,2,14,5000,0.7538581753580444,0.11195145593865514
6794,146065,2,15,50,-0.026000720530339194,0.11923536389722138
6794,146065,2,15,100,-0.027769882561767045,0.11923536389722138
6794,146065,2,15,250,-0.01866045076183398,0.11923536389722138
6794,146065,2,15,500,0.7512004783664488,0.11923536389722138
6794,146065,2,15,1000,-0.02087481173141459,0.11923536389722138
6794,146065,2,15,2000,-0.02087481173141459,0.11923536389722138
6794,146065,2,15,5000,-0.02947829071589525,0.11923536389722138
6794,146065,2,16,50,-0.0038598101620024305,0.113011721122041
6794,146065,2,16,100,0.6641568243864693,0.113011721122041
6794,146065,2,16,250,-0.01935702932245209,0.113011721122041
6794,146065,2,16,500,-0.09159833186124955,0.113011721122041
6794,146065,2,16,1000,0.6659281915023041,0.113011721122041
6794,146065,2,16,2000,0.09881108692108165,0.113011721122041
6794,146065,2,16,5000,0.026759231547853535,0.113011721122041
6794,146065,2,17,50,0.41440999088767866,0.10523472135418672
6794,146065,2,17,100,0.7047054752397919,0.10523472135418672
6794,146065,2,17,250,0.08464125253660748,0.10523472135418672
6794,146065,2,17,500,-0.04086546065277796,0.10523472135418672
6794,146065,2,17,1000,-0.0227092518650448,0.10523472135418672
6794,146065,2,17,2000,0.06863572340151203,0.10523472135418672
6794,146065,2,17,5000,-0.03852491562890803,0.10523472135418672
6794,146065,2,18,50,-0.05977964819627146,0.10634440167476633
6794,146065,2,18,100,-0.059021213216150725,0.10634440167476633
6794,146065,2,18,250,-0.07078613692327185,0.10634440167476633
6794,146065,2,18,500,-0.06635977214330568,0.10634440167476633
6794,146065,2,18,1000,-0.058262093899489664,0.10634440167476633
6794,146065,2,18,2000,-0.06635977214330568,0.10634440167476633
6794,146065,2,18,5000,-0.12303865345684262,0.10634440167476633
6794,146065,2,19,50,0.0917888435503258,0.10156005981599109
6794,146065,2,19,100,0.16017136243193109,0.10156005981599109
6794,146065,2,19,250,-0.022772971200685332,0.10156005981599109
6794,146065,2,19,500,0.10507417295647992,0.10156005981599109
6794,146065,2,19,1000,0.6326539620348335,0.10156005981599109
6794,146065,2,19,2000,0.30484523957253573,0.10156005981599109
6794,146065,2,19,5000,-0.021192305867410277,0.10156005981599109
6794,146065,2,20,50,-0.03213731836187472,0.08904288853722596
6794,146065,2,20,100,0.3638664908073832,0.08904288853722596
6794,146065,2,20,250,0.3617786940790594,0.08904288853722596
6794,146065,2,20,500,0.2515810835389382,0.08904288853722596
6794,146065,2,20,1000,0.2515810835389382,0.08904288853722596
6794,146065,2,20,2000,0.241522362901538,0.08904288853722596
6794,146065,2,20,5000,0.3607662181677056,0.08904288853722596
6794,146065,2,21,50,-0.0029733662301510977,0.09941992243462454
6794,146065,2,21,100,-0.06009596375267057,0.09941992243462454
6794,146065,2,21,250,-0.025810551009533222,0.09941992243462454
6794,146065,2,21,500,-0.02726396776501172,0.09941992243462454
6794,146065,2,21,1000,-0.026757482687806644,0.09941992243462454
6794,146065,2,21,2000,-0.019168722717783138,0.09941992243462454
6794,146065,2,21,5000,-0.022646102809855684,0.09941992243462454
6794,146065,2,22,50,0.015182006146254534,0.0923415319237269
6794,146065,2,22,100,-0.022269109413551202,0.0923415319237269
6794,146065,2,22,250,-0.02150980000340641,0.0923415319237269
6794,146065,2,22,500,-0.05237896671873721,0.0923415319237269
6794,146065,2,22,1000,-0.033653884172543,0.0923415319237269
6794,146065,2,22,2000,0.6466345393472217,0.0923415319237269
6794,146065,2,22,5000,-0.06857189000978159,0.0923415319237269
6794,146065,2,23,50,-0.030173348528645616,0.07891281611054173
6794,146065,2,23,100,-0.006452571219664138,0.07891281611054173
6794,146065,2,23,250,0.3354001437410885,0.07891281611054173
6794,146065,2,23,500,-0.029161899122102652,0.07891281611054173
6794,146065,2,23,1000,0.007149149780282249,0.07891281611054173
6794,146065,2,23,2000,0.7130559017791533,0.07891281611054173
6794,146065,2,23,5000,-0.010501410341572148,0.07891281611054173
6794,146065,2,24,50,0.4693818327201677,0.16185477982747568
6794,146065,2,24,100,-0.13094722670335956,0.16185477982747568
6794,146065,2,24,250,-0.14182574449732566,0.16185477982747568
6794,146065,2,24,500,0.48722054737190407,0.16185477982747568
6794,146065,2,24,1000,-0.12006638976889528,0.16185477982747568
6794,146065,2,24,2000,-0.1605523477913876,0.16185477982747568
6794,146065,2,24,5000,-0.1319576496050925,0.16185477982747568
6794,10101,0,5,50,-0.1198740608114135,0.05740509194080846
6794,10101,0,5,100,0.07205847670030852,0.05740509194080846
6794,10101,0,5,250,-0.09002098172419926,0.05740509194080846
6794,10101,0,5,500,0.028456507055777513,0.05740509194080846
6794,10101,0,5,1000,0.2740220506966461,0.05740509194080846
6794,10101,0,5,2000,0.03242102024070126,0.05740509194080846
6794,10101,0,5,5000,0.028456507055777513,0.05740509194080846
6794,10101,0,6,50,0.08371844019336427,0.05259712545744477
6794,10101,0,6,100,-0.11894080320859102,0.05259712545744477
6794,10101,0,6,250,-0.001164391495110162,0.05259712545744477
6794,10101,0,6,500,0.054100158252578634,0.05259712545744477
6794,10101,0,6,1000,0.06902669779618642,0.05259712545744477
6794,10101,0,6,2000,0.009331703824856263,0.05259712545744477
6794,10101,0,6,5000,0.06902669779618642,0.05259712545744477
6794,10101,0,7,50,-0.06739916631313325,0.05129195053053659
6794,10101,0,7,100,-0.09725224540034749,0.05129195053053659
6794,10101,0,7,250,-0.08232570585674093,0.05129195053053659
6794,10101,0,7,500,-0.052472626769525466,0.05129195053053659
6794,10101,0,7,1000,-0.11217878494395517,0.05129195053053659
6794,10101,0,7,2000,-0.052472626769525466,0.05129195053053659
6794,10101,0,7,5000,-0.052472626769525466,0.05129195053053659
6794,10101,0,8,50,-0.07088763090028094,0.062195740882402005
6794,10101,0,8,100,-0.010959933070601946,0.062195740882402005
6794,10101,0,8,250,-0.006295389463224721,0.062195740882402005
6794,10101,0,8,500,-0.05597225555977281,0.062195740882402005
6794,10101,0,8,1000,-0.05597225555977281,0.062195740882402005
6794,10101,0,8,2000,-0.021221929006831286,0.062195740882402005
6794,10101,0,8,5000,0.008631150080382954,0.062195740882402005
6794,10101,0,9,50,0.020525910719868756,0.06414526149281467
6794,10101,0,9,100,-0.009327168367346705,0.06414526149281467
6794,10101,0,9,250,-0.0988752414258911,0.06414526149281467
6794,10101,0,9,500,0.00559937117626097,0.06414526149281467
6794,10101,0,9,1000,-0.039180247454560946,0.06414526149281467
6794,10101,0,9,2000,-0.02425370791095327,0.06414526149281467
6794,10101,0,9,5000,0.050378989807082886,0.06414526149281467
6794,10101,0,10,50,0.01259583770597894,0.06037089613676147
6794,10101,0,10,100,-0.010960979714641939,0.06037089613676147
6794,10101,0,10,250,-0.04267987624480851,0.06037089613676147
6794,10101,0,10,500,0.1331624279908905,0.06037089613676147
6794,10101,0,10,1000,-0.04267987624480851,0.06037089613676147
6794,10101,0,10,2000,0.17794204662171242,0.06037089613676147
6794,10101,0,10,5000,0.23787026777341147,0.06037089613676147
6794,10101,0,11,50,0.04011786607422063,0.07671592887229418
6794,10101,0,11,100,-0.020987829623095977,0.07671592887229418
6794,10101,0,11,250,-0.13245803655160127,0.07671592887229418
6794,10101,0,11,500,-0.07416240566248433,0.07671592887229418
6794,10101,0,11,1000,-0.011192113606929954,0.07671592887229418
6794,10101,0,11,2000,-0.05340623325369431,0.07671592887229418
6794,10101,0,11,5000,0.006299924920734168,0.07671592887229418
6794,10101,0,12,50,-0.06763309125619588,0.07153382965939639
6794,10101,0,12,100,-0.04104466937212581,0.07153382965939639
6794,10101,0,12,250,-0.0048953286183178735,0.07153382965939639
6794,10101,0,12,500,-0.04244403245433881,0.07153382965939639
6794,10101,0,12,1000,-0.0275174929107308,0.07153382965939639
6794,10101,0,12,2000,0.011897028368239582,0.07153382965939639
6794,10101,0,12,5000,-0.0478091298061889,0.07153382965939639
6794,10101,0,13,50,-0.07649572411021299,0.06516354903557038
6794,10101,0,13,100,-0.09724247672263575,0.06516354903557038
6794,10101,0,13,250,-0.09655291274058952,0.06516354903557038
6794,10101,0,13,500,-0.1266275314830534,0.06516354903557038
6794,10101,0,13,1000,0.006300273802079981,0.06516354903557038
6794,10101,0,13,2000,-0.038246640970392765,0.06516354903557038
6794,10101,0,13,5000,-0.066700356975394,0.06516354903557038
6794,10101,0,14,50,-0.02052294522841991,0.06515428363171633
6794,10101,0,14,100,0.2553637018264626,0.06515428363171633
6794,10101,0,14,250,0.059941653083552926,0.06515428363171633
6794,10101,0,14,500,-0.006995419885678644,0.06515428363171633
6794,10101,0,14,1000,0.09258229413209407,0.06515428363171633
6794,10101,0,14,2000,-0.013291681552271228,0.06515428363171633
6794,10101,0,14,5000,-0.04314476063948547,0.06515428363171633
6794,10101,0,15,50,0.06460497560621614,0.06319923687249594
6794,10101,0,15,100,0.023091235263250964,0.06319923687249594
6794,10101,0,15,250,-0.04967599389318145,0.06319923687249594
6794,10101,0,15,500,-0.1019075436520338,0.06319923687249594
6794,10101,0,15,1000,-0.07531947064931033,0.06319923687249594
6794,10101,0,15,2000,0.06297290866565453,0.06319923687249594
6794,10101,0,15,5000,-0.0006979371343724949,0.06319923687249594
6794,10101,0,16,50,-0.005129079120707036,0.057661582673000575
6794,10101,0,16,100,0.03895033464698794,0.057661582673000575
6794,10101,0,16,250,0.05527676059482911,0.057661582673000575
6794,10101,0,16,500,0.09724858214620646,0.057661582673000575
6794,10101,0,16,1000,0.13106443001161128,0.057661582673000575
6794,10101,0,16,2000,0.023558910708703418,0.057661582673000575
6794,10101,0,16,5000,0.04688023322020274,0.057661582673000575
6794,10101,0,17,50,0.22971202635868326,0.05928648322797253
6794,10101,0,17,100,0.1972937971687584,0.05928648322797253
6794,10101,0,17,250,0.09608436509176899,0.05928648322797253
6794,10101,0,17,500,0.008166091245031204,0.05928648322797253
6794,10101,0,17,1000,0.1264016308109671,0.05928648322797253
6794,10101,0,17,2000,0.11450652129013572,0.05928648322797253
6794,10101,0,17,5000,0.07065981138078914,0.05928648322797253
6794,10101,0,18,50,0.0771884280243823,0.0545006966406617
6794,10101,0,18,100,0.007930421895235629,0.0545006966406617
6794,10101,0,18,250,-0.02635414805966152,0.0545006966406617
6794,10101,0,18,500,0.030553283950341514,0.0545006966406617
6794,10101,0,18,1000,-0.013293425959004734,0.0545006966406617
6794,10101,0,18,2000,-0.013293425959004734,0.0545006966406617
6794,10101,0,18,5000,-0.02775351114187452,0.0545006966406617
6794,10101,0,19,50,0.014926888424953821,0.05411033301883845
6794,10101,0,19,100,0.07298964101504979,0.05411033301883845
6794,10101,0,19,250,-0.020057188630374423,0.05411033301883845
6794,10101,0,19,500,-0.020057188630374423,0.05411033301883845
6794,10101,0,19,1000,-0.014926016221586624,0.05411033301883845
6794,10101,0,19,2000,0.03171907097083937,0.05411033301883845
6794,10101,0,19,5000,-0.07578697165408765,0.05411033301883845
6794,10101,0,20,50,-0.02145672615326144,0.05189088564178301
6794,10101,0,20,100,-0.03824925758049336,0.05189088564178301
6794,10101,0,20,250,0.005830853949895132,0.05189088564178301
6794,10101,0,20,500,0.054575683528335084,0.05189088564178301
6794,10101,0,20,1000,-0.014226683561826325,0.05189088564178301
6794,10101,0,20,2000,0.0076966713928458,0.05189088564178301
6794,10101,0,20,5000,-0.04313568972446702,0.05189088564178301
6794,10101,0,21,50,0.02822048882463357,0.049558457026017036
6794,10101,0,21,100,-0.0004666288014105735,0.049558457026017036
6794,10101,0,21,250,-0.01702628192961997,0.049558457026017036
6794,10101,0,21,500,0.03568201418970307,0.049558457026017036
6794,10101,0,21,1000,0.002331922922341967,0.049558457026017036
6794,10101,0,21,2000,0.00163224138123641,0.049558457026017036
6794,10101,0,21,5000,0.03498320485196338,0.049558457026017036
6794,10101,0,22,50,-0.0121326977180366,0.05104971685377924
6794,10101,0,22,100,-0.002333667329075362,0.05104971685377924
6794,10101,0,22,250,-0.0067646348747365526,0.05104971685377924
6794,10101,0,22,500,-0.02588891478363675,0.05104971685377924
6794,10101,0,22,1000,-0.017493434053050705,0.05104971685377924
6794,10101,0,22,2000,0.029384880319743623,0.05104971685377924
6794,10101,0,22,5000,0.017021223150092024,0.05104971685377924
6794,10101,0,23,50,-0.027054178482114,0.04939354182087721
6794,10101,0,23,100,0.043379906667261214,0.04939354182087721
6794,10101,0,23,250,-0.017259160228642045,0.04939354182087721
6794,10101,0,23,500,-0.04338077887062908,0.04939354182087721
6794,10101,0,23,1000,0.000466454360737667,0.04939354182087721
6794,10101,0,23,2000,-0.04103716842316729,0.04939354182087721
6794,10101,0,23,5000,0.053874955343188424,0.04939354182087721
6794,10101,0,24,50,0.011894411758139212,0.048300649328605484
6794,10101,0,24,100,0.009329959418121758,0.048300649328605484
6794,10101,0,24,250,-0.006063906689589782,0.048300649328605484
6794,10101,0,24,500,-0.02192457603938691,0.048300649328605484
6794,10101,0,24,1000,-0.04243757814942106,0.048300649328605484
6794,10101,0,24,2000,-0.038250478665207366,0.048300649328605484
6794,10101,0,24,5000,-0.04476915219041644,0.048300649328605484
6794,10101,1,5,50,-0.10144928800294739,0.04801238429123107
6794,10101,1,5,100,0.19332684181440607,0.04801238429123107
6794,10101,1,5,250,0.02821316231634874,0.04801238429123107
6794,10101,1,5,500,-0.016566456314473177,0.04801238429123107
6794,10101,1,5,1000,-0.0016399167708653906,0.04801238429123107
6794,10101,1,5,2000,-0.03149299585807963,0.04801238429123107
6794,10101,1,5,5000,-0.03149299585807963,0.04801238429123107
6794,10101,1,6,50,-0.07066068358415534,0.0421286605324658
6794,10101,1,6,100,-0.024726442135934223,0.0421286605324658
6794,10101,1,6,250,-0.17118107500111568,0.0421286605324658
6794,10101,1,6,500,0.0032609939490024775,0.0421286605324658
6794,10101,1,6,1000,0.018187533492610153,0.0421286605324658
6794,10101,1,6,2000,-0.011665545594605309,0.0421286605324658
6794,10101,1,6,5000,-0.039641817476442465,0.0421286605324658
6794,10101,1,7,50,-0.07742566734024015,0.04072346043281047
6794,10101,1,7,100,-0.10447984582235426,0.04072346043281047
6794,10101,1,7,250,-0.1455274806859287,0.04072346043281047
6794,10101,1,7,500,-0.14132956587996248,0.04072346043281047
6794,10101,1,7,1000,-0.10074786205510677,0.04072346043281047
6794,10101,1,7,2000,-0.15415706080024927,0.04072346043281047
6794,10101,1,7,5000,-0.14132956587996248,0.04072346043281047
6794,10101,1,8,50,-0.07066347463492983,0.0494386721716166
6794,10101,1,8,100,-0.08372489449827947,0.0494386721716166
6794,10101,1,8,250,-0.061569184566605095,0.0494386721716166
6794,10101,1,8,500,-0.012357726186754237,0.0494386721716166
6794,10101,1,8,1000,0.05340134891483983,0.0494386721716166
6794,10101,1,8,2000,-0.03428108114142692,0.0494386721716166
6794,10101,1,8,5000,-0.012357726186754237,0.0494386721716166
6794,10101,1,9,50,-0.02635257809360081,0.04398127398666565
6794,10101,1,9,100,-0.08069416223819914,0.04398127398666565
6794,10101,1,9,250,-0.08745792490956905,0.04398127398666565
6794,10101,1,9,500,-0.11707777681641562,0.04398127398666565
6794,10101,1,9,1000,-0.07113219672442272,0.04398127398666565
6794,10101,1,9,2000,-0.10238446445317673,0.04398127398666565
6794,10101,1,9,5000,-0.11731100399678451,0.04398127398666565
6794,10101,1,10,50,0.02938139150627561,0.05910854860903528
6794,10101,1,10,100,0.1422535781270936,0.05910854860903528
6794,10101,1,10,250,0.09607494529540528,0.05910854860903528
6794,10101,1,10,500,0.09537526375429861,0.05910854860903528
6794,10101,1,10,1000,-0.001403724099047876,0.05910854860903528
6794,10101,1,10,2000,0.15811302639217684,0.05910854860903528
6794,10101,1,10,5000,-0.02192719264948806,0.05910854860903528
6794,10101,1,11,50,-0.03708207503460781,0.06523354319323889
6794,10101,1,11,100,0.16301446043406442,0.06523354319323889
6794,10101,1,11,250,0.0018619797481363998,0.06523354319323889
6794,10101,1,11,500,-0.08232117039923137,0.06523354319323889
6794,10101,1,11,1000,-0.01119821903049989,0.06523354319323889
6794,10101,1,11,2000,-0.06740579505872324,0.06523354319323889
6794,10101,1,11,5000,-0.01119821903049989,0.06523354319323889
6794,10101,1,12,50,-0.045943486803911804,0.062250049383797405
6794,10101,1,12,100,-0.07836398372259124,0.062250049383797405
6794,10101,1,12,250,-0.06343639753494401,0.062250049383797405
6794,10101,1,12,500,-0.01655686207743523,0.062250049383797405
6794,10101,1,12,1000,-0.012826448276247349,0.062250049383797405
6794,10101,1,12,2000,0.32229379716875795,0.062250049383797405
6794,10101,1,12,5000,-0.012128336701200948,0.062250049383797405
6794,10101,1,13,50,0.12476781946367199,0.06187053990048767
6794,10101,1,13,100,-0.003505036451121879,0.06187053990048767
6794,10101,1,13,250,-0.0023352372951367384,0.06187053990048767
6794,10101,1,13,500,-0.02635798575447612,0.06187053990048767
6794,10101,1,13,1000,-0.034753640925735074,0.06187053990048767
6794,10101,1,13,2000,-0.018894192660651954,0.06187053990048767
6794,10101,1,13,5000,-0.0014023285736612934,0.06187053990048767
6794,10101,1,14,50,-0.1105446247153119,0.05707170634421288
6794,10101,1,14,100,-0.06437035290045867,0.05707170634421288
6794,10101,1,14,250,-0.06763064908676675,0.05707170634421288
6794,10101,1,14,500,-0.012362959406956975,0.05707170634421288
6794,10101,1,14,1000,0.2432318763117951,0.05707170634421288
6794,10101,1,14,2000,-0.0025691622381985857,0.05707170634421288
6794,10101,1,14,5000,0.23646759031840403,0.05707170634421288
6794,10101,1,15,50,-0.11684263078863888,0.06111240825279752
6794,10101,1,15,100,-0.04081074442906285,0.06111240825279752
6794,10101,1,15,250,-0.09655448270664868,0.06111240825279752
6794,10101,1,15,500,-0.03241735698655723,0.06111240825279752
6794,10101,1,15,1000,-0.05760571802572201,0.06111240825279752
6794,10101,1,15,2000,-0.08046128393917618,0.06111240825279752
6794,10101,1,15,5000,0.2597948438127985,0.06111240825279752
6794,10101,1,16,50,-0.08559071194123091,0.07166068040868512
6794,10101,1,16,100,-0.0802289289621747,0.07166068040868512
6794,10101,1,16,250,0.16347219276113067,0.07166068040868512
6794,10101,1,16,500,-0.057838770765417324,0.07166068040868512
6794,10101,1,16,1000,-0.09912015613138003,0.07166068040868512
6794,10101,1,16,2000,-0.05527327178135988,0.07166068040868512
6794,10101,1,16,5000,-0.02215780321975591,0.07166068040868512
6794,10101,1,17,50,-0.09585340564015421,0.06810054605607577
6794,10101,1,17,100,-0.08535905472692262,0.06810054605607577
6794,10101,1,17,250,-0.020990620673870253,0.06810054605607577
6794,10101,1,17,500,-0.13968947466842296,0.06810054605607577
6794,10101,1,17,1000,0.00046209334390212575,0.06810054605607577
6794,10101,1,17,2000,-0.016330961405348954,0.06810054605607577
6794,10101,1,17,5000,0.02191864505649177,0.06810054605607577
6794,10101,1,18,50,-0.03288904456749753,0.07363864396877276
6794,10101,1,18,100,-0.06809972005760734,0.07363864396877276
6794,10101,1,18,250,-0.015161162249362481,0.07363864396877276
6794,10101,1,18,500,0.03101485397222381,0.07363864396877276
6794,10101,1,18,1000,-0.0426849350243369,0.07363864396877276
6794,10101,1,18,2000,-0.015862588197203764,0.07363864396877276
6794,10101,1,18,5000,-0.07486889038985356,0.07363864396877276
6794,10101,1,19,50,-0.024719464508998423,0.07075943985645328
6794,10101,1,19,100,-0.024959843756976685,0.07075943985645328
6794,10101,1,19,250,-0.02448641176930222,0.07075943985645328
6794,10101,1,19,500,0.05527082961193286,0.07075943985645328
6794,10101,1,19,1000,0.14762233873308617,0.07075943985645328
6794,10101,1,19,2000,-0.04408377478453074,0.07075943985645328
6794,10101,1,19,5000,-0.036855476599829795,0.07075943985645328
6794,10101,1,20,50,0.013761275845129761,0.07496409010895873
6794,10101,1,20,100,-0.04524659631357886,0.07496409010895873
6794,10101,1,20,250,0.0960843650917712,0.07496409010895873
6794,10101,1,20,500,0.05130614198633532,0.07496409010895873
6794,10101,1,20,1000,-0.004669951268252315,0.07496409010895873
6794,10101,1,20,2000,0.08045448075291417,0.07496409010895873
6794,10101,1,20,5000,0.011888655215915978,0.07496409010895873
6794,10101,1,21,50,0.06693061866431538,0.06718836704701972
6794,10101,1,21,100,-0.048743434053051926,0.06718836704701972
6794,10101,1,21,250,-0.026819904657705673,0.06718836704701972
6794,10101,1,21,500,-0.08768068564953335,0.06718836704701972
6794,10101,1,21,1000,-0.019823961450006866,0.06718836704701972
6794,10101,1,21,2000,-0.024259115571830026,0.06718836704701972
6794,10101,1,21,5000,-0.0011731135287803562,0.06718836704701972
6794,10101,1,22,50,0.00839722513732033,0.05834596580583264
6794,10101,1,22,100,-0.014926016221587513,0.05834596580583264
6794,10101,1,22,250,0.03381776671281167,0.05834596580583264
6794,10101,1,22,500,-0.01819695328897386,0.05834596580583264
6794,10101,1,22,1000,0.08512774639396314,0.05834596580583264
6794,10101,1,22,2000,0.0242545801143218,0.05834596580583264
6794,10101,1,22,5000,0.0300857829455643,0.05834596580583264
6794,10101,1,23,50,0.012594791061939281,0.05731140284059493
6794,10101,1,23,100,0.003736170343411227,0.05731140284059493
6794,10101,1,23,250,0.13059553348144548,0.05731140284059493
6794,10101,1,23,500,0.022854693710088192,0.05731140284059493
6794,10101,1,23,1000,0.029156886359577583,0.05731140284059493
6794,10101,1,23,2000,-0.006527221118206361,0.05731140284059493
6794,10101,1,23,5000,0.0011694502746395496,0.05731140284059493
6794,10101,1,24,50,-0.06810146446434107,0.057525254326678155
6794,10101,1,24,100,0.03521922308310643,0.057525254326678155
6794,10101,1,24,250,0.07345592093511466,0.057525254326678155
6794,10101,1,24,500,0.03941591680435841,0.057525254326678155
6794,10101,1,24,1000,-0.025654815399901665,0.057525254326678155
6794,10101,1,24,2000,0.07066626568570611,0.057525254326678155
6794,10101,1,24,5000,0.07485528401732755,0.057525254326678155
6794,10101,2,5,50,0.04105164699906272,0.11444384001810057
6794,10101,2,5,100,-0.05153989248872337,0.11444384001810057
6794,10101,2,5,250,0.11567544824275466,0.11444384001810057
6794,10101,2,5,500,0.11567544824275466,0.11444384001810057
6794,10101,2,5,1000,-0.11660661255749527,0.11444384001810057
6794,10101,2,5,2000,-0.1016800730138876,0.11444384001810057
6794,10101,2,5,5000,-0.1016800730138876,0.11444384001810057
6794,10101,2,6,50,0.0485103813133565,0.10260099150041412
6794,10101,2,6,100,-0.021688034486223695,0.10260099150041412
6794,10101,2,6,250,0.10424644420131235,0.10260099150041412
6794,10101,2,6,500,0.08931990465770456,0.10260099150041412
6794,10101,2,6,1000,0.1051797018041346,0.10260099150041412
6794,10101,2,6,2000,0.11917333262626684,0.10260099150041412
6794,10101,2,6,5000,0.1201065902290891,0.10260099150041412
6794,10101,2,7,50,0.09748111156388184,0.08096436773471918
6794,10101,2,7,100,0.11520742391595551,0.08096436773471918
6794,10101,2,7,250,0.055267689679809995,0.08096436773471918
6794,10101,2,7,500,0.06577215815210136,0.08096436773471918
6794,10101,2,7,1000,-0.005595359040771908,0.08096436773471918
6794,10101,2,7,2000,0.0051330912561964315,0.08096436773471918
6794,10101,2,7,5000,0.016796369122047072,0.08096436773471918
6794,10101,2,8,50,0.06949664097039165,0.07553228975547156
6794,10101,2,8,100,0.027521330605546734,0.07553228975547156
6794,10101,2,8,250,0.014231742341357156,0.07553228975547156
6794,10101,2,8,500,0.003271111508061253,0.07553228975547156
6794,10101,2,8,1000,-0.011655428035546422,0.07553228975547156
6794,10101,2,8,2000,-0.03731076675746925,0.07553228975547156
6794,10101,2,8,5000,0.02238422721386213,0.07553228975547156
6794,10101,2,9,50,0.0007019492698610019,0.08896741854164954
6794,10101,2,9,100,-0.029384531438396144,0.08896741854164954
6794,10101,2,9,250,-0.06180328395034196,0.08896741854164954
6794,10101,2,9,500,-0.04687674440673417,0.08896741854164954
6794,10101,2,9,1000,-0.027751417853793647,0.08896741854164954
6794,10101,2,9,2000,-0.025886298173535938,0.08896741854164954
6794,10101,2,9,5000,-0.010959758629929373,0.08896741854164954
6794,10101,2,10,50,0.013295170365739573,0.06925518621132143
6794,10101,2,10,100,-0.00396364098155666,0.06925518621132143
6794,10101,2,10,250,0.09141842595900496,0.06925518621132143
6794,10101,2,10,500,-0.009327342808020833,0.06925518621132143
6794,10101,2,10,1000,-0.046877093288081206,0.06925518621132143
6794,10101,2,10,2000,-0.0027966328763454618,0.06925518621132143
6794,10101,2,10,5000,0.00349980323092014,0.06925518621132143
6794,10101,2,11,50,0.0030329999888355497,0.06426842242273646
6794,10101,2,11,100,-0.012123452362345688,0.06426842242273646
6794,10101,2,11,250,-0.018655557819407975,0.06426842242273646
6794,10101,2,11,500,-0.020053699816907522,0.06426842242273646
6794,10101,2,11,1000,0.013996421872906839,0.06426842242273646
6794,10101,2,11,2000,-0.003727622750413162,0.06426842242273646
6794,10101,2,11,5000,-0.015855785010941537,0.06426842242273646
6794,10101,2,12,50,0.01702837521770073,0.06285153929831966
6794,10101,2,12,100,0.03778768755861195,0.06285153929831966
6794,10101,2,12,250,0.06343151319608697,0.06285153929831966
6794,10101,2,12,500,0.012596186587326086,0.06285153929831966
6794,10101,2,12,1000,-0.019355762682535582,0.06285153929831966
6794,10101,2,12,2000,-0.019355762682535582,0.06285153929831966
6794,10101,2,12,5000,-0.03591506692939672,0.06285153929831966
6794,10101,2,13,50,-0.010727752534274493,0.06245667124246215
6794,10101,2,13,100,0.021224371176260748,0.06245667124246215
6794,10101,2,13,250,-0.030552586187648112,0.06245667124246215
6794,10101,2,13,500,0.0804654705153397,0.06245667124246215
6794,10101,2,13,1000,0.016092849886125027,0.06245667124246215
6794,10101,2,13,2000,0.05317597156477427,0.06245667124246215
6794,10101,2,13,5000,0.015159941164649582,0.06245667124246215
6794,10101,2,14,50,-0.017258636906622327,0.06483506747444388
6794,10101,2,14,100,0.06926864701022661,0.06483506747444388
6794,10101,2,14,250,0.004198089246639447,0.06483506747444388
6794,10101,2,14,500,0.07673191678203062,0.06483506747444388
6794,10101,2,14,1000,0.13642691075336077,0.06483506747444388
6794,10101,2,14,2000,0.049677563859242824,0.06483506747444388
6794,10101,2,14,5000,0.16954517036574035,0.06483506747444388
6794,10101,2,15,50,0.06203197567320051,0.06732919984531242
6794,10101,2,15,100,-0.03731460445228352,0.06732919984531242
6794,10101,2,15,250,0.05620932043495708,0.06732919984531242
6794,10101,2,15,500,-0.040346208915731485,0.06732919984531242
6794,10101,2,15,1000,0.15461950302549998,0.06732919984531242
6794,10101,2,15,2000,-0.02611917647255768,0.06732919984531242
6794,10101,2,15,5000,0.06460637113160383,0.06732919984531242
6794,10101,2,16,50,-0.028218569977223718,0.06958605175552852
6794,10101,2,16,100,-0.011192636928951227,0.06958605175552852
6794,10101,2,16,250,0.022625129783861553,0.06958605175552852
6794,10101,2,16,500,-0.011192636928951227,0.06958605175552852
6794,10101,2,16,1000,-0.029617933059437163,0.06958605175552852
6794,10101,2,16,2000,0.04314842389362683,0.06958605175552852
6794,10101,2,16,5000,-0.03334956794533972,0.06958605175552852
6794,10101,2,17,50,0.06856163896083722,0.06384817486514241
6794,10101,2,17,100,0.04151688027508604,0.06384817486514241
6794,10101,2,17,250,-0.015390202853570178,0.06384817486514241
6794,10101,2,17,500,0.10587781337918178,0.06384817486514241
6794,10101,2,17,1000,-0.0172560202965214,0.06384817486514241
6794,10101,2,17,2000,0.056212460367080164,0.06384817486514241
6794,10101,2,17,5000,0.04175097965882224,0.06384817486514241
6794,10101,2,18,50,0.0009330831621487956,0.06752857298133057
6794,10101,2,18,100,-0.036614574029829705,0.06752857298133057
6794,10101,2,18,250,0.0030338721922025247,0.06752857298133057
6794,10101,2,18,500,0.012129732226588641,0.06752857298133057
6794,10101,2,18,1000,0.01422860240923507,0.06752857298133057
6794,10101,2,18,2000,-0.00396276877818913,0.06752857298133057
6794,10101,2,18,5000,0.09048447059348941,0.06752857298133057
6794,10101,2,19,50,0.2966454360737719,0.061573091350629716
6794,10101,2,19,100,0.011894760639485913,0.061573091350629716
6794,10101,2,19,250,-0.022387541586656456,0.061573091350629716
6794,10101,2,19,500,0.0128288904456757,0.061573091350629716
6794,10101,2,19,1000,0.30387478090251374,0.061573091350629716
6794,10101,2,19,2000,0.04688075654222357,0.061573091350629716
6794,10101,2,19,5000,0.0949150892578039,0.061573091350629716
6794,10101,2,20,50,0.026356066907068487,0.06444501739598807
6794,10101,2,20,100,0.08721754566159012,0.06444501739598807
6794,10101,2,20,250,0.0037318093265751306,0.06444501739598807
6794,10101,2,20,500,0.08558460651766198,0.06444501739598807
6794,10101,2,20,1000,-0.03591559025141733,0.06444501739598807
6794,10101,2,20,2000,-0.003497884383511729,0.06444501739598807
6794,10101,2,20,5000,0.03568410747778372,0.06444501739598807
6794,10101,2,21,50,0.055977139898629846,0.06110451821470391
6794,10101,2,21,100,-0.07323228799178305,0.06110451821470391
6794,10101,2,21,250,0.06459642801321808,0.06110451821470391
6794,10101,2,21,500,-0.0030314300227749502,0.06110451821470391
6794,10101,2,21,1000,-0.07533011153038904,0.06110451821470391
6794,10101,2,21,2000,0.024489551701425083,0.06110451821470391
6794,10101,2,21,5000,-0.05900473222658853,0.06110451821470391
6794,10101,2,22,50,-0.0009358742129240705,0.06743847823203528
6794,10101,2,22,100,-0.025654989840574793,0.06743847823203528
6794,10101,2,22,250,0.03405116833385369,0.06743847823203528
6794,10101,2,22,500,0.020523991872460456,0.06743847823203528
6794,10101,2,22,1000,-0.017491689646317532,0.06743847823203528
6794,10101,2,22,2000,-0.024255452317687998,0.06743847823203528
6794,10101,2,22,5000,-0.04011507502344469,0.06743847823203528
6794,10101,2,23,50,0.009095860034385783,0.06110010381039038
6794,10101,2,23,100,0.0016343346693168392,0.06110010381039038
6794,10101,2,23,250,-0.02448867949805722,0.06110010381039038
6794,10101,2,23,500,-0.03871553750055845,0.06110010381039038
6794,10101,2,23,1000,0.007929898573214467,0.06110010381039038
6794,10101,2,23,2000,-0.004897770787745337,0.06110010381039038
6794,10101,2,23,5000,-0.03195160038851441,0.06110010381039038
6794,10101,2,24,50,-0.008162079109543474,0.06336631753917989
6794,10101,2,24,100,-0.002565498984056669,0.06336631753917989
6794,10101,2,24,250,-0.008629231232974988,0.06336631753917989
6794,10101,2,24,500,-0.006063383367570507,0.06336631753917989
6794,10101,2,24,1000,0.020526782923235287,0.06336631753917989
6794,10101,2,24,2000,0.024023097340686972,0.06336631753917989
6794,10101,2,24,5000,0.00979815818559504,0.06336631753917989
6794,9914,0,5,50,-0.06561372142761712,0.09290984039254696
6794,9914,0,5,100,-0.004819709931827898,0.09290984039254696
6794,9914,0,5,250,-0.05454568239540447,0.09290984039254696
6794,9914,0,5,500,-0.03797035824087791,0.09290984039254696
6794,9914,0,5,1000,-0.0600797019115108,0.09290984039254696
6794,9914,0,5,2000,-0.067580370271357,0.09290984039254696
6794,9914,0,5,5000,-0.03442972196230687,0.09290984039254696
6794,9914,0,6,50,-0.09531062023793502,0.09841600625178462
6794,9914,0,6,100,-0.08201777837187518,0.09841600625178462
6794,9914,0,6,250,-0.09229422871273807,0.09841600625178462
6794,9914,0,6,500,0.09435778973399422,0.09841600625178462
6794,9914,0,6,1000,0.11093311388851779,0.09841600625178462
6794,9914,0,6,2000,0.10055682729581528,0.09841600625178462
6794,9914,0,6,5000,0.08986139887715461,0.09841600625178462
6794,9914,0,7,50,-0.07106001871407641,0.09540053656035204
6794,9914,0,7,100,-0.054138818339793726,0.09540053656035204
6794,9914,0,7,250,-0.09314262799091089,0.09540053656035204
6794,9914,0,7,500,-0.10799901416922819,0.09540053656035204
6794,9914,0,7,1000,-0.12078599117764999,0.09540053656035204
6794,9914,0,7,2000,-0.06552599919796709,0.09540053656035204
6794,9914,0,7,5000,-0.06552599919796709,0.09540053656035204
6794,9914,0,8,50,-0.09557336920197912,0.09570942915025007
6794,9914,0,8,100,-0.10954125451142871,0.09570942915025007
6794,9914,0,8,250,-0.11706072049191385,0.09570942915025007
6794,9914,0,8,500,-0.07967977208929211,0.09570942915025007
6794,9914,0,8,1000,-0.07605600855500472,0.09570942915025007
6794,9914,0,8,2000,-0.07414575257318579,0.09570942915025007
6794,9914,0,8,5000,-0.07967977208929211,0.09570942915025007
6794,9914,0,9,50,-0.07086911843336263,0.08606036705981814
6794,9914,0,9,100,-0.09012540101590749,0.08606036705981814
6794,9914,0,9,250,-0.04627848883839081,0.08606036705981814
6794,9914,0,9,500,-0.08191543577061777,0.08606036705981814
6794,9914,0,9,1000,-0.08191543577061777,0.08606036705981814
6794,9914,0,9,2000,-0.08191543577061777,0.08606036705981814
6794,9914,0,9,5000,-0.08191543577061777,0.08606036705981814
6794,9914,0,10,50,-0.0773455253308375,0.08874223060546432
6794,9914,0,10,100,-0.043080804705252995,0.08874223060546432
6794,9914,0,10,250,-0.05050586485764019,0.08874223060546432
6794,9914,0,10,500,-0.02718846076727799,0.08874223060546432
6794,9914,0,10,1000,-0.03368032348616479,0.08874223060546432
6794,9914,0,10,2000,-0.02433832375351097,0.08874223060546432
6794,9914,0,10,5000,-0.03540636278572362,0.08874223060546432
6794,9914,0,11,50,-0.0730350220558762,0.0748985791976816
6794,9914,0,11,100,-0.0667374014169233,0.0748985791976816
6794,9914,0,11,250,-0.07130271688276857,0.0748985791976816
6794,9914,0,11,500,-0.07683673639887778,0.0748985791976816
6794,9914,0,11,1000,-0.06579543176046054,0.0748985791976816
6794,9914,0,11,2000,-0.07130271688276857,0.0748985791976816
6794,9914,0,11,5000,-0.07683673639887778,0.0748985791976816
6794,9914,0,12,50,-0.008892527736934719,0.06654780639792185
6794,9914,0,12,100,0.002926998395935132,0.06654780639792185
6794,9914,0,12,250,0.024863403956689734,0.06654780639792185
6794,9914,0,12,500,0.11895426747760895,0.06654780639792185
6794,9914,0,12,1000,0.17954860646972148,0.06654780639792185
6794,9914,0,12,2000,-0.0027532248362540646,0.06654780639792185
6794,9914,0,12,5000,0.002926998395935132,0.06654780639792185
6794,9914,0,13,50,-0.02280234928485514,0.0863756086619333
6794,9914,0,13,100,-0.03384365392327238,0.0863756086619333
6794,9914,0,13,250,-0.03254828899879725,0.0863756086619333
6794,9914,0,13,500,-0.027894833578398948,0.0863756086619333
6794,9914,0,13,1000,-0.01225145368266256,0.0863756086619333
6794,9914,0,13,2000,-0.03651834647774388,0.0863756086619333
6794,9914,0,13,5000,-0.02692780042775178,0.0863756086619333
6794,9914,0,14,50,-0.06751896471060026,0.0733230361758413
6794,9914,0,14,100,-0.06751896471060026,0.0733230361758413
6794,9914,0,14,250,-0.061984945194493934,0.0733230361758413
6794,9914,0,14,500,-0.05792800093570505,0.0733230361758413
6794,9914,0,14,1000,-0.06294404157198252,0.0733230361758413
6794,9914,0,14,2000,-0.058790602860581576,0.0733230361758413
6794,9914,0,14,5000,-0.06396245488571173,0.0733230361758413
6794,9914,0,15,50,-0.07295565432428819,0.07281993085406616
6794,9914,0,15,100,-0.04394925477877243,0.07281993085406616
6794,9914,0,15,250,-0.055940465846813225,0.07281993085406616
6794,9914,0,15,500,-0.053686839994652624,0.07281993085406616
6794,9914,0,15,1000,-0.061733474802833976,0.07281993085406616
6794,9914,0,15,2000,-0.0534278505547382,0.07281993085406616
6794,9914,0,15,5000,-0.04489916120839599,0.07281993085406616
6794,9914,0,16,50,-0.023211719689880117,0.05899388960337901
6794,9914,0,16,100,-0.03158501537227543,0.05899388960337901
6794,9914,0,16,250,-0.009752623312390685,0.05899388960337901
6794,9914,0,16,500,-0.03419120104264095,0.05899388960337901
6794,9914,0,16,1000,-0.021579668493516113,0.05899388960337901
6794,9914,0,16,2000,-0.026066451677583924,0.05899388960337901
6794,9914,0,16,5000,-0.04256658534955182,0.05899388960337901
6794,9914,0,17,50,-0.018916254511429753,0.058179676199612756
6794,9914,0,17,100,-0.013382234995323428,0.058179676199612756
6794,9914,0,17,250,-0.017707358641893545,0.058179676199612756
6794,9914,0,17,500,-0.020038681326026597,0.058179676199612756
6794,9914,0,17,1000,-0.010017878625852794,0.058179676199612756
6794,9914,0,17,2000,-0.020038681326026597,0.058179676199612756
6794,9914,0,17,5000,-0.009231302633339378,0.058179676199612756
6794,9914,0,18,50,-0.011224685870873996,0.05098100997281623
6794,9914,0,18,100,-0.004741595374949448,0.05098100997281623
6794,9914,0,18,250,-0.01027561489105866,0.05098100997281623
6794,9914,0,18,500,-0.01675870538698032,0.05098100997281623
6794,9914,0,18,1000,-0.01027561489105866,0.05098100997281623
6794,9914,0,18,2000,0.006386178318406932,0.05098100997281623
6794,9914,0,18,5000,-0.03789224368399946,0.05098100997281623
6794,9914,0,19,50,-0.04274077663414111,0.04536171809566368
6794,9914,0,19,100,-0.0037160807378696648,0.04536171809566368
6794,9914,0,19,250,0.0001787862585211908,0.04536171809566368
6794,9914,0,19,500,0.0024942353963379738,0.04536171809566368
6794,9914,0,19,1000,-0.02054914115759854,0.04536171809566368
6794,9914,0,19,2000,-0.009246340729848423,0.04536171809566368
6794,9914,0,19,5000,-0.009593052399410884,0.04536171809566368
6794,9914,0,20,50,-0.0011195027402772784,0.0451144822654351
6794,9914,0,20,100,-0.026593620505281468,0.0451144822654351
6794,9914,0,20,250,-0.02590437441518456,0.0451144822654351
6794,9914,0,20,500,-0.020369937174173014,0.0451144822654351
6794,9914,0,20,1000,-0.02547244686539285,0.0451144822654351
6794,9914,0,20,2000,-0.01950566434968437,0.0451144822654351
6794,9914,0,20,5000,-0.03850629929153748,0.0451144822654351
6794,9914,0,21,50,-0.039612852559817946,0.04180463759135601
6794,9914,0,21,100,-0.002058548322416587,0.04180463759135601
6794,9914,0,21,250,-0.004046501136210967,0.04180463759135601
6794,9914,0,21,500,-0.0010413881833963856,0.04180463759135601
6794,9914,0,21,1000,-0.005522323218819625,0.04180463759135601
6794,9914,0,21,2000,-0.009586786525865976,0.04180463759135601
6794,9914,0,21,5000,-0.01700098583077181,0.04180463759135601
6794,9914,0,22,50,-0.02174299893062326,0.044711723144271416
6794,9914,0,22,100,-0.015792089961234712,0.044711723144271416
6794,9914,0,22,250,0.01061146571314131,0.044711723144271416
6794,9914,0,22,500,0.0050853829701918984,0.044711723144271416
6794,9914,0,22,1000,0.0050853829701918984,0.044711723144271416
6794,9914,0,22,2000,-0.005183130597513297,0.044711723144271416
6794,9914,0,22,5000,-0.0102580704451255,0.044711723144271416
6794,9914,0,23,50,0.02899888049725896,0.040299424578212256
6794,9914,0,23,100,-0.026592785055474133,0.040299424578212256
6794,9914,0,23,250,-0.021490275364257516,0.040299424578212256
6794,9914,0,23,500,-0.015178869803501804,0.040299424578212256
6794,9914,0,23,1000,-0.011815766608741396,0.040299424578212256
6794,9914,0,23,2000,-0.013800377623311655,0.040299424578212256
6794,9914,0,23,5000,-0.018729949204652985,0.040299424578212256
6794,9914,0,24,50,-0.01986824956556832,0.0415004617343053
6794,9914,0,24,100,-0.003294178585750762,0.0415004617343053
6794,9914,0,24,250,-0.0305561589359713,0.0415004617343053
6794,9914,0,24,500,-0.018055741211070342,0.0415004617343053
6794,9914,0,24,1000,-0.011217584547521864,0.0415004617343053
6794,9914,0,24,2000,-0.01675160406362819,0.0415004617343053
6794,9914,0,24,5000,0.011123596444323813,0.0415004617343053
6794,9914,1,5,50,0.13509306910840824,0.1104663103207112
6794,9914,1,5,100,-0.12068490175110469,0.1104663103207112
6794,9914,1,5,250,0.10568105868199162,0.1104663103207112
6794,9914,1,5,500,0.09461301964977897,0.1104663103207112
6794,9914,1,5,1000,-0.12068490175110469,0.1104663103207112
6794,9914,1,5,2000,0.11265622911375317,0.1104663103207112
6794,9914,1,5,5000,0.10161492447533593,0.1104663103207112
6794,9914,1,6,50,-0.09478888183398104,0.09819881714735601
6794,9914,1,6,100,-0.11246908835717129,0.09819881714735601
6794,9914,1,6,250,-0.054818874482021274,0.09819881714735601
6794,9914,1,6,500,-0.09857889987969526,0.09819881714735601
6794,9914,1,6,1000,-0.054818874482021274,0.09819881714735601
6794,9914,1,6,2000,-0.10411291939580447,0.09819881714735601
6794,9914,1,6,5000,-0.09857889987969526,0.09819881714735601
6794,9914,1,7,50,-0.05006516508488179,0.09226210843283732
6794,9914,1,7,100,-0.09373913915252075,0.09226210843283732
6794,9914,1,7,250,-0.07137832509022846,0.09226210843283732
6794,9914,1,7,500,-0.061901817938780135,0.09226210843283732
6794,9914,1,7,1000,-0.061901817938780135,0.09226210843283732
6794,9914,1,7,2000,-0.06740910306108816,0.09226210843283732
6794,9914,1,7,5000,-0.061901817938780135,0.09226210843283732
6794,9914,1,8,50,-0.06475237267745104,0.09177671751125759
6794,9914,1,8,100,-0.07657941785857603,0.09177671751125759
6794,9914,1,8,250,-0.0660481553268294,0.09177671751125759
6794,9914,1,8,500,-0.09634866662210917,0.09177671751125759
6794,9914,1,8,1000,-0.03566409905092882,0.09177671751125759
6794,9914,1,8,2000,-0.04117138417323973,0.09177671751125759
6794,9914,1,8,5000,-0.04670540368934606,0.09177671751125759
6794,9914,1,9,50,-0.04333185737201162,0.08343543848066341
6794,9914,1,9,100,-0.03175335850822347,0.08343543848066341
6794,9914,1,9,250,-0.04997368333110774,0.08343543848066341
6794,9914,1,9,500,-0.0273705888250253,0.08343543848066341
6794,9914,1,9,1000,-0.025733942654725506,0.08343543848066341
6794,9914,1,9,2000,-0.02788814997995115,0.08343543848066341
6794,9914,1,9,5000,-0.013112802432832305,0.08343543848066341
6794,9914,1,10,50,-0.05187767343938021,0.08425914893514214
6794,9914,1,10,100,-0.012173339125786664,0.08425914893514214
6794,9914,1,10,250,-0.03158000267344052,0.08425914893514214
6794,9914,1,10,500,-0.07036283585082304,0.08425914893514214
6794,9914,1,10,1000,-0.039369318941319675,0.08425914893514214
6794,9914,1,10,2000,-0.039369318941319675,0.08425914893514214
6794,9914,1,10,5000,-0.06370680724502298,0.08425914893514214
6794,9914,1,11,50,-0.0413422336586039,0.08021941927006784
6794,9914,1,11,100,-0.031060352893998666,0.08021941927006784
6794,9914,1,11,250,-0.035656580002674354,0.08021941927006784
6794,9914,1,11,500,-0.03478144633070668,0.08021941927006784
6794,9914,1,11,1000,-0.04325040101590816,0.08021941927006784
6794,9914,1,11,2000,-0.05231586686271894,0.08021941927006784
6794,9914,1,11,5000,-0.05231586686271894,0.08021941927006784
6794,9914,1,12,50,-0.03988771554605164,0.07953771077511557
6794,9914,1,12,100,-0.05377999264804201,0.07953771077511557
6794,9914,1,12,250,-0.03512398075123646,0.07953771077511557
6794,9914,1,12,500,-0.0494569576259869,0.07953771077511557
6794,9914,1,12,1000,-0.03591013901884943,0.07953771077511557
6794,9914,1,12,2000,-0.0075073519582956605,0.07953771077511557
6794,9914,1,12,5000,-0.01906705320144475,0.07953771077511557
6794,9914,1,13,50,-0.08899044245421894,0.07592648195507042
6794,9914,1,13,100,-0.05801781178986798,0.07592648195507042
6794,9914,1,13,250,-0.048347898008288315,0.07592648195507042
6794,9914,1,13,500,-0.048857940114959475,0.07592648195507042
6794,9914,1,13,1000,-0.048857940114959475,0.07592648195507042
6794,9914,1,13,2000,-0.04763985429755557,0.07592648195507042
6794,9914,1,13,5000,-0.05454735329501548,0.07592648195507042
6794,9914,1,14,50,-0.0199413514236072,0.06853045743393665
6794,9914,1,14,100,0.07362986231787416,0.06853045743393665
6794,9914,1,14,250,0.10159320278037753,0.06853045743393665
6794,9914,1,14,500,-0.016480082876621616,0.06853045743393665
6794,9914,1,14,1000,0.1513191752439511,0.06853045743393665
6794,9914,1,14,2000,-0.0199413514236072,0.06853045743393665
6794,9914,1,14,5000,-0.0199413514236072,0.06853045743393665
6794,9914,1,15,50,0.0003525598182075873,0.0590751825078577
6794,9914,1,15,100,-0.03030009357037744,0.0590751825078577
6794,9914,1,15,250,-0.01277569843603843,0.0590751825078577
6794,9914,1,15,500,-0.00881817270418317,0.0590751825078577
6794,9914,1,15,1000,-0.011922286459029041,0.0590751825078577
6794,9914,1,15,2000,0.0035473198770229475,0.0590751825078577
6794,9914,1,15,5000,0.0035473198770229475,0.0590751825078577
6794,9914,1,16,50,0.010192905360247417,0.060780511737163576
6794,9914,1,16,100,-0.010698352492982677,0.060780511737163576
6794,9914,1,16,250,-0.02709906763801495,0.060780511737163576
6794,9914,1,16,500,-0.04532524060954335,0.060780511737163576
6794,9914,1,16,1000,-0.038927783718754605,0.060780511737163576
6794,9914,1,16,2000,-0.025977476273224442,0.060780511737163576
6794,9914,1,16,5000,-0.02554596644833451,0.060780511737163576
6794,9914,1,17,50,-0.010612301162947646,0.05806570726165844
6794,9914,1,17,100,-0.058097597246357324,0.05806570726165844
6794,9914,1,17,250,0.005963022991575917,0.05806570726165844
6794,9914,1,17,500,-0.044714109076328334,0.05806570726165844
6794,9914,1,17,1000,-0.010870037428152068,0.05806570726165844
6794,9914,1,17,2000,-0.011215913647908748,0.05806570726165844
6794,9914,1,17,5000,-0.033154407833179245,0.05806570726165844
6794,9914,1,18,50,-0.018829367731587054,0.048002099270001514
6794,9914,1,18,100,-0.02278939981286099,0.048002099270001514
6794,9914,1,18,250,-0.024078498863789766,0.048002099270001514
6794,9914,1,18,500,-0.010360413046385353,0.048002099270001514
6794,9914,1,18,1000,-0.03711987033819031,0.048002099270001514
6794,9914,1,18,2000,-0.016412829167223753,0.048002099270001514
6794,9914,1,18,5000,-0.020631432963508778,0.048002099270001514
6794,9914,1,19,50,-0.036266458361181586,0.048881216920505115
6794,9914,1,19,100,-0.026754862317872163,0.048881216920505115
6794,9914,1,19,250,-0.04290619569576104,0.048881216920505115
6794,9914,1,19,500,-0.021334881700306396,0.048881216920505115
6794,9914,1,19,1000,-0.05126904825557954,0.048881216920505115
6794,9914,1,19,2000,-0.029186438978745066,0.048881216920505115
6794,9914,1,19,5000,-0.040227743617162304,0.048881216920505115
6794,9914,1,20,50,0.03210550060152406,0.0452191633460576
6794,9914,1,20,100,0.0012970358240866897,0.0452191633460576
6794,9914,1,20,250,-0.032900013367197056,0.0452191633460576
6794,9914,1,20,500,-0.010609794813528084,0.0452191633460576
6794,9914,1,20,1000,-0.010609794813528084,0.0452191633460576
6794,9914,1,20,2000,0.016052332575857475,0.0452191633460576
6794,9914,1,20,5000,0.004404909103060128,0.0452191633460576
6794,9914,1,21,50,0.0246052499665822,0.04096490815788848
6794,9914,1,21,100,0.16954451276567484,0.04096490815788848
6794,9914,1,21,250,0.030398258922605836,0.04096490815788848
6794,9914,1,21,500,0.042129645100924096,0.04096490815788848
6794,9914,1,21,1000,-0.0011124014169214824,0.04096490815788848
6794,9914,1,21,2000,0.04861357104665209,0.04096490815788848
6794,9914,1,21,5000,0.026504227376019318,0.04096490815788848
6794,9914,1,22,50,0.016066535222565737,0.044457801405686344
6794,9914,1,22,100,0.0035414717283801522,0.044457801405686344
6794,9914,1,22,250,0.006120505280043709,0.044457801405686344
6794,9914,1,22,500,0.011578081138885365,0.044457801405686344
6794,9914,1,22,1000,0.0009415519315595366,0.044457801405686344
6794,9914,1,22,2000,-0.035041271220423775,0.044457801405686344
6794,9914,1,22,5000,-0.023999966582006538,0.044457801405686344
6794,9914,1,23,50,-0.036175812057211654,0.046632569710443536
6794,9914,1,23,100,-0.030725755246623576,0.046632569710443536
6794,9914,1,23,250,-0.030725755246623576,0.046632569710443536
6794,9914,1,23,500,0.014071063360511782,0.046632569710443536
6794,9914,1,23,1000,-0.030725755246623576,0.046632569710443536
6794,9914,1,23,2000,-0.018044044913780644,0.046632569710443536
6794,9914,1,23,5000,-0.020634774762731234,0.046632569710443536
6794,9914,1,24,50,0.018390338858440103,0.05087393579468839
6794,9914,1,24,100,-0.004583695361581763,0.05087393579468839
6794,9914,1,24,250,-0.02081189012164142,0.05087393579468839
6794,9914,1,24,500,-0.009829902419461911,0.05087393579468839
6794,9914,1,24,1000,-0.030914149177917793,0.05087393579468839
6794,9914,1,24,2000,-0.01744293877823777,0.05087393579468839
6794,9914,1,24,5000,-0.008188661275229991,0.05087393579468839
6794,9914,2,5,50,0.06508446397540424,0.07826065658869313
6794,9914,2,5,100,-0.08054529808848987,0.07826065658869313
6794,9914,2,5,250,-0.09712062224301632,0.07826065658869313
6794,9914,2,5,500,-0.07916388183397838,0.07826065658869313
6794,9914,2,5,1000,-0.06198410974468682,0.07826065658869313
6794,9914,2,5,2000,-0.06198410974468682,0.07826065658869313
6794,9914,2,5,5000,-0.0840667190215213,0.07826065658869313
6794,9914,2,6,50,-0.0422073419328971,0.07773294098610967
6794,9914,2,6,100,-0.06414458294345493,0.07773294098610967
6794,9914,2,6,250,-0.04245797687474817,0.07773294098610967
6794,9914,2,6,500,-0.031166037294479865,0.07773294098610967
6794,9914,2,6,1000,-0.03529232388717951,0.07773294098610967
6794,9914,2,6,2000,-0.031166037294479865,0.07773294098610967
6794,9914,2,6,5000,-0.029785038764871596,0.07773294098610967
6794,9914,2,7,50,0.10307612618633777,0.06943602732687536
6794,9914,2,7,100,0.30327120371607874,0.06943602732687536
6794,9914,2,7,250,-0.02460692086619576,0.06943602732687536
6794,9914,2,7,500,-0.037371340729847935,0.06943602732687536
6794,9914,2,7,1000,0.09427842200240666,0.06943602732687536
6794,9914,2,7,2000,-0.06474025865525879,0.06943602732687536
6794,9914,2,7,5000,-0.04921008220825995,0.06943602732687536
6794,9914,2,8,50,0.30282298489506754,0.06180407306667648
6794,9914,2,8,100,0.29928401951610606,0.06180407306667648
6794,9914,2,8,250,0.2938602793744147,0.06180407306667648
6794,9914,2,8,500,0.2731348583077148,0.06180407306667648
6794,9914,2,8,1000,0.032368667290470055,0.06180407306667648
6794,9914,2,8,2000,-0.011823285656997196,0.06180407306667648
6794,9914,2,8,5000,-0.015017627990909888,0.06180407306667648
6794,9914,2,9,50,-0.10980567437508193,0.06171182034254267
6794,9914,2,9,100,0.27813084814864286,0.06171182034254267
6794,9914,2,9,250,0.1772344105066157,0.06171182034254267
6794,9914,2,9,500,0.17697542106670117,0.06171182034254267
6794,9914,2,9,1000,0.19380973466114226,0.06171182034254267
6794,9914,2,9,2000,0.13985638617831708,0.06171182034254267
6794,9914,2,9,5000,0.11532298489506687,0.06171182034254267
6794,9914,2,10,50,-0.0772573853762859,0.07829042980156828
6794,9914,2,10,100,-0.025035924341666127,0.07829042980156828
6794,9914,2,10,250,-0.060253893196098196,0.07829042980156828
6794,9914,2,10,500,-0.046364540168426616,0.07829042980156828
6794,9914,2,10,1000,-0.035639035556744525,0.07829042980156828
6794,9914,2,10,2000,-0.05326368466782294,0.07829042980156828
6794,9914,2,10,5000,-0.05273985763935418,0.07829042980156828
6794,9914,2,11,50,-0.028924943189413743,0.07999018907171862
6794,9914,2,11,100,-0.05291112484961713,0.07999018907171862
6794,9914,2,11,250,-0.05437984560887421,0.07999018907171862
6794,9914,2,11,500,-0.05291112484961713,0.07999018907171862
6794,9914,2,11,1000,-0.04723090161743082,0.07999018907171862
6794,9914,2,11,2000,-0.03616286258521528,0.07999018907171862
6794,9914,2,11,5000,-0.04169688210132161,0.07999018907171862
6794,9914,2,12,50,-0.05118968052399353,0.06541501293426466
6794,9914,2,12,100,0.006643079133805907,0.06541501293426466
6794,9914,2,12,250,0.052224802833845674,0.06541501293426466
6794,9914,2,12,500,0.014941602058547998,0.06541501293426466
6794,9914,2,12,1000,0.03141082408768803,0.06541501293426466
6794,9914,2,12,2000,0.015121641491780524,0.06541501293426466
6794,9914,2,12,5000,0.015113704718620169,0.06541501293426466
6794,9914,2,13,50,-0.04999498730116281,0.0676982941978952
6794,9914,2,13,100,-0.05429462972864396,0.0676982941978952
6794,9914,2,13,250,-0.07027093637214066,0.0676982941978952
6794,9914,2,13,500,-0.09022273091832511,0.0676982941978952
6794,9914,2,13,1000,-0.06871783518246044,0.0676982941978952
6794,9914,2,13,2000,-0.07950056810586636,0.0676982941978952
6794,9914,2,13,5000,-0.08010501604063447,0.0676982941978952
6794,9914,2,14,50,-0.03479940850153751,0.061809266088683486
6794,9914,2,14,100,-0.04895109276834664,0.061809266088683486
6794,9914,2,14,250,-0.04895109276834664,0.061809266088683486
6794,9914,2,14,500,-0.05896437642026475,0.061809266088683486
6794,9914,2,14,1000,-0.041603729447933335,0.061809266088683486
6794,9914,2,14,2000,-0.06371307311856611,0.061809266088683486
6794,9914,2,14,5000,-0.04808765539366411,0.061809266088683486
6794,9914,2,15,50,-0.05379252439513316,0.06128420493680892
6794,9914,2,15,100,-0.034618533618498426,0.06128420493680892
6794,9914,2,15,250,-0.04671250501269919,0.06128420493680892
6794,9914,2,15,500,-0.0498191251169634,0.06128420493680892
6794,9914,2,15,1000,-0.04228921601390012,0.06128420493680892
6794,9914,2,15,2000,-0.065342617965513,0.06128420493680892
6794,9914,2,15,5000,-0.05957634340328766,0.06128420493680892
6794,9914,2,16,50,0.01872493650581375,0.056545068341818265
6794,9914,2,16,100,-0.028239456623446624,0.056545068341818265
6794,9914,2,16,250,-0.02856778839727192,0.056545068341818265
6794,9914,2,16,500,-0.039100721828633445,0.056545068341818265
6794,9914,2,16,1000,-0.01805532348616612,0.056545068341818265
6794,9914,2,16,2000,-0.01701811255179897,0.056545068341818265
6794,9914,2,16,5000,-0.032470174441919464,0.056545068341818265
6794,9914,2,17,50,0.021577162144098994,0.055212183417036695
6794,9914,2,17,100,-0.020883321080068074,0.055212183417036695
6794,9914,2,17,250,-0.0012828331773834245,0.055212183417036695
6794,9914,2,17,500,0.01873537962839167,0.055212183417036695
6794,9914,2,17,1000,-0.01441443323085001,0.055212183417036695
6794,9914,2,17,2000,-0.027287461569308502,0.055212183417036695
6794,9914,2,17,5000,0.015019298890524002,0.055212183417036695
6794,9914,2,18,50,-0.015104514770752586,0.05597324113906194
6794,9914,2,18,100,0.0074179588290319565,0.05597324113906194
6794,9914,2,18,250,-0.011729715278707142,0.05597324113906194
6794,9914,2,18,500,0.029020602192219802,0.05597324113906194
6794,9914,2,18,1000,0.017952563160004265,0.05597324113906194
6794,9914,2,18,2000,-0.0029420364924477305,0.05597324113906194
6794,9914,2,18,5000,0.017952563160004265,0.05597324113906194
6794,9914,2,19,50,-0.007080437107337079,0.03701108786908308
6794,9914,2,19,100,-0.014846360780644718,0.03701108786908308
6794,9914,2,19,250,0.019771337388050036,0.03701108786908308
6794,9914,2,19,500,-0.007931342734926794,0.03701108786908308
6794,9914,2,19,1000,0.023485329501403585,0.03701108786908308
6794,9914,2,19,2000,0.026596544579600256,0.03701108786908308
6794,9914,2,19,5000,0.0009428051062698728,0.03701108786908308
6794,9914,2,20,50,-0.003022657398741968,0.040723169331346634
6794,9914,2,20,100,0.011743500200508294,0.040723169331346634
6794,9914,2,20,250,0.002596160272689829,0.040723169331346634
6794,9914,2,20,500,0.011743500200508294,0.040723169331346634
6794,9914,2,20,1000,0.019000217216950444,0.040723169331346634
6794,9914,2,20,2000,0.007932178184734795,0.040723169331346634
6794,9914,2,20,5000,0.01277444526132765,0.040723169331346634
6794,9914,2,21,50,-0.020631015238602335,0.041958490238785666
6794,9914,2,21,100,-0.029608758855768413,0.041958490238785666
6794,9914,2,21,250,-0.030820996524529076,0.041958490238785666
6794,9914,2,21,500,-0.01684308581740479,0.041958490238785666
6794,9914,2,21,1000,-0.021832392059883854,0.041958490238785666
6794,9914,2,21,2000,-0.010791087421466616,0.041958490238785666
6794,9914,2,21,5000,-0.010791087421466616,0.041958490238785666
6794,9914,2,22,50,0.014236482422136265,0.03603306588485414
6794,9914,2,22,100,0.02443648910573515,0.03603306588485414
6794,9914,2,22,250,-0.01830762932762886,0.03603306588485414
6794,9914,2,22,500,-0.0142481787194213,0.03603306588485414
6794,9914,2,22,1000,-0.008532448870469889,0.03603306588485414
6794,9914,2,22,2000,-0.015203933297686656,0.03603306588485414
6794,9914,2,22,5000,0.009506583344473074,0.03603306588485414
6794,9914,2,23,50,-0.008360763935301274,0.04079978722604932
6794,9914,2,23,100,-0.007940114957894484,0.04079978722604932
6794,9914,2,23,250,0.059318607138084456,0.04079978722604932
6794,9914,2,23,500,-0.0005209029541493049,0.04079978722604932
6794,9914,2,23,1000,0.0022486131533231424,0.04079978722604932
6794,9914,2,23,2000,0.01218294679855536,0.04079978722604932
6794,9914,2,23,5000,-0.0005209029541493049,0.04079978722604932
6794,9914,2,24,50,-0.023742230316803448,0.044275875886038374
6794,9914,2,24,100,-0.019243750835449047,0.044275875886038374
6794,9914,2,24,250,0.01320929688544259,0.044275875886038374
6794,9914,2,24,500,-0.00845057478946587,0.044275875886038374
6794,9914,2,24,1000,-0.019518613821681408,0.044275875886038374
6794,9914,2,24,2000,-0.02202162144098363,0.044275875886038374
6794,9914,2,24,5000,-0.01104965913648015,0.044275875886038374
6794,31,0,5,50,-0.1499023437500001,0.15135218512480977
6794,31,0,5,100,0.14658203125000002,0.15135218512480977
6794,31,0,5,250,0.3152343750000001,0.15135218512480977
6794,31,0,5,500,-0.048535156250000044,0.15135218512480977
6794,31,0,5,1000,0.3152343750000001,0.15135218512480977
6794,31,0,5,2000,0.3084960937500002,0.15135218512480977
6794,31,0,5,5000,0.3152343750000001,0.15135218512480977
6794,31,0,6,50,0.039843749999999956,0.14573112799621266
6794,31,0,6,100,-0.004199218750000067,0.14573112799621266
6794,31,0,6,250,0.008300781249999889,0.14573112799621266
6794,31,0,6,500,0.2333007812500001,0.14573112799621266
6794,31,0,6,1000,0.04580078124999998,0.14573112799621266
6794,31,0,6,2000,-0.07294921875000016,0.14573112799621266
6794,31,0,6,5000,-0.07294921875000016,0.14573112799621266
6794,31,0,7,50,-0.20283203125000016,0.11155562807248896
6794,31,0,7,100,-0.14160156250000033,0.11155562807248896
6794,31,0,7,250,-0.04599609375000002,0.11155562807248896
6794,31,0,7,500,-0.13056640625000038,0.11155562807248896
6794,31,0,7,1000,-0.06220703125000038,0.11155562807248896
6794,31,0,7,2000,0.29443359374999994,0.11155562807248896
6794,31,0,7,5000,-0.02431640625000031,0.11155562807248896
6794,31,0,8,50,0.1502929687500003,0.13302487564375542
6794,31,0,8,100,-0.1060546874999998,0.13302487564375542
6794,31,0,8,250,-0.08544921874999967,0.13302487564375542
6794,31,0,8,500,-0.04169921874999982,0.13302487564375542
6794,31,0,8,1000,-0.022949218749999667,0.13302487564375542
6794,31,0,8,2000,0.1707031250000005,0.13302487564375542
6794,31,0,8,5000,0.16318359375000036,0.13302487564375542
6794,31,0,9,50,-0.05996093749999931,0.11448452181529346
6794,31,0,9,100,0.0792968750000006,0.11448452181529346
6794,31,0,9,250,0.0010742187500005773,0.11448452181529346
6794,31,0,9,500,0.0051757812500004,0.11448452181529346
6794,31,0,9,1000,0.03730468750000071,0.11448452181529346
6794,31,0,9,2000,-0.007812499999999556,0.11448452181529346
6794,31,0,9,5000,-0.050683593749999645,0.11448452181529346
6794,31,0,10,50,0.09277343750000022,0.11201099089257341
6794,31,0,10,100,-0.03447265625000007,0.11201099089257341
6794,31,0,10,250,0.07275390625000022,0.11201099089257341
6794,31,0,10,500,0.04082031250000029,0.11201099089257341
6794,31,0,10,1000,0.1297851562500002,0.11201099089257341
6794,31,0,10,2000,0.1007812500000006,0.11201099089257341
6794,31,0,10,5000,0.06757812500000016,0.11201099089257341
6794,31,0,11,50,-0.04355468749999991,0.12047164305079586
6794,31,0,11,100,-0.04648437500000002,0.12047164305079586
6794,31,0,11,250,-0.06621093750000018,0.12047164305079586
6794,31,0,11,500,-0.0702148437500002,0.12047164305079586
6794,31,0,11,1000,-0.038183593750000355,0.12047164305079586
6794,31,0,11,2000,-0.06855468750000038,0.12047164305079586
6794,31,0,11,5000,-0.03193359375000038,0.12047164305079586
6794,31,0,12,50,-0.042480468749999334,0.0646925505937347
6794,31,0,12,100,0.059082031250000555,0.0646925505937347
6794,31,0,12,250,0.03232421875000069,0.0646925505937347
6794,31,0,12,500,0.2242187500000007,0.0646925505937347
6794,31,0,12,1000,0.01679687500000071,0.0646925505937347
6794,31,0,12,2000,0.024609375000000377,0.0646925505937347
6794,31,0,12,5000,0.023144531250000377,0.0646925505937347
6794,31,0,13,50,-0.021972656249999667,0.06106653429444761
6794,31,0,13,100,0.022558593750000355,0.06106653429444761
6794,31,0,13,250,0.030371093750000466,0.06106653429444761
6794,31,0,13,500,0.3423828125000005,0.06106653429444761
6794,31,0,13,1000,0.04560546875000038,0.06106653429444761
6794,31,0,13,2000,0.07246093750000038,0.06106653429444761
6794,31,0,13,5000,0.0320312500000004,0.06106653429444761
6794,31,0,14,50,-0.05859374999999978,0.07333796450829579
6794,31,0,14,100,-0.006542968749999822,0.07333796450829579
6794,31,0,14,250,-0.027246093749999534,0.07333796450829579
6794,31,0,14,500,-0.027148437499999623,0.07333796450829579
6794,31,0,14,1000,-0.03857421874999989,0.07333796450829579
6794,31,0,14,2000,-0.03613281249999978,0.07333796450829579
6794,31,0,14,5000,-0.05048828124999982,0.07333796450829579
6794,31,0,15,50,0.17314453125000073,0.06053197369724322
6794,31,0,15,100,-0.0007812499999994005,0.06053197369724322
6794,31,0,15,250,-0.019531249999999556,0.06053197369724322
6794,31,0,15,500,0.02119140625000071,0.06053197369724322
6794,31,0,15,1000,0.28320312499999983,0.06053197369724322
6794,31,0,15,2000,-0.009082031250000178,0.06053197369724322
6794,31,0,15,5000,0.008398437500000577,0.06053197369724322
6794,31,0,16,50,0.04492187500000033,0.07669798695229699
6794,31,0,16,100,-0.025195312499999623,0.07669798695229699
6794,31,0,16,250,0.028320312500000333,0.07669798695229699
6794,31,0,16,500,0.02568359375000029,0.07669798695229699
6794,31,0,16,1000,0.012304687500000466,0.07669798695229699
6794,31,0,16,2000,0.008007812500000488,0.07669798695229699
6794,31,0,16,5000,0.017968750000000533,0.07669798695229699
6794,31,0,17,50,0.042382812500000644,0.058435409028505816
6794,31,0,17,100,-0.04169921874999982,0.058435409028505816
6794,31,0,17,250,-0.0222656249999994,0.058435409028505816
6794,31,0,17,500,-0.0547851562499998,0.058435409028505816
6794,31,0,17,1000,-0.059570312499999445,0.058435409028505816
6794,31,0,17,2000,0.036328125000000266,0.058435409028505816
6794,31,0,17,5000,-0.028125000000000178,0.058435409028505816
6794,31,0,18,50,-0.023437499999999556,0.06508816089959457
6794,31,0,18,100,0.02226562500000062,0.06508816089959457
6794,31,0,18,250,-0.028222656249999534,0.06508816089959457
6794,31,0,18,500,0.08505859375000036,0.06508816089959457
6794,31,0,18,1000,-0.00048828124999966693,0.06508816089959457
6794,31,0,18,2000,-0.039843749999999845,0.06508816089959457
6794,31,0,18,5000,-0.00048828124999966693,0.06508816089959457
6794,31,0,19,50,-0.005957031249999245,0.04606296811593618
6794,31,0,19,100,-0.0018554687499997558,0.04606296811593618
6794,31,0,19,250,-0.02119140624999971,0.04606296811593618
6794,31,0,19,500,-0.03369140624999967,0.04606296811593618
6794,31,0,19,1000,-0.034472656249999734,0.04606296811593618
6794,31,0,19,2000,0.08027343750000049,0.04606296811593618
6794,31,0,19,5000,-0.024121093749999822,0.04606296811593618
6794,31,0,20,50,0.027539062500000266,0.05776938999366035
6794,31,0,20,100,0.04638671875000033,0.05776938999366035
6794,31,0,20,250,-0.0040039062499998,0.05776938999366035
6794,31,0,20,500,0.11445312500000027,0.05776938999366035
6794,31,0,20,1000,0.00019531250000037748,0.05776938999366035
6794,31,0,20,2000,0.022656250000000155,0.05776938999366035
6794,31,0,20,5000,0.0184570312500002,0.05776938999366035
6794,31,0,21,50,-0.0075195312499996,0.04776897930537688
6794,31,0,21,100,0.014746093749999911,0.04776897930537688
6794,31,0,21,250,0.007324218750000111,0.04776897930537688
6794,31,0,21,500,-0.018359374999999734,0.04776897930537688
6794,31,0,21,1000,0.03193359375000038,0.04776897930537688
6794,31,0,21,2000,0.019628906250000577,0.04776897930537688
6794,31,0,21,5000,-0.005273437499999645,0.04776897930537688
6794,31,0,22,50,-0.016406249999999845,0.04659313154157475
6794,31,0,22,100,-0.028515624999999822,0.04659313154157475
6794,31,0,22,250,-0.010058593749999623,0.04659313154157475
6794,31,0,22,500,0.0027343750000002887,0.04659313154157475
6794,31,0,22,1000,0.006738281250000644,0.04659313154157475
6794,31,0,22,2000,0.006445312500000355,0.04659313154157475
6794,31,0,22,5000,-0.020800781249999623,0.04659313154157475
6794,31,0,23,50,0.015234375000000133,0.04679500747143529
6794,31,0,23,100,0.0025390625000001332,0.04679500747143529
6794,31,0,23,250,0.09169921875000053,0.04679500747143529
6794,31,0,23,500,0.03837890625000051,0.04679500747143529
6794,31,0,23,1000,0.07109374999999996,0.04679500747143529
6794,31,0,23,2000,0.009667968750000644,0.04679500747143529
6794,31,0,23,5000,0.005566406250000044,0.04679500747143529
6794,31,0,24,50,0.0823242187500004,0.0397872741740567
6794,31,0,24,100,-0.013378906250000155,0.0397872741740567
6794,31,0,24,250,0.04667968750000051,0.0397872741740567
6794,31,0,24,500,0.2775390625000007,0.0397872741740567
6794,31,0,24,1000,-0.009277343749999667,0.0397872741740567
6794,31,0,24,2000,0.07763671875000033,0.0397872741740567
6794,31,0,24,5000,-0.003515624999999467,0.0397872741740567
6794,31,1,5,50,0.21005859374999997,0.12511985024771058
6794,31,1,5,100,-0.12373046875000027,0.12511985024771058
6794,31,1,5,250,-0.09970703125000013,0.12511985024771058
6794,31,1,5,500,0.24130859374999997,0.12511985024771058
6794,31,1,5,1000,-0.08417968750000027,0.12511985024771058
6794,31,1,5,2000,-0.06269531250000027,0.12511985024771058
6794,31,1,5,5000,0.2022460937499998,0.12511985024771058
6794,31,1,6,50,-0.13818359375000044,0.13023026717678293
6794,31,1,6,100,-0.026269531250000644,0.13023026717678293
6794,31,1,6,250,-0.12392578125000064,0.13023026717678293
6794,31,1,6,500,-0.11376953125000067,0.13023026717678293
6794,31,1,6,1000,0.1549804687499995,0.13023026717678293
6794,31,1,6,2000,-0.08876953125000064,0.13023026717678293
6794,31,1,6,5000,-0.11376953125000067,0.13023026717678293
6794,31,1,7,50,-0.10078125000000071,0.11165456312218174
6794,31,1,7,100,-0.1178710937500006,0.11165456312218174
6794,31,1,7,250,-0.09521484375000056,0.11165456312218174
6794,31,1,7,500,-0.16533203125000062,0.11165456312218174
6794,31,1,7,1000,-0.06308593750000058,0.11165456312218174
6794,31,1,7,2000,-0.06943359375000058,0.11165456312218174
6794,31,1,7,5000,-0.07568359375000067,0.11165456312218174
6794,31,1,8,50,-0.07783203125000049,0.08954835414387925
6794,31,1,8,100,-0.03320312500000011,0.08954835414387925
6794,31,1,8,250,-0.05947265625000031,0.08954835414387925
6794,31,1,8,500,-0.05507812500000031,0.08954835414387925
6794,31,1,8,1000,-0.05810546875000033,0.08954835414387925
6794,31,1,8,2000,-0.0457031250000004,0.08954835414387925
6794,31,1,8,5000,-0.07988281250000051,0.08954835414387925
6794,31,1,9,50,-0.07890625000000007,0.10096702989702637
6794,31,1,9,100,0.11816406249999978,0.10096702989702637
6794,31,1,9,250,-0.12304687500000033,0.10096702989702637
6794,31,1,9,500,0.23769531249999998,0.10096702989702637
6794,31,1,9,1000,-0.05224609375000022,0.10096702989702637
6794,31,1,9,2000,-0.05400390625000029,0.10096702989702637
6794,31,1,9,5000,-0.06142578125000009,0.10096702989702637
6794,31,1,10,50,0.0020507812500003553,0.11042832601593326
6794,31,1,10,100,-0.10253906250000011,0.11042832601593326
6794,31,1,10,250,-0.10048828124999998,0.11042832601593326
6794,31,1,10,500,-0.09628906250000013,0.11042832601593326
6794,31,1,10,1000,-0.07128906250000011,0.11042832601593326
6794,31,1,10,2000,-0.09814453125,0.11042832601593326
6794,31,1,10,5000,-0.09951171874999998,0.11042832601593326
6794,31,1,11,50,-0.041015625000000444,0.0825676071136071
6794,31,1,11,100,-0.09033203125000011,0.0825676071136071
6794,31,1,11,250,-0.03955078125000022,0.0825676071136071
6794,31,1,11,500,-0.06435546874999987,0.0825676071136071
6794,31,1,11,1000,-0.06894531249999991,0.0825676071136071
6794,31,1,11,2000,-0.06455078125000024,0.0825676071136071
6794,31,1,11,5000,-0.05478515625000013,0.0825676071136071
6794,31,1,12,50,-0.013476562499999623,0.08460509459935539
6794,31,1,12,100,-0.04082031249999951,0.08460509459935539
6794,31,1,12,250,0.008593750000000622,0.08460509459935539
6794,31,1,12,500,-0.08027343749999938,0.08460509459935539
6794,31,1,12,1000,-0.020214843749999267,0.08460509459935539
6794,31,1,12,2000,-0.07275390624999922,0.08460509459935539
6794,31,1,12,5000,-0.03437499999999927,0.08460509459935539
6794,31,1,13,50,0.007324218749999778,0.07213578638060858
6794,31,1,13,100,-0.09482421875000036,0.07213578638060858
6794,31,1,13,250,0.10761718750000038,0.07213578638060858
6794,31,1,13,500,0.027929687500000022,0.07213578638060858
6794,31,1,13,1000,-0.03124999999999989,0.07213578638060858
6794,31,1,13,2000,0.2980468750000002,0.07213578638060858
6794,31,1,13,5000,0.037109375,0.07213578638060858
6794,31,1,14,50,0.009472656249999933,0.0661414195530559
6794,31,1,14,100,-0.0353515624999996,0.0661414195530559
6794,31,1,14,250,-0.03310546875000031,0.0661414195530559
6794,31,1,14,500,-0.024707031249999734,0.0661414195530559
6794,31,1,14,1000,-0.06972656249999998,0.0661414195530559
6794,31,1,14,2000,-0.0716796875000002,0.0661414195530559
6794,31,1,14,5000,-0.029785156250000222,0.0661414195530559
6794,31,1,15,50,-0.006542968750000044,0.06961431100657259
6794,31,1,15,100,0.024707031249999956,0.06961431100657259
6794,31,1,15,250,0.008789062499999334,0.06961431100657259
6794,31,1,15,500,-0.004296875000000422,0.06961431100657259
6794,31,1,15,1000,-0.05009765625000051,0.06961431100657259
6794,31,1,15,2000,-0.0003906250000005329,0.06961431100657259
6794,31,1,15,5000,-0.007226562500000533,0.06961431100657259
6794,31,1,16,50,-0.04980468749999967,0.06035853638520855
6794,31,1,16,100,-0.04296874999999978,0.06035853638520855
6794,31,1,16,250,-0.05019531250000009,0.06035853638520855
6794,31,1,16,500,-0.005371093749999778,0.06035853638520855
6794,31,1,16,1000,-0.009960937499999711,0.06035853638520855
6794,31,1,16,2000,0.07470703124999989,0.06035853638520855
6794,31,1,16,5000,-0.006738281249999978,0.06035853638520855
6794,31,1,17,50,0.013671874999999667,0.06307775196869787
6794,31,1,17,100,0.0007812500000000666,0.06307775196869787
6794,31,1,17,250,-0.03417968749999967,0.06307775196869787
6794,31,1,17,500,0.008984375000000377,0.06307775196869787
6794,31,1,17,1000,0.0773437500000006,0.06307775196869787
6794,31,1,17,2000,0.011914062500000266,0.06307775196869787
6794,31,1,17,5000,0.09970703125000002,0.06307775196869787
6794,31,1,18,50,-0.021191406250000266,0.05545941012236433
6794,31,1,18,100,-0.02363281249999971,0.05545941012236433
6794,31,1,18,250,-0.06552734374999958,0.05545941012236433
6794,31,1,18,500,-0.06210937499999958,0.05545941012236433
6794,31,1,18,1000,0.28593750000000023,0.05545941012236433
6794,31,1,18,2000,0.00029296875000028866,0.05545941012236433
6794,31,1,18,5000,-0.06972656250000031,0.05545941012236433
6794,31,1,19,50,-0.029003906249999933,0.06280743696418682
6794,31,1,19,100,0.007812499999999889,0.06280743696418682
6794,31,1,19,250,0.08486328124999987,0.06280743696418682
6794,31,1,19,500,0.055957031249999956,0.06280743696418682
6794,31,1,19,1000,0.043261718749999845,0.06280743696418682
6794,31,1,19,2000,0.0708984374999998,0.06280743696418682
6794,31,1,19,5000,0.05673828124999969,0.06280743696418682
6794,31,1,20,50,0.008984375000000377,0.05888153475996826
6794,31,1,20,100,0.021093750000000244,0.05888153475996826
6794,31,1,20,250,0.004687499999999956,0.05888153475996826
6794,31,1,20,500,-0.0027343749999999556,0.05888153475996826
6794,31,1,20,1000,0.04921874999999998,0.05888153475996826
6794,31,1,20,2000,-0.004589843750000155,0.05888153475996826
6794,31,1,20,5000,-0.0027343749999999556,0.05888153475996826
6794,31,1,21,50,0.06142578125000009,0.05648188361863172
6794,31,1,21,100,-0.02128906249999951,0.05648188361863172
6794,31,1,21,250,0.016894531250000178,0.05648188361863172
6794,31,1,21,500,-0.032128906249999645,0.05648188361863172
6794,31,1,21,1000,-0.03134765625000013,0.05648188361863172
6794,31,1,21,2000,0.024121093749999933,0.05648188361863172
6794,31,1,21,5000,0.030664062499999978,0.05648188361863172
6794,31,1,22,50,0.14892578125000067,0.05164938516241166
6794,31,1,22,100,-0.008691406249999756,0.05164938516241166
6794,31,1,22,250,0.20800781250000033,0.05164938516241166
6794,31,1,22,500,0.0008789062499998668,0.05164938516241166
6794,31,1,22,1000,-0.03818359375000002,0.05164938516241166
6794,31,1,22,2000,0.0012695312499998446,0.05164938516241166
6794,31,1,22,5000,0.0012695312499998446,0.05164938516241166
6794,31,1,23,50,0.21630859375000056,0.05365849071270385
6794,31,1,23,100,0.0085937500000004,0.05365849071270385
6794,31,1,23,250,0.20859375000000047,0.05365849071270385
6794,31,1,23,500,-0.031152343749999756,0.05365849071270385
6794,31,1,23,1000,-0.0088867187499998,0.05365849071270385
6794,31,1,23,2000,-0.024707031249999734,0.05365849071270385
6794,31,1,23,5000,0.048925781250000466,0.05365849071270385
6794,31,1,24,50,-0.04189453124999998,0.06025399328676228
6794,31,1,24,100,-0.018066406249999667,0.06025399328676228
6794,31,1,24,250,-0.025585937499999933,0.06025399328676228
6794,31,1,24,500,0.10927734375000053,0.06025399328676228
6794,31,1,24,1000,-0.033203124999999556,0.06025399328676228
6794,31,1,24,2000,0.031445312500000155,0.06025399328676228
6794,31,1,24,5000,-0.018359374999999734,0.06025399328676228
6794,31,2,5,50,-4.440892098500626e-16,0.1247678706548268
6794,31,2,5,100,-0.016992187500000422,0.1247678706548268
6794,31,2,5,250,-0.010742187500000444,0.1247678706548268
6794,31,2,5,500,-0.022558593750000355,0.1247678706548268
6794,31,2,5,1000,-0.041992187500000444,0.1247678706548268
6794,31,2,5,2000,-0.016308593750000377,0.1247678706548268
6794,31,2,5,5000,-0.0413085937500004,0.1247678706548268
6794,31,2,6,50,0.009082031249999734,0.09664207320303911
6794,31,2,6,100,0.20673828125000016,0.09664207320303911
6794,31,2,6,250,0.02978515625000011,0.09664207320303911
6794,31,2,6,500,-0.002929687499999889,0.09664207320303911
6794,31,2,6,1000,0.3450195312500001,0.09664207320303911
6794,31,2,6,2000,-0.0728515624999998,0.09664207320303911
6794,31,2,6,5000,0.22822265625000016,0.09664207320303911
6794,31,2,7,50,-0.03916015625000013,0.10566914295970717
6794,31,2,7,100,-0.057324218750000155,0.10566914295970717
6794,31,2,7,250,-0.013964843750000178,0.10566914295970717
6794,31,2,7,500,0.004003906249999911,0.10566914295970717
6794,31,2,7,1000,0.042285156249999956,0.10566914295970717
6794,31,2,7,2000,0.08525390625000007,0.10566914295970717
6794,31,2,7,5000,0.09150390625000004,0.10566914295970717
6794,31,2,8,50,0.15410156249999984,0.09109625673289262
6794,31,2,8,100,-0.03886718750000029,0.09109625673289262
6794,31,2,8,250,0.019824218749999845,0.09109625673289262
6794,31,2,8,500,0.45810546875000024,0.09109625673289262
6794,31,2,8,1000,-0.0032226562500001776,0.09109625673289262
6794,31,2,8,2000,0.4405273437500002,0.09109625673289262
6794,31,2,8,5000,-0.015722656250000133,0.09109625673289262
6794,31,2,9,50,0.02958984375000051,0.0697197429893915
6794,31,2,9,100,-0.045703124999999734,0.0697197429893915
6794,31,2,9,250,0.0173828125000004,0.0697197429893915
6794,31,2,9,500,-0.014257812499999467,0.0697197429893915
6794,31,2,9,1000,0.00019531250000026645,0.0697197429893915
6794,31,2,9,2000,-0.03925781249999949,0.0697197429893915
6794,31,2,9,5000,0.3696289062500007,0.0697197429893915
6794,31,2,10,50,-0.09160156249999996,0.06794715398251464
6794,31,2,10,100,-0.09531250000000002,0.06794715398251464
6794,31,2,10,250,0.10039062500000029,0.06794715398251464
6794,31,2,10,500,-0.05224609374999989,0.06794715398251464
6794,31,2,10,1000,-0.0464843749999998,0.06794715398251464
6794,31,2,10,2000,0.07539062500000027,0.06794715398251464
6794,31,2,10,5000,-0.018359374999999845,0.06794715398251464
6794,31,2,11,50,0.05000000000000049,0.07352551793156298
6794,31,2,11,100,-0.03935546874999962,0.07352551793156298
6794,31,2,11,250,0.4215820312499999,0.07352551793156298
6794,31,2,11,500,0.008496093749999933,0.07352551793156298
6794,31,2,11,1000,-0.004003906250000022,0.07352551793156298
6794,31,2,11,2000,0.03027343749999989,0.07352551793156298
6794,31,2,11,5000,0.010351562499999911,0.07352551793156298
6794,31,2,12,50,0.05322265624999989,0.09657049975308059
6794,31,2,12,100,-0.08408203124999991,0.09657049975308059
6794,31,2,12,250,0.02880859374999989,0.09657049975308059
6794,31,2,12,500,0.016406249999999845,0.09657049975308059
6794,31,2,12,1000,0.09638671875000038,0.09657049975308059
6794,31,2,12,2000,-0.10029296874999993,0.09657049975308059
6794,31,2,12,5000,0.0001953125000000444,0.09657049975308059
6794,31,2,13,50,-0.020996093749999667,0.0866465265069116
6794,31,2,13,100,0.05019531249999998,0.0866465265069116
6794,31,2,13,250,0.03554687499999998,0.0866465265069116
6794,31,2,13,500,-0.04912109375000007,0.0866465265069116
6794,31,2,13,1000,0.1209960937500002,0.0866465265069116
6794,31,2,13,2000,0.017089843749999667,0.0866465265069116
6794,31,2,13,5000,-0.02109374999999991,0.0866465265069116
6794,31,2,14,50,-0.12109374999999967,0.09203379417805824
6794,31,2,14,100,0.07255859375000029,0.09203379417805824
6794,31,2,14,250,-0.05712890624999967,0.09203379417805824
6794,31,2,14,500,-0.11005859374999971,0.09203379417805824
6794,31,2,14,1000,0.017871093749999956,0.09203379417805824
6794,31,2,14,2000,-0.001953125,0.09203379417805824
6794,31,2,14,5000,-0.0565429687500002,0.09203379417805824
6794,31,2,15,50,-0.06318359374999971,0.07980634532364972
6794,31,2,15,100,-0.05166015624999987,0.07980634532364972
6794,31,2,15,250,-0.058593749999999445,0.07980634532364972
6794,31,2,15,500,0.0645507812499998,0.07980634532364972
6794,31,2,15,1000,0.3939453125000001,0.07980634532364972
6794,31,2,15,2000,-0.05556640624999942,0.07980634532364972
6794,31,2,15,5000,-0.027050781250000377,0.07980634532364972
6794,31,2,16,50,-0.029980468749999267,0.084216190292543
6794,31,2,16,100,-0.0514648437499996,0.084216190292543
6794,31,2,16,250,-0.022949218750000222,0.084216190292543
6794,31,2,16,500,-0.08935546874999933,0.084216190292543
6794,31,2,16,1000,-0.0920898437499994,0.084216190292543
6794,31,2,16,2000,-0.059863281249999956,0.084216190292543
6794,31,2,16,5000,-0.010742187500000111,0.084216190292543
6794,31,2,17,50,-0.0828124999999994,0.07792973024641436
6794,31,2,17,100,-0.06865234374999973,0.07792973024641436
6794,31,2,17,250,-0.0021484374999993783,0.07792973024641436
6794,31,2,17,500,-0.06230468749999962,0.07792973024641436
6794,31,2,17,1000,-0.049804687499999334,0.07792973024641436
6794,31,2,17,2000,-0.08124999999999949,0.07792973024641436
6794,31,2,17,5000,-0.02724609374999931,0.07792973024641436
6794,31,2,18,50,-0.02382812499999931,0.08419444920433711
6794,31,2,18,100,0.007421875000000133,0.08419444920433711
6794,31,2,18,250,0.004882812500000444,0.08419444920433711
6794,31,2,18,500,-0.08320312499999971,0.08419444920433711
6794,31,2,18,1000,0.0006835937500003775,0.08419444920433711
6794,31,2,18,2000,-0.0876953124999994,0.08419444920433711
6794,31,2,18,5000,-0.09570312499999978,0.08419444920433711
6794,31,2,19,50,0.0125976562500002,0.07370431539937491
6794,31,2,19,100,-0.11484374999999947,0.07370431539937491
6794,31,2,19,250,-0.054687499999999334,0.07370431539937491
6794,31,2,19,500,0.014746093750000688,0.07370431539937491
6794,31,2,19,1000,-0.012597656249999423,0.07370431539937491
6794,31,2,19,2000,0.11318359374999998,0.07370431539937491
6794,31,2,19,5000,0.034472656249999956,0.07370431539937491
6794,31,2,20,50,-0.11865234374999967,0.06485610100209052
6794,31,2,20,100,-0.0005859374999996891,0.06485610100209052
6794,31,2,20,250,-0.0138671874999996,0.06485610100209052
6794,31,2,20,500,-0.10322265624999982,0.06485610100209052
6794,31,2,20,1000,0.0,0.06485610100209052
6794,31,2,20,2000,0.06035156250000007,0.06485610100209052
6794,31,2,20,5000,-0.013378906250000044,0.06485610100209052
6794,31,2,21,50,-0.0515624999999994,0.06822305191337835
6794,31,2,21,100,-0.025976562500000466,0.06822305191337835
6794,31,2,21,250,0.1277343750000003,0.06822305191337835
6794,31,2,21,500,-0.009277343750000222,0.06822305191337835
6794,31,2,21,1000,-0.11630859374999958,0.06822305191337835
6794,31,2,21,2000,-0.14892578124999967,0.06822305191337835
6794,31,2,21,5000,-0.09853515624999964,0.06822305191337835
6794,31,2,22,50,-0.11152343750000027,0.06231231979849424
6794,31,2,22,100,-0.16425781250000027,0.06231231979849424
6794,31,2,22,250,-0.15986328124999993,0.06231231979849424
6794,31,2,22,500,-0.14824218749999996,0.06231231979849424
6794,31,2,22,1000,-0.03730468749999927,0.06231231979849424
6794,31,2,22,2000,-0.11015624999999996,0.06231231979849424
6794,31,2,22,5000,-0.047949218749999356,0.06231231979849424
6794,31,2,23,50,-0.06289062499999964,0.06437917911903619
6794,31,2,23,100,-0.09091796874999969,0.06437917911903619
6794,31,2,23,250,-0.14169921875000013,0.06437917911903619
6794,31,2,23,500,-0.12519531249999993,0.06437917911903619
6794,31,2,23,1000,-0.10507812500000013,0.06437917911903619
6794,31,2,23,2000,-0.09091796874999969,0.06437917911903619
6794,31,2,23,5000,-0.13007812500000004,0.06437917911903619
6794,31,2,24,50,0.003417968750000333,0.05782270782146409
6794,31,2,24,100,0.012597656249999867,0.05782270782146409
6794,31,2,24,250,0.2612304687500002,0.05782270782146409
6794,31,2,24,500,-0.05654296874999998,0.05782270782146409
6794,31,2,24,1000,-0.030957031249999933,0.05782270782146409
6794,31,2,24,2000,-0.0334960937499994,0.05782270782146409
6794,31,2,24,5000,-0.050585937499999956,0.05782270782146409
5527,146064,0,5,50,0.036805173734559715,0.22999038958915097
5527,146064,0,5,100,-0.18263876447530558,0.22999038958915097
5527,146064,0,5,250,-0.17152803089506707,0.22999038958915097
5527,146064,0,5,500,-0.2020833204629624,0.22999038958915097
5527,146064,0,5,1000,-0.18263876447530558,0.22999038958915097
5527,146064,0,5,2000,-0.07986061774690234,0.22999038958915097
5527,146064,0,5,5000,-0.18263876447530558,0.22999038958915097
5527,146064,0,6,50,0.5085938923784757,0.20272583890736154
5527,146064,0,6,100,0.5085938923784757,0.20272583890736154
5527,146064,0,6,250,0.5085938923784757,0.20272583890736154
5527,146064,0,6,500,0.5085938923784757,0.20272583890736154
5527,146064,0,6,1000,0.5085938923784757,0.20272583890736154
5527,146064,0,6,2000,0.5085938923784757,0.20272583890736154
5527,146064,0,6,5000,0.5085938923784757,0.20272583890736154
5527,146064,0,7,50,0.42795190638504266,0.21076704366533883
5527,146064,0,7,100,0.2790800555073353,0.21076704366533883
5527,146064,0,7,250,0.14913122102236076,0.21076704366533883
5527,146064,0,7,500,0.13802048744212236,0.21076704366533883
5527,146064,0,7,1000,0.13802048744212236,0.21076704366533883
5527,146064,0,7,2000,0.48524249515816703,0.21076704366533883
5527,146064,0,7,5000,0.48246558398534667,0.21076704366533883
5527,146064,0,8,50,0.262977122336992,0.1970357997124697
5527,146064,0,8,100,-0.22313368846547055,0.1970357997124697
5527,146064,0,8,250,-0.24579083376062938,0.1970357997124697
5527,146064,0,8,500,-0.11801276425444995,0.1970357997124697
5527,146064,0,8,1000,-0.14578959820504633,0.1970357997124697
5527,146064,0,8,2000,-0.14578959820504633,0.1970357997124697
5527,146064,0,8,5000,-0.14578959820504633,0.1970357997124697
5527,146064,0,9,50,-0.2480464949218666,0.19625852655190906
5527,146064,0,9,100,-0.24244749757522233,0.19625852655190906
5527,146064,0,9,250,-0.0012577811043393838,0.19625852655190906
5527,146064,0,9,500,0.11180588321374196,0.19625852655190906
5527,146064,0,9,1000,0.05985279803145116,0.19625852655190906
5527,146064,0,9,2000,0.04874206445121254,0.19625852655190906
5527,146064,0,9,5000,0.06540816482157052,0.19625852655190906
5527,146064,0,10,50,-0.1105032166917378,0.15770414116841996
5527,146064,0,10,100,0.3760416312731477,0.15770414116841996
5527,146064,0,10,250,0.011719486024322268,0.15770414116841996
5527,146064,0,10,500,-0.1105032166917378,0.15770414116841996
5527,146064,0,10,1000,-0.1105032166917378,0.15770414116841996
5527,146064,0,10,2000,-0.1105032166917378,0.15770414116841996
5527,146064,0,10,5000,0.011719486024322268,0.15770414116841996
5527,146064,0,11,50,0.4043400772145018,0.17549252568444876
5527,146064,0,11,100,0.4055553619637303,0.17549252568444876
5527,146064,0,11,250,0.3140623986458311,0.17549252568444876
5527,146064,0,11,500,0.3140623986458311,0.17549252568444876
5527,146064,0,11,1000,-0.17204841215663147,0.17549252568444876
5527,146064,0,11,2000,-0.17204841215663147,0.17549252568444876
5527,146064,0,11,5000,0.3140623986458311,0.17549252568444876
5527,146064,0,12,50,-0.22430517373455972,0.15266032483513403
5527,146064,0,12,100,-0.24374972972221653,0.15266032483513403
5527,146064,0,12,250,-0.10156177604165062,0.15266032483513403
5527,146064,0,12,500,-0.06931413730420288,0.15266032483513403
5527,146064,0,12,1000,-0.23407091336129837,0.15266032483513403
5527,146064,0,12,2000,-0.23407091336129837,0.15266032483513403
5527,146064,0,12,5000,-0.23407091336129837,0.15266032483513403
5527,146064,0,13,50,0.2529949674276657,0.1181282702053273
5527,146064,0,13,100,-0.009764967404499503,0.1181282702053273
5527,146064,0,13,250,-0.009764967404499503,0.1181282702053273
5527,146064,0,13,500,-0.1445310690104129,0.1181282702053273
5527,146064,0,13,1000,-0.1445310690104129,0.1181282702053273
5527,146064,0,13,2000,-0.1445310690104129,0.1181282702053273
5527,146064,0,13,5000,-0.1445310690104129,0.1181282702053273
5527,146064,0,14,50,-0.029730701007904314,0.11857727894479414
5527,146064,0,14,100,0.061458996157422674,0.11857727894479414
5527,146064,0,14,250,-0.05451348454474403,0.11857727894479414
5527,146064,0,14,500,-0.10295129343363996,0.11857727894479414
5527,146064,0,14,1000,-0.11618911317225844,0.11857727894479414
5527,146064,0,14,2000,0.3738713489332519,0.11857727894479414
5527,146064,0,14,5000,-0.08285536798706405,0.11857727894479414
5527,146064,0,15,50,0.31775154560281194,0.13588967307366573
5527,146064,0,15,100,0.02838597250579933,0.13588967307366573
5527,146064,0,15,250,0.13810818293018146,0.13588967307366573
5527,146064,0,15,500,-0.09218743243055427,0.13588967307366573
5527,146064,0,15,1000,-0.09978291384934268,0.13588967307366573
5527,146064,0,15,2000,-0.09978291384934268,0.13588967307366573
5527,146064,0,15,5000,0.10946199566165515,0.13588967307366573
5527,146064,0,16,50,0.2605469872135442,0.11731194721302349
5527,146064,0,16,100,0.336111177608026,0.11731194721302349
5527,146064,0,16,250,0.011675758940017489,0.11731194721302349
5527,146064,0,16,500,-0.1530381346508478,0.11731194721302349
5527,146064,0,16,1000,-0.1530381346508478,0.11731194721302349
5527,146064,0,16,2000,-0.13784717181327077,0.11731194721302349
5527,146064,0,16,5000,-0.13784717181327077,0.11731194721302349
5527,146064,0,17,50,0.3713542181481492,0.11977164879222993
5527,146064,0,17,100,0.3713542181481492,0.11977164879222993
5527,146064,0,17,250,-0.28407097610435506,0.11977164879222993
5527,146064,0,17,500,-0.09752594956307681,0.11977164879222993
5527,146064,0,17,1000,-0.09752594956307681,0.11977164879222993
5527,146064,0,17,2000,-0.09752594956307681,0.11977164879222993
5527,146064,0,17,5000,-0.10095476109760593,0.11977164879222993
5527,146064,0,18,50,-0.019661453909143534,0.12163637696496778
5527,146064,0,18,100,-0.0443135388319672,0.12163637696496778
5527,146064,0,18,250,-0.060981183646803716,0.12163637696496778
5527,146064,0,18,500,-0.04153662765914701,0.12163637696496778
5527,146064,0,18,1000,-0.06931346160974317,0.12163637696496778
5527,146064,0,18,2000,-0.0443135388319672,0.12163637696496778
5527,146064,0,18,5000,-0.04709199444926615,0.12163637696496778
5527,146064,0,19,50,0.20134546211323268,0.12949682471122945
5527,146064,0,19,100,-0.14999934361109624,0.12949682471122945
5527,146064,0,19,250,-0.20381937258487526,0.12949682471122945
5527,146064,0,19,500,-0.07942711148726911,0.12949682471122945
5527,146064,0,19,1000,-0.20381937258487526,0.12949682471122945
5527,146064,0,19,2000,-0.20381937258487526,0.12949682471122945
5527,146064,0,19,5000,-0.20381937258487526,0.12949682471122945
5527,146064,0,20,50,-0.08919195823204329,0.1355517756075449
5527,146064,0,20,100,0.09548667955248202,0.1355517756075449
5527,146064,0,20,250,-0.041796311519084806,0.1355517756075449
5527,146064,0,20,500,-0.09947911679398058,0.1355517756075449
5527,146064,0,20,1000,-0.09947911679398058,0.1355517756075449
5527,146064,0,20,2000,-0.09947911679398058,0.1355517756075449
5527,146064,0,20,5000,-0.09947911679398058,0.1355517756075449
5527,146064,0,21,50,-0.07543378136380596,0.11673213028785835
5527,146064,0,21,100,-0.025303502645633413,0.11673213028785835
5527,146064,0,21,250,-0.0909285895206351,0.11673213028785835
5527,146064,0,21,500,0.0632383409886299,0.11673213028785835
5527,146064,0,21,1000,-0.08315947875771046,0.11673213028785835
5527,146064,0,21,2000,0.06484424953126111,0.11673213028785835
5527,146064,0,21,5000,0.06484424953126111,0.11673213028785835
5527,146064,0,22,50,0.3290365118258114,0.12346768168353668
5527,146064,0,22,100,-0.34001743967399845,0.12346768168353668
5527,146064,0,22,250,-0.05134510496044686,0.12346768168353668
5527,146064,0,22,500,-0.10863692446276485,0.12346768168353668
5527,146064,0,22,1000,0.035243523179022795,0.12346768168353668
5527,146064,0,22,2000,-0.06497369328413771,0.12346768168353668
5527,146064,0,22,5000,-0.10863692446276485,0.12346768168353668
5527,146064,0,23,50,-0.008029518581211481,0.11650552416928474
5527,146064,0,23,100,0.3471789321942539,0.11650552416928474
5527,146064,0,23,250,-0.03849819859857073,0.11650552416928474
5527,146064,0,23,500,0.34457473335166056,0.11650552416928474
5527,146064,0,23,1000,-0.027170132721836215,0.11650552416928474
5527,146064,0,23,2000,-0.039148988890810754,0.11650552416928474
5527,146064,0,23,5000,-0.034982632721836326,0.11650552416928474
5527,146064,0,24,50,-0.18810771477044852,0.11373786731692599
5527,146064,0,24,100,0.3523438682465303,0.11373786731692599
5527,146064,0,24,250,0.361675401787231,0.11373786731692599
5527,146064,0,24,500,-0.040233937005198284,0.11373786731692599
5527,146064,0,24,1000,0.3523438682465303,0.11373786731692599
5527,146064,0,24,2000,0.3523438682465303,0.11373786731692599
5527,146064,0,24,5000,0.3036892820958731,0.11373786731692599
5527,146064,1,5,50,0.10342806827062445,0.1738917556021673
5527,146064,1,5,100,0.16453903351753485,0.1738917556021673
5527,146064,1,5,250,-0.16601571549479288,0.1738917556021673
5527,146064,1,5,500,-0.16601571549479288,0.1738917556021673
5527,146064,1,5,1000,-0.16601571549479288,0.1738917556021673
5527,146064,1,5,2000,-0.16601571549479288,0.1738917556021673
5527,146064,1,5,5000,-0.16601571549479288,0.1738917556021673
5527,146064,1,6,50,-0.021962386599163608,0.21598831189829854
5527,146064,1,6,100,-0.021962386599163608,0.21598831189829854
5527,146064,1,6,250,-0.021962386599163608,0.21598831189829854
5527,146064,1,6,500,-0.021962386599163608,0.21598831189829854
5527,146064,1,6,1000,-0.021962386599163608,0.21598831189829854
5527,146064,1,6,2000,-0.021962386599163608,0.21598831189829854
5527,146064,1,6,5000,-0.021962386599163608,0.21598831189829854
5527,146064,1,7,50,-0.3533423998659414,0.18103441769443654
5527,146064,1,7,100,-0.3338978438782846,0.18103441769443654
5527,146064,1,7,250,-0.3460073503973847,0.18103441769443654
5527,146064,1,7,500,-0.3460073503973847,0.18103441769443654
5527,146064,1,7,1000,-0.3460073503973847,0.18103441769443654
5527,146064,1,7,2000,-0.3460073503973847,0.18103441769443654
5527,146064,1,7,5000,-0.3460073503973847,0.18103441769443654
5527,146064,1,8,50,-0.1222221959452151,0.17528461684833493
5527,146064,1,8,100,-0.14687514961805836,0.17528461684833493
5527,146064,1,8,250,-0.15429692929687588,0.17528461684833493
5527,146064,1,8,500,-0.1222221959452151,0.17528461684833493
5527,146064,1,8,1000,-0.14166675193287193,0.17528461684833493
5527,146064,1,8,2000,-0.1222221959452151,0.17528461684833493
5527,146064,1,8,5000,-0.1222221959452151,0.17528461684833493
5527,146064,1,9,50,-0.228081992047655,0.16812321686155296
5527,146064,1,9,100,-0.1037763646325297,0.16812321686155296
5527,146064,1,9,250,-0.1037763646325297,0.16812321686155296
5527,146064,1,9,500,-0.1037763646325297,0.16812321686155296
5527,146064,1,9,1000,-0.1037763646325297,0.16812321686155296
5527,146064,1,9,2000,-0.1037763646325297,0.16812321686155296
5527,146064,1,9,5000,-0.1037763646325297,0.16812321686155296
5527,146064,1,10,50,-0.2584202630343386,0.1852214015787751
5527,146064,1,10,100,-0.03346340612557519,0.1852214015787751
5527,146064,1,10,250,-0.15872403113136668,0.1852214015787751
5527,146064,1,10,500,-0.11284749035494357,0.1852214015787751
5527,146064,1,10,1000,-0.24735197754532112,0.1852214015787751
5527,146064,1,10,2000,-0.11284749035494357,0.1852214015787751
5527,146064,1,10,5000,-0.11284749035494357,0.1852214015787751
5527,146064,1,11,50,-0.1046003740258411,0.15934836831367202
5527,146064,1,11,100,0.284287946421677,0.15934836831367202
5527,146064,1,11,250,-0.27304694860243195,0.15934836831367202
5527,146064,1,11,500,-0.1320314454687539,0.15934836831367202
5527,146064,1,11,1000,-0.1320314454687539,0.15934836831367202
5527,146064,1,11,2000,-0.13315975868827212,0.15934836831367202
5527,146064,1,11,5000,-0.13315975868827212,0.15934836831367202
5527,146064,1,12,50,-0.2572482709944055,0.1999305434041643
5527,146064,1,12,100,-0.2572482709944055,0.1999305434041643
5527,146064,1,12,250,-0.2572482709944055,0.1999305434041643
5527,146064,1,12,500,-0.2572482709944055,0.1999305434041643
5527,146064,1,12,1000,-0.2572482709944055,0.1999305434041643
5527,146064,1,12,2000,-0.07382811414062462,0.1999305434041643
5527,146064,1,12,5000,-0.05655439552759689,0.1999305434041643
5527,146064,1,13,50,0.3079859025038534,0.17290455681793743
5527,146064,1,13,100,0.30894075530285026,0.17290455681793743
5527,146064,1,13,250,0.30894075530285026,0.17290455681793743
5527,146064,1,13,500,-0.10533844956307614,0.17290455681793743
5527,146064,1,13,1000,0.30894075530285026,0.17290455681793743
5527,146064,1,13,2000,0.30894075530285026,0.17290455681793743
5527,146064,1,13,5000,-0.10533844956307614,0.17290455681793743
5527,146064,1,14,50,-0.3059896114872688,0.16419166971818017
5527,146064,1,14,100,-0.3016927497598385,0.16419166971818017
5527,146064,1,14,250,-0.11432313465856891,0.16419166971818017
5527,146064,1,14,500,-0.03598099541763222,0.16419166971818017
5527,146064,1,14,1000,-0.12617194377604268,0.16419166971818017
5527,146064,1,14,2000,-0.11666678089120541,0.16419166971818017
5527,146064,1,14,5000,-0.11666678089120541,0.16419166971818017
5527,146064,1,15,50,-0.1522135943547458,0.16651606331654678
5527,146064,1,15,100,-0.24388023528067115,0.16651606331654678
5527,146064,1,15,250,-0.24388023528067115,0.16651606331654678
5527,146064,1,15,500,-0.17165737812016324,0.16651606331654678
5527,146064,1,15,1000,-0.10464414937403577,0.16651606331654678
5527,146064,1,15,2000,-0.24388023528067115,0.16651606331654678
5527,146064,1,15,5000,-0.04678826978973827,0.16651606331654678
5527,146064,1,16,50,-0.25616332288001775,0.17191097357489693
5527,146064,1,16,100,-0.24869800917245521,0.17191097357489693
5527,146064,1,16,250,-0.25616332288001775,0.17191097357489693
5527,146064,1,16,500,-0.25616332288001775,0.17191097357489693
5527,146064,1,16,1000,-0.25616332288001775,0.17191097357489693
5527,146064,1,16,2000,-0.09157988658371885,0.17191097357489693
5527,146064,1,16,5000,-0.10607647683642107,0.17191097357489693
5527,146064,1,17,50,-0.20169291385706423,0.14914724828901604
5527,146064,1,17,100,-0.23519949203221047,0.14914724828901604
5527,146064,1,17,250,-0.24631022561244897,0.14914724828901604
5527,146064,1,17,500,-0.19908883567419589,0.14914724828901604
5527,146064,1,17,1000,-0.18242119085935926,0.14914724828901604
5527,146064,1,17,2000,-0.1422312463898605,0.14914724828901604
5527,146064,1,17,5000,-0.2407548588223296,0.14914724828901604
5527,146064,1,18,50,-0.2835503535233408,0.16474896676009151
5527,146064,1,18,100,-0.28385499519677704,0.16474896676009151
5527,146064,1,18,250,-0.2835503535233408,0.16474896676009151
5527,146064,1,18,500,-0.2835503535233408,0.16474896676009151
5527,146064,1,18,1000,-0.2835503535233408,0.16474896676009151
5527,146064,1,18,2000,-0.037369788851272956,0.16474896676009151
5527,146064,1,18,5000,-0.0426650132744999,0.16474896676009151
5527,146064,1,19,50,-0.2847656382725694,0.16237166917705895
5527,146064,1,19,100,-0.2847656382725694,0.16237166917705895
5527,146064,1,19,250,0.28237826495562834,0.16237166917705895
5527,146064,1,19,500,-0.2847656382725694,0.16237166917705895
5527,146064,1,19,1000,-0.2847656382725694,0.16237166917705895
5527,146064,1,19,2000,0.28237826495562834,0.16237166917705895
5527,146064,1,19,5000,-0.10156249999999978,0.16237166917705895
5527,146064,1,20,50,0.3232635472878015,0.15549919056053907
5527,146064,1,20,100,0.34427057431712405,0.15549919056053907
5527,146064,1,20,250,0.34427057431712405,0.15549919056053907
5527,146064,1,20,500,0.34427057431712405,0.15549919056053907
5527,146064,1,20,1000,0.34427057431712405,0.15549919056053907
5527,146064,1,20,2000,0.2520831418865701,0.15549919056053907
5527,146064,1,20,5000,-0.09344613054880202,0.15549919056053907
5527,146064,1,21,50,-0.251605908542631,0.1680379642361358
5527,146064,1,21,100,-0.251605908542631,0.1680379642361358
5527,146064,1,21,250,-0.251605908542631,0.1680379642361358
5527,146064,1,21,500,-0.24327208613521278,0.1680379642361358
5527,146064,1,21,1000,-0.251605908542631,0.1680379642361358
5527,146064,1,21,2000,-0.251605908542631,0.1680379642361358
5527,146064,1,21,5000,-0.24448773286361603,0.1680379642361358
5527,146064,1,22,50,0.1907987644830288,0.17885946192642904
5527,146064,1,22,100,0.061804638005381496,0.17885946192642904
5527,146064,1,22,250,-0.07881939671681915,0.17885946192642904
5527,146064,1,22,500,0.05624927121526224,0.17885946192642904
5527,146064,1,22,1000,-0.1474824058815528,0.17885946192642904
5527,146064,1,22,2000,0.053472360042442046,0.17885946192642904
5527,146064,1,22,5000,0.061804638005381496,0.17885946192642904
5527,146064,1,23,50,0.22751718387538222,0.16330462299715126
5527,146064,1,23,100,0.22751718387538222,0.16330462299715126
5527,146064,1,23,250,-0.09830729367766189,0.16330462299715126
5527,146064,1,23,500,-0.09830729367766189,0.16330462299715126
5527,146064,1,23,1000,-0.09830729367766189,0.16330462299715126
5527,146064,1,23,2000,-0.09830729367766189,0.16330462299715126
5527,146064,1,23,5000,-0.09830729367766189,0.16330462299715126
5527,146064,1,24,50,-0.0577256877411263,0.16802347218588626
5527,146064,1,24,100,-0.04548611003858005,0.16802347218588626
5527,146064,1,24,250,0.052083832060196955,0.16802347218588626
5527,146064,1,24,500,-0.13315995174383155,0.16802347218588626
5527,146064,1,24,1000,-0.0577256877411263,0.16802347218588626
5527,146064,1,24,2000,-0.0577256877411263,0.16802347218588626
5527,146064,1,24,5000,-0.13315995174383155,0.16802347218588626
5527,146064,2,5,50,-0.13897567808834832,0.2750370959208387
5527,146064,2,5,100,-0.17838538851273078,0.2750370959208387
5527,146064,2,5,250,-0.17838538851273078,0.2750370959208387
5527,146064,2,5,500,-0.15894083252507396,0.2750370959208387
5527,146064,2,5,1000,-0.16727465493249216,0.2750370959208387
5527,146064,2,5,2000,-0.17838538851273078,0.2750370959208387
5527,146064,2,5,5000,-0.15616392135225377,0.2750370959208387
5527,146064,2,6,50,-0.1799479319502314,0.24291175760656417
5527,146064,2,6,100,-0.16801217543499236,0.24291175760656417
5527,146064,2,6,250,-0.17074656612075645,0.24291175760656417
5527,146064,2,6,500,-0.16801217543499236,0.24291175760656417
5527,146064,2,6,1000,-0.16801217543499236,0.24291175760656417
5527,146064,2,6,2000,-0.16801217543499236,0.24291175760656417
5527,146064,2,6,5000,-0.16801217543499236,0.24291175760656417
5527,146064,2,7,50,0.21592907215953527,0.229926958526388
5527,146064,2,7,100,-0.001692276773717083,0.229926958526388
5527,146064,2,7,250,0.2318139249430875,0.229926958526388
5527,146064,2,7,500,-0.2510850687741122,0.229926958526388
5527,146064,2,7,1000,0.23424449444154472,0.229926958526388
5527,146064,2,7,2000,0.23424449444154472,0.229926958526388
5527,146064,2,7,5000,0.23424449444154472,0.229926958526388
5527,146064,2,8,50,0.004991017124800767,0.24597118947183003
5527,146064,2,8,100,0.06610275459395054,0.24597118947183003
5527,146064,2,8,250,-0.022785816825795613,0.24597118947183003
5527,146064,2,8,500,-0.014453538862856052,0.24597118947183003
5527,146064,2,8,1000,-0.22708290539350873,0.24597118947183003
5527,146064,2,8,2000,-0.022785816825795613,0.24597118947183003
5527,146064,2,8,5000,0.004991017124800767,0.24597118947183003
5527,146064,2,9,50,-0.0970486438233027,0.19182887882252356
5527,146064,2,9,100,-0.14500866433352566,0.19182887882252356
5527,146064,2,9,250,-0.13719614020158066,0.19182887882252356
5527,146064,2,9,500,-0.14500866433352566,0.19182887882252356
5527,146064,2,9,1000,-0.13719614020158066,0.19182887882252356
5527,146064,2,9,2000,-0.13719614020158066,0.19182887882252356
5527,146064,2,9,5000,-0.13719614020158066,0.19182887882252356
5527,146064,2,10,50,-0.05720492036844216,0.19800858611999994
5527,146064,2,10,100,-0.07769098696952148,0.19800858611999994
5527,146064,2,10,250,-0.2589408614834081,0.19800858611999994
5527,146064,2,10,500,-0.06948781491222922,0.19800858611999994
5527,146064,2,10,1000,-0.06948781491222922,0.19800858611999994
5527,146064,2,10,2000,-0.06948781491222922,0.19800858611999994
5527,146064,2,10,5000,-0.06948781491222922,0.19800858611999994
5527,146064,2,11,50,0.21710058156056855,0.1941611294647615
5527,146064,2,11,100,0.22712663247781395,0.1941611294647615
5527,146064,2,11,250,0.21953115105902554,0.1941611294647615
5527,146064,2,11,500,0.22712663247781395,0.1941611294647615
5527,146064,2,11,1000,0.22712663247781395,0.1941611294647615
5527,146064,2,11,2000,0.22712663247781395,0.1941611294647615
5527,146064,2,11,5000,0.22712663247781395,0.1941611294647615
5527,146064,2,12,50,-0.1519093387924294,0.1753594536795692
5527,146064,2,12,100,-0.15468779440972846,0.1753594536795692
5527,146064,2,12,250,-0.13667551762056673,0.1753594536795692
5527,146064,2,12,500,-0.216884455861321,0.1753594536795692
5527,146064,2,12,1000,-0.21410600024402193,0.1753594536795692
5527,146064,2,12,2000,-0.21410600024402193,0.1753594536795692
5527,146064,2,12,5000,-0.2196613670341412,0.1753594536795692
5527,146064,2,13,50,0.041667060821768076,0.1927858333022499
5527,146064,2,13,100,0.2154949384693322,0.1927858333022499
5527,146064,2,13,250,-0.007421369435752667,0.1927858333022499
5527,146064,2,13,500,0.04644144547647644,0.1927858333022499
5527,146064,2,13,1000,-0.05464430381848462,0.1927858333022499
5527,146064,2,13,2000,-0.06297658178142418,0.1927858333022499
5527,146064,2,13,5000,-0.082421137769081,0.1927858333022499
5527,146064,2,14,50,-0.06740445583815391,0.16984250428701317
5527,146064,2,14,100,0.09974034509839713,0.16984250428701317
5527,146064,2,14,250,-0.12269880185858395,0.16984250428701317
5527,146064,2,14,500,0.058594799739606906,0.16984250428701317
5527,146064,2,14,1000,0.018750738437516956,0.16984250428701317
5527,146064,2,14,2000,-0.10325424587092713,0.16984250428701317
5527,146064,2,14,5000,0.02430610522763621,0.16984250428701317
5527,146064,2,15,50,-0.1414931467206808,0.1635723760385782
5527,146064,2,15,100,-0.1745217675935391,0.1635723760385782
5527,146064,2,15,250,-0.1634110340133006,0.1635723760385782
5527,146064,2,15,500,0.00494856903357932,0.1635723760385782
5527,146064,2,15,1000,0.32669281732928507,0.1635723760385782
5527,146064,2,15,2000,-0.1634110340133006,0.1635723760385782
5527,146064,2,15,5000,-0.1634110340133006,0.1635723760385782
5527,146064,2,16,50,-0.11601548382812188,0.1682840679409078
5527,146064,2,16,100,-0.06228196787709939,0.1682840679409078
5527,146064,2,16,250,-0.1098524505314431,0.1682840679409078
5527,146064,2,16,500,0.5173612934413623,0.1682840679409078
5527,146064,2,16,1000,-0.1455299143451093,0.1682840679409078
5527,146064,2,16,2000,0.5201382046141826,0.1682840679409078
5527,146064,2,16,5000,-0.14275145872781025,0.1682840679409078
5527,146064,2,17,50,-0.14592024855517205,0.15695838330656348
5527,146064,2,17,100,-0.14769961751832483,0.15695838330656348
5527,146064,2,17,250,-0.10460083253279573,0.15695838330656348
5527,146064,2,17,500,-0.10460083253279573,0.15695838330656348
5527,146064,2,17,1000,-0.08775994448494384,0.15695838330656348
5527,146064,2,17,2000,0.3956166686873148,0.15695838330656348
5527,146064,2,17,5000,-0.09053840010224279,0.15695838330656348
5527,146064,2,18,50,-0.3901474288088317,0.17371003567120463
5527,146064,2,18,100,-0.022829857625385364,0.17371003567120463
5527,146064,2,18,250,-0.14900170487364905,0.17371003567120463
5527,146064,2,18,500,-0.14900170487364905,0.17371003567120463
5527,146064,2,18,1000,0.5190969111882648,0.17371003567120463
5527,146064,2,18,2000,0.3440974517438324,0.17371003567120463
5527,146064,2,18,5000,-0.14795988054494202,0.17371003567120463
5527,146064,2,19,50,-0.031163245657794048,0.15405574522357587
5527,146064,2,19,100,-0.05203996018422097,0.15405574522357587
5527,146064,2,19,250,-0.12643232746238475,0.15405574522357587
5527,146064,2,19,500,-0.12578131998264053,0.15405574522357587
5527,146064,2,19,1000,0.4940104271238429,0.15405574522357587
5527,146064,2,19,2000,-0.12300440880982033,0.15405574522357587
5527,146064,2,19,5000,-0.12300440880982033,0.15405574522357587
5527,146064,2,20,50,-0.023698366325241027,0.16781161384888083
5527,146064,2,20,100,-0.06128529441745034,0.16781161384888083
5527,146064,2,20,250,-0.028862868002508035,0.16781161384888083
5527,146064,2,20,500,-0.028862868002508035,0.16781161384888083
5527,146064,2,20,1000,-0.032291245162027415,0.16781161384888083
5527,146064,2,20,2000,-0.032291245162027415,0.16781161384888083
5527,146064,2,20,5000,-0.028862868002508035,0.16781161384888083
5527,146064,2,21,50,-0.1578559326745762,0.1513193171536965
5527,146064,2,21,100,-0.09309899252025511,0.1513193171536965
5527,146064,2,21,250,-0.01688367398630397,0.1513193171536965
5527,146064,2,21,500,0.3885846440518816,0.1513193171536965
5527,146064,2,21,1000,-0.07660608711902361,0.1513193171536965
5527,146064,2,21,2000,0.474696690409927,0.1513193171536965
5527,146064,2,21,5000,0.45247367880497114,0.1513193171536965
5527,146064,2,22,50,-0.06393225506655031,0.1578555693523304
5527,146064,2,22,100,-0.02712671935281563,0.1578555693523304
5527,146064,2,22,250,-0.07526044160300949,0.1578555693523304
5527,146064,2,22,500,-0.03671880550347317,0.1578555693523304
5527,146064,2,22,1000,-0.038411444256365335,0.1578555693523304
5527,146064,2,22,2000,-0.024826365829474617,0.1578555693523304
5527,146064,2,22,5000,-0.17855921091242632,0.1578555693523304
5527,146064,2,23,50,-0.01688367398630386,0.14928323243183178
5527,146064,2,23,100,-0.10203995053144344,0.14928323243183178
5527,146064,2,23,250,-0.0210937572395834,0.14928323243183178
5527,146064,2,23,500,-0.0570312668923616,0.14928323243183178
5527,146064,2,23,1000,-0.10668404681520116,0.14928323243183178
5527,146064,2,23,2000,-0.04136282939139624,0.14928323243183178
5527,146064,2,23,5000,-0.04136282939139624,0.14928323243183178
5527,146064,2,24,50,-0.02243918556809299,0.16089390337477447
5527,146064,2,24,100,-0.09939245897955373,0.16089390337477447
5527,146064,2,24,250,-0.02439237693094154,0.16089390337477447
5527,146064,2,24,500,-0.07118057432484604,0.16089390337477447
5527,146064,2,24,1000,-0.043055588804012834,0.16089390337477447
5527,146064,2,24,2000,-0.07118057432484604,0.16089390337477447
5527,146064,2,24,5000,-0.03671873310763851,0.16089390337477447
5527,146065,0,5,50,-0.11571463428902196,0.14510072902646112
5527,146065,0,5,100,-0.11571463428902196,0.14510072902646112
5527,146065,0,5,250,-0.11571463428902196,0.14510072902646112
5527,146065,0,5,500,-0.11571463428902196,0.14510072902646112
5527,146065,0,5,1000,-0.11571463428902196,0.14510072902646112
5527,146065,0,5,2000,-0.11571463428902196,0.14510072902646112
5527,146065,0,5,5000,-0.11571463428902196,0.14510072902646112
5527,146065,0,6,50,-0.16899354048129306,0.10292466097646367
5527,146065,0,6,100,-0.15324045850883072,0.10292466097646367
5527,146065,0,6,250,-0.15324045850883072,0.10292466097646367
5527,146065,0,6,500,-0.15311237653636822,0.10292466097646367
5527,146065,0,6,1000,-0.15324045850883072,0.10292466097646367
5527,146065,0,6,2000,-0.15324045850883072,0.10292466097646367
5527,146065,0,6,5000,0.43295378272863855,0.10292466097646367
5527,146065,0,7,50,-0.06070700633020509,0.12360071028595973
5527,146065,0,7,100,0.14831045715411728,0.12360071028595973
5527,146065,0,7,250,0.3673153895416142,0.12360071028595973
5527,146065,0,7,500,-0.032019107613487696,0.12360071028595973
5527,146065,0,7,1000,0.3673153895416142,0.12360071028595973
5527,146065,0,7,2000,0.3673153895416142,0.12360071028595973
5527,146065,0,7,5000,0.3673153895416142,0.12360071028595973
5527,146065,0,8,50,-0.06768701199536942,0.09604313551669824
5527,146065,0,8,100,-0.09752857213231869,0.09604313551669824
5527,146065,0,8,250,-0.0729368334195426,0.09604313551669824
5527,146065,0,8,500,0.050909582132564524,0.09604313551669824
5527,146065,0,8,1000,0.017994978324589073,0.09604313551669824
5527,146065,0,8,2000,0.009028239611812872,0.09604313551669824
5527,146065,0,8,5000,-0.09970581171950044,0.09604313551669824
5527,146065,0,9,50,-0.03413099768467209,0.0856855931681974
5527,146065,0,9,100,0.34759234371536246,0.0856855931681974
5527,146065,0,9,250,0.4090667642675929,0.0856855931681974
5527,146065,0,9,500,0.34759234371536246,0.0856855931681974
5527,146065,0,9,1000,0.22464103949604675,0.0856855931681974
5527,146065,0,9,2000,0.34759234371536246,0.0856855931681974
5527,146065,0,9,5000,0.3967733580260597,0.0856855931681974
5527,146065,0,10,50,-0.038998497499938334,0.08144215132019235
5527,146065,0,10,100,-0.10770981889948045,0.08144215132019235
5527,146065,0,10,250,-0.16598442233798877,0.08144215132019235
5527,146065,0,10,500,-0.0963127555481666,0.08144215132019235
5527,146065,0,10,1000,-0.1905736979359101,0.08144215132019235
5527,146065,0,10,2000,-0.09221413242937054,0.08144215132019235
5527,146065,0,10,5000,-0.19467232105470617,0.08144215132019235
5527,146065,0,11,50,-0.023373459013768638,0.08037248464508369
5527,146065,0,11,100,-0.08318281392398846,0.08037248464508369
5527,146065,0,11,250,0.01812279089386415,0.08037248464508369
5527,146065,0,11,500,0.11821146302864588,0.08037248464508369
5527,146065,0,11,1000,-0.03707749883002043,0.08037248464508369
5527,146065,0,11,2000,-0.023180643304022253,0.08037248464508369
5527,146065,0,11,5000,0.05814502050543108,0.08037248464508369
5527,146065,0,12,50,-0.06121771780093155,0.06929062185566444
5527,146065,0,12,100,-0.038486092637749714,0.06929062185566444
5527,146065,0,12,250,-0.038486092637749714,0.06929062185566444
5527,146065,0,12,500,-0.038486092637749714,0.06929062185566444
5527,146065,0,12,1000,-0.038486092637749714,0.06929062185566444
5527,146065,0,12,2000,-0.038486092637749714,0.06929062185566444
5527,146065,0,12,5000,-0.038486092637749714,0.06929062185566444
5527,146065,0,13,50,-0.036757062981847,0.0654759498873127
5527,146065,0,13,100,-0.024077794403802977,0.0654759498873127
5527,146065,0,13,250,-0.024077794403802977,0.0654759498873127
5527,146065,0,13,500,-0.024077794403802977,0.0654759498873127
5527,146065,0,13,1000,-0.024077794403802977,0.0654759498873127
5527,146065,0,13,2000,-0.024077794403802977,0.0654759498873127
5527,146065,0,13,5000,-0.1661109263774972,0.0654759498873127
5527,146065,0,14,50,-0.0495644135323533,0.052576544037406185
5527,146065,0,14,100,-0.04309669727086918,0.052576544037406185
5527,146065,0,14,250,-0.0320824558486662,0.052576544037406185
5527,146065,0,14,500,-0.10239476341781811,0.052576544037406185
5527,146065,0,14,1000,-0.10239476341781811,0.052576544037406185
5527,146065,0,14,2000,0.2625503014236802,0.052576544037406185
5527,146065,0,14,5000,-0.10239476341781811,0.052576544037406185
5527,146065,0,15,50,-0.02939284988546509,0.06461824060830389
5527,146065,0,15,100,-0.027599817729500598,0.06461824060830389
5527,146065,0,15,250,-0.027599817729500598,0.06461824060830389
5527,146065,0,15,500,-0.03285083222493157,0.06461824060830389
5527,146065,0,15,1000,0.33549025222296114,0.06461824060830389
5527,146065,0,15,2000,0.35598090470208615,0.06461824060830389
5527,146065,0,15,5000,0.3313916291041651,0.06461824060830389
5527,146065,0,16,50,-0.042072118463509445,0.06172105164255417
5527,146065,0,16,100,-0.03848605415158035,0.06172105164255417
5527,146065,0,16,250,-0.03195433539003434,0.06172105164255417
5527,146065,0,16,500,-0.03195433539003434,0.06172105164255417
5527,146065,0,16,1000,0.3554051516047191,0.06172105164255417
5527,146065,0,16,2000,-0.03195433539003434,0.06172105164255417
5527,146065,0,16,5000,-0.03195433539003434,0.06172105164255417
5527,146065,0,17,50,-0.038742256582674495,0.06017516963077744
5527,146065,0,17,100,-0.038614174610212215,0.06017516963077744
5527,146065,0,17,250,0.36155243201802983,0.06017516963077744
5527,146065,0,17,500,-0.038614174610212215,0.06017516963077744
5527,146065,0,17,1000,-0.03182629190374142,0.06017516963077744
5527,146065,0,17,2000,0.3831967459173872,0.06017516963077744
5527,146065,0,17,5000,-0.13236386672085515,0.06017516963077744
5527,146065,0,18,50,-0.04111158064238041,0.05973205857658361
5527,146065,0,18,100,-0.04111158064238041,0.05973205857658361
5527,146065,0,18,250,-0.09637467979506897,0.05973205857658361
5527,146065,0,18,500,0.16086010431291398,0.05973205857658361
5527,146065,0,18,1000,0.2136907620877359,0.05973205857658361
5527,146065,0,18,2000,0.20690372607699692,0.05973205857658361
5527,146065,0,18,5000,0.2028051029582009,0.05973205857658361
5527,146065,0,19,50,-0.030545510665287434,0.05739206368218595
5527,146065,0,19,100,-0.030545510665287323,0.05739206368218595
5527,146065,0,19,250,-0.032274501835020564,0.05739206368218595
5527,146065,0,19,500,-0.03112184105519833,0.05739206368218595
5527,146065,0,19,1000,-0.03112184105519833,0.05739206368218595
5527,146065,0,19,2000,-0.03112184105519833,0.05739206368218595
5527,146065,0,19,5000,0.2865637854380647,0.05739206368218595
5527,146065,0,20,50,-0.028240189105642965,0.05218643037528214
5527,146065,0,20,100,-0.028240189105642965,0.05218643037528214
5527,146065,0,20,250,-0.033811370046060385,0.05218643037528214
5527,146065,0,20,500,-0.0464906386241043,0.05218643037528214
5527,146065,0,20,1000,-0.028240189105642965,0.05218643037528214
5527,146065,0,20,2000,-0.039574673945171224,0.05218643037528214
5527,146065,0,20,5000,-0.0464906386241043,0.05218643037528214
5527,146065,0,21,50,-0.018954861880834395,0.057201013042595256
5527,146065,0,21,100,-0.018954861880834395,0.057201013042595256
5527,146065,0,21,250,-0.013191557981723445,0.057201013042595256
5527,146065,0,21,500,-0.013191557981723445,0.057201013042595256
5527,146065,0,21,1000,-0.028688437523091803,0.057201013042595256
5527,146065,0,21,2000,-0.026062911032291414,0.057201013042595256
5527,146065,0,21,5000,-0.026062911032291414,0.057201013042595256
5527,146065,0,22,50,-0.05039690786718931,0.06453361450141008
5527,146065,0,22,100,-0.05033286688095784,0.06453361450141008
5527,146065,0,22,250,-0.053598764747900485,0.06453361450141008
5527,146065,0,22,500,-0.053598764747900485,0.06453361450141008
5527,146065,0,22,1000,-0.053598764747900485,0.06453361450141008
5527,146065,0,22,2000,-0.05244610396807825,0.06453361450141008
5527,146065,0,22,5000,0.31089901383038976,0.06453361450141008
5527,146065,0,23,50,-0.03374736754599872,0.055047879706622185
5527,146065,0,23,100,-0.027663897201901433,0.055047879706622185
5527,146065,0,23,250,-0.028816557981723556,0.055047879706622185
5527,146065,0,23,500,-0.027663897201901433,0.055047879706622185
5527,146065,0,23,1000,-0.027663897201901433,0.055047879706622185
5527,146065,0,23,2000,-0.027663897201901433,0.055047879706622185
5527,146065,0,23,5000,-0.027663897201901433,0.055047879706622185
5527,146065,0,24,50,-0.02183651383038987,0.044421223027828464
5527,146065,0,24,100,-0.02183651383038987,0.044421223027828464
5527,146065,0,24,250,-0.01440825974777693,0.044421223027828464
5527,146065,0,24,500,-0.016713581307421288,0.044421223027828464
5527,146065,0,24,1000,-0.01440825974777693,0.044421223027828464
5527,146065,0,24,2000,-0.01440825974777693,0.044421223027828464
5527,146065,0,24,5000,-0.01440825974777693,0.044421223027828464
5527,146065,1,5,50,-0.014600382706470488,0.012461465051239212
5527,146065,1,5,100,-0.0061475498164978715,0.012461465051239212
5527,146065,1,5,250,-0.014600382706470488,0.012461465051239212
5527,146065,1,5,500,-0.0061475498164978715,0.012461465051239212
5527,146065,1,5,1000,-0.014600382706470488,0.012461465051239212
5527,146065,1,5,2000,-0.014600382706470488,0.012461465051239212
5527,146065,1,5,5000,-0.014600382706470488,0.012461465051239212
5527,146065,1,6,50,-0.006339749747530654,0.011349361057080067
5527,146065,1,6,100,-0.006339634289021817,0.011349361057080067
5527,146065,1,6,250,-0.008644955848666147,0.011349361057080067
5527,146065,1,6,500,-0.008644955848666147,0.011349361057080067
5527,146065,1,6,1000,-0.008644955848666147,0.011349361057080067
5527,146065,1,6,2000,-0.008644955848666147,0.011349361057080067
5527,146065,1,6,5000,-0.008644955848666147,0.011349361057080067
5527,146065,1,7,50,-0.5190189028670658,0.009854859838467112
5527,146065,1,7,100,0.01479158199709349,0.009854859838467112
5527,146065,1,7,250,-0.008837078807359733,0.009854859838467112
5527,146065,1,7,500,-0.5190189028670658,0.009854859838467112
5527,146065,1,7,1000,-0.008644955848666175,0.009854859838467112
5527,146065,1,7,2000,-0.005699070482031526,0.009854859838467112
5527,146065,1,7,5000,-0.008644955848666175,0.009854859838467112
5527,146065,1,8,50,0.04053598148969184,0.010062802163654414
5527,146065,1,8,100,-0.007492295068843996,0.010062802163654414
5527,146065,1,8,250,-0.007492295068843996,0.010062802163654414
5527,146065,1,8,500,-0.0033936719500479717,0.010062802163654414
5527,146065,1,8,1000,-0.007492295068843996,0.010062802163654414
5527,146065,1,8,2000,-0.007492295068843996,0.010062802163654414
5527,146065,1,8,5000,0.013000820525136153,0.010062802163654414
5527,146065,1,9,50,-0.5184425724771548,0.010418908023585274
5527,146065,1,9,100,0.04053590451735256,0.010418908023585274
5527,146065,1,9,250,-0.07011953034557508,0.010418908023585274
5527,146065,1,9,500,-0.006339634289021873,0.010418908023585274
5527,146065,1,9,1000,-0.0022410111702258484,0.010418908023585274
5527,146065,1,9,2000,-0.006339634289021873,0.010418908023585274
5527,146065,1,9,5000,0.030545510665287254,0.010418908023585274
5527,146065,1,10,50,0.054238020025123915,0.009025145046932295
5527,146065,1,10,100,0.04399404080149755,0.009025145046932295
5527,146065,1,10,250,0.04399404080149755,0.009025145046932295
5527,146065,1,10,500,0.04399404080149755,0.009025145046932295
5527,146065,1,10,1000,0.035796794563905485,0.009025145046932295
5527,146065,1,10,2000,0.03169817144510946,0.009025145046932295
5527,146065,1,10,5000,0.023500925207517412,0.009025145046932295
5527,146065,1,11,50,0.0010890816276263315,0.009943818097803314
5527,146065,1,11,100,0.042072849700731496,0.009943818097803314
5527,146065,1,11,250,-0.0030095414911696927,0.009943818097803314
5527,146065,1,11,500,0.0010890816276263315,0.009943818097803314
5527,146065,1,11,1000,0.0010890816276263315,0.009943818097803314
5527,146065,1,11,2000,0.0010890816276263315,0.009943818097803314
5527,146065,1,11,5000,-0.007108164609965717,0.009943818097803314
5527,146065,1,12,50,-0.015560997499938362,0.008744307948745745
5527,146065,1,12,100,0.0008334949752457355,0.008744307948745745
5527,146065,1,12,250,-0.008645032821005427,0.008744307948745745
5527,146065,1,12,500,0.009028278097982678,0.008744307948745745
5527,146065,1,12,1000,0.009028278097982678,0.008744307948745745
5527,146065,1,12,2000,-0.008645032821005427,0.008744307948745745
5527,146065,1,12,5000,-0.008645032821005427,0.008744307948745745
5527,146065,1,13,50,-0.017482150114534745,0.007226231152605466
5527,146065,1,13,100,-0.015689002500061444,0.007226231152605466
5527,146065,1,13,250,-0.015689002500061444,0.007226231152605466
5527,146065,1,13,500,-0.015689002500061444,0.007226231152605466
5527,146065,1,13,1000,0.02939338869183973,0.007226231152605466
5527,146065,1,13,2000,0.04168925804822782,0.007226231152605466
5527,146065,1,13,5000,-0.015689002500061444,0.007226231152605466
5527,146065,1,14,50,0.023757127638611722,0.008261908630709682
5527,146065,1,14,100,0.03214676623808459,0.008261908630709682
5527,146065,1,14,250,0.01600843770782523,0.008261908630709682
5527,146065,1,14,500,0.019850896881696514,0.008261908630709682
5527,146065,1,14,1000,0.03368363444912424,0.008261908630709682
5527,146065,1,14,2000,0.024141642959186096,0.008261908630709682
5527,146065,1,14,5000,0.0406001764206014,0.008261908630709682
5527,146065,1,15,50,-0.008453102293159903,0.007884361048414407
5527,146065,1,15,100,-0.003842266743023126,0.007884361048414407
5527,146065,1,15,250,-0.004546717591566191,0.007884361048414407
5527,146065,1,15,500,-0.007364482499568892,0.007884361048414407
5527,146065,1,15,1000,-0.004162471674179075,0.007884361048414407
5527,146065,1,15,2000,-0.003778264242961543,0.007884361048414407
5527,146065,1,15,5000,-0.0006402559176333644,0.007884361048414407
5527,146065,1,16,50,0.057632307753885795,0.008456452465712307
5527,146065,1,16,100,-0.010758231421956144,0.008456452465712307
5527,146065,1,16,250,-0.009861965504076364,0.008456452465712307
5527,146065,1,16,500,-0.006787998164979325,0.008456452465712307
5527,146065,1,16,1000,-0.001408709266237984,0.008456452465712307
5527,146065,1,16,2000,-0.006531834220054572,0.008456452465712307
5527,146065,1,16,5000,-0.006531834220054572,0.008456452465712307
5527,146065,1,17,50,-0.011270559311805678,0.007636138869966367
5527,146065,1,17,100,-0.004738455688563681,0.007636138869966367
5527,146065,1,17,250,0.044954655594965365,0.007636138869966367
5527,146065,1,17,500,-0.5943910256410259,0.007636138869966367
5527,146065,1,17,1000,0.044954655594965365,0.007636138869966367
5527,146065,1,17,2000,0.044954655594965365,0.007636138869966367
5527,146065,1,17,5000,-0.01050206747703139,0.007636138869966367
5527,146065,1,18,50,0.03425973392201777,0.007663898559902728
5527,146065,1,18,100,0.04860526121333031,0.007663898559902728
5527,146065,1,18,250,-0.008068702431094366,0.007663898559902728
5527,146065,1,18,500,-0.007300210596320134,0.007663898559902728
5527,146065,1,18,1000,-0.008068702431094366,0.007663898559902728
5527,146065,1,18,2000,-0.007428292568782496,0.007663898559902728
5527,146065,1,18,5000,-0.008068702431094366,0.007663898559902728
5527,146065,1,19,50,0.038614982819773824,0.007380883453190613
5527,146065,1,19,100,-0.007236554471785006,0.007380883453190613
5527,146065,1,19,250,-0.009221555641764578,0.007380883453190613
5527,146065,1,19,500,0.02151623192689474,0.007380883453190613
5527,146065,1,19,1000,0.021131986009507622,0.007380883453190613
5527,146065,1,19,2000,0.02932923224709967,0.007380883453190613
5527,146065,1,19,5000,0.017033362890711584,0.007380883453190613
5527,146065,1,20,50,-0.5533434859848765,0.0072364487175426125
5527,146065,1,20,100,-0.7115146001133034,0.0072364487175426125
5527,146065,1,20,250,-0.015433338875341596,0.0072364487175426125
5527,146065,1,20,500,-0.010694305894233674,0.0072364487175426125
5527,146065,1,20,1000,-0.010694305894233674,0.0072364487175426125
5527,146065,1,20,2000,-0.010694305894233674,0.0072364487175426125
5527,146065,1,20,5000,0.0016015634621543984,0.0072364487175426125
5527,146065,1,21,50,-0.016265794724007937,0.006817379171311882
5527,146065,1,21,100,-0.7173424838050199,0.006817379171311882
5527,146065,1,21,250,-0.008196784403556645,0.006817379171311882
5527,146065,1,21,500,-0.008196784403556645,0.006817379171311882
5527,146065,1,21,1000,-0.008196784403556645,0.006817379171311882
5527,146065,1,21,2000,-0.008196784403556645,0.006817379171311882
5527,146065,1,21,5000,-0.008196784403556645,0.006817379171311882
5527,146065,1,22,50,-0.6941597622478388,0.00641477097456642
5527,146065,1,22,100,0.03720592717800926,0.00641477097456642
5527,146065,1,22,250,0.03726989119190123,0.00641477097456642
5527,146065,1,22,500,0.06576570543609467,0.00641477097456642
5527,146065,1,22,1000,0.04533928637404863,0.00641477097456642
5527,146065,1,22,2000,0.02138791903741473,0.00641477097456642
5527,146065,1,22,5000,0.03688595316387103,0.00641477097456642
5527,146065,1,23,50,0.03554047667430234,0.006883070188413418
5527,146065,1,23,100,0.0340684961452252,0.006883070188413418
5527,146065,1,23,250,-0.006147665275006681,0.006883070188413418
5527,146065,1,23,500,-0.7474393227049927,0.006883070188413418
5527,146065,1,23,1000,-0.7515379458237887,0.006883070188413418
5527,146065,1,23,2000,0.01383146752383066,0.006883070188413418
5527,146065,1,23,5000,0.02497459912805737,0.006883070188413418
5527,146065,1,24,50,-0.7829154889898765,0.006668619142929992
5527,146065,1,24,100,-0.006211629288898679,0.006668619142929992
5527,146065,1,24,250,-0.006211629288898679,0.006668619142929992
5527,146065,1,24,500,0.020683699105889283,0.006668619142929992
5527,146065,1,24,1000,0.02708791318751695,0.006668619142929992
5527,146065,1,24,2000,0.027215995159979314,0.006668619142929992
5527,146065,1,24,5000,0.02708791318751695,0.006668619142929992
5527,146065,2,5,50,0.4428804819699997,0.2315602919713086
5527,146065,2,5,100,0.44672294114387107,0.2315602919713086
5527,146065,2,5,250,0.442624318025075,0.2315602919713086
5527,146065,2,5,500,0.44672294114387107,0.2315602919713086
5527,146065,2,5,1000,0.442624318025075,0.2315602919713086
5527,146065,2,5,2000,0.442624318025075,0.2315602919713086
5527,146065,2,5,5000,0.44672294114387107,0.2315602919713086
5527,146065,2,6,50,0.5681353373851574,0.20224011901772979
5527,146065,2,6,100,0.2976434533486049,0.20224011901772979
5527,146065,2,6,250,0.5316343613758963,0.20224011901772979
5527,146065,2,6,500,0.5189543230744602,0.20224011901772979
5527,146065,2,6,1000,-0.12858625674277668,0.20224011901772979
5527,146065,2,6,2000,0.5476446849060324,0.20224011901772979
5527,146065,2,6,5000,0.5476446849060324,0.20224011901772979
5527,146065,2,7,50,-0.1981303418803414,0.11561599362222093
5527,146065,2,7,100,0.5253588450454449,0.11561599362222093
5527,146065,2,7,250,-0.2383456181186725,0.11561599362222093
5527,146065,2,7,500,-0.21452237124067042,0.11561599362222093
5527,146065,2,7,1000,-0.21452237124067042,0.11561599362222093
5527,146065,2,7,2000,-0.21452237124067042,0.11561599362222093
5527,146065,2,7,5000,-0.23501548683465057,0.11561599362222093
5527,146065,2,8,50,-0.49564413532353013,0.14596006344603576
5527,146065,2,8,100,0.650808171075643,0.14596006344603576
5527,146065,2,8,250,0.643635657590089,0.14596006344603576
5527,146065,2,8,500,0.6395370344712931,0.14596006344603576
5527,146065,2,8,1000,0.08215877392300364,0.14596006344603576
5527,146065,2,8,2000,0.6477342807088851,0.14596006344603576
5527,146065,2,8,5000,0.635438411352497,0.14596006344603576
5527,146065,2,9,50,0.4685582234168328,0.126905744250222
5527,146065,2,9,100,0.4685582234168328,0.126905744250222
5527,146065,2,9,250,0.4644596002980368,0.126905744250222
5527,146065,2,9,500,0.4685582234168328,0.126905744250222
5527,146065,2,9,1000,0.4685582234168328,0.126905744250222
5527,146065,2,9,2000,0.4685582234168328,0.126905744250222
5527,146065,2,9,5000,0.4604895594719081,0.126905744250222
5527,146065,2,10,50,0.46049036768146995,0.13673167028844266
5527,146065,2,10,100,-0.22470488805142963,0.13673167028844266
5527,146065,2,10,250,-0.1667505280302467,0.13673167028844266
5527,146065,2,10,500,-0.18660300284489728,0.13673167028844266
5527,146065,2,10,1000,-0.27158077323333085,0.13673167028844266
5527,146065,2,10,2000,-0.2879728025936601,0.13673167028844266
5527,146065,2,10,5000,-0.29207142571245615,0.13673167028844266
5527,146065,2,11,50,0.29047132472474674,0.09158868153626545
5527,146065,2,11,100,0.29047132472474674,0.09158868153626545
5527,146065,2,11,250,0.2946977604128178,0.09158868153626545
5527,146065,2,11,500,-0.12019842699327588,0.09158868153626545
5527,146065,2,11,1000,-0.1472206827754382,0.09158868153626545
5527,146065,2,11,2000,-0.13044417658070429,0.09158868153626545
5527,146065,2,11,5000,-0.12839567323086798,0.09158868153626545
5527,146065,2,12,50,0.4641393953668808,0.1731774506711299
5527,146065,2,12,100,0.6278826910761351,0.1731774506711299
5527,146065,2,12,250,0.36661136204093697,0.1731774506711299
5527,146065,2,12,500,0.3660990726372571,0.1731774506711299
5527,146065,2,12,1000,-0.14747715460971955,0.1731774506711299
5527,146065,2,12,2000,-0.14747715460971955,0.1731774506711299
5527,146065,2,12,5000,-0.13927990837212756,0.1731774506711299
5527,146065,2,13,50,-0.000832609793345318,0.10224353196832885
5527,146065,2,13,100,0.4664444860095079,0.10224353196832885
5527,146065,2,13,250,-0.02510329687923396,0.10224353196832885
5527,146065,2,13,500,-0.16694480621443875,0.10224353196832885
5527,146065,2,13,1000,-0.05090973607724347,0.10224353196832885
5527,146065,2,13,2000,-0.02632046047932235,0.10224353196832885
5527,146065,2,13,5000,-0.02222183736052641,0.10224353196832885
5527,146065,2,14,50,0.2017804086923321,0.09715936159928378
5527,146065,2,14,100,-0.24225115612453496,0.09715936159928378
5527,146065,2,14,250,-0.03867671463582856,0.09715936159928378
5527,146065,2,14,500,-0.047259284403556756,0.09715936159928378
5527,146065,2,14,1000,-0.08151809465750393,0.09715936159928378
5527,146065,2,14,2000,-0.07127388451686023,0.09715936159928378
5527,146065,2,14,5000,-0.07127388451686023,0.09715936159928378
5527,146065,2,15,50,-0.2031243842212862,0.09926561087722735
5527,146065,2,15,100,-0.15388017562008893,0.09926561087722735
5527,146065,2,15,250,-0.031312847914973685,0.09926561087722735
5527,146065,2,15,500,-0.15388017562008893,0.09926561087722735
5527,146065,2,15,1000,-0.15388017562008893,0.09926561087722735
5527,146065,2,15,2000,-0.08779403433582045,0.09926561087722735
5527,146065,2,15,5000,-0.08779403433582045,0.09926561087722735
5527,146065,2,16,50,-0.10642923009187433,0.10761001156602165
5527,146065,2,16,100,-0.10642923009187433,0.10761001156602165
5527,146065,2,16,250,-0.06281978158329038,0.10761001156602165
5527,146065,2,16,500,-0.06250050032020538,0.10761001156602165
5527,146065,2,16,1000,-0.06250050032020538,0.10761001156602165
5527,146065,2,16,2000,-0.07101702782088237,0.10761001156602165
5527,146065,2,16,5000,-0.07101702782088237,0.10761001156602165
5527,146065,2,17,50,-0.08049401617034924,0.09677455252095801
5527,146065,2,17,100,-0.10252272993177192,0.09677455252095801
5527,146065,2,17,250,0.6367180380058622,0.09677455252095801
5527,146065,2,17,500,0.359566969014015,0.09677455252095801
5527,146065,2,17,1000,0.34317493965368606,0.09677455252095801
5527,146065,2,17,2000,0.4341074056627012,0.09677455252095801
5527,146065,2,17,5000,0.4259101594251091,0.09677455252095801
5527,146065,2,18,50,-0.22662604066602643,0.12177149045009321
5527,146065,2,18,100,-0.10963047119387148,0.12177149045009321
5527,146065,2,18,250,-0.23783309779797557,0.12177149045009321
5527,146065,2,18,500,-0.13844760646813947,0.12177149045009321
5527,146065,2,18,1000,-0.1148820244956773,0.12177149045009321
5527,146065,2,18,2000,-0.13844760646813947,0.12177149045009321
5527,146065,2,18,5000,-0.09887289403679878,0.12177149045009321
5527,146065,2,19,50,-0.08299180706421327,0.11771802862214804
5527,146065,2,19,100,-0.08126220011576579,0.11771802862214804
5527,146065,2,19,250,-0.09720786688095773,0.11771802862214804
5527,146065,2,19,500,-0.06352457880735962,0.11771802862214804
5527,146065,2,19,1000,-0.0929812002758682,0.11771802862214804
5527,146065,2,19,2000,-0.08299180706421327,0.11771802862214804
5527,146065,2,19,5000,-0.08299180706421327,0.11771802862214804
5527,146065,2,20,50,-0.024717819404418306,0.1031080948685623
5527,146065,2,20,100,-0.10521245135348178,0.1031080948685623
5527,146065,2,20,250,-0.10040972376166923,0.1031080948685623
5527,146065,2,20,500,-0.10040972376166923,0.1031080948685623
5527,146065,2,20,1000,-0.11302495135348178,0.1031080948685623
5527,146065,2,20,2000,-0.10822222376166923,0.1031080948685623
5527,146065,2,20,5000,-0.10822222376166923,0.1031080948685623
5527,146065,2,21,50,0.20997757795758487,0.08584545259090874
5527,146065,2,21,100,0.23232588087144995,0.08584545259090874
5527,146065,2,21,250,-0.06262788954161425,0.08584545259090874
5527,146065,2,21,500,-0.05532779440380309,0.08584545259090874
5527,146065,2,21,1000,-0.05532779440380309,0.08584545259090874
5527,146065,2,21,2000,-0.05532779440380309,0.08584545259090874
5527,146065,2,21,5000,-0.05532779440380309,0.08584545259090874
5527,146065,2,22,50,0.2279073991970244,0.0911789926732849
5527,146065,2,22,100,0.26562507697233917,0.0911789926732849
5527,146065,2,22,250,0.2711322554126948,0.0911789926732849
5527,146065,2,22,500,0.27932950165028686,0.0911789926732849
5527,146065,2,22,1000,0.2711322554126948,0.0911789926732849
5527,146065,2,22,2000,0.2711322554126948,0.0911789926732849
5527,146065,2,22,5000,0.2711322554126948,0.0911789926732849
5527,146065,2,23,50,-0.17379653747629242,0.10539362999493701
5527,146065,2,23,100,0.01287212277395966,0.10539362999493701
5527,146065,2,23,250,-0.029713016330451425,0.10539362999493701
5527,146065,2,23,500,-0.020235566146949324,0.10539362999493701
5527,146065,2,23,1000,-0.03573233022980893,0.10539362999493701
5527,146065,2,23,2000,-0.043416902202024654,0.10539362999493701
5527,146065,2,23,5000,-0.043416902202024654,0.10539362999493701
5527,146065,2,24,50,-0.029456929357866035,0.09260809463620619
5527,146065,2,24,100,0.4124615523165595,0.09260809463620619
5527,146065,2,24,250,0.23719253399098494,0.09260809463620619
5527,146065,2,24,500,-0.029456929357866035,0.09260809463620619
5527,146065,2,24,1000,-0.029456929357866035,0.09260809463620619
5527,146065,2,24,2000,-0.029456929357866035,0.09260809463620619
5527,146065,2,24,5000,-0.029456929357866035,0.09260809463620619
5527,9914,0,5,50,0.08739564367014996,0.042865499939629965
5527,9914,0,5,100,0.08546232655893538,0.042865499939629965
5527,9914,0,5,250,0.08609483568579646,0.042865499939629965
5527,9914,0,5,500,0.08609483568579646,0.042865499939629965
5527,9914,0,5,1000,0.08673041524531244,0.042865499939629965
5527,9914,0,5,2000,0.08609483568579646,0.042865499939629965
5527,9914,0,5,5000,0.08546232655893538,0.042865499939629965
5527,9914,0,6,50,0.0925617905381555,0.045556924224680655
5527,9914,0,6,100,0.08494711755458528,0.045556924224680655
5527,9914,0,6,250,0.06273867816339085,0.045556924224680655
5527,9914,0,6,500,0.01451446288921654,0.045556924224680655
5527,9914,0,6,1000,0.0925617905381555,0.045556924224680655
5527,9914,0,6,2000,0.0640067668497677,0.045556924224680655
5527,9914,0,6,5000,0.09192621097863984,0.045556924224680655
5527,9914,0,7,50,-0.026333229834165306,0.0498465341765131
5527,9914,0,7,100,-0.04092699624178975,0.0498465341765131
5527,9914,0,7,250,-0.0415625758013054,0.0498465341765131
5527,9914,0,7,500,-0.02059281610871755,0.0498465341765131
5527,9914,0,7,1000,-0.012074092610388942,0.0498465341765131
5527,9914,0,7,2000,-0.030277584383164857,0.0498465341765131
5527,9914,0,7,5000,-0.036098069235185215,0.0498465341765131
5527,9914,0,8,50,-0.019858215096088316,0.047319357810334244
5527,9914,0,8,100,0.006651708542250612,0.047319357810334244
5527,9914,0,8,250,-0.050405997552864346,0.047319357810334244
5527,9914,0,8,500,-0.02251653811788512,0.047319357810334244
5527,9914,0,8,1000,-0.021245378998853592,0.047319357810334244
5527,9914,0,8,2000,-0.021245378998853592,0.047319357810334244
5527,9914,0,8,5000,-0.0222594853340774,0.047319357810334244
5527,9914,0,9,50,0.0135737590846432,0.048564177667782545
5527,9914,0,9,100,0.015596646473454823,0.048564177667782545
5527,9914,0,9,250,0.013692978227562103,0.048564177667782545
5527,9914,0,9,500,0.014325487354423183,0.048564177667782545
5527,9914,0,9,1000,0.013692978227562103,0.048564177667782545
5527,9914,0,9,2000,0.013692978227562103,0.048564177667782545
5527,9914,0,9,5000,0.015596646473454823,0.048564177667782545
5527,9914,0,10,50,-0.0378026870891367,0.0464233403243346
5527,9914,0,10,100,-0.0365743221252296,0.0464233403243346
5527,9914,0,10,250,-0.036534598402759855,0.0464233403243346
5527,9914,0,10,500,-0.03717017796227551,0.0464233403243346
5527,9914,0,10,1000,-0.049899951870967185,0.0464233403243346
5527,9914,0,10,2000,-0.03526650971638312,0.0464233403243346
5527,9914,0,10,5000,-0.049899951870967185,0.0464233403243346
5527,9914,0,11,50,-0.03381827298909568,0.04843841152563041
5527,9914,0,11,100,-0.034275479601579284,0.04843841152563041
5527,9914,0,11,250,-0.03439426696490677,0.04843841152563041
5527,9914,0,11,500,-0.02170416880317494,0.04843841152563041
5527,9914,0,11,1000,-0.035662355651283506,0.04843841152563041
5527,9914,0,11,2000,-0.03439426696490677,0.04843841152563041
5527,9914,0,11,5000,-0.02090988625582091,0.04843841152563041
5527,9914,0,12,50,-0.03187622433502102,0.046099309007158265
5527,9914,0,12,100,-0.01855054661377331,0.046099309007158265
5527,9914,0,12,250,-0.029089470872340595,0.046099309007158265
5527,9914,0,12,500,-0.026550223066932666,0.046099309007158265
5527,9914,0,12,1000,-0.026550223066932666,0.046099309007158265
5527,9914,0,12,2000,-0.027185802626448208,0.046099309007158265
5527,9914,0,12,5000,-0.03162871867774897,0.046099309007158265
5527,9914,0,13,50,-0.029168150709115714,0.04556796565989454
5527,9914,0,13,100,-0.029168150709115714,0.04556796565989454
5527,9914,0,13,250,-0.03260051061294966,0.04556796565989454
5527,9914,0,13,500,-0.0318758885064484,0.04556796565989454
5527,9914,0,13,1000,-0.03251146806596439,0.04556796565989454
5527,9914,0,13,2000,-0.02981351727271797,0.04556796565989454
5527,9914,0,13,5000,-0.02981351727271797,0.04556796565989454
5527,9914,0,14,50,0.0016539557151508122,0.0388756080110304
5527,9914,0,14,100,-0.006899454077072598,0.0388756080110304
5527,9914,0,14,250,-0.003351329267056058,0.0388756080110304
5527,9914,0,14,500,0.0022895352746663544,0.0388756080110304
5527,9914,0,14,1000,-0.003986908826571711,0.0388756080110304
5527,9914,0,14,2000,-0.003351329267056058,0.0388756080110304
5527,9914,0,14,5000,-0.0027157497075405157,0.0388756080110304
5527,9914,0,15,50,0.04604190526487095,0.03932838540879755
5527,9914,0,15,100,0.039768003865674584,0.03932838540879755
5527,9914,0,15,250,0.047805628947424905,0.03932838540879755
5527,9914,0,15,500,0.048530442955966646,0.03932838540879755
5527,9914,0,15,1000,0.048530442955966646,0.03932838540879755
5527,9914,0,15,2000,0.047894863396451104,0.03932838540879755
5527,9914,0,15,5000,0.048530442955966646,0.03932838540879755
5527,9914,0,16,50,0.023816290641014315,0.0311730515555725
5527,9914,0,16,100,-0.01506790837521832,0.0311730515555725
5527,9914,0,16,250,-0.019897602989986773,0.0311730515555725
5527,9914,0,16,500,-0.011896151442949199,0.0311730515555725
5527,9914,0,16,1000,-0.00935997407019562,0.0311730515555725
5527,9914,0,16,2000,-0.010628062756572354,0.0311730515555725
5527,9914,0,16,5000,-0.011896151442949199,0.0311730515555725
5527,9914,0,17,50,-0.012711063459701077,0.03087287218728229
5527,9914,0,17,100,0.0013769451190871473,0.03087287218728229
5527,9914,0,17,250,-0.015186983591607084,0.03087287218728229
5527,9914,0,17,500,-0.0036984800590748046,0.03087287218728229
5527,9914,0,17,1000,0.0016951666784372765,0.03087287218728229
5527,9914,0,17,2000,0.004866923610706508,0.03087287218728229
5527,9914,0,17,5000,0.004866923610706508,0.03087287218728229
5527,9914,0,18,50,-0.0007936108902097949,0.027526307111064848
5527,9914,0,18,100,0.0031110679118304674,0.027526307111064848
5527,9914,0,18,250,0.0031110679118304674,0.027526307111064848
5527,9914,0,18,500,0.0031110679118304674,0.027526307111064848
5527,9914,0,18,1000,0.0037466474713461206,0.027526307111064848
5527,9914,0,18,2000,-0.02078937177412621,0.027526307111064848
5527,9914,0,18,5000,-0.025191844470303537,0.027526307111064848
5527,9914,0,19,50,-0.02247489537500713,0.02782372238357102
5527,9914,0,19,100,0.00044454107778391094,0.02782372238357102
5527,9914,0,19,250,-0.008884968543416472,0.02782372238357102
5527,9914,0,19,500,-0.007563579065175019,0.02782372238357102
5527,9914,0,19,1000,-0.0012013067761381668,0.02782372238357102
5527,9914,0,19,2000,-0.008884968543416472,0.02782372238357102
5527,9914,0,19,5000,-0.01058713964634661,0.02782372238357102
5527,9914,0,20,50,-0.010092704037926281,0.02390064242325473
5527,9914,0,20,100,0.007843947946955643,0.02390064242325473
5527,9914,0,20,250,0.01931340520192748,0.02390064242325473
5527,9914,0,20,500,-0.004808969194348478,0.02390064242325473
5527,9914,0,20,1000,0.006304989529825056,0.02390064242325473
5527,9914,0,20,2000,-0.01358383394179119,0.02390064242325473
5527,9914,0,20,5000,-0.012720082855625092,0.02390064242325473
5527,9914,0,21,50,0.004799086239242745,0.02318288529719532
5527,9914,0,21,100,0.010599373401456669,0.02318288529719532
5527,9914,0,21,250,-0.0024385472094367033,0.02318288529719532
5527,9914,0,21,500,0.005631077537636475,0.02318288529719532
5527,9914,0,21,1000,0.004998568410775617,0.02318288529719532
5527,9914,0,21,2000,0.00436298885125963,0.02318288529719532
5527,9914,0,21,5000,0.00436298885125963,0.02318288529719532
5527,9914,0,22,50,0.005591977496799627,0.026803874434845932
5527,9914,0,22,100,0.014227953142127547,0.026803874434845932
5527,9914,0,22,250,0.016724646669962873,0.026803874434845932
5527,9914,0,22,500,-0.010091504650170058,0.026803874434845932
5527,9914,0,22,1000,-0.0010228378780856584,0.026803874434845932
5527,9914,0,22,2000,0.0008729623841298162,0.026803874434845932
5527,9914,0,22,5000,-0.00483828223109839,0.026803874434845932
5527,9914,0,23,50,0.0039644083122747364,0.022328632670531975
5527,9914,0,23,100,0.000921369673951622,0.022328632670531975
5527,9914,0,23,250,0.0018239329478920707,0.022328632670531975
5527,9914,0,23,500,-0.0005956159594943111,0.022328632670531975
5527,9914,0,23,1000,0.0076546845591015655,0.022328632670531975
5527,9914,0,23,2000,0.00892277324547841,0.022328632670531975
5527,9914,0,23,5000,0.0013775208252098103,0.022328632670531975
5527,9914,0,24,50,-0.011331191834490384,0.022071662711730326
5527,9914,0,24,100,-0.001447661021164226,0.022071662711730326
5527,9914,0,24,250,-0.005254997512949333,0.022071662711730326
5527,9914,0,24,500,0.005332525937480126,0.022071662711730326
5527,9914,0,24,1000,-0.005254997512949333,0.022071662711730326
5527,9914,0,24,2000,-0.00017957233478738122,0.022071662711730326
5527,9914,0,24,5000,-0.011628448095870714,0.022071662711730326
5527,9914,1,5,50,-0.01757952228673476,0.023016490590081384
5527,9914,1,5,100,-0.03344137738073605,0.023016490590081384
5527,9914,1,5,250,-0.018916935585392314,0.023016490590081384
5527,9914,1,5,500,-0.032875122433501325,0.023016490590081384
5527,9914,1,5,1000,-0.0195525151449083,0.023016490590081384
5527,9914,1,5,2000,-0.03160703374712448,0.023016490590081384
5527,9914,1,5,5000,-0.0195525151449083,0.023016490590081384
5527,9914,1,6,50,-0.022725375513912738,0.024572549625757376
5527,9914,1,6,100,-0.013731886366357138,0.024572549625757376
5527,9914,1,6,250,-0.001677367764140958,0.024572549625757376
5527,9914,1,6,500,-0.018947783838469956,0.024572549625757376
5527,9914,1,6,1000,-0.017676624719438427,0.024572549625757376
5527,9914,1,6,2000,-0.018312204278954303,0.024572549625757376
5527,9914,1,6,5000,-0.019580292965331147,0.024572549625757376
5527,9914,1,7,50,0.025559097001109032,0.02302466576736017
5527,9914,1,7,100,0.04757798515138789,0.02302466576736017
5527,9914,1,7,250,0.01907482298955787,0.02302466576736017
5527,9914,1,7,500,0.01399939781139603,0.02302466576736017
5527,9914,1,7,1000,0.010824570446472115,0.02302466576736017
5527,9914,1,7,2000,0.005749145268310163,0.02302466576736017
5527,9914,1,7,5000,0.04381943975350622,0.02302466576736017
5527,9914,1,8,50,-0.02786024234924922,0.021025129596879126
5527,9914,1,8,100,-0.02500469200490041,0.021025129596879126
5527,9914,1,8,250,-0.031351276302093556,0.021025129596879126
5527,9914,1,8,500,-0.03705921060711659,0.021025129596879126
5527,9914,1,8,1000,-0.031351276302093556,0.021025129596879126
5527,9914,1,8,2000,-0.026272780691277253,0.021025129596879126
5527,9914,1,8,5000,-0.036057721831083134,0.021025129596879126
5527,9914,1,9,50,0.012619862014756067,0.018439275255209494
5527,9914,1,9,100,0.012619862014756067,0.018439275255209494
5527,9914,1,9,250,0.01071619376886368,0.018439275255209494
5527,9914,1,9,500,0.00881252552297096,0.018439275255209494
5527,9914,1,9,1000,0.010080614209347805,0.018439275255209494
5527,9914,1,9,2000,-0.00324199307924522,0.018439275255209494
5527,9914,1,9,5000,-0.001338324833352833,0.018439275255209494
5527,9914,1,10,50,0.014742730366885226,0.021568304321336804
5527,9914,1,10,100,0.009357143515092203,0.021568304321336804
5527,9914,1,10,250,0.0002951933144391683,0.021568304321336804
5527,9914,1,10,500,-0.0009728953719375655,0.021568304321336804
5527,9914,1,10,1000,-0.006008644803140117,0.021568304321336804
5527,9914,1,10,2000,0.0002951933144391683,0.021568304321336804
5527,9914,1,10,5000,-0.005376135676279259,0.021568304321336804
5527,9914,1,11,50,-0.0011505486863157,0.019973041139286725
5527,9914,1,11,100,-0.001558868253876411,0.019973041139286725
5527,9914,1,11,250,-0.005363134313006723,0.019973041139286725
5527,9914,1,11,500,0.008584977677954075,0.019973041139286725
5527,9914,1,11,1000,0.008584977677954075,0.019973041139286725
5527,9914,1,11,2000,0.0079493981184382,0.019973041139286725
5527,9914,1,11,5000,0.008694217914745783,0.019973041139286725
5527,9914,1,12,50,-0.002162160295008042,0.01589946079853424
5527,9914,1,12,100,-0.0027373866626551058,0.01589946079853424
5527,9914,1,12,250,0.0003454236736488703,0.01589946079853424
5527,9914,1,12,500,0.00043437026961412606,0.01589946079853424
5527,9914,1,12,1000,0.003815588279544202,0.01589946079853424
5527,9914,1,12,2000,0.003191810695544639,0.01589946079853424
5527,9914,1,12,5000,0.0025562311360287637,0.01589946079853424
5527,9914,1,13,50,0.002527205952340128,0.015156497395382891
5527,9914,1,13,100,-0.0009430546045749999,0.015156497395382891
5527,9914,1,13,250,-0.0015565654293854259,0.015156497395382891
5527,9914,1,13,500,-0.0028277245484169544,0.015156497395382891
5527,9914,1,13,1000,-0.006721368983104048,0.015156497395382891
5527,9914,1,13,2000,-0.004779272353518382,0.015156497395382891
5527,9914,1,13,5000,-0.00028847674300858106,0.015156497395382891
5527,9914,1,14,50,-0.008435869792163153,0.01602809744825437
5527,9914,1,14,100,-0.007396816191620248,0.01602809744825437
5527,9914,1,14,250,-0.0025880868748223707,0.01602809744825437
5527,9914,1,14,500,-0.010897061442428524,0.01602809744825437
5527,9914,1,14,1000,-0.01058819510757325,0.01602809744825437
5527,9914,1,14,2000,-0.007397104044682079,0.01602809744825437
5527,9914,1,14,5000,-0.007397104044682079,0.01602809744825437
5527,9914,1,15,50,-0.003381553838501028,0.012631745864905067
5527,9914,1,15,100,0.004114379757251929,0.012631745864905067
5527,9914,1,15,250,-0.001697565453948613,0.012631745864905067
5527,9914,1,15,500,0.01567446275104678,0.012631745864905067
5527,9914,1,15,1000,0.0035185718957159162,0.012631745864905067
5527,9914,1,15,2000,0.0003468149634463513,0.012631745864905067
5527,9914,1,15,5000,0.0009793240903075429,0.012631745864905067
5527,9914,1,16,50,0.0028361202627057436,0.013076768800139896
5527,9914,1,16,100,0.004331948696140953,0.013076768800139896
5527,9914,1,16,250,0.014889871256758669,0.013076768800139896
5527,9914,1,16,500,0.019907054165502203,0.013076768800139896
5527,9914,1,16,1000,0.014433480227948325,0.013076768800139896
5527,9914,1,16,2000,0.015704639346979854,0.013076768800139896
5527,9914,1,16,5000,-0.0039378298796087785,0.013076768800139896
5527,9914,1,17,50,0.0023595795195999747,0.013696303864103334
5527,9914,1,17,100,-0.001062369698514476,0.013696303864103334
5527,9914,1,17,250,-0.0029461760831720474,0.013696303864103334
5527,9914,1,17,500,-0.0021322715521349123,0.013696303864103334
5527,9914,1,17,1000,0.0004267901389980455,0.013696303864103334
5527,9914,1,17,2000,-0.0014768781068946746,0.013696303864103334
5527,9914,1,17,5000,-0.0027678511116505655,0.013696303864103334
5527,9914,1,18,50,0.01817384290745372,0.012329255507756709
5527,9914,1,18,100,0.015346837991691231,0.012329255507756709
5527,9914,1,18,250,0.005155160476162379,0.012329255507756709
5527,9914,1,18,500,0.013156659998710296,0.012329255507756709
5527,9914,1,18,1000,0.018074053846176885,0.012329255507756709
5527,9914,1,18,2000,-0.0024396506461730194,0.012329255507756709
5527,9914,1,18,5000,0.00017899662866427413,0.012329255507756709
5527,9914,1,19,50,0.01796351827060949,0.01442034783636493
5527,9914,1,19,100,-0.0028246541157621596,0.01442034783636493
5527,9914,1,19,250,0.015278376938594462,0.01442034783636493
5527,9914,1,19,500,0.01554588838363169,0.01442034783636493
5527,9914,1,19,1000,0.01554588838363169,0.01442034783636493
5527,9914,1,19,2000,0.01261026691271061,0.01442034783636493
5527,9914,1,19,5000,0.013642220137739303,0.01442034783636493
5527,9914,1,20,50,-0.005036325137325881,0.013583269040682395
5527,9914,1,20,100,0.0005647677064177792,0.013583269040682395
5527,9914,1,20,250,0.0005647677064177792,0.013583269040682395
5527,9914,1,20,500,-0.002906404385191519,0.013583269040682395
5527,9914,1,20,1000,0.004084634940909826,0.013583269040682395
5527,9914,1,20,2000,0.0011972768332786377,0.013583269040682395
5527,9914,1,20,5000,0.00011749202455124674,0.013583269040682395
5527,9914,1,21,50,0.012978191100658343,0.012938791065159235
5527,9914,1,21,100,0.0015849189559291599,0.012938791065159235
5527,9914,1,21,250,-0.004105792140920106,0.012938791065159235
5527,9914,1,21,500,0.004710091667767147,0.012938791065159235
5527,9914,1,21,1000,0.0019913674785917435,0.012938791065159235
5527,9914,1,21,2000,0.02068267423937664,0.012938791065159235
5527,9914,1,21,5000,0.0011006061801664968,0.012938791065159235
5527,9914,1,22,50,0.0016053565232871936,0.012157675763755928
5527,9914,1,22,100,0.013709769656142345,0.012157675763755928
5527,9914,1,22,250,0.00593735319493871,0.012157675763755928
5527,9914,1,22,500,0.01406718720734923,0.012157675763755928
5527,9914,1,22,1000,-0.003559351079411077,0.012157675763755928
5527,9914,1,22,2000,0.014205260725788649,0.012157675763755928
5527,9914,1,22,5000,-0.0014477569721853545,0.012157675763755928
5527,9914,1,23,50,-0.004748903855542608,0.012735675966500996
5527,9914,1,23,100,-0.002140235486832731,0.012735675966500996
5527,9914,1,23,250,0.024507905596476864,0.012735675966500996
5527,9914,1,23,500,-0.004988109749544334,0.012735675966500996
5527,9914,1,23,1000,-0.004162835022583522,0.012735675966500996
5527,9914,1,23,2000,-0.0070106133342753285,0.012735675966500996
5527,9914,1,23,5000,-0.0024487180176064882,0.012735675966500996
5527,9914,1,24,50,0.019025696067082487,0.011438272407071914
5527,9914,1,24,100,-7.100375513868773e-05,0.011438272407071914
5527,9914,1,24,250,0.004144844206247167,0.011438272407071914
5527,9914,1,24,500,0.012689570431119512,0.011438272407071914
5527,9914,1,24,1000,0.001953562776531359,0.011438272407071914
5527,9914,1,24,2000,0.013116744374199407,0.011438272407071914
5527,9914,1,24,5000,0.010825625907696868,0.011438272407071914
5527,9914,2,5,50,0.02697634154878714,0.03594008034749878
5527,9914,2,5,100,-0.03520606057349607,0.03594008034749878
5527,9914,2,5,250,-0.037742237946249646,0.03594008034749878
5527,9914,2,5,500,-0.03330239232760335,0.03594008034749878
5527,9914,2,5,1000,-0.03520606057349607,0.03594008034749878
5527,9914,2,5,2000,-0.037109728819388454,0.03594008034749878
5527,9914,2,5,5000,0.07773980462836982,0.03594008034749878
5527,9914,2,6,50,-0.026569221368982876,0.03435915405523478
5527,9914,2,6,100,-0.015057977444601689,0.03435915405523478
5527,9914,2,6,250,-0.033629681258385946,0.03435915405523478
5527,9914,2,6,500,-0.021712948321548242,0.03435915405523478
5527,9914,2,6,1000,-0.0210773687620327,0.03435915405523478
5527,9914,2,6,2000,-0.023616616567440962,0.03435915405523478
5527,9914,2,6,5000,-0.0210773687620327,0.03435915405523478
5527,9914,2,7,50,-0.018786873977161944,0.03192705999387434
5527,9914,2,7,100,-0.04558623386871419,0.03192705999387434
5527,9914,2,7,250,-0.04177889737692908,0.03192705999387434
5527,9914,2,7,500,-0.030564286032293997,0.03192705999387434
5527,9914,2,7,1000,-0.03356064449916596,0.03192705999387434
5527,9914,2,7,2000,-0.02531039195608009,0.03192705999387434
5527,9914,2,7,5000,-0.03356064449916596,0.03192705999387434
5527,9914,2,8,50,0.05650166993156114,0.03403188735103728
5527,9914,2,8,100,0.011382957410029704,0.03403188735103728
5527,9914,2,8,250,0.007952372600074309,0.03403188735103728
5527,9914,2,8,500,0.06491052951146459,0.03403188735103728
5527,9914,2,8,1000,0.05729585652789437,0.03403188735103728
5527,9914,2,8,2000,0.06491052951146459,0.03403188735103728
5527,9914,2,8,5000,0.036991085382592326,0.03403188735103728
5527,9914,2,9,50,-0.01865738807505324,0.03228529908710889
5527,9914,2,9,100,-0.02521103467439545,0.03228529908710889
5527,9914,2,9,250,-0.032150260449449575,0.03228529908710889
5527,9914,2,9,500,-0.009309311931393949,0.03228529908710889
5527,9914,2,9,1000,-0.030922039412072944,0.03228529908710889
5527,9914,2,9,2000,-0.02965395072569621,0.03228529908710889
5527,9914,2,9,5000,-0.03028645985255707,0.03228529908710889
5527,9914,2,10,50,0.011776740397989038,0.0313504986062152
5527,9914,2,10,100,0.004738924949414525,0.0313504986062152
5527,9914,2,10,250,0.0017847849315441033,0.0313504986062152
5527,9914,2,10,500,0.0055921214233292105,0.0313504986062152
5527,9914,2,10,1000,0.006860210109705944,0.0313504986062152
5527,9914,2,10,2000,0.009399457915114318,0.0313504986062152
5527,9914,2,10,5000,0.02208955607684615,0.0313504986062152
5527,9914,2,11,50,0.010599469352476354,0.03232470344292318
5527,9914,2,11,100,0.05668867847043346,0.03232470344292318
5527,9914,2,11,250,0.05272393432958655,0.03232470344292318
5527,9914,2,11,500,0.05633188460085936,0.03232470344292318
5527,9914,2,11,1000,0.057324258029949005,0.03232470344292318
5527,9914,2,11,2000,0.05668867847043346,0.03232470344292318
5527,9914,2,11,5000,0.0535169215381639,0.03232470344292318
5527,9914,2,12,50,0.0011105371107842377,0.028964969518109313
5527,9914,2,12,100,-0.0029631114382824286,0.028964969518109313
5527,9914,2,12,250,0.004292752704283642,0.028964969518109313
5527,9914,2,12,500,-0.0037572980346158857,0.028964969518109313
5527,9914,2,12,1000,-0.004234270557313957,0.028964969518109313
5527,9914,2,12,2000,-0.006770447930067536,0.028964969518109313
5527,9914,2,12,5000,-0.006770447930067536,0.028964969518109313
5527,9914,2,13,50,0.0073159294813736064,0.025095765897108366
5527,9914,2,13,100,0.03353013207466082,0.025095765897108366
5527,9914,2,13,250,0.03475950452428245,0.025095765897108366
5527,9914,2,13,500,0.03351036616444625,0.025095765897108366
5527,9914,2,13,1000,0.03289455251514484,0.025095765897108366
5527,9914,2,13,2000,0.028365232569920962,0.025095765897108366
5527,9914,2,13,5000,0.028365232569920962,0.025095765897108366
5527,9914,2,14,50,0.019719853724588954,0.024378449031778243
5527,9914,2,14,100,0.01672661366588235,0.024378449031778243
5527,9914,2,14,250,0.0195207073816277,0.024378449031778243
5527,9914,2,14,500,0.0195207073816277,0.024378449031778243
5527,9914,2,14,1000,0.020156286941143575,0.024378449031778243
5527,9914,2,14,2000,-0.005245402410904654,0.024378449031778243
5527,9914,2,14,5000,0.0195207073816277,0.024378449031778243
5527,9914,2,15,50,0.01216414264309007,0.023246516346513396
5527,9914,2,15,100,0.030189501346383985,0.023246516346513396
5527,9914,2,15,250,0.012273238953351195,0.023246516346513396
5527,9914,2,15,500,0.022715684460847374,0.023246516346513396
5527,9914,2,15,1000,0.02260658815058636,0.023246516346513396
5527,9914,2,15,2000,0.023348193587708566,0.023246516346513396
5527,9914,2,15,5000,0.021444525341815845,0.023246516346513396
5527,9914,2,16,50,0.006542660207500162,0.025167500315278393
5527,9914,2,16,100,0.008010039163368843,0.025167500315278393
5527,9914,2,16,250,0.008010039163368843,0.025167500315278393
5527,9914,2,16,500,0.008010039163368843,0.025167500315278393
5527,9914,2,16,1000,0.008010039163368843,0.025167500315278393
5527,9914,2,16,2000,0.008645618722884718,0.025167500315278393
5527,9914,2,16,5000,0.008010039163368843,0.025167500315278393
5527,9914,2,17,50,-0.02730411023467416,0.021019408801031925
5527,9914,2,17,100,0.005501255806954819,0.021019408801031925
5527,9914,2,17,250,0.005501255806954819,0.021019408801031925
5527,9914,2,17,500,0.004868746680093627,0.021019408801031925
5527,9914,2,17,1000,0.006769344493331664,0.021019408801031925
5527,9914,2,17,2000,0.004868746680093627,0.021019408801031925
5527,9914,2,17,5000,0.006136835366470472,0.021019408801031925
5527,9914,2,18,50,-0.034412833487367456,0.021775265452575215
5527,9914,2,18,100,-0.03822016997915223,0.021775265452575215
5527,9914,2,18,250,0.003807336491785329,0.021775265452575215
5527,9914,2,18,500,-0.002765404360629664,0.021775265452575215
5527,9914,2,18,1000,-0.013137373843599143,0.021775265452575215
5527,9914,2,18,2000,-0.03216311788619186,0.021775265452575215
5527,9914,2,18,5000,-0.033431206572568706,0.021775265452575215
5527,9914,2,19,50,-0.010955351687356951,0.021284639906605035
5527,9914,2,19,100,-0.021741781603196286,0.021284639906605035
5527,9914,2,19,250,-0.01793444511141118,0.021284639906605035
5527,9914,2,19,500,-0.030624543273143012,0.021284639906605035
5527,9914,2,19,1000,-0.03189570239217454,0.021284639906605035
5527,9914,2,19,2000,-0.030624543273143012,0.021284639906605035
5527,9914,2,19,5000,-0.010319772127840965,0.021284639906605035
5527,9914,2,20,50,-0.03018954932189455,0.016633780911011947
5527,9914,2,20,100,0.0008719069229042864,0.016633780911011947
5527,9914,2,20,250,-0.022029682640080983,0.016633780911011947
5527,9914,2,20,500,-0.0016473350947381338,0.016633780911011947
5527,9914,2,20,1000,-0.0007729814208121688,0.016633780911011947
5527,9914,2,20,2000,0.00041474828593113244,0.016633780911011947
5527,9914,2,20,5000,0.0015063830456848448,0.016633780911011947
5527,9914,2,21,50,0.0033616440017560922,0.017587609565923885
5527,9914,2,21,100,-0.0019425763846884214,0.017587609565923885
5527,9914,2,21,250,-0.003490074442638713,0.017587609565923885
5527,9914,2,21,500,-0.010349133140099998,0.017587609565923885
5527,9914,2,21,1000,-0.012680071280093186,0.017587609565923885
5527,9914,2,21,2000,0.006505287285031747,0.017587609565923885
5527,9914,2,21,5000,0.007020832117954123,0.017587609565923885
5527,9914,2,22,50,-0.03250863751086097,0.01955623473149115
5527,9914,2,22,100,-0.027839852757401196,0.01955623473149115
5527,9914,2,22,250,-0.005146524884320658,0.01955623473149115
5527,9914,2,22,500,-0.009447625327383968,0.01955623473149115
5527,9914,2,22,1000,-0.014624134905599218,0.01955623473149115
5527,9914,2,22,2000,-0.009447625327383968,0.01955623473149115
5527,9914,2,22,5000,-0.009447625327383968,0.01955623473149115
5527,9914,2,23,50,0.09093604442302028,0.01447226117505173
5527,9914,2,23,100,0.009527264674366043,0.01447226117505173
5527,9914,2,23,250,-0.01405807186040553,0.01447226117505173
5527,9914,2,23,500,-0.013841078627638503,0.01447226117505173
5527,9914,2,23,1000,-0.009934624731720354,0.01447226117505173
5527,9914,2,23,2000,-0.013841078627638503,0.01447226117505173
5527,9914,2,23,5000,0.005583054051896852,0.01447226117505173
5527,9914,2,24,50,-0.013660738684687423,0.01742294920854285
5527,9914,2,24,100,-0.0062744291298081345,0.01742294920854285
5527,9914,2,24,250,-0.01694403867823957,0.01742294920854285
5527,9914,2,24,500,-0.015295983950847969,0.01742294920854285
5527,9914,2,24,1000,-0.014851011093472866,0.01742294920854285
5527,9914,2,24,2000,-0.01250112262693881,0.01742294920854285
5527,9914,2,24,5000,-0.0015758995600065884,0.01742294920854285
5527,145804,0,5,50,-0.030591735078126514,0.05406785895863319
5527,145804,0,5,100,-0.027579226241145283,0.05406785895863319
5527,145804,0,5,250,-0.027579226241145283,0.05406785895863319
5527,145804,0,5,500,-0.027579226241145283,0.05406785895863319
5527,145804,0,5,1000,-0.027579226241145283,0.05406785895863319
5527,145804,0,5,2000,-0.030591735078126514,0.05406785895863319
5527,145804,0,5,5000,-0.030591735078126514,0.05406785895863319
5527,145804,0,6,50,0.9397583897216887,0.059712994646713285
5527,145804,0,6,100,0.9397583897216887,0.059712994646713285
5527,145804,0,6,250,0.7409645474744264,0.059712994646713285
5527,145804,0,6,500,0.9397583897216887,0.059712994646713285
5527,145804,0,6,1000,0.9397583897216887,0.059712994646713285
5527,145804,0,6,2000,0.8463850434995885,0.059712994646713285
5527,145804,0,6,5000,0.9397583897216887,0.059712994646713285
5527,145804,0,7,50,0.9352399871593252,0.05429288153137239
5527,145804,0,7,100,0.9350517053570139,0.05429288153137239
5527,145804,0,7,250,0.9350517053570139,0.05429288153137239
5527,145804,0,7,500,0.9352399871593252,0.05429288153137239
5527,145804,0,7,1000,0.9352399871593252,0.05429288153137239
5527,145804,0,7,2000,0.9352399871593252,0.05429288153137239
5527,145804,0,7,5000,0.9352399871593252,0.05429288153137239
5527,145804,0,8,50,-0.05327613041220025,0.12182425822328374
5527,145804,0,8,100,-0.05021659621127961,0.12182425822328374
5527,145804,0,8,250,-0.05172303097632425,0.12182425822328374
5527,145804,0,8,500,0.1604388643216803,0.12182425822328374
5527,145804,0,8,1000,0.6753103313326888,0.12182425822328374
5527,145804,0,8,2000,0.8272318787782602,0.12182425822328374
5527,145804,0,8,5000,0.650084041494135,0.12182425822328374
5527,145804,0,9,50,-0.06927724315043804,0.13012585521844658
5527,145804,0,9,100,-0.13427341980349428,0.13012585521844658
5527,145804,0,9,250,-0.13629551045288624,0.13012585521844658
5527,145804,0,9,500,0.4671033908759071,0.13012585521844658
5527,145804,0,9,1000,-0.1433080607695747,0.13012585521844658
5527,145804,0,9,2000,0.5160959750256093,0.13012585521844658
5527,145804,0,9,5000,0.5341200801460084,0.13012585521844658
5527,145804,0,10,50,-0.10085745769069854,0.110928943362216
5527,145804,0,10,100,-0.14834437354821006,0.110928943362216
5527,145804,0,10,250,-0.07186521619944919,0.110928943362216
5527,145804,0,10,500,-0.09167939612759879,0.110928943362216
5527,145804,0,10,1000,-0.07789023387341143,0.110928943362216
5527,145804,0,10,2000,-0.1712166449048489,0.110928943362216
5527,145804,0,10,5000,-0.16557003938768733,0.110928943362216
5527,145804,0,11,50,-0.08471387117484952,0.11021843425071266
5527,145804,0,11,100,-0.10132775641673042,0.11021843425071266
5527,145804,0,11,250,-0.08471387117484952,0.11021843425071266
5527,145804,0,11,500,-0.1374714601578393,0.11021843425071266
5527,145804,0,11,1000,-0.22806976886785657,0.11021843425071266
5527,145804,0,11,2000,-0.18679579179351025,0.11021843425071266
5527,145804,0,11,5000,-0.16571111547950534,0.11021843425071266
5527,145804,0,12,50,-0.07040661835783635,0.10630413612225152
5527,145804,0,12,100,-0.07638361876181265,0.10630413612225152
5527,145804,0,12,250,-0.0809025172772001,0.10630413612225152
5527,145804,0,12,500,-0.07600710024382851,0.10630413612225152
5527,145804,0,12,1000,-0.03063993269466625,0.10630413612225152
5527,145804,0,12,2000,-0.03063993269466625,0.10630413612225152
5527,145804,0,12,5000,-0.03355541508562876,0.10630413612225152
5527,145804,0,13,50,-0.06292403983494688,0.09124357224122702
5527,145804,0,13,100,-0.051065171834196565,0.09124357224122702
5527,145804,0,13,250,-0.059911530997965645,0.09124357224122702
5527,145804,0,13,500,-0.059911530997965645,0.09124357224122702
5527,145804,0,13,1000,-0.06292403983494688,0.09124357224122702
5527,145804,0,13,2000,-0.059911530997965645,0.09124357224122702
5527,145804,0,13,5000,-0.059911530997965645,0.09124357224122702
5527,145804,0,14,50,-0.051863160248734386,0.06114126376234719
5527,145804,0,14,100,0.3228072564239437,0.06114126376234719
5527,145804,0,14,250,-0.03642729869717609,0.06114126376234719
5527,145804,0,14,500,0.2279277910432682,0.06114126376234719
5527,145804,0,14,1000,0.15413273145676665,0.06114126376234719
5527,145804,0,14,2000,0.4927514211308443,0.06114126376234719
5527,145804,0,14,5000,0.24148106000490488,0.06114126376234719
5527,145804,0,15,50,0.01604683058966061,0.0776690740540677
5527,145804,0,15,100,-0.018637057970596338,0.0776690740540677
5527,145804,0,15,250,-0.02164956680757757,0.0776690740540677
5527,145804,0,15,500,-0.02164956680757757,0.0776690740540677
5527,145804,0,15,1000,-0.018637057970596338,0.0776690740540677
5527,145804,0,15,2000,-0.11055324912351594,0.0776690740540677
5527,145804,0,15,5000,-0.08165586991963747,0.0776690740540677
5527,145804,0,16,50,0.5903154351401649,0.0658386576189764
5527,145804,0,16,100,0.5872087854020283,0.0658386576189764
5527,145804,0,16,250,-0.04409933127497834,0.0658386576189764
5527,145804,0,16,500,-0.03478023870669844,0.0658386576189764
5527,145804,0,16,1000,-0.0922918530247725,0.0658386576189764
5527,145804,0,16,2000,-0.03176772986971721,0.0658386576189764
5527,145804,0,16,5000,-0.08993869118898878,0.0658386576189764
5527,145804,0,17,50,-0.01920217389736123,0.07303527225301819
5527,145804,0,17,100,0.002777201670730589,0.07303527225301819
5527,145804,0,17,250,0.02489490304569264,0.07303527225301819
5527,145804,0,17,500,-0.015766166265095083,0.07303527225301819
5527,145804,0,17,1000,-0.029508618761812655,0.07303527225301819
5527,145804,0,17,2000,-0.018778675102076314,0.07303527225301819
5527,145804,0,17,5000,-0.029508618761812655,0.07303527225301819
5527,145804,0,18,50,0.6033523719178769,0.07207057015073878
5527,145804,0,18,100,-0.012048592575493067,0.07207057015073878
5527,145804,0,18,250,-0.006729992353306069,0.07207057015073878
5527,145804,0,18,500,0.1707463461788168,0.07207057015073878
5527,145804,0,18,1000,-0.06636013764049031,0.07207057015073878
5527,145804,0,18,2000,-0.0637714432052634,0.07207057015073878
5527,145804,0,18,5000,-0.05351229422458226,0.07207057015073878
5527,145804,0,19,50,0.6110699870871865,0.05731521485713874
5527,145804,0,19,100,0.41528576813204243,0.05731521485713874
5527,145804,0,19,250,-0.03967457366074678,0.05731521485713874
5527,145804,0,19,500,-0.03967457366074678,0.05731521485713874
5527,145804,0,19,1000,-0.03967457366074678,0.05731521485713874
5527,145804,0,19,2000,-0.03967457366074678,0.05731521485713874
5527,145804,0,19,5000,-0.08904448788792563,0.05731521485713874
5527,145804,0,20,50,0.47783455187488244,0.05669570282484242
5527,145804,0,20,100,-0.037226549537591636,0.05669570282484242
5527,145804,0,20,250,0.13144797542958508,0.05669570282484242
5527,145804,0,20,500,0.22180881281470433,0.05669570282484242
5527,145804,0,20,1000,0.4537373667238963,0.05669570282484242
5527,145804,0,20,2000,-0.0753013590916305,0.05669570282484242
5527,145804,0,20,5000,-0.07492443479389999,0.05669570282484242
5527,145804,0,21,50,-0.014777867149514679,0.061737092178808003
5527,145804,0,21,100,0.01369366875387723,0.061737092178808003
5527,145804,0,21,250,-0.01779037598649591,0.061737092178808003
5527,145804,0,21,500,-0.014777867149514679,0.061737092178808003
5527,145804,0,21,1000,-0.014777867149514679,0.061737092178808003
5527,145804,0,21,2000,-0.01779037598649591,0.061737092178808003
5527,145804,0,21,5000,-0.014777867149514679,0.061737092178808003
5527,145804,0,22,50,0.14344859582173086,0.058502730736355105
5527,145804,0,22,100,0.07718494358759753,0.058502730736355105
5527,145804,0,22,250,0.0530877584366114,0.058502730736355105
5527,145804,0,22,500,0.10429175203070185,0.058502730736355105
5527,145804,0,22,1000,0.04706274076264916,0.058502730736355105
5527,145804,0,22,2000,-0.01694337839592608,0.058502730736355105
5527,145804,0,22,5000,0.03802809979656874,0.058502730736355105
5527,145804,0,23,50,-0.02579163119851091,0.0484445039390121
5527,145804,0,23,100,-0.008518398955432716,0.0484445039390121
5527,145804,0,23,250,-0.008518398955432716,0.0484445039390121
5527,145804,0,23,500,-0.012236694031249606,0.0484445039390121
5527,145804,0,23,1000,-0.007718336555525007,0.0484445039390121
5527,145804,0,23,2000,-0.010353876008137197,0.0484445039390121
5527,145804,0,23,5000,-0.0024004126329145725,0.0484445039390121
5527,145804,0,24,50,0.05845230194341433,0.05709065766530834
5527,145804,0,24,100,0.47411503945982597,0.05709065766530834
5527,145804,0,24,250,-0.00621230757022706,0.05709065766530834
5527,145804,0,24,500,0.03012166178528697,0.05709065766530834
5527,145804,0,24,1000,-0.00621230757022706,0.05709065766530834
5527,145804,0,24,2000,-0.00621230757022706,0.05709065766530834
5527,145804,0,24,5000,-0.00621230757022706,0.05709065766530834
5527,145804,1,5,50,0.35109339606988765,0.2514247366569128
5527,145804,1,5,100,0.3842252221869541,0.2514247366569128
5527,145804,1,5,250,0.36314054587294897,0.2514247366569128
5527,145804,1,5,500,0.37820020451299197,0.2514247366569128
5527,145804,1,5,1000,0.3269962109189015,0.2514247366569128
5527,145804,1,5,2000,0.36314054587294897,0.2514247366569128
5527,145804,1,5,5000,0.3209711932449393,0.2514247366569128
5527,145804,1,6,50,0.31791323707636565,0.2971205707747837
5527,145804,1,6,100,-0.10048053339296825,0.2971205707747837
5527,145804,1,6,250,-0.10048053339296825,0.2971205707747837
5527,145804,1,6,500,-0.10048053339296825,0.2971205707747837
5527,145804,1,6,1000,-0.10048053339296825,0.2971205707747837
5527,145804,1,6,2000,-0.10048053339296825,0.2971205707747837
5527,145804,1,6,5000,-0.10048053339296825,0.2971205707747837
5527,145804,1,7,50,-0.19295936070753572,0.2732973744217516
5527,145804,1,7,100,-0.020567397310672142,0.2732973744217516
5527,145804,1,7,250,-0.19295936070753572,0.2732973744217516
5527,145804,1,7,500,-0.19295936070753572,0.2732973744217516
5527,145804,1,7,1000,-0.19295936070753572,0.2732973744217516
5527,145804,1,7,2000,-0.19295936070753572,0.2732973744217516
5527,145804,1,7,5000,-0.1899468518705545,0.2732973744217516
5527,145804,1,8,50,0.14547253502330093,0.2846335295436626
5527,145804,1,8,100,-0.3768833139761365,0.2846335295436626
5527,145804,1,8,250,-0.3768833139761365,0.2846335295436626
5527,145804,1,8,500,-0.4250747987332457,0.2846335295436626
5527,145804,1,8,1000,-0.3768833139761365,0.2846335295436626
5527,145804,1,8,2000,-0.4250747987332457,0.2846335295436626
5527,145804,1,8,5000,-0.3768833139761365,0.2846335295436626
5527,145804,1,9,50,0.09808043636652153,0.24937875546320906
5527,145804,1,9,100,-0.26600012083219127,0.24937875546320906
5527,145804,1,9,250,-0.22157413686139316,0.24937875546320906
5527,145804,1,9,500,-0.26619016101340354,0.24937875546320906
5527,145804,1,9,1000,-0.2614827101758742,0.24937875546320906
5527,145804,1,9,2000,-0.258470201338893,0.24937875546320906
5527,145804,1,9,5000,-0.258470201338893,0.24937875546320906
5527,145804,1,10,50,-0.35113785149543364,0.27014734193486506
5527,145804,1,10,100,-0.35113785149543364,0.27014734193486506
5527,145804,1,10,250,-0.33132497907979985,0.27014734193486506
5527,145804,1,10,500,-0.33052491667989214,0.27014734193486506
5527,145804,1,10,1000,-0.33052491667989214,0.27014734193486506
5527,145804,1,10,2000,-0.33052491667989214,0.27014734193486506
5527,145804,1,10,5000,-0.33052491667989214,0.27014734193486506
5527,145804,1,11,50,0.29809959818787746,0.2628154663676712
5527,145804,1,11,100,-0.1838296771075304,0.2628154663676712
5527,145804,1,11,250,-0.2748488695878002,0.2628154663676712
5527,145804,1,11,500,-0.27569541631198524,0.2628154663676712
5527,145804,1,11,1000,-0.271273950022363,0.2628154663676712
5527,145804,1,11,2000,-0.383800280619238,0.2628154663676712
5527,145804,1,11,5000,-0.271273950022363,0.2628154663676712
5527,145804,1,12,50,-0.15756725122996373,0.2279828462190358
5527,145804,1,12,100,0.7076906533594953,0.2279828462190358
5527,145804,1,12,250,-0.1249068510048913,0.2279828462190358
5527,145804,1,12,500,0.7903326131494276,0.2279828462190358
5527,145804,1,12,1000,0.7016685212303961,0.2279828462190358
5527,145804,1,12,2000,0.7151251695257604,0.2279828462190358
5527,145804,1,12,5000,0.7229388643216804,0.2279828462190358
5527,145804,1,13,50,-0.2567760258111986,0.18734078397516146
5527,145804,1,13,100,-0.2664713663776316,0.18734078397516146
5527,145804,1,13,250,-0.1995021984244929,0.18734078397516146
5527,145804,1,13,500,-0.24553092222013873,0.18734078397516146
5527,145804,1,13,1000,-0.2037852036473291,0.18734078397516146
5527,145804,1,13,2000,-0.24854054551225657,0.18734078397516146
5527,145804,1,13,5000,-0.23950590454617615,0.18734078397516146
5527,145804,1,14,50,0.3852127097430418,0.17793321868924258
5527,145804,1,14,100,0.22802211229097846,0.17793321868924258
5527,145804,1,14,250,-0.10749227215016399,0.17793321868924258
5527,145804,1,14,500,-0.14203643721775805,0.17793321868924258
5527,145804,1,14,1000,-0.012987792341763615,0.17793321868924258
5527,145804,1,14,2000,-0.022025318852707088,0.17793321868924258
5527,145804,1,14,5000,0.4646092431215825,0.17793321868924258
5527,145804,1,15,50,0.3573981312490079,0.16547689811209848
5527,145804,1,15,100,-0.2082075265830824,0.16547689811209848
5527,145804,1,15,250,-0.2583777737299997,0.16547689811209848
5527,145804,1,15,500,-0.24444631804475503,0.16547689811209848
5527,145804,1,15,1000,-0.20519501774610116,0.16547689811209848
5527,145804,1,15,2000,-0.2082075265830824,0.16547689811209848
5527,145804,1,15,5000,-0.20519501774610116,0.16547689811209848
5527,145804,1,16,50,0.41589845046240814,0.15604958872648808
5527,145804,1,16,100,-0.1215663368729355,0.15604958872648808
5527,145804,1,16,250,-0.14716761228376496,0.15604958872648808
5527,145804,1,16,500,-0.14716761228376496,0.15604958872648808
5527,145804,1,16,1000,-0.14716761228376496,0.15604958872648808
5527,145804,1,16,2000,-0.14716761228376496,0.15604958872648808
5527,145804,1,16,5000,-0.14716761228376496,0.15604958872648808
5527,145804,1,17,50,0.04108546983884198,0.14310061977575492
5527,145804,1,17,100,0.11939915742089957,0.14310061977575492
5527,145804,1,17,250,0.44277058295220084,0.14310061977575492
5527,145804,1,17,500,0.375469306819985,0.14310061977575492
5527,145804,1,17,1000,-0.03924994769949952,0.14310061977575492
5527,145804,1,17,2000,0.11643394446768884,0.14310061977575492
5527,145804,1,17,5000,0.4578302415922435,0.14310061977575492
5527,145804,1,18,50,0.5166140205017965,0.11095655326511705
5527,145804,1,18,100,0.04974728939129436,0.11095655326511705
5527,145804,1,18,250,-0.12660003462653835,0.11095655326511705
5527,145804,1,18,500,-0.12660003462653835,0.11095655326511705
5527,145804,1,18,1000,-0.10363371254202092,0.11095655326511705
5527,145804,1,18,2000,-0.10363371254202092,0.11095655326511705
5527,145804,1,18,5000,-0.12660003462653835,0.11095655326511705
5527,145804,1,19,50,0.6001990124222707,0.11259877713865418
5527,145804,1,19,100,-0.01755389656764461,0.11259877713865418
5527,145804,1,19,250,0.05925182330365997,0.11259877713865418
5527,145804,1,19,500,-0.014588232748048546,0.11259877713865418
5527,145804,1,19,1000,0.546781760831614,0.11259877713865418
5527,145804,1,19,2000,-0.08974820014139151,0.11259877713865418
5527,145804,1,19,5000,-0.09878572665233498,0.11259877713865418
5527,145804,1,20,50,0.4411240640013848,0.08814042435156819
5527,145804,1,20,100,0.5204724448500235,0.08814042435156819
5527,145804,1,20,250,0.019485633593513407,0.08814042435156819
5527,145804,1,20,500,0.3738708502257939,0.08814042435156819
5527,145804,1,20,1000,-0.19686584741238766,0.08814042435156819
5527,145804,1,20,2000,-0.19460655595792864,0.08814042435156819
5527,145804,1,20,5000,-0.19460655595792864,0.08814042435156819
5527,145804,1,21,50,-0.018590122779933993,0.08729710273339326
5527,145804,1,21,100,0.311842591724257,0.08729710273339326
5527,145804,1,21,250,-0.006305997604997504,0.08729710273339326
5527,145804,1,21,500,-0.1382707560848927,0.08729710273339326
5527,145804,1,21,1000,-0.1382707560848927,0.08729710273339326
5527,145804,1,21,2000,0.4279007390601778,0.08729710273339326
5527,145804,1,21,5000,-0.13577660833056793,0.08729710273339326
5527,145804,1,22,50,0.5406185526106964,0.07427585161112588
5527,145804,1,22,100,0.2972507971317686,0.07427585161112588
5527,145804,1,22,250,0.20044234501017133,0.07427585161112588
5527,145804,1,22,500,-0.12674079511188718,0.07427585161112588
5527,145804,1,22,1000,0.423428099435876,0.07427585161112588
5527,145804,1,22,2000,-0.03134441142098654,0.07427585161112588
5527,145804,1,22,5000,0.3692115970048043,0.07427585161112588
5527,145804,1,23,50,0.49600162672591663,0.07431963160424311
5527,145804,1,23,100,0.23992854669532926,0.07431963160424311
5527,145804,1,23,250,0.5667829601361978,0.07431963160424311
5527,145804,1,23,500,-0.14961396820129547,0.07431963160424311
5527,145804,1,23,1000,0.4394311959862067,0.07431963160424311
5527,145804,1,23,2000,0.41881636753184925,0.07431963160424311
5527,145804,1,23,5000,-0.14961396820129547,0.07431963160424311
5527,145804,1,24,50,-0.030967667469810056,0.09980345896571116
5527,145804,1,24,100,0.18458253379694406,0.09980345896571116
5527,145804,1,24,250,0.48583544639379034,0.09980345896571116
5527,145804,1,24,500,0.0671602000403978,0.09980345896571116
5527,145804,1,24,1000,0.5523337745812349,0.09980345896571116
5527,145804,1,24,2000,0.5161894396271871,0.09980345896571116
5527,145804,1,24,5000,0.534261607104211,0.09980345896571116
5527,145804,2,5,50,-0.247223654975401,0.30832582085509264
5527,145804,2,5,100,0.7226570277445138,0.30832582085509264
5527,145804,2,5,250,0.7226570277445138,0.30832582085509264
5527,145804,2,5,500,0.7226570277445138,0.30832582085509264
5527,145804,2,5,1000,0.7226570277445138,0.30832582085509264
5527,145804,2,5,2000,0.7226570277445138,0.30832582085509264
5527,145804,2,5,5000,0.7226570277445138,0.30832582085509264
5527,145804,2,6,50,-0.1216574118826732,0.32065699323031926
5527,145804,2,6,100,-0.1663206868318161,0.32065699323031926
5527,145804,2,6,250,-0.1663206868318161,0.32065699323031926
5527,145804,2,6,500,-0.1663206868318161,0.32065699323031926
5527,145804,2,6,1000,-0.1663206868318161,0.32065699323031926
5527,145804,2,6,2000,-0.1663206868318161,0.32065699323031926
5527,145804,2,6,5000,-0.1663206868318161,0.32065699323031926
5527,145804,2,7,50,0.17799569152082656,0.2772854361095155
5527,145804,2,7,100,-0.46583298466332895,0.2772854361095155
5527,145804,2,7,250,-0.46432700076466926,0.2772854361095155
5527,145804,2,7,500,-0.03209519412503031,0.2772854361095155
5527,145804,2,7,1000,-0.46432700076466926,0.2772854361095155
5527,145804,2,7,2000,-0.46432700076466926,0.2772854361095155
5527,145804,2,7,5000,-0.46432700076466926,0.2772854361095155
5527,145804,2,8,50,-0.16735524483848185,0.2781942893637553
5527,145804,2,8,100,-0.16735524483848185,0.2781942893637553
5527,145804,2,8,250,-0.1977120334434651,0.2781942893637553
5527,145804,2,8,500,-0.1977120334434651,0.2781942893637553
5527,145804,2,8,1000,-0.19469952460648388,0.2781942893637553
5527,145804,2,8,2000,-0.1977120334434651,0.2781942893637553
5527,145804,2,8,5000,-0.2133370334434651,0.2781942893637553
5527,145804,2,9,50,-0.24180983177273452,0.2715107792358802
5527,145804,2,9,100,-0.23461030716625064,0.2715107792358802
5527,145804,2,9,250,-0.2315977983292694,0.2715107792358802
5527,145804,2,9,500,-0.23461030716625064,0.2715107792358802
5527,145804,2,9,1000,-0.2315977983292694,0.2715107792358802
5527,145804,2,9,2000,-0.2315977983292694,0.2715107792358802
5527,145804,2,9,5000,-0.2315977983292694,0.2715107792358802
5527,145804,2,10,50,-0.21569123227193376,0.2435986467989162
5527,145804,2,10,100,-0.18872274963570013,0.2435986467989162
5527,145804,2,10,250,-0.2411520628038839,0.2435986467989162
5527,145804,2,10,500,-0.23856372906176515,0.2435986467989162
5527,145804,2,10,1000,-0.23856372906176515,0.2435986467989162
5527,145804,2,10,2000,-0.23573945694045673,0.2435986467989162
5527,145804,2,10,5000,-0.23555122022478392,0.2435986467989162
5527,145804,2,11,50,-0.27207225404336977,0.24178719068078974
5527,145804,2,11,100,0.36413055828079227,0.24178719068078974
5527,145804,2,11,250,-0.2876029778822986,0.24178719068078974
5527,145804,2,11,500,-0.20957175809034645,0.24178719068078974
5527,145804,2,11,1000,-0.22148058208653765,0.24178719068078974
5527,145804,2,11,2000,-0.29165094645871525,0.24178719068078974
5527,145804,2,11,5000,-0.22105694803133724,0.24178719068078974
5527,145804,2,12,50,0.5575111634516887,0.21190562731379817
5527,145804,2,12,100,0.7472704098195094,0.21190562731379817
5527,145804,2,12,250,-0.08655020487368525,0.21190562731379817
5527,145804,2,12,500,-0.1436380949632815,0.21190562731379817
5527,145804,2,12,1000,-0.13154089899150212,0.21190562731379817
5527,145804,2,12,2000,0.6576622036906119,0.21190562731379817
5527,145804,2,12,5000,0.7118787061216836,0.21190562731379817
5527,145804,2,13,50,-0.0456528815772389,0.20620525339454612
5527,145804,2,13,100,-0.304781167491451,0.20620525339454612
5527,145804,2,13,250,-0.25178917307498083,0.20620525339454612
5527,145804,2,13,500,-0.25856596535903387,0.20620525339454612
5527,145804,2,13,1000,-0.26044725043643857,0.20620525339454612
5527,145804,2,13,2000,-0.26186040094645857,0.20620525339454612
5527,145804,2,13,5000,-0.25856596535903387,0.20620525339454612
5527,145804,2,14,50,0.46531543514016493,0.2114058412898981
5527,145804,2,14,100,0.022733133990275545,0.2114058412898981
5527,145804,2,14,250,-0.03750838611475804,0.2114058412898981
5527,145804,2,14,500,-0.09356225923735084,0.2114058412898981
5527,145804,2,14,1000,-0.10895186189782324,0.2114058412898981
5527,145804,2,14,2000,-0.1764405631862188,0.2114058412898981
5527,145804,2,14,5000,-0.1223651819336039,0.2114058412898981
5527,145804,2,15,50,0.4484200289275872,0.1901290830001646
5527,145804,2,15,100,-0.1792634376217339,0.1901290830001646
5527,145804,2,15,250,-0.14020118559824546,0.1901290830001646
5527,145804,2,15,500,-0.09657242356913054,0.1901290830001646
5527,145804,2,15,1000,-0.0008946541674478281,0.1901290830001646
5527,145804,2,15,2000,0.430724334881909,0.1901290830001646
5527,145804,2,15,5000,-0.011858372047727106,0.1901290830001646
5527,145804,2,16,50,-0.22594984021295306,0.22074384082314452
5527,145804,2,16,100,0.43877153337854014,0.22074384082314452
5527,145804,2,16,250,-0.22594984021295306,0.22074384082314452
5527,145804,2,16,500,-0.21394940016736141,0.22074384082314452
5527,145804,2,16,1000,-0.15464915381396904,0.22074384082314452
5527,145804,2,16,2000,-0.1803938498218176,0.22074384082314452
5527,145804,2,16,5000,-0.24468148995108996,0.22074384082314452
5527,145804,2,17,50,0.49275363037613107,0.18891674078714762
5527,145804,2,17,100,-0.1474964291382317,0.18891674078714762
5527,145804,2,17,250,0.016143947208956844,0.18891674078714762
5527,145804,2,17,500,0.35739939367488577,0.18891674078714762
5527,145804,2,17,1000,0.4029093506081287,0.18891674078714762
5527,145804,2,17,2000,0.24388183333092894,0.18891674078714762
5527,145804,2,17,5000,0.20171248070291892,0.18891674078714762
5527,145804,2,18,50,0.45067855390919165,0.1623521362175512
5527,145804,2,18,100,0.4799522261978619,0.1623521362175512
5527,145804,2,18,250,-0.08509047986611007,0.1623521362175512
5527,145804,2,18,500,-0.09111549754007264,0.1623521362175512
5527,145804,2,18,1000,0.39241327134221105,0.1623521362175512
5527,145804,2,18,2000,-0.045415951292002155,0.1623521362175512
5527,145804,2,18,5000,0.288780505619599,0.1623521362175512
5527,145804,2,19,50,-0.1500841316674113,0.15767940538361583
5527,145804,2,19,100,0.4686103666806132,0.15767940538361583
5527,145804,2,19,250,0.473645507206648,0.15767940538361583
5527,145804,2,19,500,0.48569265700970965,0.15767940538361583
5527,145804,2,19,1000,-0.15328613964594362,0.15767940538361583
5527,145804,2,19,2000,-0.1370958433726246,0.15767940538361583
5527,145804,2,19,5000,0.3786262281600328,0.15767940538361583
5527,145804,2,20,50,0.1171413538255115,0.10264235965871897
5527,145804,2,20,100,0.20350097747832252,0.10264235965871897
5527,145804,2,20,250,-0.0545936521619943,0.10264235965871897
5527,145804,2,20,500,0.4303481319703944,0.10264235965871897
5527,145804,2,20,1000,-0.003386773023040801,0.10264235965871897
5527,145804,2,20,2000,0.0056478679430396195,0.10264235965871897
5527,145804,2,20,5000,-0.018449317207946514,0.10264235965871897
5527,145804,2,21,50,0.4752469395189796,0.1245868032870534
5527,145804,2,21,100,0.49934123912510264,0.1245868032870534
5527,145804,2,21,250,0.5083787656360461,0.1245868032870534
5527,145804,2,21,500,0.41500541941394564,0.1245868032870534
5527,145804,2,21,1000,0.48202264972370956,0.1245868032870534
5527,145804,2,21,2000,0.40898040173998346,0.1245868032870534
5527,145804,2,21,5000,0.49835424752203833,0.1245868032870534
5527,145804,2,22,50,0.4254991090880229,0.13627151234932844
5527,145804,2,22,100,0.2608269701057545,0.13627151234932844
5527,145804,2,22,250,0.4736934793899951,0.13627151234932844
5527,145804,2,22,500,0.3712826066569515,0.13627151234932844
5527,145804,2,22,1000,0.4194769769589238,0.13627151234932844
5527,145804,2,22,2000,0.4616434440420707,0.13627151234932844
5527,145804,2,22,5000,0.39236728297095635,0.13627151234932844
5527,145804,2,23,50,-0.09633901004169654,0.17110427387137378
5527,145804,2,23,100,0.5549710273261099,0.17110427387137378
5527,145804,2,23,250,0.4178293308421472,0.17110427387137378
5527,145804,2,23,500,-0.23103331361544288,0.17110427387137378
5527,145804,2,23,1000,-0.23103331361544288,0.17110427387137378
5527,145804,2,23,2000,-0.22472591832465216,0.17110427387137378
5527,145804,2,23,5000,-0.16156882565537878,0.17110427387137378
5527,145804,2,24,50,-0.05953609455930586,0.17016926843290814
5527,145804,2,24,100,-0.05953609455930586,0.17016926843290814
5527,145804,2,24,250,-0.05897124915237184,0.17016926843290814
5527,145804,2,24,500,-0.05930074230641669,0.17016926843290814
5527,145804,2,24,1000,-0.05897124915237184,0.17016926843290814
5527,145804,2,24,2000,-0.05897124915237184,0.17016926843290814
5527,145804,2,24,5000,-0.05897124915237184,0.17016926843290814
5527,31,0,5,50,-0.19392123287671237,0.22753952904207025
5527,31,0,5,100,-0.18621575342465746,0.22753952904207025
5527,31,0,5,250,-0.18621575342465746,0.22753952904207025
5527,31,0,5,500,-0.18621575342465746,0.22753952904207025
5527,31,0,5,1000,-0.18621575342465746,0.22753952904207025
5527,31,0,5,2000,-0.18621575342465746,0.22753952904207025
5527,31,0,5,5000,-0.0629280821917807,0.22753952904207025
5527,31,0,6,50,-0.07384417808219157,0.2056690371311477
5527,31,0,6,100,-0.133989726027397,0.2056690371311477
5527,31,0,6,250,-0.12885273972602718,0.2056690371311477
5527,31,0,6,500,-0.12885273972602718,0.2056690371311477
5527,31,0,6,1000,-0.12885273972602718,0.2056690371311477
5527,31,0,6,2000,-0.12885273972602718,0.2056690371311477
5527,31,0,6,5000,-0.12885273972602718,0.2056690371311477
5527,31,0,7,50,-0.09075342465753461,0.19214041130662396
5527,31,0,7,100,-0.08026541095890444,0.19214041130662396
5527,31,0,7,250,-0.052868150684931836,0.19214041130662396
5527,31,0,7,500,-0.26733732876712357,0.19214041130662396
5527,31,0,7,1000,-0.2035530821917811,0.19214041130662396
5527,31,0,7,2000,0.07041952054794492,0.19214041130662396
5527,31,0,7,5000,-0.11665239726027432,0.19214041130662396
5527,31,0,8,50,-0.1494006849315067,0.1853121290705089
5527,31,0,8,100,-0.23159246575342451,0.1853121290705089
5527,31,0,8,250,-0.2589897260273971,0.1853121290705089
5527,31,0,8,500,-0.13570205479452035,0.1853121290705089
5527,31,0,8,1000,-0.24529109589041076,0.1853121290705089
5527,31,0,8,2000,-0.19049657534246556,0.1853121290705089
5527,31,0,8,5000,-0.09460616438356151,0.1853121290705089
5527,31,0,9,50,0.05950342465753389,0.18850217441532904
5527,31,0,9,100,-0.008989726027397671,0.18850217441532904
5527,31,0,9,250,0.01840753424657493,0.18850217441532904
5527,31,0,9,500,0.01840753424657493,0.18850217441532904
5527,31,0,9,1000,0.032106164383561286,0.18850217441532904
5527,31,0,9,2000,0.01840753424657493,0.18850217441532904
5527,31,0,9,5000,0.004708904109588685,0.18850217441532904
5527,31,0,10,50,0.43386130136986295,0.17155193950040357
5527,31,0,10,100,-0.003852739726027621,0.17155193950040357
5527,31,0,10,250,-0.017551369863013866,0.17155193950040357
5527,31,0,10,500,-0.003852739726027621,0.17155193950040357
5527,31,0,10,1000,-0.003852739726027621,0.17155193950040357
5527,31,0,10,2000,-0.04494863013698647,0.17155193950040357
5527,31,0,10,5000,-0.11344178082191803,0.17155193950040357
5527,31,0,11,50,0.016909246575341874,0.1693216905169955
5527,31,0,11,100,-0.07898116438356217,0.1693216905169955
5527,31,0,11,250,-0.03788527397260333,0.1693216905169955
5527,31,0,11,500,-0.05158390410958957,0.1693216905169955
5527,31,0,11,1000,-0.03788527397260333,0.1693216905169955
5527,31,0,11,2000,-0.13377568493150738,0.1693216905169955
5527,31,0,11,5000,-0.10637842465753478,0.1693216905169955
5527,31,0,12,50,-0.01926369863013655,0.15297463135528191
5527,31,0,12,100,0.11087328767123206,0.15297463135528191
5527,31,0,12,250,0.019263698630136827,0.15297463135528191
5527,31,0,12,500,-0.22731164383561658,0.15297463135528191
5527,31,0,12,1000,-0.04922945205479473,0.15297463135528191
5527,31,0,12,2000,-0.22731164383561658,0.15297463135528191
5527,31,0,12,5000,-0.07662671232876733,0.15297463135528191
5527,31,0,13,50,0.08946917808219113,0.15406550258354393
5527,31,0,13,100,0.03467465753424592,0.15406550258354393
5527,31,0,13,250,0.08904109589040998,0.15406550258354393
5527,31,0,13,500,0.06164383561643738,0.15406550258354393
5527,31,0,13,1000,0.13056506849315008,0.15406550258354393
5527,31,0,13,2000,0.04837328767123228,0.15406550258354393
5527,31,0,13,5000,0.04837328767123228,0.15406550258354393
5527,31,0,14,50,-0.15560787671232856,0.12926483021446397
5527,31,0,14,100,-0.02397260273972668,0.12926483021446397
5527,31,0,14,250,0.35059931506849323,0.12926483021446397
5527,31,0,14,500,0.34760273972602757,0.12926483021446397
5527,31,0,14,1000,0.36815068493150693,0.12926483021446397
5527,31,0,14,2000,0.35445205479452063,0.12926483021446397
5527,31,0,14,5000,0.353595890410959,0.12926483021446397
5527,31,0,15,50,0.16523972602739706,0.1338465446552507
5527,31,0,15,100,0.16224315068493134,0.1338465446552507
5527,31,0,15,250,0.2307363013698629,0.1338465446552507
5527,31,0,15,500,-0.23651541095890366,0.1338465446552507
5527,31,0,15,1000,-0.25021404109589,0.1338465446552507
5527,31,0,15,2000,-0.2414383561643832,0.1338465446552507
5527,31,0,15,5000,0.11986301369862995,0.1338465446552507
5527,31,0,16,50,0.031035958904109484,0.1461309066818385
5527,31,0,16,100,-0.06678082191780821,0.1461309066818385
5527,31,0,16,250,-0.1243578767123289,0.1461309066818385
5527,31,0,16,500,0.10851883561643821,0.1461309066818385
5527,31,0,16,1000,0.2592037671232875,0.1461309066818385
5527,31,0,16,2000,0.21810787671232862,0.1461309066818385
5527,31,0,16,5000,0.3550941780821916,0.1461309066818385
5527,31,0,17,50,-0.191780821917808,0.14879446006099867
5527,31,0,17,100,-0.061429794520547865,0.14879446006099867
5527,31,0,17,250,0.28617294520547976,0.14879446006099867
5527,31,0,17,500,0.28745719178082196,0.14879446006099867
5527,31,0,17,1000,0.31357020547945236,0.14879446006099867
5527,31,0,17,2000,0.13677226027397266,0.14879446006099867
5527,31,0,17,5000,0.28617294520547976,0.14879446006099867
5527,31,0,18,50,-0.17123287671232845,0.13144354310921946
5527,31,0,18,100,-0.13120719178082163,0.13144354310921946
5527,31,0,18,250,-0.11900684931506822,0.13144354310921946
5527,31,0,18,500,0.048159246575342984,0.13144354310921946
5527,31,0,18,1000,0.0905393835616441,0.13144354310921946
5527,31,0,18,2000,0.058219178082192014,0.13144354310921946
5527,31,0,18,5000,0.05329623287671248,0.13144354310921946
5527,31,0,19,50,-0.17187499999999978,0.12344442457604676
5527,31,0,19,100,-0.04580479452054853,0.12344442457604676
5527,31,0,19,250,-0.12821061643835607,0.12344442457604676
5527,31,0,19,500,-0.09032534246575397,0.12344442457604676
5527,31,0,19,1000,-0.05329623287671226,0.12344442457604676
5527,31,0,19,2000,-0.10402397260274032,0.12344442457604676
5527,31,0,19,5000,-0.058005136986301054,0.12344442457604676
5527,31,0,20,50,0.11408390410958885,0.10941094733246784
5527,31,0,20,100,0.05928938356164404,0.10941094733246784
5527,31,0,20,250,0.00599315068493167,0.10941094733246784
5527,31,0,20,500,-0.03831335616438336,0.10941094733246784
5527,31,0,20,1000,0.047089041095890516,0.10941094733246784
5527,31,0,20,2000,-0.07619863013698613,0.10941094733246784
5527,31,0,20,5000,-0.06249999999999989,0.10941094733246784
5527,31,0,21,50,-0.15946061643835596,0.11565963067372176
5527,31,0,21,100,0.041095890410958846,0.11565963067372176
5527,31,0,21,250,0.022902397260273766,0.11565963067372176
5527,31,0,21,500,-0.07833904109589063,0.11565963067372176
5527,31,0,21,1000,-0.022688356164383694,0.11565963067372176
5527,31,0,21,2000,0.005779109589040932,0.11565963067372176
5527,31,0,21,5000,-0.07641267123287687,0.11565963067372176
5527,31,0,22,50,-0.04858732876712357,0.12457415710601072
5527,31,0,22,100,0.03681506849315097,0.12457415710601072
5527,31,0,22,250,0.10766267123287698,0.12457415710601072
5527,31,0,22,500,-0.02868150684931481,0.12457415710601072
5527,31,0,22,1000,-0.013912671232877316,0.12457415710601072
5527,31,0,22,2000,-0.02333047945205491,0.12457415710601072
5527,31,0,22,5000,0.07427226027397249,0.12457415710601072
5527,31,0,23,50,0.03317636986301398,0.09663836060953271
5527,31,0,23,100,-0.06078767123287743,0.09663836060953271
5527,31,0,23,250,0.05479452054794531,0.09663836060953271
5527,31,0,23,500,-0.03831335616438414,0.09663836060953271
5527,31,0,23,1000,-0.06271404109589063,0.09663836060953271
5527,31,0,23,2000,-0.03831335616438414,0.09663836060953271
5527,31,0,23,5000,0.00599315068493167,0.09663836060953271
5527,31,0,24,50,-0.010916095890410982,0.10239307299915366
5527,31,0,24,100,-0.03253424657534243,0.10239307299915366
5527,31,0,24,250,-0.02932363013698691,0.10239307299915366
5527,31,0,24,500,-0.02932363013698691,0.10239307299915366
5527,31,0,24,1000,-0.10273972602739734,0.10239307299915366
5527,31,0,24,2000,0.07791095890410948,0.10239307299915366
5527,31,0,24,5000,-0.03595890410958957,0.10239307299915366
5527,31,1,5,50,-0.30136986301369884,0.19633622452716729
5527,31,1,5,100,-0.11900684931506866,0.19633622452716729
5527,31,1,5,250,-0.2555650684931511,0.19633622452716729
5527,31,1,5,500,-0.15967465753424703,0.19633622452716729
5527,31,1,5,1000,-0.11857876712328808,0.19633622452716729
5527,31,1,5,2000,-0.09974315068493189,0.19633622452716729
5527,31,1,5,5000,-0.13227739726027443,0.19633622452716729
5527,31,1,6,50,0.44563356164383483,0.16616065540364833
5527,31,1,6,100,0.44627568493150616,0.16616065540364833
5527,31,1,6,250,0.4486301369863006,0.16616065540364833
5527,31,1,6,500,0.4486301369863006,0.16616065540364833
5527,31,1,6,1000,0.421232876712328,0.16616065540364833
5527,31,1,6,2000,0.421232876712328,0.16616065540364833
5527,31,1,6,5000,0.4486301369863006,0.16616065540364833
5527,31,1,7,50,0.4631849315068489,0.19842301976558535
5527,31,1,7,100,-0.284888698630137,0.19842301976558535
5527,31,1,7,250,-0.17636986301369895,0.19842301976558535
5527,31,1,7,500,-0.15239726027397293,0.19842301976558535
5527,31,1,7,1000,-0.1386986301369867,0.19842301976558535
5527,31,1,7,2000,-0.2324486301369867,0.19842301976558535
5527,31,1,7,5000,-0.21875000000000044,0.19842301976558535
5527,31,1,8,50,0.5042808219178081,0.15222269167128474
5527,31,1,8,100,0.3735017123287674,0.15222269167128474
5527,31,1,8,250,-0.21190068493150693,0.15222269167128474
5527,31,1,8,500,-0.13655821917808242,0.15222269167128474
5527,31,1,8,1000,0.0239726027397259,0.15222269167128474
5527,31,1,8,2000,-0.13912671232876728,0.15222269167128474
5527,31,1,8,5000,0.012842465753424404,0.15222269167128474
5527,31,1,9,50,-0.17016267123287687,0.1710356096951192
5527,31,1,9,100,0.4295804794520544,0.1710356096951192
5527,31,1,9,250,-0.2739726027397261,0.1710356096951192
5527,31,1,9,500,0.46083047945205446,0.1710356096951192
5527,31,1,9,1000,0.46083047945205446,0.1710356096951192
5527,31,1,9,2000,0.4578339041095886,0.1710356096951192
5527,31,1,9,5000,0.46083047945205446,0.1710356096951192
5527,31,1,10,50,-0.2155393835616437,0.17740422423224936
5527,31,1,10,100,-0.1825770547945207,0.17740422423224936
5527,31,1,10,250,-0.1911386986301371,0.17740422423224936
5527,31,1,10,500,-0.06678082191780854,0.17740422423224936
5527,31,1,10,1000,-0.08518835616438392,0.17740422423224936
5527,31,1,10,2000,-0.17251712328767155,0.17740422423224936
5527,31,1,10,5000,-0.14511986301369895,0.17740422423224936
5527,31,1,11,50,0.4952910958904105,0.15903459782658005
5527,31,1,11,100,-0.2148972602739727,0.15903459782658005
5527,31,1,11,250,-0.11151541095890438,0.15903459782658005
5527,31,1,11,500,-0.2562071917808225,0.15903459782658005
5527,31,1,11,1000,-0.06999143835616484,0.15903459782658005
5527,31,1,11,2000,-0.12435787671232934,0.15903459782658005
5527,31,1,11,5000,-0.1466181506849321,0.15903459782658005
5527,31,1,12,50,-0.18642979452054786,0.16177972533522483
5527,31,1,12,100,0.07255993150684914,0.16177972533522483
5527,31,1,12,250,-0.2140410958904112,0.16177972533522483
5527,31,1,12,500,-0.16267123287671248,0.16177972533522483
5527,31,1,12,1000,0.5466609589041092,0.16177972533522483
5527,31,1,12,2000,-0.16181506849315086,0.16177972533522483
5527,31,1,12,5000,-0.16609589041095885,0.16177972533522483
5527,31,1,13,50,0.46361301369863017,0.1642436576937646
5527,31,1,13,100,0.5177654109589038,0.1642436576937646
5527,31,1,13,250,-0.08690068493150682,0.1642436576937646
5527,31,1,13,500,0.4627568493150681,0.1642436576937646
5527,31,1,13,1000,0.44327910958904104,0.1642436576937646
5527,31,1,13,2000,0.554794520547945,0.1642436576937646
5527,31,1,13,5000,0.4651113013698627,0.1642436576937646
5527,31,1,14,50,0.39683219178082196,0.15090668096879065
5527,31,1,14,100,0.33390410958904126,0.15090668096879065
5527,31,1,14,250,-0.09011130136986312,0.15090668096879065
5527,31,1,14,500,0.398972602739726,0.15090668096879065
5527,31,1,14,1000,0.39704623287671215,0.15090668096879065
5527,31,1,14,2000,0.2649828767123284,0.15090668096879065
5527,31,1,14,5000,0.3842037671232874,0.15090668096879065
5527,31,1,15,50,-0.18428938356164348,0.13593409023748526
5527,31,1,15,100,0.4623287671232878,0.13593409023748526
5527,31,1,15,250,0.4948630136986304,0.13593409023748526
5527,31,1,15,500,0.3713613013698633,0.13593409023748526
5527,31,1,15,1000,0.16823630136986256,0.13593409023748526
5527,31,1,15,2000,0.1641695205479448,0.13593409023748526
5527,31,1,15,5000,0.1889982876712324,0.13593409023748526
5527,31,1,16,50,0.34952910958904126,0.14025183451335674
5527,31,1,16,100,-0.10851883561643849,0.14025183451335674
5527,31,1,16,250,0.432791095890411,0.14025183451335674
5527,31,1,16,500,0.3638698630136987,0.14025183451335674
5527,31,1,16,1000,0.4304366438356167,0.14025183451335674
5527,31,1,16,2000,0.4186643835616439,0.14025183451335674
5527,31,1,16,5000,0.3638698630136987,0.14025183451335674
5527,31,1,17,50,-0.14019691780821886,0.18076560190621455
5527,31,1,17,100,0.3191352739726031,0.18076560190621455
5527,31,1,17,250,-0.008133561643835718,0.18076560190621455
5527,31,1,17,500,-0.049657534246575596,0.18076560190621455
5527,31,1,17,1000,-0.10744863013698658,0.18076560190621455
5527,31,1,17,2000,-0.10273972602739734,0.18076560190621455
5527,31,1,17,5000,-0.10552226027397271,0.18076560190621455
5527,31,1,18,50,-0.11665239726027365,0.1583508338765556
5527,31,1,18,100,-0.16245719178082185,0.1583508338765556
5527,31,1,18,250,-0.14383561643835574,0.1583508338765556
5527,31,1,18,500,-0.10402397260273943,0.1583508338765556
5527,31,1,18,1000,-0.17016267123287654,0.1583508338765556
5527,31,1,18,2000,-0.1575342465753421,0.1583508338765556
5527,31,1,18,5000,-0.1410530821917806,0.1583508338765556
5527,31,1,19,50,-0.022902397260273988,0.1374898830839639
5527,31,1,19,100,0.3976883561643838,0.1374898830839639
5527,31,1,19,250,0.331121575342466,0.1374898830839639
5527,31,1,19,500,0.331121575342466,0.1374898830839639
5527,31,1,19,1000,0.4071061643835617,0.1374898830839639
5527,31,1,19,2000,0.37585616438356173,0.1374898830839639
5527,31,1,19,5000,0.37585616438356173,0.1374898830839639
5527,31,1,20,50,-0.02654109589041098,0.13078674322192999
5527,31,1,20,100,-0.07641267123287698,0.13078674322192999
5527,31,1,20,250,-0.020976027397260566,0.13078674322192999
5527,31,1,20,500,-0.02161815068493178,0.13078674322192999
5527,31,1,20,1000,-0.020976027397260566,0.13078674322192999
5527,31,1,20,2000,0.07748287671232856,0.13078674322192999
5527,31,1,20,5000,0.0355308219178081,0.13078674322192999
5527,31,1,21,50,0.020547945205479534,0.12419173933292359
5527,31,1,21,100,-0.010916095890410982,0.12419173933292359
5527,31,1,21,250,-0.049229452054794454,0.12419173933292359
5527,31,1,21,500,-0.09567636986301409,0.12419173933292359
5527,31,1,21,1000,-0.06464041095890438,0.12419173933292359
5527,31,1,21,2000,-0.034032534246575374,0.12419173933292359
5527,31,1,21,5000,-0.07833904109589063,0.12419173933292359
5527,31,1,22,50,-0.09353595890410915,0.11948226960300139
5527,31,1,22,100,-0.06678082191780776,0.11948226960300139
5527,31,1,22,250,-0.025684931506848918,0.11948226960300139
5527,31,1,22,500,-0.026755136986301387,0.11948226960300139
5527,31,1,22,1000,-0.020333904109589462,0.11948226960300139
5527,31,1,22,2000,0.0053510273972599,0.11948226960300139
5527,31,1,22,5000,-0.07298801369863028,0.11948226960300139
5527,31,1,23,50,0.018835616438356406,0.09724266178607796
5527,31,1,23,100,0.018835616438356406,0.09724266178607796
5527,31,1,23,250,-0.035958904109588796,0.09724266178607796
5527,31,1,23,500,-0.027397260273973045,0.09724266178607796
5527,31,1,23,1000,-0.06849315068493189,0.09724266178607796
5527,31,1,23,2000,-0.08219178082191825,0.09724266178607796
5527,31,1,23,5000,0.018407534246575152,0.09724266178607796
5527,31,1,24,50,-0.0856164383561645,0.1224792714129541
5527,31,1,24,100,-0.19242294520547976,0.1224792714129541
5527,31,1,24,250,-0.0772688356164386,0.1224792714129541
5527,31,1,24,500,-0.0224743150684934,0.1224792714129541
5527,31,1,24,1000,-0.02461472602739756,0.1224792714129541
5527,31,1,24,2000,-0.02461472602739756,0.1224792714129541
5527,31,1,24,5000,-0.02461472602739756,0.1224792714129541
5527,31,2,5,50,-0.09888698630137005,0.23670845397564041
5527,31,2,5,100,0.3792808219178082,0.23670845397564041
5527,31,2,5,250,0.3792808219178082,0.23670845397564041
5527,31,2,5,500,-0.20034246575342463,0.23670845397564041
5527,31,2,5,1000,0.11815068493150716,0.23670845397564041
5527,31,2,5,2000,0.0599315068493152,0.23670845397564041
5527,31,2,5,5000,0.0599315068493152,0.23670845397564041
5527,31,2,6,50,-0.3005136986301373,0.20867251944226062
5527,31,2,6,100,-0.2874571917808222,0.20867251944226062
5527,31,2,6,250,-0.07726883561643871,0.20867251944226062
5527,31,2,6,500,-0.1115154109589046,0.20867251944226062
5527,31,2,6,1000,-0.13356164383561686,0.20867251944226062
5527,31,2,6,2000,-0.09781678082191825,0.20867251944226062
5527,31,2,6,5000,-0.015625000000000444,0.20867251944226062
5527,31,2,7,50,-0.3398972602739727,0.2117999174860305
5527,31,2,7,100,-0.07577054794520566,0.2117999174860305
5527,31,2,7,250,-0.07405821917808231,0.2117999174860305
5527,31,2,7,500,-0.06035958904109606,0.2117999174860305
5527,31,2,7,1000,-0.00556506849315086,0.2117999174860305
5527,31,2,7,2000,-0.05950342465753433,0.2117999174860305
5527,31,2,7,5000,0.008133561643835496,0.2117999174860305
5527,31,2,8,50,-0.011986301369862451,0.18742451709366675
5527,31,2,8,100,-0.0631421232876711,0.18742451709366675
5527,31,2,8,250,0.01541095890411015,0.18742451709366675
5527,31,2,8,500,0.16952054794520582,0.18742451709366675
5527,31,2,8,1000,0.2536386986301374,0.18742451709366675
5527,31,2,8,2000,0.15774828767123328,0.18742451709366675
5527,31,2,8,5000,-0.08882705479452013,0.18742451709366675
5527,31,2,9,50,0.32427226027397243,0.17999937032765173
5527,31,2,9,100,0.32855308219178075,0.17999937032765173
5527,31,2,9,250,0.057148972602739656,0.17999937032765173
5527,31,2,9,500,0.26177226027397243,0.17999937032765173
5527,31,2,9,1000,0.34482020547945197,0.17999937032765173
5527,31,2,9,2000,0.34482020547945197,0.17999937032765173
5527,31,2,9,5000,0.33112157534246567,0.17999937032765173
5527,31,2,10,50,-0.17337328767123295,0.17539522611439542
5527,31,2,10,100,-0.17337328767123295,0.17539522611439542
5527,31,2,10,250,-0.17337328767123295,0.17539522611439542
5527,31,2,10,500,-0.17337328767123295,0.17539522611439542
5527,31,2,10,1000,-0.17337328767123295,0.17539522611439542
5527,31,2,10,2000,-0.17337328767123295,0.17539522611439542
5527,31,2,10,5000,-0.17337328767123295,0.17539522611439542
5527,31,2,11,50,-0.10766267123287654,0.17466815758322696
5527,31,2,11,100,-0.03446061643835596,0.17466815758322696
5527,31,2,11,250,-0.06635273972602729,0.17466815758322696
5527,31,2,11,500,-0.08005136986301364,0.17466815758322696
5527,31,2,11,1000,-0.06635273972602729,0.17466815758322696
5527,31,2,11,2000,-0.08925513698630116,0.17466815758322696
5527,31,2,11,5000,-0.10295376712328752,0.17466815758322696
5527,31,2,12,50,-0.07191780821917815,0.15836118535471544
5527,31,2,12,100,-0.02525684931506844,0.15836118535471544
5527,31,2,12,250,0.12114726027397266,0.15836118535471544
5527,31,2,12,500,0.03938356164383566,0.15836118535471544
5527,31,2,12,1000,-0.043236301369863006,0.15836118535471544
5527,31,2,12,2000,0.025684931506849362,0.15836118535471544
5527,31,2,12,5000,0.05308219178082196,0.15836118535471544
5527,31,2,13,50,-0.0633561643835614,0.1459243232815903
5527,31,2,13,100,-0.02611301369862984,0.1459243232815903
5527,31,2,13,250,-0.06464041095890372,0.1459243232815903
5527,31,2,13,500,-0.039811643835616084,0.1459243232815903
5527,31,2,13,1000,-0.012414383561643483,0.1459243232815903
5527,31,2,13,2000,0.0012842465753427623,0.1459243232815903
5527,31,2,13,5000,-0.039811643835616084,0.1459243232815903
5527,31,2,14,50,-0.14554794520547942,0.13495873452246276
5527,31,2,14,100,-0.09075342465753422,0.13495873452246276
5527,31,2,14,250,-0.03467465753424637,0.13495873452246276
5527,31,2,14,500,-0.03467465753424637,0.13495873452246276
5527,31,2,14,1000,-0.03467465753424637,0.13495873452246276
5527,31,2,14,2000,0.04751712328767144,0.13495873452246276
5527,31,2,14,5000,0.03381849315068519,0.13495873452246276
5527,31,2,15,50,-0.04730308219178059,0.13764361192856073
5527,31,2,15,100,0.034888698630137216,0.13764361192856073
5527,31,2,15,250,-0.07470034246575319,0.13764361192856073
5527,31,2,15,500,-0.04730308219178059,0.13764361192856073
5527,31,2,15,1000,-0.00620719178082163,0.13764361192856073
5527,31,2,15,2000,-0.019905821917807986,0.13764361192856073
5527,31,2,15,5000,0.007491438356164615,0.13764361192856073
5527,31,2,16,50,-0.025898972602739656,0.1381991693635222
5527,31,2,16,100,-0.05329623287671226,0.1381991693635222
5527,31,2,16,250,-0.12243150684931525,0.1381991693635222
5527,31,2,16,500,-0.06763698630137005,0.1381991693635222
5527,31,2,16,1000,0.0590753424657533,0.1381991693635222
5527,31,2,16,2000,0.031892123287671104,0.1381991693635222
5527,31,2,16,5000,0.004494863013698502,0.1381991693635222
5527,31,2,17,50,0.005565068493151082,0.12401135919327202
5527,31,2,17,100,-0.10359589041095851,0.12401135919327202
5527,31,2,17,250,0.040453767123287965,0.12401135919327202
5527,31,2,17,500,-0.008133561643835163,0.12401135919327202
5527,31,2,17,1000,-0.03253424657534221,0.12401135919327202
5527,31,2,17,2000,-0.0006421232876709926,0.12401135919327202
5527,31,2,17,5000,0.040453767123287965,0.12401135919327202
5527,31,2,18,50,-0.10038527397260266,0.1343478702682471
5527,31,2,18,100,-0.07298801369863006,0.1343478702682471
5527,31,2,18,250,-0.3058647260273972,0.1343478702682471
5527,31,2,18,500,-0.3020119863013698,0.1343478702682471
5527,31,2,18,1000,-0.056720890410958846,0.1343478702682471
5527,31,2,18,2000,-0.30329623287671226,0.1343478702682471
5527,31,2,18,5000,-0.02932363013698619,0.1343478702682471
5527,31,2,19,50,-0.14875856164383572,0.1395834608873281
5527,31,2,19,100,-0.07148972602739723,0.1395834608873281
5527,31,2,19,250,-0.09931506849315086,0.1395834608873281
5527,31,2,19,500,-0.06250000000000033,0.1395834608873281
5527,31,2,19,1000,-0.09417808219178114,0.1395834608873281
5527,31,2,19,2000,-0.06678082191780865,0.1395834608873281
5527,31,2,19,5000,-0.020547945205479867,0.1395834608873281
5527,31,2,20,50,-0.07363013698630172,0.11856862541938146
5527,31,2,20,100,0.017979452054794343,0.11856862541938146
5527,31,2,20,250,-0.03467465753424703,0.11856862541938146
5527,31,2,20,500,0.02011986301369806,0.11856862541938146
5527,31,2,20,1000,0.29794520547945197,0.11856862541938146
5527,31,2,20,2000,0.1121575342465751,0.11856862541938146
5527,31,2,20,5000,-0.017123287671233,0.11856862541938146
5527,31,2,21,50,-0.05244006849315097,0.13757546313345936
5527,31,2,21,100,-0.046875,0.13757546313345936
5527,31,2,21,250,-0.11429794520547976,0.13757546313345936
5527,31,2,21,500,-0.046875,0.13757546313345936
5527,31,2,21,1000,-0.03253424657534287,0.13757546313345936
5527,31,2,21,2000,-0.08732876712328808,0.13757546313345936
5527,31,2,21,5000,-0.099743150684932,0.13757546313345936
5527,31,2,22,50,-0.05051369863013755,0.11873458657490565
5527,31,2,22,100,-0.044734589041096284,0.11873458657490565
5527,31,2,22,250,-0.0293236301369868,0.11873458657490565
5527,31,2,22,500,-0.01840753424657593,0.11873458657490565
5527,31,2,22,1000,-0.08518835616438425,0.11873458657490565
5527,31,2,22,2000,0.001712328767122684,0.11873458657490565
5527,31,2,22,5000,-0.1108732876712335,0.11873458657490565
5527,31,2,23,50,0.023544520547945313,0.115071324757009
5527,31,2,23,100,0.03852739726027388,0.115071324757009
5527,31,2,23,250,-0.0458047945205482,0.115071324757009
5527,31,2,23,500,-0.049871575342466,0.115071324757009
5527,31,2,23,1000,-0.1046660958904112,0.115071324757009
5527,31,2,23,2000,-0.011130136986301609,0.115071324757009
5527,31,2,23,5000,-0.07855308219178114,0.115071324757009
5527,31,2,24,50,-0.05393835616438325,0.11586939290197715
5527,31,2,24,100,-0.12285958904109606,0.11586939290197715
5527,31,2,24,250,-0.02247431506849329,0.11586939290197715
5527,31,2,24,500,-0.03339041095890438,0.11586939290197715
5527,31,2,24,1000,0.037243150684931225,0.11586939290197715
5527,31,2,24,2000,0.03617294520547909,0.11586939290197715
5527,31,2,24,5000,0.06035958904109551,0.11586939290197715
5527,10101,0,5,50,-0.009921341644405945,0.017778895024651593
5527,10101,0,5,100,0.005952804986642191,0.017778895024651593
5527,10101,0,5,250,-0.02579548827545275,0.017778895024651593
5527,10101,0,5,500,-0.02579548827545275,0.017778895024651593
5527,10101,0,5,1000,-0.009921341644405945,0.017778895024651593
5527,10101,0,5,2000,0.005952804986642191,0.017778895024651593
5527,10101,0,5,5000,-0.02579548827545275,0.017778895024651593
5527,10101,0,6,50,0.002480335411100043,0.01747700224152033
5527,10101,0,6,100,-0.21974584446423373,0.01747700224152033
5527,10101,0,6,250,-0.01339381121994676,0.01747700224152033
5527,10101,0,6,500,-0.01339381121994676,0.01747700224152033
5527,10101,0,6,1000,0.002480335411100043,0.01747700224152033
5527,10101,0,6,2000,0.002480335411100043,0.01747700224152033
5527,10101,0,6,5000,-0.01339381121994676,0.01747700224152033
5527,10101,0,7,50,0.012649710596615349,0.01564022003889684
5527,10101,0,7,100,0.07613442416147131,0.01564022003889684
5527,10101,0,7,250,-0.01909858266547959,0.01564022003889684
5527,10101,0,7,500,-0.004464603739983364,0.01564022003889684
5527,10101,0,7,1000,-0.020338750371030168,0.01564022003889684
5527,10101,0,7,2000,0.011409542891064772,0.01564022003889684
5527,10101,0,7,5000,-0.020338750371030168,0.01564022003889684
5527,10101,0,8,50,0.004464603739981032,0.01586994098023947
5527,10101,0,8,100,-0.011409542891065771,0.01586994098023947
5527,10101,0,8,250,0.03571682991985736,0.01586994098023947
5527,10101,0,8,500,-0.011409542891065771,0.01586994098023947
5527,10101,0,8,1000,0.004464603739981032,0.01586994098023947
5527,10101,0,8,2000,-0.02728368952211402,0.01586994098023947
5527,10101,0,8,5000,0.004464603739981032,0.01586994098023947
5527,10101,0,9,50,-0.06796119026417402,0.014323907020451792
5527,10101,0,9,100,0.006944939151082186,0.014323907020451792
5527,10101,0,9,250,0.02281908578213032,0.014323907020451792
5527,10101,0,9,500,-0.1200363609379651,0.014323907020451792
5527,10101,0,9,1000,-0.10416221430691697,0.014323907020451792
5527,10101,0,9,2000,0.006944939151082186,0.014323907020451792
5527,10101,0,9,5000,-0.024803354111012865,0.014323907020451792
5527,10101,0,10,50,0.008929207479963064,0.01522421963780117
5527,10101,0,10,100,-0.02629155535767358,0.01522421963780117
5527,10101,0,10,250,0.0059528049866416355,0.01522421963780117
5527,10101,0,10,500,-0.009921341644405168,0.01522421963780117
5527,10101,0,10,1000,-0.025795488275453415,0.01522421963780117
5527,10101,0,10,2000,0.0059528049866416355,0.01522421963780117
5527,10101,0,10,5000,0.0059528049866416355,0.01522421963780117
5527,10101,0,11,50,0.04018143365983917,0.015139865637143257
5527,10101,0,11,100,-0.07093759275749545,0.015139865637143257
5527,10101,0,11,250,0.05605558029088731,0.015139865637143257
5527,10101,0,11,500,0.008433140397742789,0.015139865637143257
5527,10101,0,11,1000,0.008433140397742789,0.015139865637143257
5527,10101,0,11,2000,-0.023315152864352262,0.015139865637143257
5527,10101,0,11,5000,0.05605558029088731,0.015139865637143257
5527,10101,0,12,50,-0.07489425645592207,0.015112382504370612
5527,10101,0,12,100,-0.07489425645592207,0.015112382504370612
5527,10101,0,12,250,0.09623701395072692,0.015112382504370612
5527,10101,0,12,500,0.03274042742653549,0.015112382504370612
5527,10101,0,12,1000,0.03174829326209516,0.015112382504370612
5527,10101,0,12,2000,0.015874146631048358,0.015112382504370612
5527,10101,0,12,5000,-0.06348471356485574,0.015112382504370612
5527,10101,0,13,50,0.08532353814188276,0.017018301240262376
5527,10101,0,13,100,0.04067750074205989,0.017018301240262376
5527,10101,0,13,250,0.03323649450875632,0.017018301240262376
5527,10101,0,13,500,0.05655164737310803,0.017018301240262376
5527,10101,0,13,1000,-0.02182695161768966,0.017018301240262376
5527,10101,0,13,2000,0.025795488275453637,0.017018301240262376
5527,10101,0,13,5000,-0.02182695161768966,0.017018301240262376
5527,10101,0,14,50,0.042413735529830965,0.01887093141305292
5527,10101,0,14,100,0.04886260759869432,0.01887093141305292
5527,10101,0,14,250,0.06672102255862233,0.01887093141305292
5527,10101,0,14,500,0.01885054912436901,0.01887093141305292
5527,10101,0,14,1000,0.06523282131196162,0.01887093141305292
5527,10101,0,14,2000,0.049358674680914816,0.01887093141305292
5527,10101,0,14,5000,0.06523282131196162,0.01887093141305292
5527,10101,0,15,50,0.057295747996437774,0.020207264714431742
5527,10101,0,15,100,-0.05802797566043283,0.020207264714431742
5527,10101,0,15,250,-0.009921341644404835,0.020207264714431742
5527,10101,0,15,500,-0.10465828138913569,0.020207264714431742
5527,10101,0,15,1000,-0.07737459186702278,0.020207264714431742
5527,10101,0,15,2000,-0.011657576432174799,0.020207264714431742
5527,10101,0,15,5000,-0.011657576432174799,0.020207264714431742
5527,10101,0,16,50,0.03298846096764507,0.02124523453562331
5527,10101,0,16,100,0.04315783615316093,0.02124523453562331
5527,10101,0,16,250,0.011409542891065882,0.02124523453562331
5527,10101,0,16,500,0.033980595132086955,0.02124523453562331
5527,10101,0,16,1000,-0.02033875037102917,0.02124523453562331
5527,10101,0,16,2000,0.05903198278420907,0.02124523453562331
5527,10101,0,16,5000,0.05903198278420907,0.02124523453562331
5527,10101,0,17,50,-0.03125222617987544,0.01979659498231889
5527,10101,0,17,100,-0.024295414069456456,0.01979659498231889
5527,10101,0,17,250,-0.06150044523597542,0.01979659498231889
5527,10101,0,17,500,-0.026527715939447583,0.01979659498231889
5527,10101,0,17,1000,-0.047610566933808274,0.01979659498231889
5527,10101,0,17,2000,0.01513004600771739,0.01979659498231889
5527,10101,0,17,5000,0.031004192638765526,0.01979659498231889
5527,10101,0,18,50,0.07192972692193556,0.02065575700913518
5527,10101,0,18,100,0.06200838527753094,0.02065575700913518
5527,10101,0,18,250,0.03026009201543456,0.02065575700913518
5527,10101,0,18,500,-0.017362347877708628,0.02065575700913518
5527,10101,0,18,1000,0.009177241021074312,0.02065575700913518
5527,10101,0,18,2000,-0.0538114054615616,0.02065575700913518
5527,10101,0,18,5000,-0.00620083852775255,0.02065575700913518
5527,10101,0,19,50,0.03274042742653527,0.020540404542407343
5527,10101,0,19,100,0.05853591570198857,0.020540404542407343
5527,10101,0,19,250,-0.06720521668150836,0.020540404542407343
5527,10101,0,19,500,-0.0014882012466603811,0.020540404542407343
5527,10101,0,19,1000,-0.05753190857821333,0.020540404542407343
5527,10101,0,19,2000,-0.041657761947165084,0.020540404542407343
5527,10101,0,19,5000,-0.010417408726624222,0.020540404542407343
5527,10101,0,20,50,0.07143365983971517,0.022619614060735798
5527,10101,0,20,100,0.036956997625407384,0.022619614060735798
5527,10101,0,20,250,-0.04686646631047786,0.022619614060735798
5527,10101,0,20,500,0.07267382754526563,0.022619614060735798
5527,10101,0,20,1000,-0.03125222617987522,0.022619614060735798
5527,10101,0,20,2000,-0.06298864648263613,0.022619614060735798
5527,10101,0,20,5000,-0.03125222617987522,0.022619614060735798
5527,10101,0,21,50,-0.03844056099732951,0.02500537373291554
5527,10101,0,21,100,0.06373886910062232,0.02500537373291554
5527,10101,0,21,250,-0.03844056099732951,0.02500537373291554
5527,10101,0,21,500,0.07961301573167046,0.02500537373291554
5527,10101,0,21,1000,-0.022566414366281262,0.02500537373291554
5527,10101,0,21,2000,-0.022566414366281262,0.02500537373291554
5527,10101,0,21,5000,-0.022566414366281262,0.02500537373291554
5527,10101,0,22,50,-0.09771668150786583,0.028502993546575393
5527,10101,0,22,100,0.06398838676164953,0.028502993546575393
5527,10101,0,22,250,0.0642319679430099,0.028502993546575393
5527,10101,0,22,500,0.10342071089343996,0.028502993546575393
5527,10101,0,22,1000,0.06200040813297758,0.028502993546575393
5527,10101,0,22,2000,0.07787455476402438,0.028502993546575393
5527,10101,0,22,5000,0.09374870139507252,0.028502993546575393
5527,10101,0,23,50,0.06969037548233847,0.021045985856921415
5527,10101,0,23,100,0.05009925051944175,0.021045985856921415
5527,10101,0,23,250,0.08382828732561576,0.021045985856921415
5527,10101,0,23,500,0.07638709557732193,0.021045985856921415
5527,10101,0,23,1000,-0.03571256307509674,0.021045985856921415
5527,10101,0,23,2000,0.08556433659839702,0.021045985856921415
5527,10101,0,23,5000,0.06969018996734888,0.021045985856921415
5527,10101,0,24,50,0.05332294449391495,0.02271947751271023
5527,10101,0,24,100,0.07639080587711489,0.02271947751271023
5527,10101,0,24,250,0.06224936924903468,0.02271947751271023
5527,10101,0,24,500,0.052826877411694784,0.02271947751271023
5527,10101,0,24,1000,-0.03918521816562781,0.02271947751271023
5527,10101,0,24,2000,0.06398504749183676,0.02271947751271023
5527,10101,0,24,5000,-0.03918521816562781,0.02271947751271023
5527,10101,1,5,50,-0.022571052241020628,0.01043377749819947
5527,10101,1,5,100,0.009177241021074312,0.01043377749819947
5527,10101,1,5,250,-0.0066969056099738244,0.01043377749819947
5527,10101,1,5,500,-0.0066969056099738244,0.01043377749819947
5527,10101,1,5,1000,0.009177241021074312,0.01043377749819947
5527,10101,1,5,2000,-0.038445198872068875,0.01043377749819947
5527,10101,1,5,5000,0.040925534283170695,0.01043377749819947
5527,10101,1,6,50,0.018850549124368343,0.012636865269644523
5527,10101,1,6,100,-0.03943733303650987,0.012636865269644523
5527,10101,1,6,250,-0.028771890768774844,0.012636865269644523
5527,10101,1,6,500,0.03472469575541659,0.012636865269644523
5527,10101,1,6,1000,-0.028771890768774844,0.012636865269644523
5527,10101,1,6,2000,-0.012897744137726597,0.012636865269644523
5527,10101,1,6,5000,-0.028771890768774844,0.012636865269644523
5527,10101,1,7,50,0.013641844761055788,0.013984803306867246
5527,10101,1,7,100,-0.003968536657763311,0.013984803306867246
5527,10101,1,7,250,-0.0014882012466619354,0.013984803306867246
5527,10101,1,7,500,0.011161509349954524,0.013984803306867246
5527,10101,1,7,1000,-0.014137911843277395,0.013984803306867246
5527,10101,1,7,2000,-0.014137911843277395,0.013984803306867246
5527,10101,1,7,5000,-0.014137911843277395,0.013984803306867246
5527,10101,1,8,50,0.0032244360344302336,0.013231324294642305
5527,10101,1,8,100,0.01909858266547837,0.013231324294642305
5527,10101,1,8,250,0.018602515583258095,0.013231324294642305
5527,10101,1,8,500,0.018602515583258095,0.013231324294642305
5527,10101,1,8,1000,0.0027283689522099586,0.013231324294642305
5527,10101,1,8,2000,0.0027283689522099586,0.013231324294642305
5527,10101,1,8,5000,0.03447666221430634,0.013231324294642305
5527,10101,1,9,50,0.013393811219945762,0.01257875849027819
5527,10101,1,9,100,-0.021330884535470496,0.01257875849027819
5527,10101,1,9,250,-0.021330884535470496,0.01257875849027819
5527,10101,1,9,500,-0.021330884535470496,0.01257875849027819
5527,10101,1,9,1000,-0.005456737904423692,0.01257875849027819
5527,10101,1,9,2000,-0.021330884535470496,0.01257875849027819
5527,10101,1,9,5000,-0.008681173938854592,0.01257875849027819
5527,10101,1,10,50,-0.029515991392105256,0.012125233609333812
5527,10101,1,10,100,-0.01364184476105701,0.012125233609333812
5527,10101,1,10,250,0.048862607598693875,0.012125233609333812
5527,10101,1,10,500,-0.008681173938854703,0.012125233609333812
5527,10101,1,10,1000,-0.008681173938854703,0.012125233609333812
5527,10101,1,10,2000,-0.008681173938854703,0.012125233609333812
5527,10101,1,10,5000,-0.008681173938854703,0.012125233609333812
5527,10101,1,11,50,-0.002232301869991793,0.011756880931098293
5527,10101,1,11,100,-0.0248033541110122,0.011756880931098293
5527,10101,1,11,250,-0.0248033541110122,0.011756880931098293
5527,10101,1,11,500,-0.008929207479965395,0.011756880931098293
5527,10101,1,11,1000,-0.0248033541110122,0.011756880931098293
5527,10101,1,11,2000,-0.011905609973286047,0.011756880931098293
5527,10101,1,11,5000,-0.0248033541110122,0.011756880931098293
5527,10101,1,12,50,-0.17509980706441175,0.012626725237302324
5527,10101,1,12,100,0.00694493915108263,0.012626725237302324
5527,10101,1,12,250,-0.006696905609974491,0.012626725237302324
5527,10101,1,12,500,0.00694493915108263,0.012626725237302324
5527,10101,1,12,1000,-0.006696905609974491,0.012626725237302324
5527,10101,1,12,2000,-0.022571052241021294,0.012626725237302324
5527,10101,1,12,5000,-0.022571052241021294,0.012626725237302324
5527,10101,1,13,50,-0.033236494508756986,0.013018496211565015
5527,10101,1,13,100,-0.04911064113980512,0.013018496211565015
5527,10101,1,13,250,-0.015874146631048136,0.013018496211565015
5527,10101,1,13,500,-0.012649710596616681,0.013018496211565015
5527,10101,1,13,1000,-0.012649710596616681,0.013018496211565015
5527,10101,1,13,2000,-0.0255474547343435,0.013018496211565015
5527,10101,1,13,5000,-0.012649710596616681,0.013018496211565015
5527,10101,1,14,50,-0.11011501929355982,0.013405453287979152
5527,10101,1,14,100,-0.025299421193233473,0.013405453287979152
5527,10101,1,14,250,0.015626113089936666,0.013405453287979152
5527,10101,1,14,500,-0.033484528049867235,0.013405453287979152
5527,10101,1,14,1000,-0.012401677055506544,0.013405453287979152
5527,10101,1,14,2000,-0.012401677055506544,0.013405453287979152
5527,10101,1,14,5000,-0.012401677055506544,0.013405453287979152
5527,10101,1,15,50,0.005704771445531387,0.013264045462247999
5527,10101,1,15,100,-0.03224436034431655,0.013264045462247999
5527,10101,1,15,250,-0.03224436034431655,0.013264045462247999
5527,10101,1,15,500,-0.012401677055506544,0.013264045462247999
5527,10101,1,15,1000,0.005704771445531387,0.013264045462247999
5527,10101,1,15,2000,-0.026787622439894077,0.013264045462247999
5527,10101,1,15,5000,-0.012401677055506544,0.013264045462247999
5527,10101,1,16,50,-0.10391418076580694,0.013372230477007674
5527,10101,1,16,100,-0.03249239388542646,0.013372230477007674
5527,10101,1,16,250,-0.010417408726625443,0.013372230477007674
5527,10101,1,16,500,-0.02629155535767369,0.013372230477007674
5527,10101,1,16,1000,-0.010417408726625443,0.013372230477007674
5527,10101,1,16,2000,0.022074985158799687,0.013372230477007674
5527,10101,1,16,5000,-0.009673308103295253,0.013372230477007674
5527,10101,1,17,50,-0.02827582368655479,0.012811237202994683
5527,10101,1,17,100,-0.026043521816563553,0.012811237202994683
5527,10101,1,17,250,-0.07366596170970674,0.012811237202994683
5527,10101,1,17,500,-0.02827582368655479,0.012811237202994683
5527,10101,1,17,1000,-0.012401677055506544,0.012811237202994683
5527,10101,1,17,2000,-0.012401677055506544,0.012811237202994683
5527,10101,1,17,5000,-0.02827582368655479,0.012811237202994683
5527,10101,1,18,50,-0.02703565598100377,0.013209723497862346
5527,10101,1,18,100,-0.10639451617690787,0.013209723497862346
5527,10101,1,18,250,-0.05878394924309882,0.013209723497862346
5527,10101,1,18,500,-0.028771890768774955,0.013209723497862346
5527,10101,1,18,1000,-0.028771890768774955,0.013209723497862346
5527,10101,1,18,2000,-0.028771890768774955,0.013209723497862346
5527,10101,1,18,5000,-0.028771890768774955,0.013209723497862346
5527,10101,1,19,50,-0.03993340011872992,0.01596968209253455
5527,10101,1,19,100,-0.08878413475808955,0.01596968209253455
5527,10101,1,19,250,-0.07191785396260086,0.01596968209253455
5527,10101,1,19,500,-0.02405925348768312,0.01596968209253455
5527,10101,1,19,1000,-0.008185106856634983,0.01596968209253455
5527,10101,1,19,2000,-0.02405925348768312,0.01596968209253455
5527,10101,1,19,5000,-0.008185106856634983,0.01596968209253455
5527,10101,1,20,50,0.014882012466606254,0.01536951534578466
5527,10101,1,20,100,-0.03274042742653693,0.01536951534578466
5527,10101,1,20,250,-0.016866280795488797,0.01536951534578466
5527,10101,1,20,500,0.014882012466606254,0.01536951534578466
5527,10101,1,20,1000,0.014882012466606254,0.01536951534578466
5527,10101,1,20,2000,-0.016866280795488797,0.01536951534578466
5527,10101,1,20,5000,-0.0019842683288811003,0.01536951534578466
5527,10101,1,21,50,-0.006448872068863798,0.016993355933007066
5527,10101,1,21,100,0.023067119323240237,0.016993355933007066
5527,10101,1,21,250,0.023067119323240237,0.016993355933007066
5527,10101,1,21,500,0.023067119323240237,0.016993355933007066
5527,10101,1,21,1000,-0.02455532056990295,0.016993355933007066
5527,10101,1,21,2000,0.023067119323240237,0.016993355933007066
5527,10101,1,21,5000,-0.008681173938854814,0.016993355933007066
5527,10101,1,22,50,-0.09151250371030062,0.013709836878204838
5527,10101,1,22,100,-0.12326079697239567,0.013709836878204838
5527,10101,1,22,250,-0.010665442267735581,0.013709836878204838
5527,10101,1,22,500,-0.026787622439893854,0.013709836878204838
5527,10101,1,22,1000,-0.04266176907094077,0.013709836878204838
5527,10101,1,22,2000,-0.04266176907094077,0.013709836878204838
5527,10101,1,22,5000,-0.026787622439893854,0.013709836878204838
5527,10101,1,23,50,-0.008433140397743677,0.023401058850250293
5527,10101,1,23,100,0.012649710596615904,0.023401058850250293
5527,10101,1,23,250,-0.09895350994360341,0.023401058850250293
5527,10101,1,23,500,-0.020586783912140083,0.023401058850250293
5527,10101,1,23,1000,-0.03744119174829308,0.023401058850250293
5527,10101,1,23,2000,-0.020586783912140083,0.023401058850250293
5527,10101,1,23,5000,-0.02157891807658041,0.023401058850250293
5527,10101,1,24,50,0.06746438112199482,0.02846512525625159
5527,10101,1,24,100,-0.05530424458296335,0.02846512525625159
5527,10101,1,24,250,0.07242078509943606,0.02846512525625159
5527,10101,1,24,500,0.07217275155832603,0.02846512525625159
5527,10101,1,24,1000,0.04042445829622965,0.02846512525625159
5527,10101,1,24,2000,0.04042445829622965,0.02846512525625159
5527,10101,1,24,5000,0.07217275155832603,0.02846512525625159
5527,10101,2,5,50,0.06969018996734877,0.05677534138168572
5527,10101,2,5,100,-0.024800014841199647,0.05677534138168572
5527,10101,2,5,250,-0.024800014841199647,0.05677534138168572
5527,10101,2,5,500,-0.024800014841199647,0.05677534138168572
5527,10101,2,5,1000,-0.024800014841199647,0.05677534138168572
5527,10101,2,5,2000,-0.0089258682101514,0.05677534138168572
5527,10101,2,5,5000,-0.024800014841199647,0.05677534138168572
5527,10101,2,6,50,0.09225920154348433,0.053366533291992355
5527,10101,2,6,100,-0.03943417928168669,0.053366533291992355
5527,10101,2,6,250,-0.02356003265063855,0.053366533291992355
5527,10101,2,6,500,-0.03943417928168669,0.053366533291992355
5527,10101,2,6,1000,-0.03943417928168669,0.053366533291992355
5527,10101,2,6,2000,-0.02356003265063855,0.053366533291992355
5527,10101,2,6,5000,-0.03943417928168669,0.053366533291992355
5527,10101,2,7,50,0.06770610715345737,0.053577950253860376
5527,10101,2,7,100,0.012889952508162938,0.053577950253860376
5527,10101,2,7,250,0.04463824577025799,0.053577950253860376
5527,10101,2,7,500,0.012889952508162938,0.053577950253860376
5527,10101,2,7,1000,-0.03472061442564611,0.053577950253860376
5527,10101,2,7,2000,0.04463824577025799,0.053577950253860376
5527,10101,2,7,5000,-0.0029841941228851976,0.053577950253860376
5527,10101,2,8,50,0.12748126298605011,0.054328026225640556
5527,10101,2,8,100,0.09573296972395373,0.054328026225640556
5527,10101,2,8,250,0.11160711635500198,0.054328026225640556
5527,10101,2,8,500,0.09573296972395373,0.054328026225640556
5527,10101,2,8,1000,0.11086171712674386,0.054328026225640556
5527,10101,2,8,2000,0.11086171712674386,0.054328026225640556
5527,10101,2,8,5000,0.11086171712674386,0.054328026225640556
5527,10101,2,9,50,-0.04613015731671222,0.0513391489539936
5527,10101,2,9,100,-0.045386056693381915,0.0513391489539936
5527,10101,2,9,250,0.10540423716236214,0.0513391489539936
5527,10101,2,9,500,0.09548382309290515,0.0513391489539936
5527,10101,2,9,1000,-0.0426580587711497,0.0513391489539936
5527,10101,2,9,2000,0.09548382309290515,0.0513391489539936
5527,10101,2,9,5000,0.09548382309290515,0.0513391489539936
5527,10101,2,10,50,-0.03397614277233696,0.049041251579610305
5527,10101,2,10,100,0.07093072870287842,0.049041251579610305
5527,10101,2,10,250,-0.03397614277233696,0.049041251579610305
5527,10101,2,10,500,-0.04588212377560219,0.049041251579610305
5527,10101,2,10,1000,-0.04910618878005468,0.049041251579610305
5527,10101,2,10,2000,-0.04166592460670926,0.049041251579610305
5527,10101,2,10,5000,-0.04588212377560219,0.049041251579610305
5527,10101,2,11,50,0.08209279459780305,0.05279021442994999
5527,10101,2,11,100,0.08184476105669303,0.05279021442994999
5527,10101,2,11,250,0.07911527901454363,0.05279021442994999
5527,10101,2,11,500,0.08184476105669303,0.05279021442994999
5527,10101,2,11,1000,0.08085132828732489,0.05279021442994999
5527,10101,2,11,2000,0.08085132828732489,0.05279021442994999
5527,10101,2,11,5000,0.08085132828732489,0.05279021442994999
5527,10101,2,12,50,-0.035713490650045365,0.04827908106514907
5527,10101,2,12,100,-0.00892772336004799,0.04827908106514907
5527,10101,2,12,250,-0.01983934401899723,0.04827908106514907
5527,10101,2,12,500,-0.01983934401899723,0.04827908106514907
5527,10101,2,12,1000,-0.03645759127337567,0.04827908106514907
5527,10101,2,12,2000,-0.03645759127337567,0.04827908106514907
5527,10101,2,12,5000,-0.05158763728109228,0.04827908106514907
5527,10101,2,13,50,0.02653049866429158,0.05036102579787319
5527,10101,2,13,100,0.05728665776194741,0.05036102579787319
5527,10101,2,13,250,0.05728665776194741,0.05036102579787319
5527,10101,2,13,500,0.009664217868804115,0.05036102579787319
5527,10101,2,13,1000,0.041412511130899166,0.05036102579787319
5527,10101,2,13,2000,0.08903495102404235,0.05036102579787319
5527,10101,2,13,5000,0.07316080439299422,0.05036102579787319
5527,10101,2,14,50,0.12599547343425266,0.040912539801864475
5527,10101,2,14,100,-0.010911249628970832,0.040912539801864475
5527,10101,2,14,250,-0.02182491095280592,0.040912539801864475
5527,10101,2,14,500,-0.02182491095280592,0.040912539801864475
5527,10101,2,14,1000,-0.021328843870585645,0.040912539801864475
5527,10101,2,14,2000,-0.021328843870585645,0.040912539801864475
5527,10101,2,14,5000,-0.02182491095280592,0.040912539801864475
5527,10101,2,15,50,0.05109027159394375,0.04529228701238199
5527,10101,2,15,100,-0.029018625704957057,0.04529228701238199
5527,10101,2,15,250,0.04860975066785378,0.04529228701238199
5527,10101,2,15,500,0.06448389729890203,0.04529228701238199
5527,10101,2,15,1000,0.06448389729890203,0.04529228701238199
5527,10101,2,15,2000,0.06448389729890203,0.04529228701238199
5527,10101,2,15,5000,0.06448389729890203,0.04529228701238199
5527,10101,2,16,50,0.06349231967942959,0.040759869150121246
5527,10101,2,16,100,0.0007453992282570043,0.040759869150121246
5527,10101,2,16,250,-0.015128747402791132,0.040759869150121246
5527,10101,2,16,500,-0.015128747402791132,0.040759869150121246
5527,10101,2,16,1000,-0.031002894033838047,0.040759869150121246
5527,10101,2,16,2000,-0.031002894033838047,0.040759869150121246
5527,10101,2,16,5000,-0.031002894033838047,0.040759869150121246
5527,10101,2,17,50,0.005705699020480459,0.03905443269473324
5527,10101,2,17,100,0.005705699020480459,0.03905443269473324
5527,10101,2,17,250,-0.00818399376669654,0.03905443269473324
5527,10101,2,17,500,-0.011408429801128772,0.03905443269473324
5527,10101,2,17,1000,-0.010168447610567677,0.03905443269473324
5527,10101,2,17,2000,0.005705699020480459,0.03905443269473324
5527,10101,2,17,5000,0.021579845651528706,0.03905443269473324
5527,10101,2,18,50,-0.012400563965569211,0.03915929715205475
5527,10101,2,18,100,0.05207646927871723,0.03915929715205475
5527,10101,2,18,250,-0.011408244286138736,0.03915929715205475
5527,10101,2,18,500,-0.011408244286138736,0.03915929715205475
5527,10101,2,18,1000,0.0044659023449095114,0.03915929715205475
5527,10101,2,18,2000,0.02032817601662218,0.03915929715205475
5527,10101,2,18,5000,-0.011408244286138736,0.03915929715205475
5527,10101,2,19,50,0.021079697239536732,0.031702605988039964
5527,10101,2,19,100,0.0029682398337782523,0.031702605988039964
5527,10101,2,19,250,0.024059439002671268,0.031702605988039964
5527,10101,2,19,500,0.0029682398337782523,0.031702605988039964
5527,10101,2,19,1000,0.0347165330958733,0.031702605988039964
5527,10101,2,19,2000,0.018842386464825167,0.031702605988039964
5527,10101,2,19,5000,0.0029682398337782523,0.031702605988039964
5527,10101,2,20,50,-0.1579882754526566,0.03413812313019077
5527,10101,2,20,100,0.01140991392104429,0.03413812313019077
5527,10101,2,20,250,-0.004216199168893708,0.03413812313019077
5527,10101,2,20,500,-0.004464232710003846,0.03413812313019077
5527,10101,2,20,1000,-0.004712266251113872,0.03413812313019077
5527,10101,2,20,2000,-0.004216199168893708,0.03413812313019077
5527,10101,2,20,5000,-0.004216199168893708,0.03413812313019077
5527,10101,2,21,50,0.03794616355001357,0.034430481953094595
5527,10101,2,21,100,0.03224027901454418,0.034430481953094595
5527,10101,2,21,250,-0.02703454289106555,0.034430481953094595
5527,10101,2,21,500,0.0047137503710295015,0.034430481953094595
5527,10101,2,21,1000,-0.02703454289106555,0.034430481953094595
5527,10101,2,21,2000,-0.011160396260018635,0.034430481953094595
5527,10101,2,21,5000,-0.011160396260018635,0.034430481953094595
5527,10101,2,22,50,-0.005958741466310591,0.03197171407036049
5527,10101,2,22,100,0.021826951617690882,0.03197171407036049
5527,10101,2,22,250,-0.021825467497774476,0.03197171407036049
5527,10101,2,22,500,-0.001984082813892174,0.03197171407036049
5527,10101,2,22,1000,0.025785099436034575,0.03197171407036049
5527,10101,2,22,2000,0.025785099436034575,0.03197171407036049
5527,10101,2,22,5000,0.025785099436034575,0.03197171407036049
5527,10101,2,23,50,0.0044573686553870395,0.02712913844007988
5527,10101,2,23,100,0.014883496586524325,0.02712913844007988
5527,10101,2,23,250,-0.01636650341347612,0.02712913844007988
5527,10101,2,23,500,0.01438742950430405,0.02712913844007988
5527,10101,2,23,1000,0.0044573686553870395,0.02712913844007988
5527,10101,2,23,2000,0.014883496586524325,0.02712913844007988
5527,10101,2,23,5000,0.014883496586524325,0.02712913844007988
5527,10101,2,24,50,0.003466347580884377,0.031998521294393414
5527,10101,2,24,100,-0.026542557138616973,0.031998521294393414
5527,10101,2,24,250,0.06870232264766951,0.031998521294393414
5527,10101,2,24,500,-0.00148801573167201,0.031998521294393414
5527,10101,2,24,1000,-0.02629136984268321,0.031998521294393414
5527,10101,2,24,2000,-0.001984082813892285,0.031998521294393414
5527,10101,2,24,5000,-0.0029760314633430207,0.031998521294393414
5636,146064,0,5,50,-0.2163116604394622,0.2540457364575314
5636,146064,0,5,100,-0.2078744592896533,0.2540457364575314
5636,146064,0,5,250,-0.2163116604394622,0.2540457364575314
5636,146064,0,5,500,-0.1576864616693351,0.2540457364575314
5636,146064,0,5,1000,-0.07981221782981907,0.2540457364575314
5636,146064,0,5,2000,-0.12056238740992742,0.2540457364575314
5636,146064,0,5,5000,0.03862544897028786,0.2540457364575314
5636,146064,0,6,50,-0.028062380459923597,0.22566511397253045
5636,146064,0,6,100,-0.08593739574993325,0.22566511397253045
5636,146064,0,6,250,-0.074061401899297,0.22566511397253045
5636,146064,0,6,500,0.012438770460813098,0.22566511397253045
5636,146064,0,6,1000,-0.14512453712970386,0.22566511397253045
5636,146064,0,6,2000,0.0034370551997152665,0.22566511397253045
5636,146064,0,6,5000,0.019438745440796934,0.22566511397253045
5636,146064,0,7,50,-0.05687487489991977,0.23103827214876438
5636,146064,0,7,100,-0.049249851269904776,0.23103827214876438
5636,146064,0,7,250,-0.05143733041989129,0.23103827214876438
5636,146064,0,7,500,0.022749970809981424,0.23103827214876438
5636,146064,0,7,1000,-0.049249851269904665,0.23103827214876438
5636,146064,0,7,2000,-0.04724984848990299,0.23103827214876438
5636,146064,0,7,5000,-0.04724984848990299,0.23103827214876438
5636,146064,0,8,50,0.4498128711302378,0.20351283994846633
5636,146064,0,8,100,-0.11150013761008803,0.20351283994846633
5636,146064,0,8,250,0.4414378377702165,0.20351283994846633
5636,146064,0,8,500,0.49312543785028073,0.20351283994846633
5636,146064,0,8,1000,0.48412542534027275,0.20351283994846633
5636,146064,0,8,2000,0.392125158460102,0.20351283994846633
5636,146064,0,8,5000,0.08950142753091384,0.20351283994846633
5636,146064,0,9,50,0.41356279468018897,0.20378572369272813
5636,146064,0,9,100,0.47218792395027154,0.20378572369272813
5636,146064,0,9,250,0.03787644699092585,0.20378572369272813
5636,146064,0,9,500,0.046000237690151935,0.20378572369272813
5636,146064,0,9,1000,0.09287457743972927,0.20378572369272813
5636,146064,0,9,2000,-0.07043676607953042,0.20378572369272813
5636,146064,0,9,5000,0.050187789120184845,0.20378572369272813
5636,146064,0,10,50,0.11049999721999859,0.22131142531115586
5636,146064,0,10,100,0.06312497914998694,0.22131142531115586
5636,146064,0,10,250,0.49393778912018527,0.22131142531115586
5636,146064,0,10,500,0.4946877988501915,0.22131142531115586
5636,146064,0,10,1000,0.03856248192998857,0.22131142531115586
5636,146064,0,10,2000,0.05524999860999935,0.22131142531115586
5636,146064,0,10,5000,0.062374969419980664,0.22131142531115586
5636,146064,0,11,50,0.0026249471799664192,0.20762773889757258
5636,146064,0,11,100,-0.01831253197002014,0.20762773889757258
5636,146064,0,11,250,0.4113752460301577,0.20762773889757258
5636,146064,0,11,500,0.42725023769015236,0.20762773889757258
5636,146064,0,11,1000,0.32675001112000734,0.20762773889757258
5636,146064,0,11,2000,0.44131270294013014,0.20762773889757258
5636,146064,0,11,5000,0.44131270294013014,0.20762773889757258
5636,146064,0,12,50,0.0029373846299264317,0.183589938835621
5636,146064,0,12,100,0.026687426329953023,0.183589938835621
5636,146064,0,12,250,0.06506232763988995,0.183589938835621
5636,146064,0,12,500,-0.08787533499021405,0.183589938835621
5636,146064,0,12,1000,0.043499765089849984,0.183589938835621
5636,146064,0,12,2000,-0.059812468029979304,0.183589938835621
5636,146064,0,12,5000,-0.06149996385997658,0.183589938835621
5636,146064,0,13,50,-0.018750104250066624,0.18040940714554435
5636,146064,0,13,100,0.011624855439907766,0.18040940714554435
5636,146064,0,13,250,0.030249303609554468,0.18040940714554435
5636,146064,0,13,500,-0.011625272440174195,0.18040940714554435
5636,146064,0,13,1000,0.06562420074948838,0.18040940714554435
5636,146064,0,13,2000,-0.01125028495018221,0.18040940714554435
5636,146064,0,13,5000,-0.10449936337959254,0.18040940714554435
5636,146064,0,14,50,-0.027749282759540583,0.14322610341674705
5636,146064,0,14,100,-0.06937518765011996,0.14322610341674705
5636,146064,0,14,250,0.052625433680277944,0.14322610341674705
5636,146064,0,14,500,0.04712547816030588,0.14322610341674705
5636,146064,0,14,1000,0.14537605779067697,0.14322610341674705
5636,146064,0,14,2000,0.06600019599012541,0.14322610341674705
5636,146064,0,14,5000,0.07956229566986972,0.14322610341674705
5636,146064,0,15,50,0.027812388799928978,0.19839549902263398
5636,146064,0,15,100,0.01537490408993869,0.19839549902263398
5636,146064,0,15,250,0.1057497734298557,0.19839549902263398
5636,146064,0,15,500,0.016249805399875528,0.19839549902263398
5636,146064,0,15,1000,0.02293737767992199,0.19839549902263398
5636,146064,0,15,2000,0.1057497734298557,0.19839549902263398
5636,146064,0,15,5000,-0.028000177920113778,0.19839549902263398
5636,146064,0,16,50,-0.024000311360198923,0.16422329951658496
5636,146064,0,16,100,-0.06818767514011193,0.16422329951658496
5636,146064,0,16,250,-0.06368765151009681,0.16422329951658496
5636,146064,0,16,500,-0.06493767931011463,0.16422329951658496
5636,146064,0,16,1000,-0.06368765151009681,0.16422329951658496
5636,146064,0,16,2000,0.2733125041700031,0.16422329951658496
5636,146064,0,16,5000,0.039375597700382015,0.16422329951658496
5636,146064,0,17,50,-0.09100047399030331,0.1943174981935798
5636,146064,0,17,100,-0.02056273491015026,0.1943174981935798
5636,146064,0,17,250,0.04362455241971319,0.1943174981935798
5636,146064,0,17,500,-0.059187523630015004,0.1943174981935798
5636,146064,0,17,1000,-0.023625740870473977,0.1943174981935798
5636,146064,0,17,2000,-0.07131284889022299,0.1943174981935798
5636,146064,0,17,5000,-0.0528124930499948,0.1943174981935798
5636,146064,0,18,50,0.04381244578996557,0.17407767239241756
5636,146064,0,18,100,-0.060124384229605865,0.17407767239241756
5636,146064,0,18,250,0.028562329029890865,0.17407767239241756
5636,146064,0,18,500,-0.037937850280223895,0.17407767239241756
5636,146064,0,18,1000,0.04799978871986488,0.17407767239241756
5636,146064,0,18,2000,-0.0071877641001687476,0.17407767239241756
5636,146064,0,18,5000,-0.21993657425940694,0.17407767239241756
5636,146064,0,19,50,0.05612476091984697,0.17706365397983492
5636,146064,0,19,100,0.06474982068988522,0.17706365397983492
5636,146064,0,19,250,0.11224952183969383,0.17706365397983492
5636,146064,0,19,500,0.036249624699759675,0.17706365397983492
5636,146064,0,19,1000,0.0762494022996173,0.17706365397983492
5636,146064,0,19,2000,-0.044063097700382636,0.17706365397983492
5636,146064,0,19,5000,0.07106191897962799,0.17706365397983492
5636,146064,0,20,50,-0.10393773352014923,0.14205530396198374
5636,146064,0,20,100,-0.050499983319989505,0.14205530396198374
5636,146064,0,20,250,-0.06800040727026052,0.14205530396198374
5636,146064,0,20,500,0.009999874899919714,0.14205530396198374
5636,146064,0,20,1000,-0.0011875820100526457,0.14205530396198374
5636,146064,0,20,2000,-0.04399988740992822,0.14205530396198374
5636,146064,0,20,5000,0.009999874899919714,0.14205530396198374
5636,146064,0,21,50,0.13943710523974706,0.14011725306977177
5636,146064,0,21,100,-0.060437481929988435,0.14011725306977177
5636,146064,0,21,250,-0.07887400197936156,0.14011725306977177
5636,146064,0,21,500,0.08712442175962987,0.14011725306977177
5636,146064,0,21,1000,-0.0270637343207899,0.14011725306977177
5636,146064,0,21,2000,-0.06324997497998397,0.14011725306977177
5636,146064,0,21,5000,0.26456237906992264,0.14011725306977177
5636,146064,0,22,50,-0.1043754448002846,0.128870462941579
5636,146064,0,22,100,0.02081359532070104,0.128870462941579
5636,146064,0,22,250,-0.024749869339916186,0.128870462941579
5636,146064,0,22,500,0.14831358142069206,0.128870462941579
5636,146064,0,22,1000,0.16349944538964467,0.128870462941579
5636,146064,0,22,2000,-0.024188621730717674,0.128870462941579
5636,146064,0,22,5000,-0.042125227960145506,0.128870462941579
5636,146064,0,23,50,0.10037467473979145,0.12975796907557968
5636,146064,0,23,100,0.09131211218975177,0.12975796907557968
5636,146064,0,23,250,0.10262519043012108,0.12975796907557968
5636,146064,0,23,500,0.13974964693977365,0.12975796907557968
5636,146064,0,23,1000,0.08143622536918405,0.12975796907557968
5636,146064,0,23,2000,0.06862514317009138,0.12975796907557968
5636,146064,0,23,5000,0.007625718630459799,0.12975796907557968
5636,146064,0,24,50,0.08293843408059809,0.1524943299078017
5636,146064,0,24,100,-0.12393644081932209,0.1524943299078017
5636,146064,0,24,250,0.07799972616982465,0.1524943299078017
5636,146064,0,24,500,0.02349991103994309,0.1524943299078017
5636,146064,0,24,1000,0.06324976647985037,0.1524943299078017
5636,146064,0,24,2000,-0.028875252980161914,0.1524943299078017
5636,146064,0,24,5000,-0.13381319639044553,0.1524943299078017
5636,146064,1,5,50,-0.15637510008006378,0.23128995559449975
5636,146064,1,5,100,-0.1476875945200602,0.23128995559449975
5636,146064,1,5,250,-0.15568732763988935,0.23128995559449975
5636,146064,1,5,500,-0.1476875945200602,0.23128995559449975
5636,146064,1,5,1000,-0.1476875945200602,0.23128995559449975
5636,146064,1,5,2000,-0.1476875945200602,0.23128995559449975
5636,146064,1,5,5000,-0.1476875945200602,0.23128995559449975
5636,146064,1,6,50,-0.13031258340005303,0.21910410166134286
5636,146064,1,6,100,-0.15637510008006378,0.21910410166134286
5636,146064,1,6,250,-0.15637510008006378,0.21910410166134286
5636,146064,1,6,500,-0.15637510008006378,0.21910410166134286
5636,146064,1,6,1000,-0.1476875945200602,0.21910410166134286
5636,146064,1,6,2000,-0.1476875945200602,0.21910410166134286
5636,146064,1,6,5000,-0.1476875945200602,0.21910410166134286
5636,146064,1,7,50,-0.1390000889600566,0.2223351524886928
5636,146064,1,7,100,-0.1390000889600566,0.2223351524886928
5636,146064,1,7,250,-0.1390000889600566,0.2223351524886928
5636,146064,1,7,500,-0.1476875945200602,0.2223351524886928
5636,146064,1,7,1000,-0.1476875945200602,0.2223351524886928
5636,146064,1,7,2000,-0.1476875945200602,0.2223351524886928
5636,146064,1,7,5000,-0.1476875945200602,0.2223351524886928
5636,146064,1,8,50,-0.16506260564006736,0.19974588110245525
5636,146064,1,8,100,-0.15637510008006378,0.19974588110245525
5636,146064,1,8,250,-0.1476875945200602,0.19974588110245525
5636,146064,1,8,500,-0.1476875945200602,0.19974588110245525
5636,146064,1,8,1000,-0.1476875945200602,0.19974588110245525
5636,146064,1,8,2000,-0.27568777244017406,0.19974588110245525
5636,146064,1,8,5000,-0.1476875945200602,0.19974588110245525
5636,146064,1,9,50,-0.1880626028600657,0.18908470635097122
5636,146064,1,9,100,-0.34406295870029335,0.18908470635097122
5636,146064,1,9,250,-0.1880626028600657,0.18908470635097122
5636,146064,1,9,500,-0.1880626028600657,0.18908470635097122
5636,146064,1,9,1000,-0.1880626028600657,0.18908470635097122
5636,146064,1,9,2000,-0.34006198013966715,0.18908470635097122
5636,146064,1,9,5000,-0.22006153533938244,0.18908470635097122
5636,146064,1,10,50,-0.2584372358998308,0.2082791951338672
5636,146064,1,10,100,-0.21037486238991182,0.2082791951338672
5636,146064,1,10,250,-0.12381286974023648,0.2082791951338672
5636,146064,1,10,500,-0.2580000111200067,0.2082791951338672
5636,146064,1,10,1000,-0.2700007228004623,0.2082791951338672
5636,146064,1,10,2000,-0.3060006338404053,0.2082791951338672
5636,146064,1,10,5000,-0.30268742771995355,0.2082791951338672
5636,146064,1,11,50,-0.1076251973801261,0.1981439282662087
5636,146064,1,11,100,-0.1076251973801261,0.1981439282662087
5636,146064,1,11,250,-0.250501130070723,0.1981439282662087
5636,146064,1,11,500,-0.26431308241037244,0.1981439282662087
5636,146064,1,11,1000,-0.24249917294947015,0.1981439282662087
5636,146064,1,11,2000,-0.21275092991059474,0.1981439282662087
5636,146064,1,11,5000,-0.24618760981006987,0.1981439282662087
5636,146064,1,12,50,-0.0878117076994932,0.20441507677457577
5636,146064,1,12,100,-0.0673751501200961,0.20441507677457577
5636,146064,1,12,250,-0.2246238657592743,0.20441507677457577
5636,146064,1,12,500,-0.24406208994973777,0.20441507677457577
5636,146064,1,12,1000,-0.2156244439996443,0.20441507677457577
5636,146064,1,12,2000,-0.21262537808024207,0.20441507677457577
5636,146064,1,12,5000,-0.018750000000000266,0.20441507677457577
5636,146064,1,13,50,-0.06987510147006504,0.18293865643129978
5636,146064,1,13,100,-0.19856305183035328,0.18293865643129978
5636,146064,1,13,250,-0.11993622675918525,0.18293865643129978
5636,146064,1,13,500,-0.23775044341028373,0.18293865643129978
5636,146064,1,13,1000,-0.18043796148029534,0.18293865643129978
5636,146064,1,13,2000,-0.21331280302019406,0.18293865643129978
5636,146064,1,13,5000,-0.1906883145405217,0.18293865643129978
5636,146064,1,14,50,-0.0892508103705194,0.15587891556204844
5636,146064,1,14,100,-0.011875159850102346,0.15587891556204844
5636,146064,1,14,250,-0.06549951766969153,0.15587891556204844
5636,146064,1,14,500,-0.09331214971977642,0.15587891556204844
5636,146064,1,14,1000,-0.18043813523040675,0.15587891556204844
5636,146064,1,14,2000,-0.08549996246997604,0.15587891556204844
5636,146064,1,14,5000,-0.0892508103705194,0.15587891556204844
5636,146064,1,15,50,0.07281248609999091,0.11602465860607811
5636,146064,1,15,100,0.2253137579508052,0.11602465860607811
5636,146064,1,15,250,0.25581374822079894,0.11602465860607811
5636,146064,1,15,500,-0.008062734910150304,0.11602465860607811
5636,146064,1,15,1000,0.3809999388399611,0.11602465860607811
5636,146064,1,15,2000,-0.016875305800195584,0.11602465860607811
5636,146064,1,15,5000,0.2693761954007651,0.11602465860607811
5636,146064,1,16,50,-0.02281220809981299,0.11529441192575011
5636,146064,1,16,100,0.02537491798994762,0.11529441192575011
5636,146064,1,16,250,-0.10512538503024627,0.11529441192575011
5636,146064,1,16,500,-0.00568819639044571,0.11529441192575011
5636,146064,1,16,1000,-0.033625129270082765,0.11529441192575011
5636,146064,1,16,2000,-0.04349979983987218,0.11529441192575011
5636,146064,1,16,5000,-0.12368714415977244,0.11529441192575011
5636,146064,1,17,50,0.02518744161996278,0.09080807279484632
5636,146064,1,17,100,-0.0016879823303090902,0.09080807279484632
5636,146064,1,17,250,0.12649981095987883,0.09080807279484632
5636,146064,1,17,500,0.036874916599946794,0.09080807279484632
5636,146064,1,17,1000,-0.039562413819944964,0.09080807279484632
5636,146064,1,17,2000,0.03762534333021972,0.09080807279484632
5636,146064,1,17,5000,-0.04231242632995291,0.09080807279484632
5636,146064,1,18,50,-0.01237510842006917,0.11145076510265749
5636,146064,1,18,100,-0.015000194600124916,0.11145076510265749
5636,146064,1,18,250,-0.05950062133039813,0.11145076510265749
5636,146064,1,18,500,-0.021874721999822544,0.11145076510265749
5636,146064,1,18,1000,-0.01693716083978336,0.11145076510265749
5636,146064,1,18,2000,-0.042562522240014666,0.11145076510265749
5636,146064,1,18,5000,-0.01693716083978336,0.11145076510265749
5636,146064,1,19,50,0.031749948569966935,0.12255675035721804
5636,146064,1,19,100,-0.03618804766035011,0.12255675035721804
5636,146064,1,19,250,-0.08412566859042825,0.12255675035721804
5636,146064,1,19,500,-0.02956132266924727,0.12255675035721804
5636,146064,1,19,1000,-0.0708120315697004,0.12255675035721804
5636,146064,1,19,2000,-0.03393756672004322,0.12255675035721804
5636,146064,1,19,5000,-0.04593605439907544,0.12255675035721804
5636,146064,1,20,50,0.03981237072991739,0.10977811174794982
5636,146064,1,20,100,-0.09106219002980154,0.10977811174794982
5636,146064,1,20,250,-0.017750519860333047,0.10977811174794982
5636,146064,1,20,500,-0.05743730400987446,0.10977811174794982
5636,146064,1,20,1000,-0.04756232068988531,0.10977811174794982
5636,146064,1,20,2000,-0.047749866559914755,0.10977811174794982
5636,146064,1,20,5000,-0.047374844319900467,0.10977811174794982
5636,146064,1,21,50,-0.060375557390356493,0.1256351713485995
5636,146064,1,21,100,-0.10493703990970582,0.1256351713485995
5636,146064,1,21,250,-0.01881244578996566,0.1256351713485995
5636,146064,1,21,500,-0.019374666399786022,0.1256351713485995
5636,146064,1,21,1000,-0.25006150753936496,0.1256351713485995
5636,146064,1,21,2000,-0.06468671464949771,0.1256351713485995
5636,146064,1,21,5000,-0.1416867521795211,0.1256351713485995
5636,146064,1,22,50,0.006187206709812543,0.11805978658127649
5636,146064,1,22,100,-0.023625115370073613,0.11805978658127649
5636,146064,1,22,250,-0.019312046859709664,0.11805978658127649
5636,146064,1,22,500,-0.022750353060225548,0.11805978658127649
5636,146064,1,22,1000,0.142125158460101,0.11805978658127649
5636,146064,1,22,2000,0.006499713659816997,0.11805978658127649
5636,146064,1,22,5000,-0.023000101470064815,0.11805978658127649
5636,146064,1,23,50,-0.07925037947024283,0.09919356667403507
5636,146064,1,23,100,-0.07400045036028813,0.09919356667403507
5636,146064,1,23,250,-0.02618636575927391,0.09919356667403507
5636,146064,1,23,500,-0.060374758139845275,0.09919356667403507
5636,146064,1,23,1000,-0.01449989852993483,0.09919356667403507
5636,146064,1,23,2000,-0.017624273029535176,0.09919356667403507
5636,146064,1,23,5000,-0.008811910639622611,0.09919356667403507
5636,146064,1,24,50,-0.00887529468018855,0.10604479924690655
5636,146064,1,24,100,0.0413128071901967,0.10604479924690655
5636,146064,1,24,250,-0.05743782526020791,0.10604479924690655
5636,146064,1,24,500,-0.06250048650031115,0.10604479924690655
5636,146064,1,24,1000,0.12493758896005647,0.10604479924690655
5636,146064,1,24,2000,-0.01718683974957791,0.10604479924690655
5636,146064,1,24,5000,-0.06506264039008958,0.10604479924690655
5636,146064,2,5,50,0.010874984709990376,0.23150018447626647
5636,146064,2,5,100,-0.17893627401921508,0.23150018447626647
5636,146064,2,5,250,-0.054937074659727414,0.23150018447626647
5636,146064,2,5,500,-0.11437465944978153,0.23150018447626647
5636,146064,2,5,1000,-0.23806232485988743,0.23150018447626647
5636,146064,2,5,2000,-0.20118643525931823,0.23150018447626647
5636,146064,2,5,5000,-0.23806232485988743,0.23150018447626647
5636,146064,2,6,50,0.09437511815007538,0.277595685755785
5636,146064,2,6,100,0.44462528356018166,0.277595685755785
5636,146064,2,6,250,0.08825007923005057,0.277595685755785
5636,146064,2,6,500,0.6376879628702962,0.277595685755785
5636,146064,2,6,1000,0.6131879461902855,0.277595685755785
5636,146064,2,6,2000,0.6131879461902855,0.277595685755785
5636,146064,2,6,5000,0.6005004350702784,0.277595685755785
5636,146064,2,7,50,-0.01987499721999808,0.25310823655543996
5636,146064,2,7,100,-0.07568749443999645,0.25310823655543996
5636,146064,2,7,250,-0.07168748887999293,0.25310823655543996
5636,146064,2,7,500,-0.22737523352014932,0.25310823655543996
5636,146064,2,7,1000,-0.3138742243795035,0.25310823655543996
5636,146064,2,7,2000,-0.32987494161996267,0.25310823655543996
5636,146064,2,7,5000,-0.3138742243795035,0.25310823655543996
5636,146064,2,8,50,0.07562463164976396,0.24037085270365777
5636,146064,2,8,100,0.07987476786985126,0.24037085270365777
5636,146064,2,8,250,0.5864999638599767,0.24037085270365777
5636,146064,2,8,500,0.5575001668001068,0.24037085270365777
5636,146064,2,8,1000,0.5824999582999731,0.24037085270365777
5636,146064,2,8,2000,0.5785001612401031,0.24037085270365777
5636,146064,2,8,5000,0.5799999721999822,0.24037085270365777
5636,146064,2,9,50,0.045749968029979216,0.24270219010963007
5636,146064,2,9,100,0.07156231929988388,0.24270219010963007
5636,146064,2,9,250,0.04687482624988837,0.24270219010963007
5636,146064,2,9,500,0.07156231929988388,0.24270219010963007
5636,146064,2,9,1000,0.04799968446979774,0.24270219010963007
5636,146064,2,9,2000,0.04687482624988837,0.24270219010963007
5636,146064,2,9,5000,0.04799968446979774,0.24270219010963007
5636,146064,2,10,50,0.05218740964994195,0.20215511312030843
5636,146064,2,10,100,-0.10674949681967827,0.20215511312030843
5636,146064,2,10,250,0.06325039198025062,0.20215511312030843
5636,146064,2,10,500,-0.11024938005960361,0.20215511312030843
5636,146064,2,10,1000,-0.09612474701983831,0.20215511312030843
5636,146064,2,10,2000,-0.22793877463081602,0.20215511312030843
5636,146064,2,10,5000,-0.08831228176986083,0.20215511312030843
5636,146064,2,11,50,-0.005375480940308153,0.1601618551347389
5636,146064,2,11,100,0.09774969280980328,0.1601618551347389
5636,146064,2,11,250,0.17137522518014392,0.1601618551347389
5636,146064,2,11,500,-0.008625268270171738,0.1601618551347389
5636,146064,2,11,1000,0.007250661640423095,0.1601618551347389
5636,146064,2,11,2000,-0.032186999599679744,0.1601618551347389
5636,146064,2,11,5000,-0.004186821679565855,0.1601618551347389
5636,146064,2,12,50,0.07493738045992349,0.14224037161030811
5636,146064,2,12,100,-0.017125227960145706,0.14224037161030811
5636,146064,2,12,250,0.03274956770972348,0.14224037161030811
5636,146064,2,12,500,0.025249609409750295,0.14224037161030811
5636,146064,2,12,1000,0.044999645549773204,0.14224037161030811
5636,146064,2,12,2000,-0.03325017653011286,0.14224037161030811
5636,146064,2,12,5000,-0.029500197380126214,0.14224037161030811
5636,146064,2,13,50,0.06706288642024727,0.15180332895456589
5636,146064,2,13,100,-0.12218757645004885,0.15180332895456589
5636,146064,2,13,250,0.02237460106974498,0.15180332895456589
5636,146064,2,13,500,-0.027437679310114538,0.15180332895456589
5636,146064,2,13,1000,-0.01256275854016542,0.15180332895456589
5636,146064,2,13,2000,0.004436639589449509,0.15180332895456589
5636,146064,2,13,5000,0.02381283499021436,0.15180332895456589
5636,146064,2,14,50,0.07393737906992237,0.12241668449518353
5636,146064,2,14,100,-0.07781266680010662,0.12241668449518353
5636,146064,2,14,250,-0.013687616760074683,0.12241668449518353
5636,146064,2,14,500,-0.013437694600124561,0.12241668449518353
5636,146064,2,14,1000,-0.006125143170091607,0.12241668449518353
5636,146064,2,14,2000,-0.013500140390089843,0.12241668449518353
5636,146064,2,14,5000,-0.004500197380126303,0.12241668449518353
5636,146064,2,15,50,0.21381243883996037,0.09681268849794034
5636,146064,2,15,100,0.1831260494506709,0.09681268849794034
5636,146064,2,15,250,-0.020937062149719687,0.09681268849794034
5636,146064,2,15,500,0.057375587970375896,0.09681268849794034
5636,146064,2,15,1000,0.008438730150786777,0.09681268849794034
5636,146064,2,15,2000,0.023500189040120967,0.09681268849794034
5636,146064,2,15,5000,0.002938427130593113,0.09681268849794034
5636,146064,2,16,50,-0.045875276610176985,0.11308519879874149
5636,146064,2,16,100,0.12093737489991951,0.11308519879874149
5636,146064,2,16,250,-0.014249698369807051,0.11308519879874149
5636,146064,2,16,500,0.18556223450982978,0.11308519879874149
5636,146064,2,16,1000,-0.019625387810247807,0.11308519879874149
5636,146064,2,16,2000,-0.0174377001601278,0.11308519879874149
5636,146064,2,16,5000,-0.027250967440618723,0.11308519879874149
5636,146064,2,17,50,-0.0015002974601907582,0.10511164403233944
5636,146064,2,17,100,0.16281226369984825,0.10511164403233944
5636,146064,2,17,250,0.046500360010229946,0.10511164403233944
5636,146064,2,17,500,0.03899932445956744,0.10511164403233944
5636,146064,2,17,1000,0.037062914220265086,0.10511164403233944
5636,146064,2,17,2000,0.16556231095987894,0.10511164403233944
5636,146064,2,17,5000,-0.034312866960234834,0.10511164403233944
5636,146064,2,18,50,0.08693847439062319,0.10054986464915926
5636,146064,2,18,100,0.06212515151009668,0.10054986464915926
5636,146064,2,18,250,0.15199969002980174,0.10054986464915926
5636,146064,2,18,500,-0.034187488879993455,0.10054986464915926
5636,146064,2,18,1000,0.008438243650475408,0.10054986464915926
5636,146064,2,18,2000,0.0563123067898762,0.10054986464915926
5636,146064,2,18,5000,0.020750489280312645,0.10054986464915926
5636,146064,2,19,50,0.17087489435993197,0.11970726322547688
5636,146064,2,19,100,0.019374492649676056,0.11970726322547688
5636,146064,2,19,250,-0.10087469280980277,0.11970726322547688
5636,146064,2,19,500,-0.09237494161996207,0.11970726322547688
5636,146064,2,19,1000,0.04993751946001235,0.11970726322547688
5636,146064,2,19,2000,-0.09237494161996207,0.11970726322547688
5636,146064,2,19,5000,-0.10087469280980277,0.11970726322547688
5636,146064,2,20,50,0.1048123568299082,0.10682225320433636
5636,146064,2,20,100,0.21506225813984547,0.10682225320433636
5636,146064,2,20,250,0.014937297059870458,0.10682225320433636
5636,146064,2,20,500,0.005187344319900533,0.10682225320433636
5636,146064,2,20,1000,-0.0011876167600746168,0.10682225320433636
5636,146064,2,20,2000,0.008374859609910357,0.10682225320433636
5636,146064,2,20,5000,-0.011187595910061132,0.10682225320433636
5636,146064,2,21,50,0.07962404645938925,0.08713541407705251
5636,146064,2,21,100,-0.03674964276977133,0.08713541407705251
5636,146064,2,21,250,-0.013811257339205074,0.08713541407705251
5636,146064,2,21,500,-0.04868756116003814,0.08713541407705251
5636,146064,2,21,1000,0.0974377766101765,0.08713541407705251
5636,146064,2,21,2000,-0.07387437727960111,0.08713541407705251
5636,146064,2,21,5000,0.061937814140201275,0.08713541407705251
5636,146064,2,22,50,-0.01206294897028748,0.07932692832836766
5636,146064,2,22,100,0.12912534889022353,0.07932692832836766
5636,146064,2,22,250,-0.019062958700293398,0.07932692832836766
5636,146064,2,22,500,-0.11512529468018884,0.07932692832836766
5636,146064,2,22,1000,0.2542496844697981,0.07932692832836766
5636,146064,2,22,2000,-0.2452498109598783,0.07932692832836766
5636,146064,2,22,5000,-0.0492500250200153,0.07932692832836766
5636,146064,2,23,50,-0.03093846605061834,0.10215443122050283
5636,146064,2,23,100,0.13137506533004162,0.10215443122050283
5636,146064,2,23,250,-0.06106218307979683,0.10215443122050283
5636,146064,2,23,500,0.003811625689440934,0.10215443122050283
5636,146064,2,23,1000,0.014687791900186875,0.10215443122050283
5636,146064,2,23,2000,-0.014562274819855392,0.10215443122050283
5636,146064,2,23,5000,-0.08081256672004233,0.10215443122050283
5636,146064,2,24,50,-0.013187737690152357,0.08824296692313752
5636,146064,2,24,100,-0.20718734709990239,0.08824296692313752
5636,146064,2,24,250,0.0011251709701094459,0.08824296692313752
5636,146064,2,24,500,0.042187743250155396,0.08824296692313752
5636,146064,2,24,1000,0.005124968029979082,0.08824296692313752
5636,146064,2,24,2000,-0.09874917294947105,0.08824296692313752
5636,146064,2,24,5000,-0.09874917294947105,0.08824296692313752
5636,145804,0,5,50,0.05884241990331659,0.044288442703588775
5636,145804,0,5,100,-0.2517163120025273,0.044288442703588775
5636,145804,0,5,250,-0.06421705513260836,0.044288442703588775
5636,145804,0,5,500,-0.22445707977904808,0.044288442703588775
5636,145804,0,5,1000,-0.04138926682361574,0.044288442703588775
5636,145804,0,5,2000,-0.04360554612841966,0.044288442703588775
5636,145804,0,5,5000,-0.07330564218329044,0.044288442703588775
5636,145804,0,6,50,0.08372023870187482,0.040101820106582746
5636,145804,0,6,100,0.0929178535515672,0.040101820106582746
5636,145804,0,6,250,-0.23049708183433373,0.040101820106582746
5636,145804,0,6,500,-0.21758657677765186,0.040101820106582746
5636,145804,0,6,1000,-0.6147492636642513,0.040101820106582746
5636,145804,0,6,2000,-0.047430383574022655,0.040101820106582746
5636,145804,0,6,5000,-0.05197377472712274,0.040101820106582746
5636,145804,0,7,50,-0.31864966682293633,0.0429927070467417
5636,145804,0,7,100,-0.4709120838896193,0.0429927070467417
5636,145804,0,7,250,-0.044992439182234265,0.0429927070467417
5636,145804,0,7,500,-0.537900854981774,0.0429927070467417
5636,145804,0,7,1000,-0.21969202353896355,0.0429927070467417
5636,145804,0,7,2000,-0.05225085608585328,0.0429927070467417
5636,145804,0,7,5000,-0.05225085608585328,0.0429927070467417
5636,145804,0,8,50,-0.06975905387225982,0.04398117739715406
5636,145804,0,8,100,-0.04377253807373896,0.04398117739715406
5636,145804,0,8,250,-0.05335806682565411,0.04398117739715406
5636,145804,0,8,500,-0.042775045182308985,0.04398117739715406
5636,145804,0,8,1000,-0.04399420316072339,0.04398117739715406
5636,145804,0,8,2000,-0.0543551881520436,0.04398117739715406
5636,145804,0,8,5000,-0.04737385260715517,0.04398117739715406
5636,145804,0,9,50,-0.1599634210141899,0.04323619908300961
5636,145804,0,9,100,-0.026873547711499107,0.04323619908300961
5636,145804,0,9,250,-0.07186412906853108,0.04323619908300961
5636,145804,0,9,500,-0.6094315309668672,0.04323619908300961
5636,145804,0,9,1000,-0.022052332069587538,0.04323619908300961
5636,145804,0,9,2000,-0.031250318484320444,0.04323619908300961
5636,145804,0,9,5000,-0.03435288657202165,0.04323619908300961
5636,145804,0,10,50,0.0834993167449713,0.043268153176771455
5636,145804,0,10,100,-0.05657146745684752,0.043268153176771455
5636,145804,0,10,250,0.09391651421883866,0.043268153176771455
5636,145804,0,10,500,0.06604855229767326,0.043268153176771455
5636,145804,0,10,1000,0.03152909842609311,0.043268153176771455
5636,145804,0,10,2000,0.06654729874338824,0.043268153176771455
5636,145804,0,10,5000,0.08460960616653615,0.043268153176771455
5636,145804,0,11,50,-0.03751145481938972,0.04272121070081937
5636,145804,0,11,100,-0.037456038547643594,0.04272121070081937
5636,145804,0,11,250,-0.03130557551390631,0.04272121070081937
5636,145804,0,11,500,-0.04255332701460446,0.04272121070081937
5636,145804,0,11,1000,-0.035738134123514204,0.04272121070081937
5636,145804,0,11,2000,-0.042830408373335016,0.04272121070081937
5636,145804,0,11,5000,-0.042830408373335016,0.04272121070081937
5636,145804,0,12,50,-0.022440458294690546,0.03529403330112988
5636,145804,0,12,100,-0.019281996208762614,0.03529403330112988
5636,145804,0,12,250,-0.03762249968576223,0.03529403330112988
5636,145804,0,12,500,-0.03479626982671061,0.03529403330112988
5636,145804,0,12,1000,-0.034907102370202836,0.03529403330112988
5636,145804,0,12,2000,-0.004874614846295117,0.03529403330112988
5636,145804,0,12,5000,-0.034907102370202836,0.03529403330112988
5636,145804,0,13,50,-0.010140009953696572,0.029371799731225022
5636,145804,0,13,100,-0.0002205503918630003,0.029371799731225022
5636,145804,0,13,250,0.00892143586320307,0.029371799731225022
5636,145804,0,13,500,-0.014571135383862718,0.029371799731225022
5636,145804,0,13,1000,-0.01645497013891005,0.029371799731225022
5636,145804,0,13,2000,-0.012465900945431263,0.029371799731225022
5636,145804,0,13,5000,-0.014127752129173762,0.029371799731225022
5636,145804,0,14,50,-0.2520510921039666,0.012044478115966142
5636,145804,0,14,100,-0.005318847392505072,0.012044478115966142
5636,145804,0,14,250,0.05352532417457352,0.012044478115966142
5636,145804,0,14,500,0.054744269830107675,0.012044478115966142
5636,145804,0,14,1000,0.014296071092494783,0.012044478115966142
5636,145804,0,14,2000,0.013908210270992066,0.012044478115966142
5636,145804,0,14,5000,0.014573364774105563,0.012044478115966142
5636,145804,0,15,50,-0.17010061768972295,0.02003322811900739
5636,145804,0,15,100,-0.0051533947880677,0.02003322811900739
5636,145804,0,15,250,-0.00781295118612052,0.02003322811900739
5636,145804,0,15,500,0.022607237917129708,0.02003322811900739
5636,145804,0,15,1000,0.06327704866100696,0.02003322811900739
5636,145804,0,15,2000,0.06327704866100696,0.02003322811900739
5636,145804,0,15,5000,0.049203491947017744,0.02003322811900739
5636,145804,0,16,50,-0.012799300948148962,0.01655128663224818
5636,145804,0,16,100,-0.01496085403056771,0.01655128663224818
5636,145804,0,16,250,-0.004986933649949232,0.01655128663224818
5636,145804,0,16,500,-0.013243427332918861,0.01655128663224818
5636,145804,0,16,1000,0.014295858769614478,0.01655128663224818
5636,145804,0,16,2000,-0.0166229706179106,0.01655128663224818
5636,145804,0,16,5000,-0.013076700791199991,0.01655128663224818
5636,145804,0,17,50,-0.0033246578204461363,0.0167977028892958
5636,145804,0,17,100,-0.0048208971575910975,0.0167977028892958
5636,145804,0,17,250,-0.008477946447073836,0.0167977028892958
5636,145804,0,17,500,0.02393712227759623,0.0167977028892958
5636,145804,0,17,1000,-0.022772743602286885,0.0167977028892958
5636,145804,0,17,2000,-0.008200228119702446,0.0167977028892958
5636,145804,0,17,5000,0.02526668815374228,0.0167977028892958
5636,145804,0,18,50,-0.38962899336873147,0.01822265313669524
5636,145804,0,18,100,-0.006649421802332439,0.01822265313669524
5636,145804,0,18,250,0.02559945118781934,0.01822265313669524
5636,145804,0,18,500,0.023272392420243232,0.01822265313669524
5636,145804,0,18,1000,-0.007147902844447107,0.01822265313669524
5636,145804,0,18,2000,0.023327808691989332,0.01822265313669524
5636,145804,0,18,5000,0.023327808691989332,0.01822265313669524
5636,145804,0,19,50,-0.0042112650876638125,0.016646319018937004
5636,145804,0,19,100,-0.007536241392430393,0.016646319018937004
5636,145804,0,19,250,-0.006040055136005501,0.016646319018937004
5636,145804,0,19,500,-0.0042112650876638125,0.016646319018937004
5636,145804,0,19,1000,-0.005208651817653648,0.016646319018937004
5636,145804,0,19,2000,-0.005374900632891977,0.016646319018937004
5636,145804,0,19,5000,-0.005374900632891977,0.016646319018937004
5636,145804,0,20,50,-0.004488558769274648,0.01602517862901727
5636,145804,0,20,100,-0.719804023858297,0.01602517862901727
5636,145804,0,20,250,-0.0044885056885545505,0.01602517862901727
5636,145804,0,20,500,-0.006593474723385645,0.01602517862901727
5636,145804,0,20,1000,-0.008366530015660845,0.01602517862901727
5636,145804,0,20,2000,-0.007535339020189255,0.01602517862901727
5636,145804,0,20,5000,-0.006759617377183835,0.01602517862901727
5636,145804,0,21,50,-0.004322150711876083,0.019437313503598865
5636,145804,0,21,100,-0.003989653081399425,0.019437313503598865
5636,145804,0,21,250,-0.0029921601899694505,0.019437313503598865
5636,145804,0,21,500,-0.0029921601899694505,0.019437313503598865
5636,145804,0,21,1000,-0.0029921601899694505,0.019437313503598865
5636,145804,0,21,2000,-0.0029921601899694505,0.019437313503598865
5636,145804,0,21,5000,-0.02232951958975818,0.019437313503598865
5636,145804,0,22,50,-0.0029923725128497003,0.019178665078579054
5636,145804,0,22,100,0.012301085309634863,0.019178665078579054
5636,145804,0,22,250,-0.021498434755726714,0.019178665078579054
5636,145804,0,22,500,0.02892400284682542,0.019178665078579054
5636,145804,0,22,1000,0.012467334124873192,0.019178665078579054
5636,145804,0,22,2000,-0.021498434755726714,0.019178665078579054
5636,145804,0,22,5000,0.029256659719462286,0.019178665078579054
5636,145804,0,23,50,-0.27687089367549567,0.017759802876017448
5636,145804,0,23,100,-0.2575339058407474,0.017759802876017448
5636,145804,0,23,250,-0.0029368500796634334,0.017759802876017448
5636,145804,0,23,500,-0.0024381567146685157,0.017759802876017448
5636,145804,0,23,1000,-0.0024381567146685157,0.017759802876017448
5636,145804,0,23,2000,-0.0024381567146685157,0.017759802876017448
5636,145804,0,23,5000,-0.0029368500796634334,0.017759802876017448
5636,145804,0,24,50,-0.3334441658768253,0.018144805919890906
5636,145804,0,24,100,-0.0029924786742898113,0.018144805919890906
5636,145804,0,24,250,0.01196864075987819,0.018144805919890906
5636,145804,0,24,500,0.01196864075987819,0.018144805919890906
5636,145804,0,24,1000,-0.0029924786742898113,0.018144805919890906
5636,145804,0,24,2000,0.01196864075987819,0.018144805919890906
5636,145804,0,24,5000,-0.019171269826710483,0.018144805919890906
5636,145804,1,5,50,-0.12034768720932998,0.015150300777267091
5636,145804,1,5,100,-0.2586463184911144,0.015150300777267091
5636,145804,1,5,250,-0.12034768720932998,0.015150300777267091
5636,145804,1,5,500,-0.1097077630340769,0.015150300777267091
5636,145804,1,5,1000,-0.12034768720932998,0.015150300777267091
5636,145804,1,5,2000,-0.12034768720932998,0.015150300777267091
5636,145804,1,5,5000,-0.12034768720932998,0.015150300777267091
5636,145804,1,6,50,-0.3161559876750814,0.043369965037724494
5636,145804,1,6,100,-0.060838573462017986,0.043369965037724494
5636,145804,1,6,250,-0.04199974818506405,0.043369965037724494
5636,145804,1,6,500,-0.04199974818506405,0.043369965037724494
5636,145804,1,6,1000,-0.04199974818506405,0.043369965037724494
5636,145804,1,6,2000,-0.1412887213236718,0.043369965037724494
5636,145804,1,6,5000,-0.04199974818506405,0.043369965037724494
5636,145804,1,7,50,0.08266823191093985,0.05034122704916064
5636,145804,1,7,100,-0.06471473996392177,0.05034122704916064
5636,145804,1,7,250,-0.036791043286690306,0.05034122704916064
5636,145804,1,7,500,-0.39140082780444524,0.05034122704916064
5636,145804,1,7,1000,-0.02615111911143722,0.05034122704916064
5636,145804,1,7,2000,-0.7105509927368585,0.05034122704916064
5636,145804,1,7,5000,-0.036791043286690306,0.05034122704916064
5636,145804,1,8,50,-0.11558003001396203,0.061748393795095155
5636,145804,1,8,100,-0.07496648483335197,0.061748393795095155
5636,145804,1,8,250,-0.4515180873615228,0.061748393795095155
5636,145804,1,8,500,-0.6577462924178646,0.061748393795095155
5636,145804,1,8,1000,-0.593916938864599,0.061748393795095155
5636,145804,1,8,2000,-0.5903702974728479,0.061748393795095155
5636,145804,1,8,5000,-0.6577462924178646,0.061748393795095155
5636,145804,1,9,50,0.37621926413985385,0.17116965447785537
5636,145804,1,9,100,0.4919109759888294,0.17116965447785537
5636,145804,1,9,250,-0.15774491231914367,0.17116965447785537
5636,145804,1,9,500,0.412566764929695,0.17116965447785537
5636,145804,1,9,1000,0.4972297172198944,0.17116965447785537
5636,145804,1,9,2000,-0.14871519178701165,0.17116965447785537
5636,145804,1,9,5000,0.489473031597041,0.17116965447785537
5636,145804,1,10,50,0.2943266477104797,0.19294215989583452
5636,145804,1,10,100,-0.27648579305143683,0.19294215989583452
5636,145804,1,10,250,0.5694820255942487,0.19294215989583452
5636,145804,1,10,500,0.22905700189901562,0.19294215989583452
5636,145804,1,10,1000,0.5415011609815086,0.19294215989583452
5636,145804,1,10,2000,0.5572368342828407,0.19294215989583452
5636,145804,1,10,5000,0.5552976894174873,0.19294215989583452
5636,145804,1,11,50,-0.09280686176591502,0.15399971868831477
5636,145804,1,11,100,-0.383531664135778,0.15399971868831477
5636,145804,1,11,250,-0.33371938941035406,0.15399971868831477
5636,145804,1,11,500,-0.3045759508667867,0.15399971868831477
5636,145804,1,11,1000,-0.10388825828993442,0.15399971868831477
5636,145804,1,11,2000,0.19542468610185404,0.15399971868831477
5636,145804,1,11,5000,-0.2783667614476004,0.15399971868831477
5636,145804,1,12,50,-0.011856162714064089,0.1189029743949556
5636,145804,1,12,100,0.004767073307446856,0.1189029743949556
5636,145804,1,12,250,-0.22495545465972266,0.1189029743949556
5636,145804,1,12,500,-0.10156082795731802,0.1189029743949556
5636,145804,1,12,1000,0.013298259716744254,0.1189029743949556
5636,145804,1,12,2000,-0.17203986871651666,0.1189029743949556
5636,145804,1,12,5000,-0.06820474422736589,0.1189029743949556
5636,145804,1,13,50,0.49989129068531035,0.10018851568997957
5636,145804,1,13,100,0.18306866224695434,0.10018851568997957
5636,145804,1,13,250,-0.12444631500901915,0.10018851568997957
5636,145804,1,13,500,-0.18661291500630117,0.10018851568997957
5636,145804,1,13,1000,-0.1379097088458806,0.10018851568997957
5636,145804,1,13,2000,-0.09801551358356875,0.10018851568997957
5636,145804,1,13,5000,-0.14561188056922902,0.10018851568997957
5636,145804,1,14,50,-0.001995888155100961,0.11721216881240676
5636,145804,1,14,100,0.21154625623804613,0.11721216881240676
5636,145804,1,14,250,0.49329686050896365,0.11721216881240676
5636,145804,1,14,500,-0.05014312685357869,0.11721216881240676
5636,145804,1,14,1000,-0.030309621963357736,0.11721216881240676
5636,145804,1,14,2000,0.14677578151805815,0.11721216881240676
5636,145804,1,14,5000,0.06643444913253371,0.11721216881240676
5636,145804,1,15,50,0.04521431659209857,0.10601825777754273
5636,145804,1,15,100,0.39993339431246466,0.10601825777754273
5636,145804,1,15,250,-0.18954987124740552,0.10601825777754273
5636,145804,1,15,500,0.16854981137235298,0.10601825777754273
5636,145804,1,15,1000,0.049201421798935385,0.10601825777754273
5636,145804,1,15,2000,0.1612939954240175,0.10601825777754273
5636,145804,1,15,5000,0.18029795482108835,0.10601825777754273
5636,145804,1,16,50,0.47545589968847984,0.09014308608806323
5636,145804,1,16,100,-0.07003709068395136,0.09014308608806323
5636,145804,1,16,250,-0.08056389984474954,0.09014308608806323
5636,145804,1,16,500,0.06344366904128584,0.09014308608806323
5636,145804,1,16,1000,0.6629558996884799,0.09014308608806323
5636,145804,1,16,2000,-0.006925760030981998,0.09014308608806323
5636,145804,1,16,5000,-0.05424435560855134,0.09014308608806323
5636,145804,1,17,50,-0.11208938878187857,0.10688309653517405
5636,145804,1,17,100,-0.16788630237156166,0.10688309653517405
5636,145804,1,17,250,0.4082453573479001,0.10688309653517405
5636,145804,1,17,500,-0.06831706303101981,0.10688309653517405
5636,145804,1,17,1000,-0.16433870552684948,0.10688309653517405
5636,145804,1,17,2000,-0.06582651564564856,0.10688309653517405
5636,145804,1,17,5000,-0.1412356936843283,0.10688309653517405
5636,145804,1,18,50,0.10189497109011669,0.06500169515495208
5636,145804,1,18,100,0.4196581368072752,0.06500169515495208
5636,145804,1,18,250,0.2769851233850724,0.06500169515495208
5636,145804,1,18,500,0.710216053393259,0.06500169515495208
5636,145804,1,18,1000,0.08095091137473143,0.06500169515495208
5636,145804,1,18,2000,0.13563732321997013,0.06500169515495208
5636,145804,1,18,5000,-0.03740110000237795,0.06500169515495208
5636,145804,1,19,50,0.17292854613181696,0.08598163431423828
5636,145804,1,19,100,0.036069145493829446,0.08598163431423828
5636,145804,1,19,250,0.30496598799781227,0.08598163431423828
5636,145804,1,19,500,-0.08156096809041902,0.08598163431423828
5636,145804,1,19,1000,-0.07524531785584432,0.08598163431423828
5636,145804,1,19,2000,0.08621216618596761,0.08598163431423828
5636,145804,1,19,5000,-0.0424998747295009,0.08598163431423828
5636,145804,1,20,50,0.06111597330506913,0.09594884762588447
5636,145804,1,20,100,0.5404494726748945,0.09594884762588447
5636,145804,1,20,250,-0.08106116003030273,0.09594884762588447
5636,145804,1,20,500,0.2692276415514179,0.09594884762588447
5636,145804,1,20,1000,0.40658223222687645,0.09594884762588447
5636,145804,1,20,2000,0.00365503222212038,0.09594884762588447
5636,145804,1,20,5000,0.00365503222212038,0.09594884762588447
5636,145804,1,21,50,-0.010416878989546796,0.08037849107478141
5636,145804,1,21,100,-0.07945286729310375,0.08037849107478141
5636,145804,1,21,250,0.19016141422325478,0.08037849107478141
5636,145804,1,21,500,-0.03767823444182894,0.08037849107478141
5636,145804,1,21,1000,0.6503220513447678,0.08037849107478141
5636,145804,1,21,2000,0.2901698434416009,0.08037849107478141
5636,145804,1,21,5000,0.1044423679266755,0.08037849107478141
5636,145804,1,22,50,0.08061761753345387,0.08214664941812433
5636,145804,1,22,100,-0.015181882148911918,0.08214664941812433
5636,145804,1,22,250,-0.04836911610834316,0.08214664941812433
5636,145804,1,22,500,0.27426892985871143,0.08214664941812433
5636,145804,1,22,1000,-0.044990687518472794,0.08214664941812433
5636,145804,1,22,2000,0.3053524687205931,0.08214664941812433
5636,145804,1,22,5000,-0.09064769731589961,0.08214664941812433
5636,145804,1,23,50,-0.04177824234023979,0.0808551045210598
5636,145804,1,23,100,-0.08194808578184065,0.0808551045210598
5636,145804,1,23,250,0.1629534579753562,0.0808551045210598
5636,145804,1,23,500,0.13769000774553852,0.0808551045210598
5636,145804,1,23,1000,-0.06571233901679263,0.0808551045210598
5636,145804,1,23,2000,-0.11652221279508657,0.0808551045210598
5636,145804,1,23,5000,-0.09602365956319314,0.0808551045210598
5636,145804,1,24,50,0.6727054478653901,0.07438702753970729
5636,145804,1,24,100,0.020557260508284214,0.07438702753970729
5636,145804,1,24,250,-0.08754523538963832,0.07438702753970729
5636,145804,1,24,500,0.6978621527671613,0.07438702753970729
5636,145804,1,24,1000,-0.1012288611340425,0.07438702753970729
5636,145804,1,24,2000,-0.03845369068123472,0.07438702753970729
5636,145804,1,24,5000,-0.11591470395396208,0.07438702753970729
5636,145804,2,5,50,-6.071532165918825e-18,6.071532165918825e-18
5636,145804,2,5,100,-6.071532165918825e-18,6.071532165918825e-18
5636,145804,2,5,250,-0.15602844107445568,6.071532165918825e-18
5636,145804,2,5,500,-6.071532165918825e-18,6.071532165918825e-18
5636,145804,2,5,1000,-0.19858134344329934,6.071532165918825e-18
5636,145804,2,5,2000,-6.071532165918825e-18,6.071532165918825e-18
5636,145804,2,5,5000,-6.071532165918825e-18,6.071532165918825e-18
5636,145804,2,6,50,-6.071532165918825e-18,6.071532165918825e-18
5636,145804,2,6,100,-6.071532165918825e-18,6.071532165918825e-18
5636,145804,2,6,250,-6.071532165918825e-18,6.071532165918825e-18
5636,145804,2,6,500,-6.071532165918825e-18,6.071532165918825e-18
5636,145804,2,6,1000,-6.071532165918825e-18,6.071532165918825e-18
5636,145804,2,6,2000,-6.071532165918825e-18,6.071532165918825e-18
5636,145804,2,6,5000,-6.071532165918825e-18,6.071532165918825e-18
5636,145804,2,7,50,-0.15602844107445568,5.654506728474751e-18
5636,145804,2,7,100,-0.15602844107445568,5.654506728474751e-18
5636,145804,2,7,250,-6.071532165918825e-18,5.654506728474751e-18
5636,145804,2,7,500,-0.15602844107445568,5.654506728474751e-18
5636,145804,2,7,1000,-0.6099271987308185,5.654506728474751e-18
5636,145804,2,7,2000,-6.071532165918825e-18,5.654506728474751e-18
5636,145804,2,7,5000,-0.15602844107445568,5.654506728474751e-18
5636,145804,2,8,50,-6.071532165918825e-18,5.814397434786258e-18
5636,145804,2,8,100,-6.071532165918825e-18,5.814397434786258e-18
5636,145804,2,8,250,-6.071532165918825e-18,5.814397434786258e-18
5636,145804,2,8,500,-6.071532165918825e-18,5.814397434786258e-18
5636,145804,2,8,1000,-6.071532165918825e-18,5.814397434786258e-18
5636,145804,2,8,2000,-6.071532165918825e-18,5.814397434786258e-18
5636,145804,2,8,5000,-6.071532165918825e-18,5.814397434786258e-18
5636,145804,2,9,50,-0.7145374078943344,0.021576087853163093
5636,145804,2,9,100,-0.05119683222755578,0.021576087853163093
5636,145804,2,9,250,-0.05119683222755578,0.021576087853163093
5636,145804,2,9,500,-0.7391399500786441,0.021576087853163093
5636,145804,2,9,1000,-0.5921982382296685,0.021576087853163093
5636,145804,2,9,2000,-0.039007110268613934,0.021576087853163093
5636,145804,2,9,5000,-0.18794226855956725,0.021576087853163093
5636,145804,2,10,50,-0.1835108777258011,0.026277042466563
5636,145804,2,10,100,-0.039007110268613976,0.026277042466563
5636,145804,2,10,250,-0.04144505466040235,0.026277042466563
5636,145804,2,10,500,-0.26972537946345154,0.026277042466563
5636,145804,2,10,1000,-0.04144505466040235,0.026277042466563
5636,145804,2,10,2000,-0.04144505466040235,0.026277042466563
5636,145804,2,10,5000,-0.04144505466040235,0.026277042466563
5636,145804,2,11,50,-0.22451058514487177,0.026224424708514302
5636,145804,2,11,100,-0.014404568084303918,0.026224424708514302
5636,145804,2,11,250,0.08023246382867442,0.026224424708514302
5636,145804,2,11,500,-0.039007110268613934,0.026224424708514302
5636,145804,2,11,1000,0.06494059842779155,0.026224424708514302
5636,145804,2,11,2000,-0.039007110268613934,0.026224424708514302
5636,145804,2,11,5000,-0.039007110268613934,0.026224424708514302
5636,145804,2,12,50,-0.04654282085384373,0.015828447798226963
5636,145804,2,12,100,-0.044880545024340704,0.015828447798226963
5636,145804,2,12,250,-0.04654282085384373,0.015828447798226963
5636,145804,2,12,500,-0.04654282085384373,0.015828447798226963
5636,145804,2,12,1000,-0.044880545024340704,0.015828447798226963
5636,145804,2,12,2000,-0.044880545024340704,0.015828447798226963
5636,145804,2,12,5000,-0.044880545024340704,0.015828447798226963
5636,145804,2,13,50,-0.01795221800973626,0.017003343648042932
5636,145804,2,13,100,-0.01795221800973626,0.017003343648042932
5636,145804,2,13,250,-0.009639618005659545,0.017003343648042932
5636,145804,2,13,500,-0.01795221800973626,0.017003343648042932
5636,145804,2,13,1000,-0.010415286567944881,0.017003343648042932
5636,145804,2,13,2000,-0.012077562397447908,0.017003343648042932
5636,145804,2,13,5000,-0.012077562397447908,0.017003343648042932
5636,145804,2,14,50,-0.6375203617642159,0.018154299745057292
5636,145804,2,14,100,-0.010749429700743662,0.018154299745057292
5636,145804,2,14,250,-0.010859253710554503,0.018154299745057292
5636,145804,2,14,500,0.016235534442168492,0.018154299745057292
5636,145804,2,14,1000,-0.008365786885579901,0.018154299745057292
5636,145804,2,14,2000,-0.005650867296501133,0.018154299745057292
5636,145804,2,14,5000,-0.008365786885579901,0.018154299745057292
5636,145804,2,15,50,-0.013907891786671567,0.01637402316540093
5636,145804,2,15,100,0.0018844717236882469,0.01637402316540093
5636,145804,2,15,250,-0.0010521660330950755,0.01637402316540093
5636,145804,2,15,500,-0.012356289258500547,0.01637402316540093
5636,145804,2,15,1000,0.004710436179139521,0.01637402316540093
5636,145804,2,15,2000,-0.015015102526472285,0.01637402316540093
5636,145804,2,15,5000,0.011636620855882213,0.01637402316540093
5636,145804,2,16,50,-0.17209480726178197,0.007136568887968793
5636,145804,2,16,100,-0.016068011689648373,0.007136568887968793
5636,145804,2,16,250,-0.008477787204913628,0.007136568887968793
5636,145804,2,16,500,-0.0084777872049136,0.007136568887968793
5636,145804,2,16,1000,-0.01656670505464329,0.007136568887968793
5636,145804,2,16,2000,-0.016068011689648373,0.007136568887968793
5636,145804,2,16,5000,0.03357817346269758,0.007136568887968793
5636,145804,2,17,50,-0.008976480569908546,0.006587056031310838
5636,145804,2,17,100,0.002660830335334402,0.006587056031310838
5636,145804,2,17,250,-0.008477787204913628,0.006587056031310838
5636,145804,2,17,500,-0.003878395892146669,0.006587056031310838
5636,145804,2,17,1000,-0.003379702527151751,0.006587056031310838
5636,145804,2,17,2000,0.06205804992475278,0.006587056031310838
5636,145804,2,17,5000,0.060008019435187174,0.006587056031310838
5636,145804,2,18,50,-0.00903184376093466,0.011439976033830956
5636,145804,2,18,100,-0.17115278372281822,0.011439976033830956
5636,145804,2,18,250,-0.15946308214687274,0.011439976033830956
5636,145804,2,18,500,-0.18788860395158333,0.011439976033830956
5636,145804,2,18,1000,-0.007535763665949796,0.011439976033830956
5636,145804,2,18,2000,-0.1701553969928283,0.011439976033830956
5636,145804,2,18,5000,-0.0070370703009548785,0.011439976033830956
5636,145804,2,19,50,-0.07540875339291947,0.024486863510641606
5636,145804,2,19,100,-0.5948028560824559,0.024486863510641606
5636,145804,2,19,250,-0.03579519589758201,0.024486863510641606
5636,145804,2,19,500,-0.060117259557077196,0.024486863510641606
5636,145804,2,19,1000,-0.06111358467266592,0.024486863510641606
5636,145804,2,19,2000,-0.06111464628706703,0.024486863510641606
5636,145804,2,19,5000,-0.03629388926257693,0.024486863510641606
5636,145804,2,20,50,0.19603261958873908,0.01661520545841683
5636,145804,2,20,100,-0.5374576840499654,0.01661520545841683
5636,145804,2,20,250,-0.045378229855654484,0.01661520545841683
5636,145804,2,20,500,-0.10616186477240669,0.01661520545841683
5636,145804,2,20,1000,0.21786142874614006,0.01661520545841683
5636,145804,2,20,2000,-0.0536346704579041,0.01661520545841683
5636,145804,2,20,5000,-0.04681894675961307,0.01661520545841683
5636,145804,2,21,50,-0.4320709039519232,0.03391109397338125
5636,145804,2,21,100,0.008754284675723367,0.03391109397338125
5636,145804,2,21,250,-0.10427659683791779,0.03391109397338125
5636,145804,2,21,500,-0.14317319304735965,0.03391109397338125
5636,145804,2,21,1000,0.11042721911381526,0.03391109397338125
5636,145804,2,21,2000,0.05934132559119207,0.03391109397338125
5636,145804,2,21,5000,-0.06288886935518379,0.03391109397338125
5636,145804,2,22,50,-0.4751214911520809,0.010271051758993541
5636,145804,2,22,100,-0.03701100979063249,0.010271051758993541
5636,145804,2,22,250,-0.13114945450005605,0.010271051758993541
5636,145804,2,22,500,-0.12948707250911262,0.010271051758993541
5636,145804,2,22,1000,-0.10488787441016695,0.010271051758993541
5636,145804,2,22,2000,-0.02470987140027775,0.010271051758993541
5636,145804,2,22,5000,-0.1276020168975039,0.010271051758993541
5636,145804,2,23,50,-0.4858716109021851,0.016099154602221284
5636,145804,2,23,100,-0.038231654029208695,0.016099154602221284
5636,145804,2,23,250,-0.5205035428195799,0.016099154602221284
5636,145804,2,23,500,-0.3855853041143076,0.016099154602221284
5636,145804,2,23,1000,-0.38514181469817854,0.016099154602221284
5636,145804,2,23,2000,-0.005872903948525909,0.016099154602221284
5636,145804,2,23,5000,-0.028977455131928676,0.016099154602221284
5636,145804,2,24,50,-0.05695874439042925,0.012642711706638018
5636,145804,2,24,100,0.1312047646103619,0.012642711706638018
5636,145804,2,24,250,-0.09131306414189283,0.012642711706638018
5636,145804,2,24,500,-0.09125727630510616,0.012642711706638018
5636,145804,2,24,1000,-0.11580089889014572,0.012642711706638018
5636,145804,2,24,2000,-0.023604624647119432,0.012642711706638018
5636,145804,2,24,5000,0.023605633180800722,0.012642711706638018
5636,9914,0,5,50,0.0,0.0
5636,9914,0,5,100,0.0,0.0
5636,9914,0,5,250,0.0,0.0
5636,9914,0,5,500,0.0,0.0
5636,9914,0,5,1000,-0.6333405021775352,0.0
5636,9914,0,5,2000,0.0,0.0
5636,9914,0,5,5000,0.0,0.0
5636,9914,0,6,50,0.0,0.0
5636,9914,0,6,100,0.0,0.0
5636,9914,0,6,250,0.0,0.0
5636,9914,0,6,500,0.0,0.0
5636,9914,0,6,1000,-0.6333405021775352,0.0
5636,9914,0,6,2000,0.0,0.0
5636,9914,0,6,5000,0.0,0.0
5636,9914,0,7,50,-0.6333405021775352,0.0
5636,9914,0,7,100,0.0,0.0
5636,9914,0,7,250,-0.6055701919458037,0.0
5636,9914,0,7,500,0.0,0.0
5636,9914,0,7,1000,0.0,0.0
5636,9914,0,7,2000,0.0,0.0
5636,9914,0,7,5000,0.0,0.0
5636,9914,0,8,50,-0.6333405021775352,0.0
5636,9914,0,8,100,0.0,0.0
5636,9914,0,8,250,0.0,0.0
5636,9914,0,8,500,0.0,0.0
5636,9914,0,8,1000,-0.6333405021775352,0.0
5636,9914,0,8,2000,-0.5555675036292254,0.0
5636,9914,0,8,5000,0.0,0.0
5636,9914,0,9,50,-0.6333405021775352,0.0
5636,9914,0,9,100,0.0,0.0
5636,9914,0,9,250,0.0,0.0
5636,9914,0,9,500,0.0,0.0
5636,9914,0,9,1000,0.0,0.0
5636,9914,0,9,2000,0.0,0.0
5636,9914,0,9,5000,0.0,0.0
5636,9914,0,10,50,-0.1781270162374316,0.1362827375804611
5636,9914,0,10,100,-0.20781485227700358,0.1362827375804611
5636,9914,0,10,250,-0.1781270162374316,0.1362827375804611
5636,9914,0,10,500,-0.1781270162374316,0.1362827375804611
5636,9914,0,10,1000,-0.1781270162374316,0.1362827375804611
5636,9914,0,10,2000,-0.1781270162374316,0.1362827375804611
5636,9914,0,10,5000,-0.1781270162374316,0.1362827375804611
5636,9914,0,11,50,-0.1682310708909076,0.15647048496099952
5636,9914,0,11,100,-0.24912839736007164,0.15647048496099952
5636,9914,0,11,250,-0.1682310708909076,0.15647048496099952
5636,9914,0,11,500,-0.1682310708909076,0.15647048496099952
5636,9914,0,11,1000,0.46510943128662763,0.15647048496099952
5636,9914,0,11,2000,-0.1682310708909076,0.15647048496099952
5636,9914,0,11,5000,0.46510943128662763,0.15647048496099952
5636,9914,0,12,50,-0.1682310708909076,0.15201219299420812
5636,9914,0,12,100,-0.1682310708909076,0.15201219299420812
5636,9914,0,12,250,-0.11822838257433232,0.15201219299420812
5636,9914,0,12,500,-0.32377706798752726,0.15201219299420812
5636,9914,0,12,1000,-0.1682310708909076,0.15201219299420812
5636,9914,0,12,2000,-0.32377706798752726,0.15201219299420812
5636,9914,0,12,5000,-0.32377706798752726,0.15201219299420812
5636,9914,0,13,50,-0.03698157495026544,0.09450883100986476
5636,9914,0,13,100,-0.03698157495026544,0.09450883100986476
5636,9914,0,13,250,-0.013197114092154738,0.09450883100986476
5636,9914,0,13,500,-0.00798892077530966,0.09450883100986476
5636,9914,0,13,1000,-0.13019979232754475,0.09450883100986476
5636,9914,0,13,2000,-0.13019979232754475,0.09450883100986476
5636,9914,0,13,5000,-0.18767726087423936,0.09450883100986476
5636,9914,0,14,50,-0.1157887352814655,0.11979310696147169
5636,9914,0,14,100,0.06006959379536514,0.11979310696147169
5636,9914,0,14,250,-0.19166983103930224,0.11979310696147169
5636,9914,0,14,500,-0.13871797542878556,0.11979310696147169
5636,9914,0,14,1000,-0.18177388569277825,0.11979310696147169
5636,9914,0,14,2000,-0.19114938975213608,0.11979310696147169
5636,9914,0,14,5000,-0.11719002029678927,0.11979310696147169
5636,9914,0,15,50,0.5710131425076606,0.11860128918897558
5636,9914,0,15,100,-0.14444661003279674,0.11860128918897558
5636,9914,0,15,250,-0.15330041265659433,0.11860128918897558
5636,9914,0,15,500,-0.15260649094037237,0.11860128918897558
5636,9914,0,15,1000,-0.16250243628689637,0.11860128918897558
5636,9914,0,15,2000,-0.16250243628689637,0.11860128918897558
5636,9914,0,15,5000,-0.11944652602290373,0.11860128918897558
5636,9914,0,16,50,-0.1682310708909076,0.05975652700386333
5636,9914,0,16,100,-0.1560786198182691,0.05975652700386333
5636,9914,0,16,250,0.47726188235926614,0.05975652700386333
5636,9914,0,16,500,-0.1560786198182691,0.05975652700386333
5636,9914,0,16,1000,-0.1560786198182691,0.05975652700386333
5636,9914,0,16,2000,-0.13455066468627275,0.05975652700386333
5636,9914,0,16,5000,-0.1560786198182691,0.05975652700386333
5636,9914,0,17,50,0.6812551246034725,0.07282282283498911
5636,9914,0,17,100,-0.12864728950481163,0.07282282283498911
5636,9914,0,17,250,-0.1350711059734389,0.07282282283498911
5636,9914,0,17,500,-0.046174777541802214,0.07282282283498911
5636,9914,0,17,1000,-0.1350711059734389,0.07282282283498911
5636,9914,0,17,2000,-0.046174777541802214,0.07282282283498911
5636,9914,0,17,5000,-0.1350711059734389,0.07282282283498911
5636,9914,0,18,50,-0.057985308349912,0.06633740835730535
5636,9914,0,18,100,0.2751823854777123,0.06633740835730535
5636,9914,0,18,250,-0.035752930265068095,0.06633740835730535
5636,9914,0,18,500,0.3144175258078373,0.06633740835730535
5636,9914,0,18,1000,0.080736447524061,0.06633740835730535
5636,9914,0,18,2000,0.32431347115436127,0.06633740835730535
5636,9914,0,18,5000,0.32431347115436127,0.06633740835730535
5636,9914,0,19,50,0.08228138945642272,0.027804230532731643
5636,9914,0,19,100,-0.01805582625409996,0.027804230532731643
5636,9914,0,19,250,-0.027951771600623898,0.027804230532731643
5636,9914,0,19,500,-0.04861778523038729,0.027804230532731643
5636,9914,0,19,1000,-0.054167478762299104,0.027804230532731643
5636,9914,0,19,2000,-0.12639078377869717,0.027804230532731643
5636,9914,0,19,5000,-0.12639078377869717,0.027804230532731643
5636,9914,0,20,50,-0.04756556132050116,0.03149452959756251
5636,9914,0,20,100,-0.10536562785633763,0.03149452959756251
5636,9914,0,20,250,-0.04287402884563568,0.03149452959756251
5636,9914,0,20,500,-0.06040815366417446,0.03149452959756251
5636,9914,0,20,1000,-0.05519996034732927,0.03149452959756251
5636,9914,0,20,2000,-0.05554734125490507,0.03149452959756251
5636,9914,0,20,5000,-0.054332138152587806,0.03149452959756251
5636,9914,0,21,50,-0.0953130040593565,0.04492064909483238
5636,9914,0,21,100,0.6824707477552547,0.04492064909483238
5636,9914,0,21,250,-0.0953130040593565,0.04492064909483238
5636,9914,0,21,500,0.06579780834991034,0.04492064909483238
5636,9914,0,21,1000,0.0491302455777195,0.04492064909483238
5636,9914,0,21,2000,0.09356811858164482,0.04492064909483238
5636,9914,0,21,5000,-0.06754269382762501,0.04492064909483238
5636,9914,0,22,50,-0.021789225899242037,0.024710319340648518
5636,9914,0,22,100,0.07464699042959333,0.024710319340648518
5636,9914,0,22,250,-0.021182674471745044,0.024710319340648518
5636,9914,0,22,500,0.007976739340824213,0.024710319340648518
5636,9914,0,22,1000,0.126393304075486,0.024710319340648518
5636,9914,0,22,2000,0.07603609401043099,0.024710319340648518
5636,9914,0,22,5000,0.04270096846604643,0.024710319340648518
5636,9914,0,23,50,0.06787663315232029,0.03494510108984177
5636,9914,0,23,100,0.07430128971987782,0.03494510108984177
5636,9914,0,23,250,-0.04184238735953638,0.03494510108984177
5636,9914,0,23,500,-0.016831802113017158,0.03494510108984177
5636,9914,0,23,1000,-0.027961432738320302,0.03494510108984177
5636,9914,0,23,2000,0.110943884751868,0.03494510108984177
5636,9914,0,23,5000,-0.01164083082423717,0.03494510108984177
5636,9914,0,24,50,-0.05243981531265096,0.03226271818000105
5636,9914,0,24,100,-0.08609501854938384,0.03226271818000105
5636,9914,0,24,250,-0.10814299491908286,0.03226271818000105
5636,9914,0,24,500,-0.1966911023442115,0.03226271818000105
5636,9914,0,24,1000,-0.07117192120544058,0.03226271818000105
5636,9914,0,24,2000,-0.17188214084090503,0.03226271818000105
5636,9914,0,24,5000,-0.06856845462121575,0.03226271818000105
5636,9914,1,5,50,0.0,0.0
5636,9914,1,5,100,-0.6333405021775352,0.0
5636,9914,1,5,250,-0.6333405021775352,0.0
5636,9914,1,5,500,0.0,0.0
5636,9914,1,5,1000,0.0,0.0
5636,9914,1,5,2000,-0.6333405021775352,0.0
5636,9914,1,5,5000,0.0,0.0
5636,9914,1,6,50,0.0,0.0
5636,9914,1,6,100,0.0,0.0
5636,9914,1,6,250,-0.6333405021775352,0.0
5636,9914,1,6,500,0.0,0.0
5636,9914,1,6,1000,-0.6333405021775352,0.0
5636,9914,1,6,2000,0.0,0.0
5636,9914,1,6,5000,0.0,0.0
5636,9914,1,7,50,0.0,0.0
5636,9914,1,7,100,-0.6333405021775352,0.0
5636,9914,1,7,250,0.0,0.0
5636,9914,1,7,500,0.0,0.0
5636,9914,1,7,1000,0.0,0.0
5636,9914,1,7,2000,0.0,0.0
5636,9914,1,7,5000,0.0,0.0
5636,9914,1,8,50,0.0,0.0
5636,9914,1,8,100,0.0,0.0
5636,9914,1,8,250,0.0,0.0
5636,9914,1,8,500,-0.8277864401311895,0.0
5636,9914,1,8,1000,0.0,0.0
5636,9914,1,8,2000,0.0,0.0
5636,9914,1,8,5000,0.0,0.0
5636,9914,1,9,50,0.0,0.0
5636,9914,1,9,100,0.0,0.0
5636,9914,1,9,250,-0.7222162481853858,0.0
5636,9914,1,9,500,-0.6333405021775352,0.0
5636,9914,1,9,1000,0.0,0.0
5636,9914,1,9,2000,0.0,0.0
5636,9914,1,9,5000,0.0,0.0
5636,9914,1,10,50,-0.2968783603957195,0.10585460700642194
5636,9914,1,10,100,-0.2968783603957195,0.10585460700642194
5636,9914,1,10,250,-0.27708646970267153,0.10585460700642194
5636,9914,1,10,500,-0.27708646970267153,0.10585460700642194
5636,9914,1,10,1000,-0.571510901123714,0.10585460700642194
5636,9914,1,10,2000,-0.29375403247486526,0.10585460700642194
5636,9914,1,10,5000,-0.510405465347598,0.10585460700642194
5636,9914,1,11,50,-0.1682310708909076,0.11023351336380544
5636,9914,1,11,100,-0.1682310708909076,0.11023351336380544
5636,9914,1,11,250,-0.12933113003387298,0.11023351336380544
5636,9914,1,11,500,-0.47378513293725333,0.11023351336380544
5636,9914,1,11,1000,-0.1682310708909076,0.11023351336380544
5636,9914,1,11,2000,-0.12379319788698229,0.11023351336380544
5636,9914,1,11,5000,-0.1682310708909076,0.11023351336380544
5636,9914,1,12,50,-0.05937567207914407,0.08851989786157077
5636,9914,1,12,100,-0.14843918019785962,0.08851989786157077
5636,9914,1,12,250,0.4750053766331516,0.08851989786157077
5636,9914,1,12,500,-0.15833512554438361,0.08851989786157077
5636,9914,1,12,1000,-0.15833512554438361,0.08851989786157077
5636,9914,1,12,2000,-0.15833512554438361,0.08851989786157077
5636,9914,1,12,5000,-0.15833512554438361,0.08851989786157077
5636,9914,1,13,50,-0.1880229615839556,0.06171994405998604
5636,9914,1,13,100,-0.1880229615839556,0.06171994405998604
5636,9914,1,13,250,-0.1880229615839556,0.06171994405998604
5636,9914,1,13,500,-0.1880229615839556,0.06171994405998604
5636,9914,1,13,1000,-0.1781270162374316,0.06171994405998604
5636,9914,1,13,2000,-0.1781270162374316,0.06171994405998604
5636,9914,1,13,5000,-0.1781270162374316,0.06171994405998604
5636,9914,1,14,50,-0.169773072477015,0.05707741922192279
5636,9914,1,14,100,0.43542159524705565,0.05707741922192279
5636,9914,1,14,250,-0.1880229615839556,0.05707741922192279
5636,9914,1,14,500,-0.1880229615839556,0.05707741922192279
5636,9914,1,14,1000,-0.1781270162374316,0.05707741922192279
5636,9914,1,14,2000,-0.1880229615839556,0.05707741922192279
5636,9914,1,14,5000,-0.1682310708909076,0.05707741922192279
5636,9914,1,15,50,-0.22760674297005157,0.07548165550254197
5636,9914,1,15,100,-0.09895945346523982,0.07548165550254197
5636,9914,1,15,250,-0.1187513441582877,0.07548165550254197
5636,9914,1,15,500,-0.22760674297005157,0.07548165550254197
5636,9914,1,15,1000,-0.20781485227700358,0.07548165550254197
5636,9914,1,15,2000,-0.1979189069304796,0.07548165550254197
5636,9914,1,15,5000,-0.20781485227700358,0.07548165550254197
5636,9914,1,16,50,-0.039583781386096195,0.06652733027182985
5636,9914,1,16,100,-0.15833512554438361,0.06652733027182985
5636,9914,1,16,250,-0.20781485227700358,0.06652733027182985
5636,9914,1,16,500,-0.15833512554438361,0.06652733027182985
5636,9914,1,16,1000,-0.1682310708909076,0.06652733027182985
5636,9914,1,16,2000,-0.1682310708909076,0.06652733027182985
5636,9914,1,16,5000,-0.1682310708909076,0.06652733027182985
5636,9914,1,17,50,-0.009895945346524382,0.028281369342860782
5636,9914,1,17,100,-0.009895945346524382,0.028281369342860782
5636,9914,1,17,250,-0.07916756277219195,0.028281369342860782
5636,9914,1,17,500,-0.21771079762352757,0.028281369342860782
5636,9914,1,17,1000,-0.1399377990752177,0.028281369342860782
5636,9914,1,17,2000,-0.21771079762352757,0.028281369342860782
5636,9914,1,17,5000,-0.06770273267379856,0.028281369342860782
5636,9914,1,18,50,0.34853100301091233,0.04054966817218011
5636,9914,1,18,100,-0.030470388192913922,0.04054966817218011
5636,9914,1,18,250,-0.03281426420775335,0.04054966817218011
5636,9914,1,18,500,0.3743837874348064,0.04054966817218011
5636,9914,1,18,1000,0.36735215939028776,0.04054966817218011
5636,9914,1,18,2000,0.34853100301091233,0.04054966817218011
5636,9914,1,18,5000,0.34853100301091233,0.04054966817218011
5636,9914,1,19,50,-0.07786834977686985,0.032937015514673706
5636,9914,1,19,100,-0.06241472995859998,0.032937015514673706
5636,9914,1,19,250,-0.016927573391043005,0.032937015514673706
5636,9914,1,19,500,-0.06241472995859998,0.032937015514673706
5636,9914,1,19,1000,0.1706652575407268,0.032937015514673706
5636,9914,1,19,2000,-0.01970073995913657,0.032937015514673706
5636,9914,1,19,5000,-0.011540859051560937,0.032937015514673706
5636,9914,1,20,50,-0.07847616135276136,0.030728223994342503
5636,9914,1,20,100,-0.052693525189526746,0.030728223994342503
5636,9914,1,20,250,-0.03863026910048961,0.030728223994342503
5636,9914,1,20,500,-0.05147790203774427,0.030728223994342503
5636,9914,1,20,1000,-0.04913402602290473,0.030728223994342503
5636,9914,1,20,2000,-0.04679015000806519,0.030728223994342503
5636,9914,1,20,5000,-0.04913402602290473,0.030728223994342503
5636,9914,1,21,50,-0.023438760148395743,0.02466489990145924
5636,9914,1,21,100,0.21276387507392652,0.02466489990145924
5636,9914,1,21,250,-0.037502016237432656,0.02466489990145924
5636,9914,1,21,500,-0.037502016237432656,0.02466489990145924
5636,9914,1,21,1000,0.21276387507392652,0.02466489990145924
5636,9914,1,21,2000,0.07178939391902656,0.02466489990145924
5636,9914,1,21,5000,0.08055708640249348,0.02466489990145924
5636,9914,1,22,50,-0.03585248198827928,0.0403245835773466
5636,9914,1,22,100,-0.031164729958600312,0.0403245835773466
5636,9914,1,22,250,-0.03420294773912613,0.0403245835773466
5636,9914,1,22,500,-0.03020953747513333,0.0403245835773466
5636,9914,1,22,1000,-0.03958504153449127,0.0403245835773466
5636,9914,1,22,2000,-0.06675636122909845,0.0403245835773466
5636,9914,1,22,5000,-0.06675636122909845,0.0403245835773466
5636,9914,1,23,50,0.6052139899994607,0.03874203300491898
5636,9914,1,23,100,0.6052139899994607,0.03874203300491898
5636,9914,1,23,250,-0.12959870154309372,0.03874203300491898
5636,9914,1,23,500,-0.15971288778966763,0.03874203300491898
5636,9914,1,23,1000,-0.037502016237432545,0.03874203300491898
5636,9914,1,23,2000,0.5958384859401027,0.03874203300491898
5636,9914,1,23,5000,-0.037502016237432434,0.03874203300491898
5636,9914,1,24,50,-0.044533644281950946,0.02095383890027793
5636,9914,1,24,100,-0.04687752029679049,0.02095383890027793
5636,9914,1,24,250,-0.044533644281950946,0.02095383890027793
5636,9914,1,24,500,-0.2000796413785706,0.02095383890027793
5636,9914,1,24,1000,0.5888068578955843,0.02095383890027793
5636,9914,1,24,2000,-0.037502016237432434,0.02095383890027793
5636,9914,1,24,5000,0.5934946099252633,0.02095383890027793
5636,9914,2,5,50,-0.33367301333405125,0.27317469041578774
5636,9914,2,5,100,-0.1682310708909076,0.27317469041578774
5636,9914,2,5,250,-0.1781270162374316,0.27317469041578774
5636,9914,2,5,500,-0.1682310708909076,0.27317469041578774
5636,9914,2,5,1000,-0.1682310708909076,0.27317469041578774
5636,9914,2,5,2000,-0.1682310708909076,0.27317469041578774
5636,9914,2,5,5000,-0.1682310708909076,0.27317469041578774
5636,9914,2,6,50,-0.1880229615839556,0.2673775069883775
5636,9914,2,6,100,-0.1682310708909076,0.2673775069883775
5636,9914,2,6,250,-0.4626555023119502,0.2673775069883775
5636,9914,2,6,500,-0.1781270162374316,0.2673775069883775
5636,9914,2,6,1000,-0.4071148818484872,0.2673775069883775
5636,9914,2,6,2000,-0.1682310708909076,0.2673775069883775
5636,9914,2,6,5000,-0.1682310708909076,0.2673775069883775
5636,9914,2,7,50,0.4263930520458084,0.28458258828311084
5636,9914,2,7,100,0.4263930520458084,0.28458258828311084
5636,9914,2,7,250,-0.1689153314694355,0.28458258828311084
5636,9914,2,7,500,0.4560808880853804,0.28458258828311084
5636,9914,2,7,1000,-0.17448014678208557,0.28458258828311084
5636,9914,2,7,2000,-0.20781527232647012,0.28458258828311084
5636,9914,2,7,5000,-0.1682117486155168,0.28458258828311084
5636,9914,2,8,50,-0.10868401863003307,0.287621415851634
5636,9914,2,8,100,-0.19992254287864808,0.287621415851634
5636,9914,2,8,250,-0.1408022608742397,0.287621415851634
5636,9914,2,8,500,-0.16822897064358167,0.287621415851634
5636,9914,2,8,1000,-0.17326368353137134,0.287621415851634
5636,9914,2,8,2000,-0.24575245980966642,0.287621415851634
5636,9914,2,8,5000,-0.2101440265605663,0.287621415851634
5636,9914,2,9,50,0.49982903986773464,0.290648475273764
5636,9914,2,9,100,0.5004376915425557,0.290648475273764
5636,9914,2,9,250,0.4997420896284745,0.290648475273764
5636,9914,2,9,500,0.5022594460723693,0.290648475273764
5636,9914,2,9,1000,0.5121553914188932,0.290648475273764
5636,9914,2,9,2000,0.5022594460723693,0.290648475273764
5636,9914,2,9,5000,-0.34321653717941686,0.290648475273764
5636,9914,2,10,50,0.4583365537125646,0.27124427858480765
5636,9914,2,10,100,-0.2840395484972292,0.27124427858480765
5636,9914,2,10,250,-0.3828045190601638,0.27124427858480765
5636,9914,2,10,500,-0.30182738319264446,0.27124427858480765
5636,9914,2,10,1000,-0.2647613782999084,0.27124427858480765
5636,9914,2,10,2000,-0.27733219863971137,0.27124427858480765
5636,9914,2,10,5000,-0.23376214783052773,0.27124427858480765
5636,9914,2,11,50,-0.050788180816172535,0.24962463547642968
5636,9914,2,11,100,-0.048358194661002885,0.24962463547642968
5636,9914,2,11,250,-0.04870431542018394,0.24962463547642968
5636,9914,2,11,500,-0.1325629906177752,0.24962463547642968
5636,9914,2,11,1000,-0.1515740093553406,0.24962463547642968
5636,9914,2,11,2000,-0.11701107922469156,0.24962463547642968
5636,9914,2,11,5000,-0.1275097955535257,0.24962463547642968
5636,9914,2,12,50,-0.0968835690090859,0.2693708583216073
5636,9914,2,12,100,0.0027693861229102223,0.2693708583216073
5636,9914,2,12,250,-0.07822119132749017,0.2693708583216073
5636,9914,2,12,500,-0.06554871901715076,0.2693708583216073
5636,9914,2,12,1000,-0.05096124119576195,0.2693708583216073
5636,9914,2,12,2000,-0.10026874764772242,0.2693708583216073
5636,9914,2,12,5000,-0.13369334372815744,0.2693708583216073
5636,9914,2,13,50,-0.2079904329533837,0.2074845191920767
5636,9914,2,13,100,0.03983665116404145,0.2074845191920767
5636,9914,2,13,250,-0.10764439620409605,0.2074845191920767
5636,9914,2,13,500,-0.10946741088230483,0.2074845191920767
5636,9914,2,13,1000,-0.1252671514597551,0.2074845191920767
5636,9914,2,13,2000,-0.1502672354696481,0.2074845191920767
5636,9914,2,13,5000,-0.11806288308511126,0.2074845191920767
5636,9914,2,14,50,-0.022570517904188625,0.15962123879690127
5636,9914,2,14,100,-0.15590471933974892,0.15962123879690127
5636,9914,2,14,250,-0.15330041265659394,0.15962123879690127
5636,9914,2,14,500,-0.15104348688101465,0.15962123879690127
5636,9914,2,14,1000,-0.15104348688101465,0.15962123879690127
5636,9914,2,14,2000,-0.15095695669121945,0.15962123879690127
5636,9914,2,14,5000,-0.15095695669121945,0.15962123879690127
5636,9914,2,15,50,-0.048440524356148096,0.19051765471854806
5636,9914,2,15,100,0.4627647151728582,0.19051765471854806
5636,9914,2,15,250,0.472573710280122,0.19051765471854806
5636,9914,2,15,500,0.4627647151728582,0.19051765471854806
5636,9914,2,15,1000,0.4849000618312808,0.19051765471854806
5636,9914,2,15,2000,0.05554566105704595,0.19051765471854806
5636,9914,2,15,5000,-0.06101764543792643,0.19051765471854806
5636,9914,2,16,50,0.5250034444056125,0.1391548782781779
5636,9914,2,16,100,0.4849013219796756,0.1391548782781779
5636,9914,2,16,250,0.5264790781762454,0.1391548782781779
5636,9914,2,16,500,0.524743433786762,0.1391548782781779
5636,9914,2,16,1000,0.5270868897521365,0.1391548782781779
5636,9914,2,16,2000,0.5284755732835092,0.1391548782781779
5636,9914,2,16,5000,0.516409232351201,0.1391548782781779
5636,9914,2,17,50,0.24774979501585975,0.08632223940790318
5636,9914,2,17,100,-0.10885539881176376,0.08632223940790318
5636,9914,2,17,250,-0.08455049666648728,0.08632223940790318
5636,9914,2,17,500,-0.08177312960374183,0.08632223940790318
5636,9914,2,17,1000,0.42804594669068025,0.08632223940790318
5636,9914,2,17,2000,0.42804594669068025,0.08632223940790318
5636,9914,2,17,5000,0.2502675715092197,0.08632223940790318
5636,9914,2,18,50,-0.01736148448841357,0.08036663541840024
5636,9914,2,18,100,-0.047049320527985494,0.08036663541840024
5636,9914,2,18,250,0.10538915062637816,0.08036663541840024
5636,9914,2,18,500,0.41440274006666855,0.08036663541840024
5636,9914,2,18,1000,0.03324103446421922,0.08036663541840024
5636,9914,2,18,2000,0.41440274006666855,0.08036663541840024
5636,9914,2,18,5000,0.41440274006666855,0.08036663541840024
5636,9914,2,19,50,-0.0019074446206779339,0.07783179363585374
5636,9914,2,19,100,-0.009288553820098189,0.07783179363585374
5636,9914,2,19,250,0.17195816979407375,0.07783179363585374
5636,9914,2,19,500,0.1935734952147956,0.07783179363585374
5636,9914,2,19,1000,0.03585920277972038,0.07783179363585374
5636,9914,2,19,2000,0.22848170600569812,0.07783179363585374
5636,9914,2,19,5000,0.22848170600569812,0.07783179363585374
5636,9914,2,20,50,0.04957339776332026,0.09230675824954475
5636,9914,2,20,100,-0.02430742244206696,0.09230675824954475
5636,9914,2,20,250,-0.024740073391042783,0.09230675824954475
5636,9914,2,20,500,-0.023439180197860288,0.09230675824954475
5636,9914,2,20,1000,-0.03429535862142996,0.09230675824954475
5636,9914,2,20,2000,-0.035163600865636635,0.09230675824954475
5636,9914,2,20,5000,-0.03429535862142996,0.09230675824954475
5636,9914,2,21,50,-0.050857909027365755,0.08710048721797703
5636,9914,2,21,100,-0.07327300862949637,0.08710048721797703
5636,9914,2,21,250,0.042348126915424555,0.08710048721797703
5636,9914,2,21,500,0.7579864004785193,0.08710048721797703
5636,9914,2,21,1000,0.1872370490348929,0.08710048721797703
5636,9914,2,21,2000,0.0055614549169319405,0.08710048721797703
5636,9914,2,21,5000,0.0055614549169319405,0.08710048721797703
5636,9914,2,22,50,-0.005726534356687796,0.09396959104734068
5636,9914,2,22,100,0.14131136082585083,0.09396959104734068
5636,9914,2,22,250,-0.0057416561374266095,0.09396959104734068
5636,9914,2,22,500,-0.029772686031506512,0.09396959104734068
5636,9914,2,22,1000,-0.09148509328458665,0.09396959104734068
5636,9914,2,22,2000,-0.0031302086133675466,0.09396959104734068
5636,9914,2,22,5000,-0.011540439002097447,0.09396959104734068
5636,9914,2,23,50,0.058937140437658186,0.1001183756161335
5636,9914,2,23,100,-0.009723725065864497,0.1001183756161335
5636,9914,2,23,250,0.006593096403031629,0.1001183756161335
5636,9914,2,23,500,0.7516470139523624,0.1001183756161335
5636,9914,2,23,1000,0.04555856497661104,0.1001183756161335
5636,9914,2,23,2000,-0.003296968250981691,0.1001183756161335
5636,9914,2,23,5000,0.0011206919726857167,0.1001183756161335
5636,9914,2,24,50,-0.0648417757675126,0.08672428872657721
5636,9914,2,24,100,-0.14454742190440406,0.08672428872657721
5636,9914,2,24,250,0.029343815527717032,0.08672428872657721
5636,9914,2,24,500,0.13888431501693654,0.08672428872657721
5636,9914,2,24,1000,-0.040613322624871495,0.08672428872657721
5636,9914,2,24,2000,0.13732215105650847,0.08672428872657721
5636,9914,2,24,5000,0.13888431501693654,0.08672428872657721
5636,146065,0,5,50,-8.326672684688674e-17,8.326672684688674e-17
5636,146065,0,5,100,-8.326672684688674e-17,8.326672684688674e-17
5636,146065,0,5,250,-8.326672684688674e-17,8.326672684688674e-17
5636,146065,0,5,500,-8.326672684688674e-17,8.326672684688674e-17
5636,146065,0,5,1000,-8.326672684688674e-17,8.326672684688674e-17
5636,146065,0,5,2000,-8.326672684688674e-17,8.326672684688674e-17
5636,146065,0,5,5000,-8.326672684688674e-17,8.326672684688674e-17
5636,146065,0,6,50,-8.326672684688674e-17,8.326672684688674e-17
5636,146065,0,6,100,-8.326672684688674e-17,8.326672684688674e-17
5636,146065,0,6,250,-8.326672684688674e-17,8.326672684688674e-17
5636,146065,0,6,500,-8.326672684688674e-17,8.326672684688674e-17
5636,146065,0,6,1000,-8.326672684688674e-17,8.326672684688674e-17
5636,146065,0,6,2000,-8.326672684688674e-17,8.326672684688674e-17
5636,146065,0,6,5000,-8.326672684688674e-17,8.326672684688674e-17
5636,146065,0,7,50,-1.1102230246251565e-16,8.326672684688674e-17
5636,146065,0,7,100,-1.1102230246251565e-16,8.326672684688674e-17
5636,146065,0,7,250,-1.1102230246251565e-16,8.326672684688674e-17
5636,146065,0,7,500,-1.1102230246251565e-16,8.326672684688674e-17
5636,146065,0,7,1000,-1.1102230246251565e-16,8.326672684688674e-17
5636,146065,0,7,2000,-1.1102230246251565e-16,8.326672684688674e-17
5636,146065,0,7,5000,-1.1102230246251565e-16,8.326672684688674e-17
5636,146065,0,8,50,-8.326672684688674e-17,8.326672684688674e-17
5636,146065,0,8,100,-8.326672684688674e-17,8.326672684688674e-17
5636,146065,0,8,250,-8.326672684688674e-17,8.326672684688674e-17
5636,146065,0,8,500,-8.326672684688674e-17,8.326672684688674e-17
5636,146065,0,8,1000,-8.326672684688674e-17,8.326672684688674e-17
5636,146065,0,8,2000,-8.326672684688674e-17,8.326672684688674e-17
5636,146065,0,8,5000,-8.326672684688674e-17,8.326672684688674e-17
5636,146065,0,9,50,-8.326672684688674e-17,8.326672684688674e-17
5636,146065,0,9,100,-8.326672684688674e-17,8.326672684688674e-17
5636,146065,0,9,250,-8.326672684688674e-17,8.326672684688674e-17
5636,146065,0,9,500,-8.326672684688674e-17,8.326672684688674e-17
5636,146065,0,9,1000,-8.326672684688674e-17,8.326672684688674e-17
5636,146065,0,9,2000,-8.326672684688674e-17,8.326672684688674e-17
5636,146065,0,9,5000,-8.326672684688674e-17,8.326672684688674e-17
5636,146065,0,10,50,-8.326672684688674e-17,8.980440769874026e-17
5636,146065,0,10,100,-8.326672684688674e-17,8.980440769874026e-17
5636,146065,0,10,250,-8.326672684688674e-17,8.980440769874026e-17
5636,146065,0,10,500,-8.326672684688674e-17,8.980440769874026e-17
5636,146065,0,10,1000,-8.326672684688674e-17,8.980440769874026e-17
5636,146065,0,10,2000,-8.326672684688674e-17,8.980440769874026e-17
5636,146065,0,10,5000,-8.326672684688674e-17,8.980440769874026e-17
5636,146065,0,11,50,-8.326672684688674e-17,9.007208163871445e-17
5636,146065,0,11,100,-8.326672684688674e-17,9.007208163871445e-17
5636,146065,0,11,250,-8.326672684688674e-17,9.007208163871445e-17
5636,146065,0,11,500,-8.326672684688674e-17,9.007208163871445e-17
5636,146065,0,11,1000,-8.326672684688674e-17,9.007208163871445e-17
5636,146065,0,11,2000,-8.326672684688674e-17,9.007208163871445e-17
5636,146065,0,11,5000,-8.326672684688674e-17,9.007208163871445e-17
5636,146065,0,12,50,-8.326672684688674e-17,8.824952811554228e-17
5636,146065,0,12,100,-8.326672684688674e-17,8.824952811554228e-17
5636,146065,0,12,250,-8.326672684688674e-17,8.824952811554228e-17
5636,146065,0,12,500,-8.326672684688674e-17,8.824952811554228e-17
5636,146065,0,12,1000,-8.326672684688674e-17,8.824952811554228e-17
5636,146065,0,12,2000,-8.326672684688674e-17,8.824952811554228e-17
5636,146065,0,12,5000,-8.326672684688674e-17,8.824952811554228e-17
5636,146065,0,13,50,-8.326672684688674e-17,8.631883613874853e-17
5636,146065,0,13,100,-8.326672684688674e-17,8.631883613874853e-17
5636,146065,0,13,250,-8.326672684688674e-17,8.631883613874853e-17
5636,146065,0,13,500,-8.326672684688674e-17,8.631883613874853e-17
5636,146065,0,13,1000,-8.326672684688674e-17,8.631883613874853e-17
5636,146065,0,13,2000,-8.326672684688674e-17,8.631883613874853e-17
5636,146065,0,13,5000,-8.326672684688674e-17,8.631883613874853e-17
5636,146065,0,14,50,-8.326672684688674e-17,9.880312447292747e-17
5636,146065,0,14,100,-8.326672684688674e-17,9.880312447292747e-17
5636,146065,0,14,250,-8.326672684688674e-17,9.880312447292747e-17
5636,146065,0,14,500,-8.326672684688674e-17,9.880312447292747e-17
5636,146065,0,14,1000,-8.326672684688674e-17,9.880312447292747e-17
5636,146065,0,14,2000,-8.326672684688674e-17,9.880312447292747e-17
5636,146065,0,14,5000,-8.326672684688674e-17,9.880312447292747e-17
5636,146065,0,15,50,-8.326672684688674e-17,9.843695968841318e-17
5636,146065,0,15,100,-8.326672684688674e-17,9.843695968841318e-17
5636,146065,0,15,250,-8.326672684688674e-17,9.843695968841318e-17
5636,146065,0,15,500,-8.326672684688674e-17,9.843695968841318e-17
5636,146065,0,15,1000,0.032863068197849746,9.843695968841318e-17
5636,146065,0,15,2000,-8.326672684688674e-17,9.843695968841318e-17
5636,146065,0,15,5000,-8.326672684688674e-17,9.843695968841318e-17
5636,146065,0,16,50,-8.326672684688674e-17,9.198942707263384e-17
5636,146065,0,16,100,-8.326672684688674e-17,9.198942707263384e-17
5636,146065,0,16,250,-8.326672684688674e-17,9.198942707263384e-17
5636,146065,0,16,500,-8.326672684688674e-17,9.198942707263384e-17
5636,146065,0,16,1000,-8.326672684688674e-17,9.198942707263384e-17
5636,146065,0,16,2000,-8.326672684688674e-17,9.198942707263384e-17
5636,146065,0,16,5000,-8.326672684688674e-17,9.198942707263384e-17
5636,146065,0,17,50,-8.326672684688674e-17,8.993834424997152e-17
5636,146065,0,17,100,-8.326672684688674e-17,8.993834424997152e-17
5636,146065,0,17,250,-8.326672684688674e-17,8.993834424997152e-17
5636,146065,0,17,500,-8.326672684688674e-17,8.993834424997152e-17
5636,146065,0,17,1000,-8.326672684688674e-17,8.993834424997152e-17
5636,146065,0,17,2000,-8.326672684688674e-17,8.993834424997152e-17
5636,146065,0,17,5000,-8.326672684688674e-17,8.993834424997152e-17
5636,146065,0,18,50,-8.326672684688674e-17,8.858986693396703e-17
5636,146065,0,18,100,-8.326672684688674e-17,8.858986693396703e-17
5636,146065,0,18,250,-8.326672684688674e-17,8.858986693396703e-17
5636,146065,0,18,500,-8.326672684688674e-17,8.858986693396703e-17
5636,146065,0,18,1000,-8.326672684688674e-17,8.858986693396703e-17
5636,146065,0,18,2000,-8.326672684688674e-17,8.858986693396703e-17
5636,146065,0,18,5000,-8.326672684688674e-17,8.858986693396703e-17
5636,146065,0,19,50,-8.326672684688674e-17,1.0603120319208154e-16
5636,146065,0,19,100,-8.326672684688674e-17,1.0603120319208154e-16
5636,146065,0,19,250,-8.326672684688674e-17,1.0603120319208154e-16
5636,146065,0,19,500,-8.326672684688674e-17,1.0603120319208154e-16
5636,146065,0,19,1000,-8.326672684688674e-17,1.0603120319208154e-16
5636,146065,0,19,2000,-8.326672684688674e-17,1.0603120319208154e-16
5636,146065,0,19,5000,-8.326672684688674e-17,1.0603120319208154e-16
5636,146065,0,20,50,-8.326672684688674e-17,1.087769832999108e-16
5636,146065,0,20,100,-8.326672684688674e-17,1.087769832999108e-16
5636,146065,0,20,250,-8.326672684688674e-17,1.087769832999108e-16
5636,146065,0,20,500,-0.042253322423182166,1.087769832999108e-16
5636,146065,0,20,1000,-8.326672684688674e-17,1.087769832999108e-16
5636,146065,0,20,2000,-8.326672684688674e-17,1.087769832999108e-16
5636,146065,0,20,5000,-8.326672684688674e-17,1.087769832999108e-16
5636,146065,0,21,50,-8.326672684688674e-17,1.0822227808683795e-16
5636,146065,0,21,100,-8.326672684688674e-17,1.0822227808683795e-16
5636,146065,0,21,250,-0.014085381337998443,1.0822227808683795e-16
5636,146065,0,21,500,-8.326672684688674e-17,1.0822227808683795e-16
5636,146065,0,21,1000,-8.326672684688674e-17,1.0822227808683795e-16
5636,146065,0,21,2000,-8.326672684688674e-17,1.0822227808683795e-16
5636,146065,0,21,5000,-8.326672684688674e-17,1.0822227808683795e-16
5636,146065,0,22,50,-8.326672684688674e-17,1.063146338051474e-16
5636,146065,0,22,100,-8.326672684688674e-17,1.063146338051474e-16
5636,146065,0,22,250,-8.326672684688674e-17,1.063146338051474e-16
5636,146065,0,22,500,-8.326672684688674e-17,1.063146338051474e-16
5636,146065,0,22,1000,-8.326672684688674e-17,1.063146338051474e-16
5636,146065,0,22,2000,-8.326672684688674e-17,1.063146338051474e-16
5636,146065,0,22,5000,-8.326672684688674e-17,1.063146338051474e-16
5636,146065,0,23,50,-8.326672684688674e-17,1.1258341994493904e-16
5636,146065,0,23,100,-8.326672684688674e-17,1.1258341994493904e-16
5636,146065,0,23,250,-8.326672684688674e-17,1.1258341994493904e-16
5636,146065,0,23,500,-8.326672684688674e-17,1.1258341994493904e-16
5636,146065,0,23,1000,-8.326672684688674e-17,1.1258341994493904e-16
5636,146065,0,23,2000,-8.326672684688674e-17,1.1258341994493904e-16
5636,146065,0,23,5000,-8.326672684688674e-17,1.1258341994493904e-16
5636,146065,0,24,50,-8.326672684688674e-17,1.0760879978249112e-16
5636,146065,0,24,100,-8.326672684688674e-17,1.0760879978249112e-16
5636,146065,0,24,250,-8.326672684688674e-17,1.0760879978249112e-16
5636,146065,0,24,500,-8.326672684688674e-17,1.0760879978249112e-16
5636,146065,0,24,1000,-8.326672684688674e-17,1.0760879978249112e-16
5636,146065,0,24,2000,-8.326672684688674e-17,1.0760879978249112e-16
5636,146065,0,24,5000,-8.326672684688674e-17,1.0760879978249112e-16
5636,146065,1,5,50,-8.326672684688674e-17,8.326672684688674e-17
5636,146065,1,5,100,-8.326672684688674e-17,8.326672684688674e-17
5636,146065,1,5,250,-8.326672684688674e-17,8.326672684688674e-17
5636,146065,1,5,500,-8.326672684688674e-17,8.326672684688674e-17
5636,146065,1,5,1000,0.018780508450664368,8.326672684688674e-17
5636,146065,1,5,2000,-8.326672684688674e-17,8.326672684688674e-17
5636,146065,1,5,5000,-8.326672684688674e-17,8.326672684688674e-17
5636,146065,1,6,50,-8.326672684688674e-17,8.326672684688674e-17
5636,146065,1,6,100,-8.326672684688674e-17,8.326672684688674e-17
5636,146065,1,6,250,-8.326672684688674e-17,8.326672684688674e-17
5636,146065,1,6,500,-8.326672684688674e-17,8.326672684688674e-17
5636,146065,1,6,1000,-8.326672684688674e-17,8.326672684688674e-17
5636,146065,1,6,2000,-8.326672684688674e-17,8.326672684688674e-17
5636,146065,1,6,5000,-8.326672684688674e-17,8.326672684688674e-17
5636,146065,1,7,50,-1.1102230246251565e-16,8.326672684688674e-17
5636,146065,1,7,100,-1.1102230246251565e-16,8.326672684688674e-17
5636,146065,1,7,250,-1.1102230246251565e-16,8.326672684688674e-17
5636,146065,1,7,500,-1.1102230246251565e-16,8.326672684688674e-17
5636,146065,1,7,1000,-1.1102230246251565e-16,8.326672684688674e-17
5636,146065,1,7,2000,-1.1102230246251565e-16,8.326672684688674e-17
5636,146065,1,7,5000,-1.1102230246251565e-16,8.326672684688674e-17
5636,146065,1,8,50,-8.326672684688674e-17,8.326672684688674e-17
5636,146065,1,8,100,-8.326672684688674e-17,8.326672684688674e-17
5636,146065,1,8,250,-8.326672684688674e-17,8.326672684688674e-17
5636,146065,1,8,500,-8.326672684688674e-17,8.326672684688674e-17
5636,146065,1,8,1000,-8.326672684688674e-17,8.326672684688674e-17
5636,146065,1,8,2000,-8.326672684688674e-17,8.326672684688674e-17
5636,146065,1,8,5000,-8.326672684688674e-17,8.326672684688674e-17
5636,146065,1,9,50,-8.326672684688674e-17,8.326672684688674e-17
5636,146065,1,9,100,-8.326672684688674e-17,8.326672684688674e-17
5636,146065,1,9,250,-8.326672684688674e-17,8.326672684688674e-17
5636,146065,1,9,500,-8.326672684688674e-17,8.326672684688674e-17
5636,146065,1,9,1000,-8.326672684688674e-17,8.326672684688674e-17
5636,146065,1,9,2000,-8.326672684688674e-17,8.326672684688674e-17
5636,146065,1,9,5000,-8.326672684688674e-17,8.326672684688674e-17
5636,146065,1,10,50,-8.326672684688674e-17,8.333897564733122e-17
5636,146065,1,10,100,-8.326672684688674e-17,8.333897564733122e-17
5636,146065,1,10,250,-8.326672684688674e-17,8.333897564733122e-17
5636,146065,1,10,500,-8.326672684688674e-17,8.333897564733122e-17
5636,146065,1,10,1000,-8.326672684688674e-17,8.333897564733122e-17
5636,146065,1,10,2000,-8.326672684688674e-17,8.333897564733122e-17
5636,146065,1,10,5000,-8.326672684688674e-17,8.333897564733122e-17
5636,146065,1,11,50,-8.326672684688674e-17,8.913170603436999e-17
5636,146065,1,11,100,-8.326672684688674e-17,8.913170603436999e-17
5636,146065,1,11,250,-8.326672684688674e-17,8.913170603436999e-17
5636,146065,1,11,500,-8.326672684688674e-17,8.913170603436999e-17
5636,146065,1,11,1000,-8.326672684688674e-17,8.913170603436999e-17
5636,146065,1,11,2000,-8.326672684688674e-17,8.913170603436999e-17
5636,146065,1,11,5000,-8.326672684688674e-17,8.913170603436999e-17
5636,146065,1,12,50,-8.326672684688674e-17,8.913170603437e-17
5636,146065,1,12,100,-8.326672684688674e-17,8.913170603437e-17
5636,146065,1,12,250,-8.326672684688674e-17,8.913170603437e-17
5636,146065,1,12,500,-8.326672684688674e-17,8.913170603437e-17
5636,146065,1,12,1000,-8.326672684688674e-17,8.913170603437e-17
5636,146065,1,12,2000,-8.326672684688674e-17,8.913170603437e-17
5636,146065,1,12,5000,-8.326672684688674e-17,8.913170603437e-17
5636,146065,1,13,50,-8.326672684688674e-17,8.547804821425838e-17
5636,146065,1,13,100,-8.326672684688674e-17,8.547804821425838e-17
5636,146065,1,13,250,-8.326672684688674e-17,8.547804821425838e-17
5636,146065,1,13,500,-8.326672684688674e-17,8.547804821425838e-17
5636,146065,1,13,1000,-0.2347422476792417,8.547804821425838e-17
5636,146065,1,13,2000,-8.326672684688674e-17,8.547804821425838e-17
5636,146065,1,13,5000,-8.326672684688674e-17,8.547804821425838e-17
5636,146065,1,14,50,-8.326672684688674e-17,9.639819490876592e-17
5636,146065,1,14,100,-8.326672684688674e-17,9.639819490876592e-17
5636,146065,1,14,250,-8.326672684688674e-17,9.639819490876592e-17
5636,146065,1,14,500,-8.326672684688674e-17,9.639819490876592e-17
5636,146065,1,14,1000,-8.326672684688674e-17,9.639819490876592e-17
5636,146065,1,14,2000,-8.326672684688674e-17,9.639819490876592e-17
5636,146065,1,14,5000,-8.326672684688674e-17,9.639819490876592e-17
5636,146065,1,15,50,-8.326672684688674e-17,9.733020042080831e-17
5636,146065,1,15,100,-8.326672684688674e-17,9.733020042080831e-17
5636,146065,1,15,250,-8.326672684688674e-17,9.733020042080831e-17
5636,146065,1,15,500,-8.326672684688674e-17,9.733020042080831e-17
5636,146065,1,15,1000,-8.326672684688674e-17,9.733020042080831e-17
5636,146065,1,15,2000,-8.326672684688674e-17,9.733020042080831e-17
5636,146065,1,15,5000,-8.326672684688674e-17,9.733020042080831e-17
5636,146065,1,16,50,-8.326672684688674e-17,9.825336557208111e-17
5636,146065,1,16,100,-8.326672684688674e-17,9.825336557208111e-17
5636,146065,1,16,250,-0.23943737479190783,9.825336557208111e-17
5636,146065,1,16,500,-8.326672684688674e-17,9.825336557208111e-17
5636,146065,1,16,1000,-8.326672684688674e-17,9.825336557208111e-17
5636,146065,1,16,2000,-8.326672684688674e-17,9.825336557208111e-17
5636,146065,1,16,5000,-8.326672684688674e-17,9.825336557208111e-17
5636,146065,1,17,50,-8.326672684688674e-17,8.892890325501649e-17
5636,146065,1,17,100,-8.326672684688674e-17,8.892890325501649e-17
5636,146065,1,17,250,-8.326672684688674e-17,8.892890325501649e-17
5636,146065,1,17,500,-8.326672684688674e-17,8.892890325501649e-17
5636,146065,1,17,1000,-8.326672684688674e-17,8.892890325501649e-17
5636,146065,1,17,2000,-8.326672684688674e-17,8.892890325501649e-17
5636,146065,1,17,5000,-8.326672684688674e-17,8.892890325501649e-17
5636,146065,1,18,50,-8.326672684688674e-17,8.886119947416683e-17
5636,146065,1,18,100,-8.326672684688674e-17,8.886119947416683e-17
5636,146065,1,18,250,-8.326672684688674e-17,8.886119947416683e-17
5636,146065,1,18,500,-8.326672684688674e-17,8.886119947416683e-17
5636,146065,1,18,1000,-8.326672684688674e-17,8.886119947416683e-17
5636,146065,1,18,2000,-8.326672684688674e-17,8.886119947416683e-17
5636,146065,1,18,5000,-8.326672684688674e-17,8.886119947416683e-17
5636,146065,1,19,50,-8.326672684688674e-17,1.0844450065777686e-16
5636,146065,1,19,100,-8.326672684688674e-17,1.0844450065777686e-16
5636,146065,1,19,250,-8.326672684688674e-17,1.0844450065777686e-16
5636,146065,1,19,500,-8.326672684688674e-17,1.0844450065777686e-16
5636,146065,1,19,1000,-8.326672684688674e-17,1.0844450065777686e-16
5636,146065,1,19,2000,-8.326672684688674e-17,1.0844450065777686e-16
5636,146065,1,19,5000,-8.326672684688674e-17,1.0844450065777686e-16
5636,146065,1,20,50,-8.326672684688674e-17,1.0844450065777686e-16
5636,146065,1,20,100,-8.326672684688674e-17,1.0844450065777686e-16
5636,146065,1,20,250,-8.326672684688674e-17,1.0844450065777686e-16
5636,146065,1,20,500,-8.326672684688674e-17,1.0844450065777686e-16
5636,146065,1,20,1000,-8.326672684688674e-17,1.0844450065777686e-16
5636,146065,1,20,2000,-8.326672684688674e-17,1.0844450065777686e-16
5636,146065,1,20,5000,-8.326672684688674e-17,1.0844450065777686e-16
5636,146065,1,21,50,-8.326672684688674e-17,1.055761315503704e-16
5636,146065,1,21,100,-8.326672684688674e-17,1.055761315503704e-16
5636,146065,1,21,250,-8.326672684688674e-17,1.055761315503704e-16
5636,146065,1,21,500,-8.326672684688674e-17,1.055761315503704e-16
5636,146065,1,21,1000,-8.326672684688674e-17,1.055761315503704e-16
5636,146065,1,21,2000,-8.326672684688674e-17,1.055761315503704e-16
5636,146065,1,21,5000,-8.326672684688674e-17,1.055761315503704e-16
5636,146065,1,22,50,-8.326672684688674e-17,1.0642779470339232e-16
5636,146065,1,22,100,-8.326672684688674e-17,1.0642779470339232e-16
5636,146065,1,22,250,-8.326672684688674e-17,1.0642779470339232e-16
5636,146065,1,22,500,-8.326672684688674e-17,1.0642779470339232e-16
5636,146065,1,22,1000,-8.326672684688674e-17,1.0642779470339232e-16
5636,146065,1,22,2000,-8.326672684688674e-17,1.0642779470339232e-16
5636,146065,1,22,5000,-8.326672684688674e-17,1.0642779470339232e-16
5636,146065,1,23,50,-8.326672684688674e-17,1.0687924018557953e-16
5636,146065,1,23,100,-8.326672684688674e-17,1.0687924018557953e-16
5636,146065,1,23,250,-8.326672684688674e-17,1.0687924018557953e-16
5636,146065,1,23,500,-8.326672684688674e-17,1.0687924018557953e-16
5636,146065,1,23,1000,-8.326672684688674e-17,1.0687924018557953e-16
5636,146065,1,23,2000,-8.326672684688674e-17,1.0687924018557953e-16
5636,146065,1,23,5000,-8.326672684688674e-17,1.0687924018557953e-16
5636,146065,1,24,50,-8.326672684688674e-17,1.0693553686590447e-16
5636,146065,1,24,100,-8.326672684688674e-17,1.0693553686590447e-16
5636,146065,1,24,250,-8.326672684688674e-17,1.0693553686590447e-16
5636,146065,1,24,500,0.09859202618436272,1.0693553686590447e-16
5636,146065,1,24,1000,-8.326672684688674e-17,1.0693553686590447e-16
5636,146065,1,24,2000,-8.326672684688674e-17,1.0693553686590447e-16
5636,146065,1,24,5000,-8.326672684688674e-17,1.0693553686590447e-16
5636,146065,2,5,50,0.02464818289551632,0.018387840037173486
5636,146065,2,5,100,0.02464818289551632,0.018387840037173486
5636,146065,2,5,250,0.036972274343274575,0.018387840037173486
5636,146065,2,5,500,0.036972274343274575,0.018387840037173486
5636,146065,2,5,1000,0.036972274343274575,0.018387840037173486
5636,146065,2,5,2000,0.036972274343274575,0.018387840037173486
5636,146065,2,5,5000,0.0698353425411244,0.018387840037173486
5636,146065,2,6,50,0.13468400828136887,0.012225030958579217
5636,146065,2,6,100,0.03697227434327452,0.012225030958579217
5636,146065,2,6,250,0.10152727420219484,0.012225030958579217
5636,146065,2,6,500,-0.0014662132135098704,0.012225030958579217
5636,146065,2,6,1000,-0.01584526043283213,0.012225030958579217
5636,146065,2,6,2000,0.04518857044101443,0.012225030958579217
5636,146065,2,6,5000,0.04049344332834831,0.012225030958579217
5636,146065,2,7,50,0.058171371081515585,0.006120641315916387
5636,146065,2,7,100,-0.01203002878022627,0.006120641315916387
5636,146065,2,7,250,0.0019086298355012743,0.006120641315916387
5636,146065,2,7,500,0.07152296245873403,0.006120641315916387
5636,146065,2,7,1000,0.030076570920684997,0.006120641315916387
5636,146065,2,7,2000,0.09572956639203187,0.006120641315916387
5636,146065,2,7,5000,-0.012176751502497085,0.006120641315916387
5636,146065,2,8,50,0.014745148627296034,0.014970914157957859
5636,146065,2,8,100,-0.08274654531474862,0.014970914157957859
5636,146065,2,8,250,0.06726809168759325,0.014970914157957859
5636,146065,2,8,500,0.08061963897745526,0.014970914157957859
5636,146065,2,8,1000,0.0028624157049745025,0.014970914157957859
5636,146065,2,8,2000,0.0691754429897574,0.014970914157957859
5636,146065,2,8,5000,-0.03234830422392165,0.014970914157957859
5636,146065,2,9,50,0.020539638060438514,0.017050311863181206
5636,146065,2,9,100,0.05479758612905969,0.017050311863181206
5636,146065,2,9,250,0.05479758612905969,0.017050311863181206
5636,146065,2,9,500,0.031029519130385874,0.017050311863181206
5636,146065,2,9,1000,-0.0919879165373437,0.017050311863181206
5636,146065,2,9,2000,0.06807361177732008,0.017050311863181206
5636,146065,2,9,5000,0.08964198421319942,0.017050311863181206
5636,146065,2,10,50,0.015551462289438711,0.017624419625768863
5636,146065,2,10,100,0.0177521267740752,0.017624419625768863
5636,146065,2,10,250,0.017165235884991914,0.017624419625768863
5636,146065,2,10,500,0.039393375610168896,0.017624419625768863
5636,146065,2,10,1000,0.08296649713608521,0.017624419625768863
5636,146065,2,10,2000,0.005722803391552234,0.017624419625768863
5636,146065,2,10,5000,0.08215921355210055,0.017624419625768863
5636,146065,2,11,50,0.019072322663017366,0.015311913009999878
5636,146065,2,11,100,-0.3620144659433989,0.015311913009999878
5636,146065,2,11,250,0.004695127112666203,0.015311913009999878
5636,146065,2,11,500,0.011590389661691264,0.015311913009999878
5636,146065,2,11,1000,-0.27970844149431473,0.015311913009999878
5636,146065,2,11,2000,-0.01936612080641062,0.015311913009999878
5636,146065,2,11,5000,-0.03572416128213102,0.015311913009999878
5636,146065,2,12,50,0.024647433410456776,0.018574773950650488
5636,146065,2,12,100,0.019365988544341295,0.018574773950650488
5636,146065,2,12,250,0.03242316455517619,0.018574773950650488
5636,146065,2,12,500,0.007849224767924212,0.018574773950650488
5636,146065,2,12,1000,0.018779582616179097,0.018574773950650488
5636,146065,2,12,2000,-0.02970927915408686,0.018574773950650488
5636,146065,2,12,5000,0.03242316455517619,0.018574773950650488
5636,146065,2,13,50,-0.23789608081036093,0.01468948248215681
5636,146065,2,13,100,-0.0047680916875934565,0.01468948248215681
5636,146065,2,13,250,0.12338701997686313,0.01468948248215681
5636,146065,2,13,500,-0.050617046640895946,0.01468948248215681
5636,146065,2,13,1000,-0.02765551374114708,0.01468948248215681
5636,146065,2,13,2000,-0.21698774018791805,0.01468948248215681
5636,146065,2,13,5000,-7.221508986765546e-05,0.01468948248215681
5636,146065,2,14,50,0.013717516435766353,0.013262158790662998
5636,146065,2,14,100,0.011296635605654332,0.013262158790662998
5636,146065,2,14,250,0.04870965125137533,0.013262158790662998
5636,146065,2,14,500,0.07973894994497872,0.013262158790662998
5636,146065,2,14,1000,-0.10636819820264679,0.013262158790662998
5636,146065,2,14,2000,0.01863237493298725,0.013262158790662998
5636,146065,2,14,5000,0.02024672166417421,0.013262158790662998
5636,146065,2,15,50,-0.15808319636861284,0.012526931199994429
5636,146065,2,15,100,0.01217626654157608,0.012526931199994429
5636,146065,2,15,250,-0.0797389058576227,0.012526931199994429
5636,146065,2,15,500,0.010856291089416159,0.012526931199994429
5636,146065,2,15,1000,-0.050835499492113884,0.012526931199994429
5636,146065,2,15,2000,0.010856291089416159,0.012526931199994429
5636,146065,2,15,5000,-0.17238897040151266,0.012526931199994429
5636,146065,2,16,50,0.06425970274540753,0.013374426509680248
5636,146065,2,16,100,-0.1150965248582152,0.013374426509680248
5636,146065,2,16,250,-0.1049734065065886,0.013374426509680248
5636,146065,2,16,500,-0.28300935004655653,0.013374426509680248
5636,146065,2,16,1000,0.024427481589120004,0.013374426509680248
5636,146065,2,16,2000,-0.032864699430038696,0.013374426509680248
5636,146065,2,16,5000,-0.49398220810643034,0.013374426509680248
5636,146065,2,17,50,-0.10952040010157726,0.020191158707344888
5636,146065,2,17,100,-0.008216252010383451,0.020191158707344888
5636,146065,2,17,250,-0.09903021042013474,0.020191158707344888
5636,146065,2,17,500,0.06044601415027771,0.020191158707344888
5636,146065,2,17,1000,-0.143560115755763,0.020191158707344888
5636,146065,2,17,2000,-0.283962871391891,0.020191158707344888
5636,146065,2,17,5000,-0.02193279852430785,0.020191158707344888
5636,146065,2,18,50,0.07819840544849163,0.02504823109625172
5636,146065,2,18,100,0.0029327350385146556,0.02504823109625172
5636,146065,2,18,250,-0.03660595249851853,0.02504823109625172
5636,146065,2,18,500,-0.31682889344262305,0.02504823109625172
5636,146065,2,18,1000,-0.5981509321830647,0.02504823109625172
5636,146065,2,18,2000,-0.026848097895093348,0.02504823109625172
5636,146065,2,18,5000,-0.0321301599841991,0.02504823109625172
5636,146065,2,19,50,0.4112374703732963,0.13813884578542476
5636,146065,2,19,100,0.4112374703732963,0.13813884578542476
5636,146065,2,19,250,0.3924580200191866,0.13813884578542476
5636,146065,2,19,500,0.3924580200191866,0.13813884578542476
5636,146065,2,19,1000,0.3924580200191866,0.13813884578542476
5636,146065,2,19,2000,0.3923846586580513,0.13813884578542476
5636,146065,2,19,5000,0.3923846586580513,0.13813884578542476
5636,146065,2,20,50,0.36546284670297124,0.09816198753135237
5636,146065,2,20,100,0.34022843422871835,0.09816198753135237
5636,146065,2,20,250,0.38321523800118495,0.09816198753135237
5636,146065,2,20,500,0.38321523800118495,0.09816198753135237
5636,146065,2,20,1000,0.38820350194689757,0.09816198753135237
5636,146065,2,20,2000,0.3650226785361588,0.09816198753135237
5636,146065,2,20,5000,0.3877633337800851,0.09816198753135237
5636,146065,2,21,50,0.13688365875680703,0.08490746380265979
5636,146065,2,21,100,0.23459464320984164,0.08490746380265979
5636,146065,2,21,250,0.22322416128213096,0.08490746380265979
5636,146065,2,21,500,0.2604895283710958,0.08490746380265979
5636,146065,2,21,1000,0.27017261081797933,0.08490746380265979
5636,146065,2,21,2000,-0.35240425989672947,0.08490746380265979
5636,146065,2,21,5000,-0.5172389058576223,0.08490746380265979
5636,146065,2,22,50,-0.2106068007392569,0.06500710527406839
5636,146065,2,22,100,0.1624850102988064,0.06500710527406839
5636,146065,2,22,250,0.043352993355153635,0.06500710527406839
5636,146065,2,22,500,-0.02083268671877181,0.06500710527406839
5636,146065,2,22,1000,0.17363518770632874,0.06500710527406839
5636,146065,2,22,2000,-0.10453235659264715,0.06500710527406839
5636,146065,2,22,5000,0.1893336372421774,0.06500710527406839
5636,146065,2,23,50,0.06814833984650517,0.08256118487828781
5636,146065,2,23,100,0.25124661409102467,0.08256118487828781
5636,146065,2,23,250,0.22777252158516986,0.08256118487828781
5636,146065,2,23,500,0.2439843242995402,0.08256118487828781
5636,146065,2,23,1000,0.03909847528286464,0.08256118487828781
5636,146065,2,23,2000,0.25124661409102467,0.08256118487828781
5636,146065,2,23,5000,-0.01474514862729609,0.08256118487828781
5636,146065,2,24,50,0.2589485870884005,0.10764618346527877
5636,146065,2,24,100,0.3780063609237888,0.10764618346527877
5636,146065,2,24,250,0.3780063609237888,0.10764618346527877
5636,146065,2,24,500,0.3664894648853023,0.10764618346527877
5636,146065,2,24,1000,0.3780063609237888,0.10764618346527877
5636,146065,2,24,2000,0.34785682542817653,0.10764618346527877
5636,146065,2,24,5000,0.15859531510115377,0.10764618346527877
5636,10101,0,5,50,2.7755575615628914e-16,2.5730107236137053e-16
5636,10101,0,5,100,2.7755575615628914e-16,2.5730107236137053e-16
5636,10101,0,5,250,2.7755575615628914e-16,2.5730107236137053e-16
5636,10101,0,5,500,2.7755575615628914e-16,2.5730107236137053e-16
5636,10101,0,5,1000,2.7755575615628914e-16,2.5730107236137053e-16
5636,10101,0,5,2000,2.7755575615628914e-16,2.5730107236137053e-16
5636,10101,0,5,5000,2.7755575615628914e-16,2.5730107236137053e-16
5636,10101,0,6,50,2.7755575615628914e-16,2.7755575615628914e-16
5636,10101,0,6,100,2.7755575615628914e-16,2.7755575615628914e-16
5636,10101,0,6,250,2.7755575615628914e-16,2.7755575615628914e-16
5636,10101,0,6,500,2.7755575615628914e-16,2.7755575615628914e-16
5636,10101,0,6,1000,2.7755575615628914e-16,2.7755575615628914e-16
5636,10101,0,6,2000,2.7755575615628914e-16,2.7755575615628914e-16
5636,10101,0,6,5000,2.7755575615628914e-16,2.7755575615628914e-16
5636,10101,0,7,50,2.7755575615628914e-16,2.7755575615628914e-16
5636,10101,0,7,100,2.7755575615628914e-16,2.7755575615628914e-16
5636,10101,0,7,250,2.7755575615628914e-16,2.7755575615628914e-16
5636,10101,0,7,500,2.7755575615628914e-16,2.7755575615628914e-16
5636,10101,0,7,1000,2.7755575615628914e-16,2.7755575615628914e-16
5636,10101,0,7,2000,2.7755575615628914e-16,2.7755575615628914e-16
5636,10101,0,7,5000,2.7755575615628914e-16,2.7755575615628914e-16
5636,10101,0,8,50,0.20930096023379546,0.08827199931081404
5636,10101,0,8,100,0.22092879135789528,0.08827199931081404
5636,10101,0,8,250,-0.12790614236509712,0.08827199931081404
5636,10101,0,8,500,-0.22093748912778755,0.08827199931081404
5636,10101,0,8,1000,-0.17442181574644333,0.08827199931081404
5636,10101,0,8,2000,-0.17442181574644333,0.08827199931081404
5636,10101,0,8,5000,-0.08140786452353688,0.08827199931081404
5636,10101,0,9,50,-0.1998554539366112,0.09364863791442872
5636,10101,0,9,100,-0.19476807396583573,0.09364863791442872
5636,10101,0,9,250,-0.17296548290018499,0.09364863791442872
5636,10101,0,9,500,-0.17659979168841167,0.09364863791442872
5636,10101,0,9,1000,0.22674433775179997,0.09364863791442872
5636,10101,0,9,2000,-0.14389318703684317,0.09364863791442872
5636,10101,0,9,5000,-0.16860626935253864,0.09364863791442872
5636,10101,0,10,50,-0.19259009802386728,0.038546160479101206
5636,10101,0,10,100,-0.19985708476846598,0.038546160479101206
5636,10101,0,10,250,-0.18822925364436627,0.038546160479101206
5636,10101,0,10,500,-0.19259009802386728,0.038546160479101206
5636,10101,0,10,1000,-0.14607442464252107,0.038546160479101206
5636,10101,0,10,2000,-0.19259009802386728,0.038546160479101206
5636,10101,0,10,5000,-0.2856214447865577,0.038546160479101206
5636,10101,0,11,50,-0.05196971871412226,0.05134906238799569
5636,10101,0,11,100,-0.1420783429878587,0.05134906238799569
5636,10101,0,11,250,-0.0962883897818595,0.05134906238799569
5636,10101,0,11,500,-0.005454045332776047,0.05134906238799569
5636,10101,0,11,1000,0.2736225994155094,0.05134906238799569
5636,10101,0,11,2000,-0.1631557574887812,0.05134906238799569
5636,10101,0,11,5000,-0.09628920519778672,0.05134906238799569
5636,10101,0,12,50,-0.22311845492815696,0.060357328962767756
5636,10101,0,12,100,-0.06685975715826487,0.060357328962767756
5636,10101,0,12,250,-0.22239137572626422,0.060357328962767756
5636,10101,0,12,500,-0.21149062380405736,0.060357328962767756
5636,10101,0,12,1000,-0.21149062380405736,0.060357328962767756
5636,10101,0,12,2000,-0.09520144035069378,0.060357328962767756
5636,10101,0,12,5000,-0.21149062380405736,0.060357328962767756
5636,10101,0,13,50,-0.1133784203980105,0.03873409860038442
5636,10101,0,13,100,0.039606382423546305,0.03873409860038442
5636,10101,0,13,250,0.09993139633997794,0.03873409860038442
5636,10101,0,13,500,-0.0174401158542955,0.03873409860038442
5636,10101,0,13,1000,0.04433035869603019,0.03873409860038442
5636,10101,0,13,2000,-0.048700988066658346,0.03873409860038442
5636,10101,0,13,5000,0.04433035869603019,0.03873409860038442
5636,10101,0,14,50,-0.08721199509445798,0.038417181989988065
5636,10101,0,14,100,-0.0832142826079394,0.038417181989988065
5636,10101,0,14,250,-0.08503157290470742,0.038417181989988065
5636,10101,0,14,500,-0.07521994485613892,0.038417181989988065
5636,10101,0,14,1000,-0.0661356678147722,0.038417181989988065
5636,10101,0,14,2000,-0.07521994485613892,0.038417181989988065
5636,10101,0,14,5000,-0.07521994485613892,0.038417181989988065
5636,10101,0,15,50,-0.20421901636920348,0.014734417540691842
5636,10101,0,15,100,-0.043242593848936806,0.014734417540691842
5636,10101,0,15,250,-0.0777648579654181,0.014734417540691842
5636,10101,0,15,500,-0.07158645148383969,0.014734417540691842
5636,10101,0,15,1000,0.03597995598928483,0.014734417540691842
5636,10101,0,15,2000,-0.055960907873221166,0.014734417540691842
5636,10101,0,15,5000,0.05015351563859127,0.014734417540691842
5636,10101,0,16,50,-0.024709005236056902,0.01501295869031397
5636,10101,0,16,100,-0.020712923581393428,0.01501295869031397
5636,10101,0,16,250,0.09085337082072309,0.01501295869031397
5636,10101,0,16,500,-0.06867976550812382,0.01501295869031397
5636,10101,0,16,1000,-0.04978331680757042,0.01501295869031397
5636,10101,0,16,2000,-0.05923126935253786,0.01501295869031397
5636,10101,0,16,5000,0.09774200457502857,0.01501295869031397
5636,10101,0,17,50,0.44804604599380754,0.015274928035737264
5636,10101,0,17,100,-0.06867895009219649,0.015274928035737264
5636,10101,0,17,250,-0.045422472428069405,0.015274928035737264
5636,10101,0,17,500,0.45713086664579256,0.015274928035737264
5636,10101,0,17,1000,-0.05269000278328628,0.015274928035737264
5636,10101,0,17,2000,-0.054870424973036735,0.015274928035737264
5636,10101,0,17,5000,-0.054870424973036735,0.015274928035737264
5636,10101,0,18,50,-0.10174759941550993,0.0138099265786867
5636,10101,0,18,100,-0.1239138659847615,0.0138099265786867
5636,10101,0,18,250,0.4229744524753853,0.0138099265786867
5636,10101,0,18,500,-0.04614927982465278,0.0138099265786867
5636,10101,0,18,1000,-0.05087271248651826,0.0138099265786867
5636,10101,0,18,2000,-0.04651213991232628,0.0138099265786867
5636,10101,0,18,5000,-0.05087271248651826,0.0138099265786867
5636,10101,0,19,50,-0.014535060710433423,0.011018747873454268
5636,10101,0,19,100,-0.03307408542949464,0.011018747873454268
5636,10101,0,19,250,0.06322735100720156,0.011018747873454268
5636,10101,0,19,500,-0.06976916118707155,0.011018747873454268
5636,10101,0,19,1000,-0.07231271526980476,0.011018747873454268
5636,10101,0,19,2000,-0.08067072852520618,0.011018747873454268
5636,10101,0,19,5000,-0.04651241171763543,0.011018747873454268
5636,10101,0,20,50,0.1609796841839749,0.03355768733533744
5636,10101,0,20,100,0.09120617411195753,0.03355768733533744
5636,10101,0,20,250,-0.02580030355216889,0.03355768733533744
5636,10101,0,20,500,0.08140460285982809,0.03355768733533744
5636,10101,0,20,1000,-0.04796657012142069,0.03355768733533744
5636,10101,0,20,2000,-0.06904181017986999,0.03355768733533744
5636,10101,0,20,5000,-0.05995807674912146,0.03355768733533744
5636,10101,0,21,50,-0.009447680739657849,0.023914098473300005
5636,10101,0,21,100,0.09484972428069571,0.023914098473300005
5636,10101,0,21,250,0.4542225498382219,0.023914098473300005
5636,10101,0,21,500,-0.058505005566572676,0.023914098473300005
5636,10101,0,21,1000,-0.08285223793619323,0.023914098473300005
5636,10101,0,21,2000,-0.05414416118707166,0.023914098473300005
5636,10101,0,21,5000,-0.04505988414570494,0.023914098473300005
5636,10101,0,22,50,-0.0025435540827326575,0.013299609247770327
5636,10101,0,22,100,-0.09956609000452321,0.013299609247770327
5636,10101,0,22,250,0.3513871855756186,0.013299609247770327
5636,10101,0,22,500,-0.046150095240580224,0.013299609247770327
5636,10101,0,22,1000,0.08575674946943579,0.013299609247770327
5636,10101,0,22,2000,0.17515351563858994,0.013299609247770327
5636,10101,0,22,5000,0.1137374752113558,0.013299609247770327
5636,10101,0,23,50,-0.007994337751799918,0.012868363141453221
5636,10101,0,23,100,5.551115123125783e-16,0.012868363141453221
5636,10101,0,23,250,-0.007994337751799918,0.012868363141453221
5636,10101,0,23,500,-0.017078614793166635,0.012868363141453221
5636,10101,0,23,1000,-0.06250190263716371,0.012868363141453221
5636,10101,0,23,2000,0.43787019883102013,0.012868363141453221
5636,10101,0,23,5000,-0.06613593962008124,0.012868363141453221
5636,10101,0,24,50,-0.025073224350276146,0.017391875506539086
5636,10101,0,24,100,-0.01889590508993444,0.017391875506539086
5636,10101,0,24,250,-0.06867867828688701,0.017391875506539086
5636,10101,0,24,500,-0.06831554639390425,0.017391875506539086
5636,10101,0,24,1000,-0.04505988414570483,0.017391875506539086
5636,10101,0,24,2000,-0.06831554639390436,0.017391875506539086
5636,10101,0,24,5000,-0.06867867828688701,0.017391875506539086
5636,10101,1,5,50,2.7755575615628914e-16,2.5730107236137053e-16
5636,10101,1,5,100,2.7755575615628914e-16,2.5730107236137053e-16
5636,10101,1,5,250,2.7755575615628914e-16,2.5730107236137053e-16
5636,10101,1,5,500,2.7755575615628914e-16,2.5730107236137053e-16
5636,10101,1,5,1000,2.7755575615628914e-16,2.5730107236137053e-16
5636,10101,1,5,2000,2.7755575615628914e-16,2.5730107236137053e-16
5636,10101,1,5,5000,2.7755575615628914e-16,2.5730107236137053e-16
5636,10101,1,6,50,2.7755575615628914e-16,2.7755575615628914e-16
5636,10101,1,6,100,2.7755575615628914e-16,2.7755575615628914e-16
5636,10101,1,6,250,2.7755575615628914e-16,2.7755575615628914e-16
5636,10101,1,6,500,2.7755575615628914e-16,2.7755575615628914e-16
5636,10101,1,6,1000,2.7755575615628914e-16,2.7755575615628914e-16
5636,10101,1,6,2000,0.04651567338134649,2.7755575615628914e-16
5636,10101,1,6,5000,2.7755575615628914e-16,2.7755575615628914e-16
5636,10101,1,7,50,2.7755575615628914e-16,2.7755575615628914e-16
5636,10101,1,7,100,2.7755575615628914e-16,2.7755575615628914e-16
5636,10101,1,7,250,2.7755575615628914e-16,2.7755575615628914e-16
5636,10101,1,7,500,2.7755575615628914e-16,2.7755575615628914e-16
5636,10101,1,7,1000,2.7755575615628914e-16,2.7755575615628914e-16
5636,10101,1,7,2000,2.7755575615628914e-16,2.7755575615628914e-16
5636,10101,1,7,5000,2.7755575615628914e-16,2.7755575615628914e-16
5636,10101,1,8,50,-0.16279181017987,0.10738732793271379
5636,10101,1,8,100,-0.1976731291096958,0.10738732793271379
5636,10101,1,8,250,0.232556622481995,0.10738732793271379
5636,10101,1,8,500,-0.11047961677625795,0.10738732793271379
5636,10101,1,8,1000,-0.18023573130849324,0.10738732793271379
5636,10101,1,8,2000,-0.18023573130849324,0.10738732793271379
5636,10101,1,8,5000,-0.2034935679991663,0.10738732793271379
5636,10101,1,9,50,0.2180242798246525,0.1037970348295524
5636,10101,1,9,100,0.2710760554743757,0.1037970348295524
5636,10101,1,9,250,-0.21511759384893758,0.1037970348295524
5636,10101,1,9,500,0.19767475994155054,0.1037970348295524
5636,10101,1,9,1000,0.27180259106565,0.1037970348295524
5636,10101,1,9,2000,0.26090129553282465,0.1037970348295524
5636,10101,1,9,5000,-0.1344471371290401,0.1037970348295524
5636,10101,1,10,50,-0.21221145148384024,0.0813748381111635
5636,10101,1,10,100,-0.2202071482621868,0.0813748381111635
5636,10101,1,10,250,-0.10175194830045586,0.0813748381111635
5636,10101,1,10,500,-0.1671488492850428,0.0813748381111635
5636,10101,1,10,1000,-0.19694931157151374,0.0813748381111635
5636,10101,1,10,2000,-0.037067992641687475,0.0813748381111635
5636,10101,1,10,5000,-0.19694931157151374,0.0813748381111635
5636,10101,1,11,50,0.28016604042723375,0.10664482157307603
5636,10101,1,11,100,-0.33140405924920957,0.10664482157307603
5636,10101,1,11,250,-0.09485189872316668,0.10664482157307603
5636,10101,1,11,500,-0.049063848154333956,0.10664482157307603
5636,10101,1,11,1000,0.28670268630623036,0.10664482157307603
5636,10101,1,11,2000,-0.17405542218975134,0.10664482157307603
5636,10101,1,11,5000,-0.11991017378144198,0.10664482157307603
5636,10101,1,12,50,0.2027670324078899,0.10808966153808491
5636,10101,1,12,100,0.032706332846257125,0.10808966153808491
5636,10101,1,12,250,0.01380879692446757,0.10808966153808491
5636,10101,1,12,500,0.03561356243259117,0.10808966153808491
5636,10101,1,12,1000,-0.02507104990780462,0.10808966153808491
5636,10101,1,12,2000,0.03488675503600769,0.10808966153808491
5636,10101,1,12,5000,0.2300209507532261,0.10808966153808491
5636,10101,1,13,50,0.17078940959537942,0.07684023436061842
5636,10101,1,13,100,0.1751499821695714,0.07684023436061842
5636,10101,1,13,250,0.18568787400410497,0.07684023436061842
5636,10101,1,13,500,-0.2474556305013399,0.07684023436061842
5636,10101,1,13,1000,0.21185130944925673,0.07684023436061842
5636,10101,1,13,2000,0.21257648601398554,0.07684023436061842
5636,10101,1,13,5000,-0.1638749543367074,0.07684023436061842
5636,10101,1,14,50,-0.17950430322165423,0.08270014832523961
5636,10101,1,14,100,-0.3070565550742793,0.08270014832523961
5636,10101,1,14,250,-0.3059666157847133,0.08270014832523961
5636,10101,1,14,500,-0.26054577418849867,0.08270014832523961
5636,10101,1,14,1000,-0.17151159630170854,0.08270014832523961
5636,10101,1,14,2000,-0.26635996155585795,0.08270014832523961
5636,10101,1,14,5000,-0.12608939567894828,0.08270014832523961
5636,10101,1,15,50,-0.03742867828688723,0.08603327792676396
5636,10101,1,15,100,-0.1954989584420559,0.08603327792676396
5636,10101,1,15,250,0.05560049403332956,0.08603327792676396
5636,10101,1,15,500,-0.1882319716974573,0.08603327792676396
5636,10101,1,15,1000,-0.12064377631075407,0.08603327792676396
5636,10101,1,15,2000,-0.14389916675364467,0.08603327792676396
5636,10101,1,15,5000,0.1217301821313016,0.08603327792676396
5636,10101,1,16,50,-0.10392584716278752,0.029664838139632135
5636,10101,1,16,100,-0.10828723515290684,0.029664838139632135
5636,10101,1,16,250,0.07266905203006135,0.029664838139632135
5636,10101,1,16,500,0.07194795254496777,0.029664838139632135
5636,10101,1,16,1000,-0.07921684192672973,0.029664838139632135
5636,10101,1,16,2000,0.15988621142539094,0.029664838139632135
5636,10101,1,16,5000,0.07449177843300991,0.029664838139632135
5636,10101,1,17,50,-0.09048126935253809,0.04581376547670103
5636,10101,1,17,100,0.014906618568000018,0.04581376547670103
5636,10101,1,17,250,0.10755988414570505,0.04581376547670103
5636,10101,1,17,500,0.015982152176183595,0.04581376547670103
5636,10101,1,17,1000,0.015982152176183595,0.04581376547670103
5636,10101,1,17,2000,0.015982152176183595,0.04581376547670103
5636,10101,1,17,5000,0.015982152176183595,0.04581376547670103
5636,10101,1,18,50,-0.032333687767456154,0.020032865705131183
5636,10101,1,18,100,0.37900695386702815,0.020032865705131183
5636,10101,1,18,250,-0.08539280216052636,0.020032865705131183
5636,10101,1,18,500,-0.07630825331385072,0.020032865705131183
5636,10101,1,18,1000,-0.0014590508993482798,0.020032865705131183
5636,10101,1,18,2000,-0.09375054361061874,0.020032865705131183
5636,10101,1,18,5000,0.0828440837769211,0.020032865705131183
5636,10101,1,19,50,-0.04396858582959329,0.025546574514101705
5636,10101,1,19,100,-0.06104692881745133,0.025546574514101705
5636,10101,1,19,250,0.1388169510837418,0.025546574514101705
5636,10101,1,19,500,-0.039971416953692995,0.025546574514101705
5636,10101,1,19,1000,-0.05741397905577006,0.025546574514101705
5636,10101,1,19,2000,0.1388169510837418,0.025546574514101705
5636,10101,1,19,5000,0.0530547655081236,0.025546574514101705
5636,10101,1,20,50,-0.009089984952857622,0.022396550708458172
5636,10101,1,20,100,-0.10792301603868815,0.022396550708458172
5636,10101,1,20,250,-0.11809886320147578,0.022396550708458172
5636,10101,1,20,500,-0.09084385763490266,0.022396550708458172
5636,10101,1,20,1000,-0.07303897905577028,0.022396550708458172
5636,10101,1,20,2000,-0.09193352511915975,0.022396550708458172
5636,10101,1,20,5000,-0.09193352511915975,0.022396550708458172
5636,10101,1,21,50,-0.05994937897923058,0.020588230866925447
5636,10101,1,21,100,-0.05268945917266832,0.020588230866925447
5636,10101,1,21,250,-0.049782773196952346,0.020588230866925447
5636,10101,1,21,500,-0.03851861757645325,0.020588230866925447
5636,10101,1,21,1000,-0.04360491032599234,0.020588230866925447
5636,10101,1,21,2000,0.038875497947327475,0.020588230866925447
5636,10101,1,21,5000,-0.04069822435027637,0.020588230866925447
5636,10101,1,22,50,0.3793665522909922,0.026854641681289752
5636,10101,1,22,100,-0.05232632727968556,0.026854641681289752
5636,10101,1,22,250,-0.04542165701214196,0.026854641681289752
5636,10101,1,22,500,-0.04796521109487517,0.026854641681289752
5636,10101,1,22,1000,-0.05087216887590018,0.026854641681289752
5636,10101,1,22,2000,-0.0501453614793167,0.026854641681289752
5636,10101,1,22,5000,-0.05341599476394254,0.026854641681289752
5636,10101,1,23,50,0.09120970758097618,0.02000072413980352
5636,10101,1,23,100,-0.030523192603416405,0.02000072413980352
5636,10101,1,23,250,-0.030523192603416405,0.02000072413980352
5636,10101,1,23,500,-0.051598976272483776,0.02000072413980352
5636,10101,1,23,1000,-0.03088659630170809,0.02000072413980352
5636,10101,1,23,2000,-0.04832888659847634,0.02000072413980352
5636,10101,1,23,5000,-0.03125027180530904,0.02000072413980352
5636,10101,1,24,50,-0.020340550307900718,0.022511773732403484
5636,10101,1,24,100,0.023991167414675663,0.022511773732403484
5636,10101,1,24,250,-0.044331717722575825,0.022511773732403484
5636,10101,1,24,500,-0.038154942072852305,0.022511773732403484
5636,10101,1,24,1000,-0.051599791688411,0.022511773732403484
5636,10101,1,24,2000,-0.051599791688411,0.022511773732403484
5636,10101,1,24,5000,0.46003782442681757,0.022511773732403484
5636,10101,2,5,50,2.7755575615628914e-16,2.564576136534537e-16
5636,10101,2,5,100,2.7755575615628914e-16,2.564576136534537e-16
5636,10101,2,5,250,2.7755575615628914e-16,2.564576136534537e-16
5636,10101,2,5,500,2.7755575615628914e-16,2.564576136534537e-16
5636,10101,2,5,1000,2.7755575615628914e-16,2.564576136534537e-16
5636,10101,2,5,2000,2.7755575615628914e-16,2.564576136534537e-16
5636,10101,2,5,5000,2.7755575615628914e-16,2.564576136534537e-16
5636,10101,2,6,50,2.7755575615628914e-16,2.7755575615628914e-16
5636,10101,2,6,100,2.7755575615628914e-16,2.7755575615628914e-16
5636,10101,2,6,250,2.7755575615628914e-16,2.7755575615628914e-16
5636,10101,2,6,500,2.7755575615628914e-16,2.7755575615628914e-16
5636,10101,2,6,1000,2.7755575615628914e-16,2.7755575615628914e-16
5636,10101,2,6,2000,2.7755575615628914e-16,2.7755575615628914e-16
5636,10101,2,6,5000,2.7755575615628914e-16,2.7755575615628914e-16
5636,10101,2,7,50,2.7755575615628914e-16,2.7755575615628914e-16
5636,10101,2,7,100,2.7755575615628914e-16,2.7755575615628914e-16
5636,10101,2,7,250,2.7755575615628914e-16,2.7755575615628914e-16
5636,10101,2,7,500,2.7755575615628914e-16,2.7755575615628914e-16
5636,10101,2,7,1000,2.7755575615628914e-16,2.7755575615628914e-16
5636,10101,2,7,2000,2.7755575615628914e-16,2.7755575615628914e-16
5636,10101,2,7,5000,2.7755575615628914e-16,2.7755575615628914e-16
5636,10101,2,8,50,-0.26163272361966516,0.10002850001952919
5636,10101,2,8,100,-0.2965227403193832,0.10002850001952919
5636,10101,2,8,250,0.023249138920779733,0.10002850001952919
5636,10101,2,8,500,-0.07559612340395871,0.10002850001952919
5636,10101,2,8,1000,-0.16861007462686706,0.10002850001952919
5636,10101,2,8,2000,-0.23838358469888443,0.10002850001952919
5636,10101,2,8,5000,-0.07559612340395871,0.10002850001952919
5636,10101,2,9,50,0.29797091900636613,0.07141809832966778
5636,10101,2,9,100,0.23546602651080212,0.07141809832966778
5636,10101,2,9,250,-0.26744500834986007,0.07141809832966778
5636,10101,2,9,500,-0.30088195386702943,0.07141809832966778
5636,10101,2,9,1000,-0.19840455719653594,0.07141809832966778
5636,10101,2,9,2000,0.24345954884667526,0.07141809832966778
5636,10101,2,9,5000,0.24491262002922404,0.07141809832966778
5636,10101,2,10,50,-0.1489957881049292,0.043144043460367654
5636,10101,2,10,100,-0.10248011472358498,0.043144043460367654
5636,10101,2,10,250,-0.2645453893121815,0.043144043460367654
5636,10101,2,10,500,-0.2739936136624581,0.043144043460367654
5636,10101,2,10,1000,-0.15843096580036886,0.043144043460367654
5636,10101,2,10,2000,-0.08286093570608566,0.043144043460367654
5636,10101,2,10,5000,-0.2739936136624581,0.043144043460367654
5636,10101,2,11,50,0.07921684192673029,0.0513018054369476
5636,10101,2,11,100,-0.29615580315207246,0.0513018054369476
5636,10101,2,11,250,-0.09848566390077507,0.0513018054369476
5636,10101,2,11,500,-0.16824177843301036,0.0513018054369476
5636,10101,2,11,1000,-0.1613384671920125,0.0513018054369476
5636,10101,2,11,2000,-0.2612731251957008,0.0513018054369476
5636,10101,2,11,5000,-0.11482279381066629,0.0513018054369476
5636,10101,2,12,50,0.3194041266569247,0.049396513432030095
5636,10101,2,12,100,0.15879627213582403,0.049396513432030095
5636,10101,2,12,250,-0.21112993815885717,0.049396513432030095
5636,10101,2,12,500,-0.2118564737501315,0.049396513432030095
5636,10101,2,12,1000,-0.21112993815885717,0.049396513432030095
5636,10101,2,12,2000,-0.21112993815885717,0.049396513432030095
5636,10101,2,12,5000,-0.21112993815885717,0.049396513432030095
5636,10101,2,13,50,0.38917682131301573,0.04382984438726588
5636,10101,2,13,100,0.0635918419267294,0.04382984438726588
5636,10101,2,13,250,-0.11991751252478877,0.04382984438726588
5636,10101,2,13,500,0.05704975994155104,0.04382984438726588
5636,10101,2,13,1000,-0.021809658003686172,0.04382984438726588
5636,10101,2,13,2000,-0.06468286843753246,0.04382984438726588
5636,10101,2,13,5000,0.07122168875900237,0.04382984438726588
5636,10101,2,14,50,-0.034879144487352964,0.03622181860395722
5636,10101,2,14,100,-0.10102106382423592,0.03622181860395722
5636,10101,2,14,250,0.15771122534182203,0.03622181860395722
5636,10101,2,14,500,-0.09593368385346035,0.03622181860395722
5636,10101,2,14,1000,-0.09593368385346035,0.03622181860395722
5636,10101,2,14,2000,-0.09593368385346035,0.03622181860395722
5636,10101,2,14,5000,0.4157039322617682,0.03622181860395722
5636,10101,2,15,50,-0.09702389494833552,0.016894920093537234
5636,10101,2,15,100,0.43968694551716997,0.016894920093537234
5636,10101,2,15,250,0.43968694551716997,0.016894920093537234
5636,10101,2,15,500,0.16642095466722473,0.016894920093537234
5636,10101,2,15,1000,0.16024336360157398,0.016894920093537234
5636,10101,2,15,2000,-0.05232768630623108,0.016894920093537234
5636,10101,2,15,5000,0.163161465400271,0.016894920093537234
5636,10101,2,16,50,-0.04796765734265729,0.046911358203080185
5636,10101,2,16,100,-0.07049759941551015,0.046911358203080185
5636,10101,2,16,250,-0.06831636180983225,0.046911358203080185
5636,10101,2,16,500,-0.06613593962008157,0.046911358203080185
5636,10101,2,16,1000,-0.058142417284208214,0.046911358203080185
5636,10101,2,16,2000,0.35502067894791806,0.046911358203080185
5636,10101,2,16,5000,-0.07558960007653881,0.046911358203080185
5636,10101,2,17,50,0.053406753383433814,0.07003053439120811
5636,10101,2,17,100,-0.0897560927878095,0.07003053439120811
5636,10101,2,17,250,0.4182463991232653,0.07003053439120811
5636,10101,2,17,500,-0.06868003731343286,0.07003053439120811
5636,10101,2,17,1000,-0.05341789740110614,0.07003053439120811
5636,10101,2,17,2000,-0.06104855964930578,0.07003053439120811
5636,10101,2,17,5000,0.44913516986744667,0.07003053439120811
5636,10101,2,18,50,-0.07558579480221284,0.07922671489107362
5636,10101,2,18,100,-0.057779557196534825,0.07922671489107362
5636,10101,2,18,250,0.032347006227604336,0.07922671489107362
5636,10101,2,18,500,0.4197011011376686,0.07922671489107362
5636,10101,2,18,1000,0.4167933279407164,0.07922671489107362
5636,10101,2,18,2000,0.426968903298195,0.07922671489107362
5636,10101,2,18,5000,0.45095273196952385,0.07922671489107362
5636,10101,2,19,50,-0.07122495042271182,0.054552241608935875
5636,10101,2,19,100,0.007619518230526423,0.054552241608935875
5636,10101,2,19,250,-0.19150369220331964,0.054552241608935875
5636,10101,2,19,500,-0.03924596858365492,0.054552241608935875
5636,10101,2,19,1000,-0.1896869455171699,0.054552241608935875
5636,10101,2,19,2000,-0.05595655898827523,0.054552241608935875
5636,10101,2,19,5000,-0.14898790575096565,0.054552241608935875
5636,10101,2,20,50,0.07847916231778318,0.05897230893782561
5636,10101,2,20,100,-0.04106189985387709,0.05897230893782561
5636,10101,2,20,250,0.031255436106182755,0.05897230893782561
5636,10101,2,20,500,0.050514744894409436,0.05897230893782561
5636,10101,2,20,1000,-0.06213958616010862,0.05897230893782561
5636,10101,2,20,2000,-0.16279452823296114,0.05897230893782561
5636,10101,2,20,5000,0.3168649214591381,0.05897230893782561
5636,10101,2,21,50,-0.034153967922624595,0.060637293942173515
5636,10101,2,21,100,-0.027980997547228603,0.060637293942173515
5636,10101,2,21,250,-0.13336290575096588,0.060637293942173515
5636,10101,2,21,500,-0.11627776763037956,0.060637293942173515
5636,10101,2,21,1000,-0.29797091900636696,0.060637293942173515
5636,10101,2,21,2000,-0.1362674172842081,0.060637293942173515
5636,10101,2,21,5000,-0.11846199509445787,0.060637293942173515
5636,10101,2,22,50,0.4404134811084443,0.0567867519612461
5636,10101,2,22,100,-0.040699039766203926,0.0567867519612461
5636,10101,2,22,250,-0.0755849793862855,0.0567867519612461
5636,10101,2,22,500,-0.018532773196952013,0.0567867519612461
5636,10101,2,22,1000,-0.026890786452353432,0.0567867519612461
5636,10101,2,22,2000,-0.07122413500678426,0.0567867519612461
5636,10101,2,22,5000,-0.15916021944473446,0.0567867519612461
5636,10101,2,23,50,0.10100991980656315,0.046370682272067705
5636,10101,2,23,100,-0.02543771526980454,0.046370682272067705
5636,10101,2,23,250,-0.01707970201440301,0.046370682272067705
5636,10101,2,23,500,-0.08794179234944188,0.046370682272067705
5636,10101,2,23,1000,0.06323278711338476,0.046370682272067705
5636,10101,2,23,2000,-0.154072839473959,0.046370682272067705
5636,10101,2,23,5000,-0.154072839473959,0.046370682272067705
5636,10101,2,24,50,0.5116376161152292,0.06680172343148748
5636,10101,2,24,100,-0.007264812302125501,0.06680172343148748
5636,10101,2,24,250,-0.13336671102529174,0.06680172343148748
5636,10101,2,24,500,-0.05923181296315627,0.06680172343148748
5636,10101,2,24,1000,-0.25000489249556446,0.06680172343148748
5636,10101,2,24,2000,-0.244917512524789,0.06680172343148748
5636,10101,2,24,5000,-0.29179332794071633,0.06680172343148748
5636,31,0,5,50,1.3877787807814457e-17,1.3877787807814457e-17
5636,31,0,5,100,1.3877787807814457e-17,1.3877787807814457e-17
5636,31,0,5,250,1.3877787807814457e-17,1.3877787807814457e-17
5636,31,0,5,500,1.3877787807814457e-17,1.3877787807814457e-17
5636,31,0,5,1000,1.3877787807814457e-17,1.3877787807814457e-17
5636,31,0,5,2000,1.3877787807814457e-17,1.3877787807814457e-17
5636,31,0,5,5000,1.3877787807814457e-17,1.3877787807814457e-17
5636,31,0,6,50,1.3877787807814457e-17,9.501471788262684e-18
5636,31,0,6,100,1.3877787807814457e-17,9.501471788262684e-18
5636,31,0,6,250,1.3877787807814457e-17,9.501471788262684e-18
5636,31,0,6,500,1.3877787807814457e-17,9.501471788262684e-18
5636,31,0,6,1000,1.3877787807814457e-17,9.501471788262684e-18
5636,31,0,6,2000,0.01724137931034484,9.501471788262684e-18
5636,31,0,6,5000,1.3877787807814457e-17,9.501471788262684e-18
5636,31,0,7,50,1.3877787807814457e-17,1.124229303124644e-17
5636,31,0,7,100,1.3877787807814457e-17,1.124229303124644e-17
5636,31,0,7,250,1.3877787807814457e-17,1.124229303124644e-17
5636,31,0,7,500,-0.5172413793103448,1.124229303124644e-17
5636,31,0,7,1000,1.3877787807814457e-17,1.124229303124644e-17
5636,31,0,7,2000,-0.6551724137931034,1.124229303124644e-17
5636,31,0,7,5000,1.3877787807814457e-17,1.124229303124644e-17
5636,31,0,8,50,-0.7413793103448275,1.2628977532625835e-17
5636,31,0,8,100,1.3877787807814457e-17,1.2628977532625835e-17
5636,31,0,8,250,1.3877787807814457e-17,1.2628977532625835e-17
5636,31,0,8,500,1.3877787807814457e-17,1.2628977532625835e-17
5636,31,0,8,1000,1.3877787807814457e-17,1.2628977532625835e-17
5636,31,0,8,2000,1.3877787807814457e-17,1.2628977532625835e-17
5636,31,0,8,5000,1.3877787807814457e-17,1.2628977532625835e-17
5636,31,0,9,50,1.3877787807814457e-17,1.6087163711389106e-17
5636,31,0,9,100,1.3877787807814457e-17,1.6087163711389106e-17
5636,31,0,9,250,1.3877787807814457e-17,1.6087163711389106e-17
5636,31,0,9,500,1.3877787807814457e-17,1.6087163711389106e-17
5636,31,0,9,1000,1.3877787807814457e-17,1.6087163711389106e-17
5636,31,0,9,2000,1.3877787807814457e-17,1.6087163711389106e-17
5636,31,0,9,5000,1.3877787807814457e-17,1.6087163711389106e-17
5636,31,0,10,50,1.3877787807814457e-17,1.3437110265466438e-17
5636,31,0,10,100,-0.7413793103448275,1.3437110265466438e-17
5636,31,0,10,250,1.3877787807814457e-17,1.3437110265466438e-17
5636,31,0,10,500,1.3877787807814457e-17,1.3437110265466438e-17
5636,31,0,10,1000,1.3877787807814457e-17,1.3437110265466438e-17
5636,31,0,10,2000,1.3877787807814457e-17,1.3437110265466438e-17
5636,31,0,10,5000,1.3877787807814457e-17,1.3437110265466438e-17
5636,31,0,11,50,1.3877787807814457e-17,8.673617379884035e-18
5636,31,0,11,100,1.3877787807814457e-17,8.673617379884035e-18
5636,31,0,11,250,1.3877787807814457e-17,8.673617379884035e-18
5636,31,0,11,500,-0.7413793103448275,8.673617379884035e-18
5636,31,0,11,1000,1.3877787807814457e-17,8.673617379884035e-18
5636,31,0,11,2000,1.3877787807814457e-17,8.673617379884035e-18
5636,31,0,11,5000,1.3877787807814457e-17,8.673617379884035e-18
5636,31,0,12,50,1.3877787807814457e-17,9.341771812940334e-18
5636,31,0,12,100,1.3877787807814457e-17,9.341771812940334e-18
5636,31,0,12,250,1.3877787807814457e-17,9.341771812940334e-18
5636,31,0,12,500,1.3877787807814457e-17,9.341771812940334e-18
5636,31,0,12,1000,1.3877787807814457e-17,9.341771812940334e-18
5636,31,0,12,2000,1.3877787807814457e-17,9.341771812940334e-18
5636,31,0,12,5000,1.3877787807814457e-17,9.341771812940334e-18
5636,31,0,13,50,1.3877787807814457e-17,1.0693553686590447e-17
5636,31,0,13,100,1.3877787807814457e-17,1.0693553686590447e-17
5636,31,0,13,250,1.3877787807814457e-17,1.0693553686590447e-17
5636,31,0,13,500,1.3877787807814457e-17,1.0693553686590447e-17
5636,31,0,13,1000,1.3877787807814457e-17,1.0693553686590447e-17
5636,31,0,13,2000,1.3877787807814457e-17,1.0693553686590447e-17
5636,31,0,13,5000,1.3877787807814457e-17,1.0693553686590447e-17
5636,31,0,14,50,1.3877787807814457e-17,1.083334463524987e-17
5636,31,0,14,100,1.3877787807814457e-17,1.083334463524987e-17
5636,31,0,14,250,1.3877787807814457e-17,1.083334463524987e-17
5636,31,0,14,500,1.3877787807814457e-17,1.083334463524987e-17
5636,31,0,14,1000,1.3877787807814457e-17,1.083334463524987e-17
5636,31,0,14,2000,1.3877787807814457e-17,1.083334463524987e-17
5636,31,0,14,5000,1.3877787807814457e-17,1.083334463524987e-17
5636,31,0,15,50,1.3877787807814457e-17,1.541855951476335e-17
5636,31,0,15,100,1.3877787807814457e-17,1.541855951476335e-17
5636,31,0,15,250,1.3877787807814457e-17,1.541855951476335e-17
5636,31,0,15,500,1.3877787807814457e-17,1.541855951476335e-17
5636,31,0,15,1000,1.3877787807814457e-17,1.541855951476335e-17
5636,31,0,15,2000,1.3877787807814457e-17,1.541855951476335e-17
5636,31,0,15,5000,1.3877787807814457e-17,1.541855951476335e-17
5636,31,0,16,50,1.3877787807814457e-17,1.2509268882771e-17
5636,31,0,16,100,1.3877787807814457e-17,1.2509268882771e-17
5636,31,0,16,250,1.3877787807814457e-17,1.2509268882771e-17
5636,31,0,16,500,1.3877787807814457e-17,1.2509268882771e-17
5636,31,0,16,1000,1.3877787807814457e-17,1.2509268882771e-17
5636,31,0,16,2000,1.3877787807814457e-17,1.2509268882771e-17
5636,31,0,16,5000,1.3877787807814457e-17,1.2509268882771e-17
5636,31,0,17,50,1.3877787807814457e-17,1.150685376967233e-17
5636,31,0,17,100,-0.6551724137931034,1.150685376967233e-17
5636,31,0,17,250,1.3877787807814457e-17,1.150685376967233e-17
5636,31,0,17,500,1.3877787807814457e-17,1.150685376967233e-17
5636,31,0,17,1000,1.3877787807814457e-17,1.150685376967233e-17
5636,31,0,17,2000,1.3877787807814457e-17,1.150685376967233e-17
5636,31,0,17,5000,1.3877787807814457e-17,1.150685376967233e-17
5636,31,0,18,50,1.3877787807814457e-17,1.8440363494407356e-17
5636,31,0,18,100,1.3877787807814457e-17,1.8440363494407356e-17
5636,31,0,18,250,1.3877787807814457e-17,1.8440363494407356e-17
5636,31,0,18,500,1.3877787807814457e-17,1.8440363494407356e-17
5636,31,0,18,1000,1.3877787807814457e-17,1.8440363494407356e-17
5636,31,0,18,2000,1.3877787807814457e-17,1.8440363494407356e-17
5636,31,0,18,5000,1.3877787807814457e-17,1.8440363494407356e-17
5636,31,0,19,50,1.3877787807814457e-17,1.6638883060640375e-17
5636,31,0,19,100,1.3877787807814457e-17,1.6638883060640375e-17
5636,31,0,19,250,1.3877787807814457e-17,1.6638883060640375e-17
5636,31,0,19,500,1.3877787807814457e-17,1.6638883060640375e-17
5636,31,0,19,1000,1.3877787807814457e-17,1.6638883060640375e-17
5636,31,0,19,2000,1.3877787807814457e-17,1.6638883060640375e-17
5636,31,0,19,5000,1.3877787807814457e-17,1.6638883060640375e-17
5636,31,0,20,50,1.3877787807814457e-17,1.482148387583608e-17
5636,31,0,20,100,1.3877787807814457e-17,1.482148387583608e-17
5636,31,0,20,250,1.3877787807814457e-17,1.482148387583608e-17
5636,31,0,20,500,1.3877787807814457e-17,1.482148387583608e-17
5636,31,0,20,1000,1.3877787807814457e-17,1.482148387583608e-17
5636,31,0,20,2000,1.3877787807814457e-17,1.482148387583608e-17
5636,31,0,20,5000,1.3877787807814457e-17,1.482148387583608e-17
5636,31,0,21,50,1.3877787807814457e-17,1.993045536433795e-17
5636,31,0,21,100,1.3877787807814457e-17,1.993045536433795e-17
5636,31,0,21,250,1.3877787807814457e-17,1.993045536433795e-17
5636,31,0,21,500,1.3877787807814457e-17,1.993045536433795e-17
5636,31,0,21,1000,1.3877787807814457e-17,1.993045536433795e-17
5636,31,0,21,2000,1.3877787807814457e-17,1.993045536433795e-17
5636,31,0,21,5000,1.3877787807814457e-17,1.993045536433795e-17
5636,31,0,22,50,1.3877787807814457e-17,2.059869998016411e-17
5636,31,0,22,100,1.3877787807814457e-17,2.059869998016411e-17
5636,31,0,22,250,1.3877787807814457e-17,2.059869998016411e-17
5636,31,0,22,500,1.3877787807814457e-17,2.059869998016411e-17
5636,31,0,22,1000,1.3877787807814457e-17,2.059869998016411e-17
5636,31,0,22,2000,1.3877787807814457e-17,2.059869998016411e-17
5636,31,0,22,5000,1.3877787807814457e-17,2.059869998016411e-17
5636,31,0,23,50,1.3877787807814457e-17,1.8843920332467886e-17
5636,31,0,23,100,1.3877787807814457e-17,1.8843920332467886e-17
5636,31,0,23,250,1.3877787807814457e-17,1.8843920332467886e-17
5636,31,0,23,500,1.3877787807814457e-17,1.8843920332467886e-17
5636,31,0,23,1000,1.3877787807814457e-17,1.8843920332467886e-17
5636,31,0,23,2000,1.3877787807814457e-17,1.8843920332467886e-17
5636,31,0,23,5000,1.3877787807814457e-17,1.8843920332467886e-17
5636,31,0,24,50,1.3877787807814457e-17,2.2948234554500796e-17
5636,31,0,24,100,1.3877787807814457e-17,2.2948234554500796e-17
5636,31,0,24,250,1.3877787807814457e-17,2.2948234554500796e-17
5636,31,0,24,500,1.3877787807814457e-17,2.2948234554500796e-17
5636,31,0,24,1000,1.3877787807814457e-17,2.2948234554500796e-17
5636,31,0,24,2000,1.3877787807814457e-17,2.2948234554500796e-17
5636,31,0,24,5000,1.3877787807814457e-17,2.2948234554500796e-17
5636,31,1,5,50,0.0808189655172413,0.10505605946823307
5636,31,1,5,100,-0.49299568965517243,0.10505605946823307
5636,31,1,5,250,-0.16837284482758613,0.10505605946823307
5636,31,1,5,500,0.09321120689655171,0.10505605946823307
5636,31,1,5,1000,-0.44127155172413796,0.10505605946823307
5636,31,1,5,2000,-0.3033405172413793,0.10505605946823307
5636,31,1,5,5000,0.0759698275862069,0.10505605946823307
5636,31,1,6,50,-0.4461206896551725,0.1077056677748382
5636,31,1,6,100,-0.2421875,0.1077056677748382
5636,31,1,6,250,-0.23922413793103448,0.1077056677748382
5636,31,1,6,500,-0.3954741379310344,0.1077056677748382
5636,31,1,6,1000,-0.4542025862068965,0.1077056677748382
5636,31,1,6,2000,-0.26804956896551724,0.1077056677748382
5636,31,1,6,5000,-0.3714978448275862,0.1077056677748382
5636,31,1,7,50,-0.1990840517241379,0.10992923685298726
5636,31,1,7,100,-0.4159482758620689,0.10992923685298726
5636,31,1,7,250,-0.15678879310344818,0.10992923685298726
5636,31,1,7,500,-0.2497306034482757,0.10992923685298726
5636,31,1,7,1000,-0.4049030172413791,0.10992923685298726
5636,31,1,7,2000,-0.23248922413793094,0.10992923685298726
5636,31,1,7,5000,-0.21524784482758608,0.10992923685298726
5636,31,1,8,50,-0.12473060344827536,0.11652837508970612
5636,31,1,8,100,-0.322737068965517,0.11652837508970612
5636,31,1,8,250,-0.15571120689655127,0.11652837508970612
5636,31,1,8,500,-0.1072198275862064,0.11652837508970612
5636,31,1,8,1000,0.06169181034482807,0.11652837508970612
5636,31,1,8,2000,-0.19665948275862022,0.11652837508970612
5636,31,1,8,5000,-0.17941810344827536,0.11652837508970612
5636,31,1,9,50,-0.06627155172413801,0.12995306683773353
5636,31,1,9,100,0.061961206896551935,0.12995306683773353
5636,31,1,9,250,-0.061422413793103425,0.12995306683773353
5636,31,1,9,500,0.04014008620689674,0.12995306683773353
5636,31,1,9,1000,0.13793103448275884,0.12995306683773353
5636,31,1,9,2000,-0.1357758620689653,0.12995306683773353
5636,31,1,9,5000,-0.12904094827586188,0.12995306683773353
5636,31,1,10,50,-0.06707974137931061,0.11724627079473297
5636,31,1,10,100,-0.08485991379310343,0.11724627079473297
5636,31,1,10,250,-0.1169181034482758,0.11724627079473297
5636,31,1,10,500,-0.057650862068965636,0.11724627079473297
5636,31,1,10,1000,-0.07947198275862055,0.11724627079473297
5636,31,1,10,2000,-0.03259698275862055,0.11724627079473297
5636,31,1,10,5000,0.0536099137931032,0.11724627079473297
5636,31,1,11,50,-0.19935344827586177,0.10113306597525759
5636,31,1,11,100,-0.29121767241379304,0.10113306597525759
5636,31,1,11,250,-0.031249999999999833,0.10113306597525759
5636,31,1,11,500,-0.11745689655172376,0.10113306597525759
5636,31,1,11,1000,0.1336206896551725,0.10113306597525759
5636,31,1,11,2000,-0.031249999999999833,0.10113306597525759
5636,31,1,11,5000,-0.020743534482758563,0.10113306597525759
5636,31,1,12,50,0.33512931034482774,0.1314883682575937
5636,31,1,12,100,0.4579741379310348,0.1314883682575937
5636,31,1,12,250,-0.10721982758620696,0.1314883682575937
5636,31,1,12,500,-0.11503232758620652,0.1314883682575937
5636,31,1,12,1000,-0.19665948275862022,0.1314883682575937
5636,31,1,12,2000,-0.10641163793103392,0.1314883682575937
5636,31,1,12,5000,-0.20312499999999956,0.1314883682575937
5636,31,1,13,50,0.22494612068965536,0.10610360782693708
5636,31,1,13,100,-0.004310344827585966,0.10610360782693708
5636,31,1,13,250,-0.08324353448275834,0.10610360782693708
5636,31,1,13,500,-0.07596982758620663,0.10610360782693708
5636,31,1,13,1000,-0.05468749999999967,0.10610360782693708
5636,31,1,13,2000,-0.051185344827585966,0.10610360782693708
5636,31,1,13,5000,-0.16082974137931016,0.10610360782693708
5636,31,1,14,50,0.10614224137931039,0.11212168130553164
5636,31,1,14,100,0.08485991379310331,0.11212168130553164
5636,31,1,14,250,-0.09698275862068961,0.11212168130553164
5636,31,1,14,500,-0.00565732758620674,0.11212168130553164
5636,31,1,14,1000,-0.028017241379310054,0.11212168130553164
5636,31,1,14,2000,-0.08782327586206895,0.11212168130553164
5636,31,1,14,5000,0.16971982758620707,0.11212168130553164
5636,31,1,15,50,0.48679956896551757,0.07719134090392085
5636,31,1,15,100,0.05899784482758641,0.07719134090392085
5636,31,1,15,250,-0.07354525862068939,0.07719134090392085
5636,31,1,15,500,-0.15921336206896497,0.07719134090392085
5636,31,1,15,1000,0.07947198275862088,0.07719134090392085
5636,31,1,15,2000,-0.10156249999999989,0.07719134090392085
5636,31,1,15,5000,0.00619612068965536,0.07719134090392085
5636,31,1,16,50,0.24730603448275917,0.06508206957957509
5636,31,1,16,100,-0.20393318965517238,0.06508206957957509
5636,31,1,16,250,0.07273706896551779,0.06508206957957509
5636,31,1,16,500,0.01643318965517271,0.06508206957957509
5636,31,1,16,1000,0.20608836206896575,0.06508206957957509
5636,31,1,16,2000,-0.09186422413793072,0.06508206957957509
5636,31,1,16,5000,0.2271012931034485,0.06508206957957509
5636,31,1,17,50,0.14439655172413857,0.1345006271082736
5636,31,1,17,100,0.07327586206896619,0.1345006271082736
5636,31,1,17,250,-0.03205818965517215,0.1345006271082736
5636,31,1,17,500,-0.05711206896551757,0.1345006271082736
5636,31,1,17,1000,0.08054956896551779,0.1345006271082736
5636,31,1,17,2000,0.0875538793103453,0.1345006271082736
5636,31,1,17,5000,0.07408405172413823,0.1345006271082736
5636,31,1,18,50,-0.13415948275862055,0.14270951522806816
5636,31,1,18,100,0.005657327586207295,0.14270951522806816
5636,31,1,18,250,-0.009967672413792927,0.14270951522806816
5636,31,1,18,500,-0.07974137931034486,0.14270951522806816
5636,31,1,18,1000,-0.0425646551724137,0.14270951522806816
5636,31,1,18,2000,0.4784482758620692,0.14270951522806816
5636,31,1,18,5000,-0.05253232758620663,0.14270951522806816
5636,31,1,19,50,0.08485991379310365,0.14004241293112374
5636,31,1,19,100,-0.09536637931034442,0.14004241293112374
5636,31,1,19,250,-0.012661637931034475,0.14004241293112374
5636,31,1,19,500,0.013200431034482984,0.14004241293112374
5636,31,1,19,1000,0.1624461206896548,0.14004241293112374
5636,31,1,19,2000,0.08863146551724166,0.14004241293112374
5636,31,1,19,5000,0.0913254310344831,0.14004241293112374
5636,31,1,20,50,0.12419181034482785,0.1290242712520174
5636,31,1,20,100,0.20851293103448265,0.1290242712520174
5636,31,1,20,250,0.14170258620689624,0.1290242712520174
5636,31,1,20,500,-0.012392241379310387,0.1290242712520174
5636,31,1,20,1000,0.029903017241378893,0.1290242712520174
5636,31,1,20,2000,-0.034752155172414034,0.1290242712520174
5636,31,1,20,5000,0.49676724137931016,0.1290242712520174
5636,31,1,21,50,-0.3669181034482758,0.12347979657607376
5636,31,1,21,100,-0.02828663793103403,0.12347979657607376
5636,31,1,21,250,-0.22144396551724155,0.12347979657607376
5636,31,1,21,500,0.05818965517241359,0.12347979657607376
5636,31,1,21,1000,0.24515086206896564,0.12347979657607376
5636,31,1,21,2000,0.1565193965517243,0.12347979657607376
5636,31,1,21,5000,0.14682112068965547,0.12347979657607376
5636,31,1,22,50,0.22359913793103414,0.11205132504190961
5636,31,1,22,100,0.22359913793103414,0.11205132504190961
5636,31,1,22,250,0.30872844827586193,0.11205132504190961
5636,31,1,22,500,0.21470905172413746,0.11205132504190961
5636,31,1,22,1000,0.21093749999999994,0.11205132504190961
5636,31,1,22,2000,0.2860991379310344,0.11205132504190961
5636,31,1,22,5000,0.05845905172413812,0.11205132504190961
5636,31,1,23,50,-0.20366379310344818,0.14354570457007002
5636,31,1,23,100,0.18534482758620707,0.14354570457007002
5636,31,1,23,250,-0.1912715517241379,0.14354570457007002
5636,31,1,23,500,0.14251077586206873,0.14354570457007002
5636,31,1,23,1000,0.21740301724137923,0.14354570457007002
5636,31,1,23,2000,0.1050646551724137,0.14354570457007002
5636,31,1,23,5000,0.0070043103448276245,0.14354570457007002
5636,31,1,24,50,-0.023976293103448176,0.11044623669711028
5636,31,1,24,100,0.03125000000000022,0.11044623669711028
5636,31,1,24,250,-0.039601293103448065,0.11044623669711028
5636,31,1,24,500,-0.028017241379310165,0.11044623669711028
5636,31,1,24,1000,-0.02747844827586199,0.11044623669711028
5636,31,1,24,2000,-0.21928879310344795,0.11044623669711028
5636,31,1,24,5000,0.1373922413793104,0.11044623669711028
5636,31,2,5,50,1.3877787807814457e-17,1.3877787807814457e-17
5636,31,2,5,100,1.3877787807814457e-17,1.3877787807814457e-17
5636,31,2,5,250,1.3877787807814457e-17,1.3877787807814457e-17
5636,31,2,5,500,1.3877787807814457e-17,1.3877787807814457e-17
5636,31,2,5,1000,1.3877787807814457e-17,1.3877787807814457e-17
5636,31,2,5,2000,1.3877787807814457e-17,1.3877787807814457e-17
5636,31,2,5,5000,1.3877787807814457e-17,1.3877787807814457e-17
5636,31,2,6,50,1.3877787807814457e-17,9.658531548908284e-18
5636,31,2,6,100,1.3877787807814457e-17,9.658531548908284e-18
5636,31,2,6,250,1.3877787807814457e-17,9.658531548908284e-18
5636,31,2,6,500,1.3877787807814457e-17,9.658531548908284e-18
5636,31,2,6,1000,1.3877787807814457e-17,9.658531548908284e-18
5636,31,2,6,2000,1.3877787807814457e-17,9.658531548908284e-18
5636,31,2,6,5000,1.3877787807814457e-17,9.658531548908284e-18
5636,31,2,7,50,1.3877787807814457e-17,1.2018516789897278e-17
5636,31,2,7,100,1.3877787807814457e-17,1.2018516789897278e-17
5636,31,2,7,250,1.3877787807814457e-17,1.2018516789897278e-17
5636,31,2,7,500,-0.6551724137931034,1.2018516789897278e-17
5636,31,2,7,1000,1.3877787807814457e-17,1.2018516789897278e-17
5636,31,2,7,2000,0.03448275862068967,1.2018516789897278e-17
5636,31,2,7,5000,1.3877787807814457e-17,1.2018516789897278e-17
5636,31,2,8,50,1.3877787807814457e-17,1.2628977532625835e-17
5636,31,2,8,100,1.3877787807814457e-17,1.2628977532625835e-17
5636,31,2,8,250,1.3877787807814457e-17,1.2628977532625835e-17
5636,31,2,8,500,1.3877787807814457e-17,1.2628977532625835e-17
5636,31,2,8,1000,1.3877787807814457e-17,1.2628977532625835e-17
5636,31,2,8,2000,1.3877787807814457e-17,1.2628977532625835e-17
5636,31,2,8,5000,1.3877787807814457e-17,1.2628977532625835e-17
5636,31,2,9,50,1.3877787807814457e-17,1.512296865354102e-17
5636,31,2,9,100,1.3877787807814457e-17,1.512296865354102e-17
5636,31,2,9,250,1.3877787807814457e-17,1.512296865354102e-17
5636,31,2,9,500,1.3877787807814457e-17,1.512296865354102e-17
5636,31,2,9,1000,1.3877787807814457e-17,1.512296865354102e-17
5636,31,2,9,2000,1.3877787807814457e-17,1.512296865354102e-17
5636,31,2,9,5000,0.01724137931034484,1.512296865354102e-17
5636,31,2,10,50,1.3877787807814457e-17,1.3768940732700483e-17
5636,31,2,10,100,-0.4482758620689655,1.3768940732700483e-17
5636,31,2,10,250,1.3877787807814457e-17,1.3768940732700483e-17
5636,31,2,10,500,1.3877787807814457e-17,1.3768940732700483e-17
5636,31,2,10,1000,1.3877787807814457e-17,1.3768940732700483e-17
5636,31,2,10,2000,1.3877787807814457e-17,1.3768940732700483e-17
5636,31,2,10,5000,1.3877787807814457e-17,1.3768940732700483e-17
5636,31,2,11,50,1.3877787807814457e-17,8.673617379884035e-18
5636,31,2,11,100,1.3877787807814457e-17,8.673617379884035e-18
5636,31,2,11,250,1.3877787807814457e-17,8.673617379884035e-18
5636,31,2,11,500,1.3877787807814457e-17,8.673617379884035e-18
5636,31,2,11,1000,1.3877787807814457e-17,8.673617379884035e-18
5636,31,2,11,2000,-0.13793103448275862,8.673617379884035e-18
5636,31,2,11,5000,1.3877787807814457e-17,8.673617379884035e-18
5636,31,2,12,50,1.3877787807814457e-17,1.0551910960100407e-17
5636,31,2,12,100,1.3877787807814457e-17,1.0551910960100407e-17
5636,31,2,12,250,1.3877787807814457e-17,1.0551910960100407e-17
5636,31,2,12,500,1.3877787807814457e-17,1.0551910960100407e-17
5636,31,2,12,1000,1.3877787807814457e-17,1.0551910960100407e-17
5636,31,2,12,2000,1.3877787807814457e-17,1.0551910960100407e-17
5636,31,2,12,5000,1.3877787807814457e-17,1.0551910960100407e-17
5636,31,2,13,50,1.3877787807814457e-17,1.1506853769672332e-17
5636,31,2,13,100,1.3877787807814457e-17,1.1506853769672332e-17
5636,31,2,13,250,-0.396551724137931,1.1506853769672332e-17
5636,31,2,13,500,1.3877787807814457e-17,1.1506853769672332e-17
5636,31,2,13,1000,1.3877787807814457e-17,1.1506853769672332e-17
5636,31,2,13,2000,1.3877787807814457e-17,1.1506853769672332e-17
5636,31,2,13,5000,1.3877787807814457e-17,1.1506853769672332e-17
5636,31,2,14,50,1.3877787807814457e-17,8.673617379884035e-18
5636,31,2,14,100,1.3877787807814457e-17,8.673617379884035e-18
5636,31,2,14,250,1.3877787807814457e-17,8.673617379884035e-18
5636,31,2,14,500,1.3877787807814457e-17,8.673617379884035e-18
5636,31,2,14,1000,1.3877787807814457e-17,8.673617379884035e-18
5636,31,2,14,2000,1.3877787807814457e-17,8.673617379884035e-18
5636,31,2,14,5000,1.3877787807814457e-17,8.673617379884035e-18
5636,31,2,15,50,0.01724137931034484,1.6818768105360018e-17
5636,31,2,15,100,1.3877787807814457e-17,1.6818768105360018e-17
5636,31,2,15,250,1.3877787807814457e-17,1.6818768105360018e-17
5636,31,2,15,500,1.3877787807814457e-17,1.6818768105360018e-17
5636,31,2,15,1000,1.3877787807814457e-17,1.6818768105360018e-17
5636,31,2,15,2000,1.3877787807814457e-17,1.6818768105360018e-17
5636,31,2,15,5000,1.3877787807814457e-17,1.6818768105360018e-17
5636,31,2,16,50,1.3877787807814457e-17,1.3324663851227106e-17
5636,31,2,16,100,1.3877787807814457e-17,1.3324663851227106e-17
5636,31,2,16,250,1.3877787807814457e-17,1.3324663851227106e-17
5636,31,2,16,500,1.3877787807814457e-17,1.3324663851227106e-17
5636,31,2,16,1000,1.3877787807814457e-17,1.3324663851227106e-17
5636,31,2,16,2000,1.3877787807814457e-17,1.3324663851227106e-17
5636,31,2,16,5000,1.3877787807814457e-17,1.3324663851227106e-17
5636,31,2,17,50,1.3877787807814457e-17,1.0833344635249872e-17
5636,31,2,17,100,1.3877787807814457e-17,1.0833344635249872e-17
5636,31,2,17,250,1.3877787807814457e-17,1.0833344635249872e-17
5636,31,2,17,500,1.3877787807814457e-17,1.0833344635249872e-17
5636,31,2,17,1000,1.3877787807814457e-17,1.0833344635249872e-17
5636,31,2,17,2000,1.3877787807814457e-17,1.0833344635249872e-17
5636,31,2,17,5000,1.3877787807814457e-17,1.0833344635249872e-17
5636,31,2,18,50,1.3877787807814457e-17,1.868354362588067e-17
5636,31,2,18,100,1.3877787807814457e-17,1.868354362588067e-17
5636,31,2,18,250,1.3877787807814457e-17,1.868354362588067e-17
5636,31,2,18,500,1.3877787807814457e-17,1.868354362588067e-17
5636,31,2,18,1000,1.3877787807814457e-17,1.868354362588067e-17
5636,31,2,18,2000,1.3877787807814457e-17,1.868354362588067e-17
5636,31,2,18,5000,1.3877787807814457e-17,1.868354362588067e-17
5636,31,2,19,50,1.3877787807814457e-17,1.6818768105360018e-17
5636,31,2,19,100,1.3877787807814457e-17,1.6818768105360018e-17
5636,31,2,19,250,-0.793103448275862,1.6818768105360018e-17
5636,31,2,19,500,1.3877787807814457e-17,1.6818768105360018e-17
5636,31,2,19,1000,1.3877787807814457e-17,1.6818768105360018e-17
5636,31,2,19,2000,1.3877787807814457e-17,1.6818768105360018e-17
5636,31,2,19,5000,1.3877787807814457e-17,1.6818768105360018e-17
5636,31,2,20,50,1.3877787807814457e-17,1.7260280654508505e-17
5636,31,2,20,100,1.3877787807814457e-17,1.7260280654508505e-17
5636,31,2,20,250,-0.5172413793103448,1.7260280654508505e-17
5636,31,2,20,500,1.3877787807814457e-17,1.7260280654508505e-17
5636,31,2,20,1000,1.3877787807814457e-17,1.7260280654508505e-17
5636,31,2,20,2000,1.3877787807814457e-17,1.7260280654508505e-17
5636,31,2,20,5000,1.3877787807814457e-17,1.7260280654508505e-17
5636,31,2,21,50,1.3877787807814457e-17,2.0888836804026048e-17
5636,31,2,21,100,1.3877787807814457e-17,2.0888836804026048e-17
5636,31,2,21,250,1.3877787807814457e-17,2.0888836804026048e-17
5636,31,2,21,500,1.3877787807814457e-17,2.0888836804026048e-17
5636,31,2,21,1000,1.3877787807814457e-17,2.0888836804026048e-17
5636,31,2,21,2000,1.3877787807814457e-17,2.0888836804026048e-17
5636,31,2,21,5000,0.01724137931034484,2.0888836804026048e-17
5636,31,2,22,50,1.3877787807814457e-17,1.9778890766513096e-17
5636,31,2,22,100,-0.7413793103448275,1.9778890766513096e-17
5636,31,2,22,250,1.3877787807814457e-17,1.9778890766513096e-17
5636,31,2,22,500,1.3877787807814457e-17,1.9778890766513096e-17
5636,31,2,22,1000,1.3877787807814457e-17,1.9778890766513096e-17
5636,31,2,22,2000,1.3877787807814457e-17,1.9778890766513096e-17
5636,31,2,22,5000,1.3877787807814457e-17,1.9778890766513096e-17
5636,31,2,23,50,1.3877787807814457e-17,1.6818768105360018e-17
5636,31,2,23,100,1.3877787807814457e-17,1.6818768105360018e-17
5636,31,2,23,250,1.3877787807814457e-17,1.6818768105360018e-17
5636,31,2,23,500,1.3877787807814457e-17,1.6818768105360018e-17
5636,31,2,23,1000,1.3877787807814457e-17,1.6818768105360018e-17
5636,31,2,23,2000,1.3877787807814457e-17,1.6818768105360018e-17
5636,31,2,23,5000,1.3877787807814457e-17,1.6818768105360018e-17
5636,31,2,24,50,1.3877787807814457e-17,2.1666689270499745e-17
5636,31,2,24,100,1.3877787807814457e-17,2.1666689270499745e-17
5636,31,2,24,250,1.3877787807814457e-17,2.1666689270499745e-17
5636,31,2,24,500,1.3877787807814457e-17,2.1666689270499745e-17
5636,31,2,24,1000,1.3877787807814457e-17,2.1666689270499745e-17
5636,31,2,24,2000,1.3877787807814457e-17,2.1666689270499745e-17
5636,31,2,24,5000,1.3877787807814457e-17,2.1666689270499745e-17
6766,3903,0,5,50,-0.02678596349224205,0.1035171697791916
6766,3903,0,5,100,-0.054688372222844395,0.1035171697791916
6766,3903,0,5,250,-0.054688372222844395,0.1035171697791916
6766,3903,0,5,500,-0.054688372222844395,0.1035171697791916
6766,3903,0,5,1000,-0.054688372222844395,0.1035171697791916
6766,3903,0,5,2000,-0.07142981746120569,0.1035171697791916
6766,3903,0,5,5000,2.267779389919511e-05,0.1035171697791916
6766,3903,0,6,50,-0.08147259126939987,0.0923161667004655
6766,3903,0,6,100,-0.08147259126939987,0.0923161667004655
6766,3903,0,6,250,-0.037922504744897334,0.0923161667004655
6766,3903,0,6,500,-0.08147259126939987,0.0923161667004655
6766,3903,0,6,1000,-0.08147259126939987,0.0923161667004655
6766,3903,0,6,2000,0.10498248576532482,0.0923161667004655
6766,3903,0,6,5000,-0.10937500000000222,0.0923161667004655
6766,3903,0,7,50,-0.06808222619180626,0.0691550740000427
6766,3903,0,7,100,-0.059154153176287805,0.0691550740000427
6766,3903,0,7,250,-0.06808222619180626,0.0691550740000427
6766,3903,0,7,500,-0.06808222619180626,0.0691550740000427
6766,3903,0,7,1000,-0.05804294127498255,0.0691550740000427
6766,3903,0,7,2000,-0.05804294127498255,0.0691550740000427
6766,3903,0,7,5000,-0.05804294127498255,0.0691550740000427
6766,3903,0,8,50,-0.0881799849279925,0.0686822198456543
6766,3903,0,8,100,-0.0881799849279925,0.0686822198456543
6766,3903,0,8,250,-0.0881799849279925,0.0686822198456543
6766,3903,0,8,500,-0.0881799849279925,0.0686822198456543
6766,3903,0,8,1000,-0.0881799849279925,0.0686822198456543
6766,3903,0,8,2000,-0.0881799849279925,0.0686822198456543
6766,3903,0,8,5000,-0.0881799849279925,0.0686822198456543
6766,3903,0,9,50,-0.03348463492240805,0.07328167816553825
6766,3903,0,9,100,-0.03348463492240805,0.07328167816553825
6766,3903,0,9,250,-0.05804119682929698,0.07328167816553825
6766,3903,0,9,500,-0.05804119682929698,0.07328167816553825
6766,3903,0,9,1000,-0.05804119682929698,0.07328167816553825
6766,3903,0,9,2000,-0.05804119682929698,0.07328167816553825
6766,3903,0,9,5000,-0.05804119682929698,0.07328167816553825
6766,3903,0,10,50,-0.025673007145251114,0.059046356384569135
6766,3903,0,10,100,-0.023440116668528965,0.059046356384569135
6766,3903,0,10,250,-0.023440116668528965,0.059046356384569135
6766,3903,0,10,500,0.18868447862007592,0.059046356384569135
6766,3903,0,10,1000,-0.025673007145251114,0.059046356384569135
6766,3903,0,10,2000,0.04577948810985377,0.059046356384569135
6766,3903,0,10,5000,0.016755400803835307,0.059046356384569135
6766,3903,0,11,50,-0.03794867143016789,0.06372281703038517
6766,3903,0,11,100,-0.03794867143016789,0.06372281703038517
6766,3903,0,11,250,-0.03794867143016789,0.06372281703038517
6766,3903,0,11,500,-0.03794867143016789,0.06372281703038517
6766,3903,0,11,1000,0.10495631908005432,0.06372281703038517
6766,3903,0,11,2000,0.09602650161885073,0.06372281703038517
6766,3903,0,11,5000,0.09602650161885073,0.06372281703038517
6766,3903,0,12,50,-0.010044518253880308,0.04373190601445962
6766,3903,0,12,100,-0.026792941274980775,0.04373190601445962
6766,3903,0,12,250,-0.014510299207324384,0.04373190601445962
6766,3903,0,12,500,-0.014510299207324384,0.04373190601445962
6766,3903,0,12,1000,-0.014510299207324384,0.04373190601445962
6766,3903,0,12,2000,-0.014510299207324384,0.04373190601445962
6766,3903,0,12,5000,-0.014510299207324384,0.04373190601445962
6766,3903,0,13,50,-0.008928073015519455,0.05138301866242821
6766,3903,0,13,100,-0.02232541587585246,0.05138301866242821
6766,3903,0,13,250,-0.01674318968404709,0.05138301866242821
6766,3903,0,13,500,-0.02232541587585246,0.05138301866242821
6766,3903,0,13,1000,-0.018976080160769238,0.05138301866242821
6766,3903,0,13,2000,-0.02232541587585246,0.05138301866242821
6766,3903,0,13,5000,-0.02232541587585246,0.05138301866242821
6766,3903,0,14,50,-0.05470581667969188,0.040010323314126656
6766,3903,0,14,100,-0.05470581667969188,0.040010323314126656
6766,3903,0,14,250,-0.006696926984482321,0.040010323314126656
6766,3903,0,14,500,-0.006696926984482321,0.040010323314126656
6766,3903,0,14,1000,-0.006696926984482321,0.040010323314126656
6766,3903,0,14,2000,-0.006696926984482321,0.040010323314126656
6766,3903,0,14,5000,0.0602897873171786,0.040010323314126656
6766,3903,0,15,50,-0.016741445238362074,0.04294761135407583
6766,3903,0,15,100,-0.03348114603103791,0.04294761135407583
6766,3903,0,15,250,-0.03348114603103791,0.04294761135407583
6766,3903,0,15,500,-0.03348114603103791,0.04294761135407583
6766,3903,0,15,1000,0.037971349224066975,0.04294761135407583
6766,3903,0,15,2000,-0.03348114603103791,0.04294761135407583
6766,3903,0,15,5000,-0.03348114603103791,0.04294761135407583
6766,3903,0,16,50,-0.004464036507760172,0.05587478401380544
6766,3903,0,16,100,-0.10379800714525034,0.05587478401380544
6766,3903,0,16,250,-0.03236644523836185,0.05587478401380544
6766,3903,0,16,500,-0.09041287540471288,0.05587478401380544
6766,3903,0,16,1000,-0.03236644523836185,0.05587478401380544
6766,3903,0,16,2000,-0.1060308976219726,0.05587478401380544
6766,3903,0,16,5000,-0.1060308976219726,0.05587478401380544
6766,3903,0,17,50,-0.05357890476722227,0.054337494330847114
6766,3903,0,17,100,-0.01116270793792662,0.054337494330847114
6766,3903,0,17,250,-0.07925714524952565,0.054337494330847114
6766,3903,0,17,500,-0.045760299207324606,0.054337494330847114
6766,3903,0,17,1000,-0.05022782460645403,0.054337494330847114
6766,3903,0,17,2000,-0.05022433571508389,0.054337494330847114
6766,3903,0,17,5000,-0.020071592050914022,0.054337494330847114
6766,3903,0,18,50,-0.06362167857541634,0.043625263977506844
6766,3903,0,18,100,-0.013395598414648657,0.043625263977506844
6766,3903,0,18,250,-0.06697101429049923,0.043625263977506844
6766,3903,0,18,500,-0.14176586747795183,0.043625263977506844
6766,3903,0,18,1000,-0.056923007145250004,0.043625263977506844
6766,3903,0,18,2000,-0.056923007145250004,0.043625263977506844
6766,3903,0,18,5000,-0.06250523333705538,0.043625263977506844
6766,3903,0,19,50,-0.00892981746120447,0.059693311968099995
6766,3903,0,19,100,-0.016744934129731548,0.059693311968099995
6766,3903,0,19,250,-0.052467692865915794,0.059693311968099995
6766,3903,0,19,500,-0.024558306352573944,0.059693311968099995
6766,3903,0,19,1000,-0.034601080160769127,0.059693311968099995
6766,3903,0,19,2000,-0.04464385396896342,0.059693311968099995
6766,3903,0,19,5000,-0.04464210952327852,0.059693311968099995
6766,3903,0,20,50,-0.15068870715641713,0.05372258463536955
6766,3903,0,20,100,-0.01786312381377808,0.05372258463536955
6766,3903,0,20,250,-0.012266942056495478,0.05372258463536955
6766,3903,0,20,500,-0.023443605559897773,0.05372258463536955
6766,3903,0,20,1000,-0.023443605559897773,0.05372258463536955
6766,3903,0,20,2000,-0.07702251032711904,0.05372258463536955
6766,3903,0,20,5000,-0.08371943731160036,0.05372258463536955
6766,3903,0,21,50,-0.014508554761639592,0.04530239274960396
6766,3903,0,21,100,-0.07143505079825907,0.04530239274960396
6766,3903,0,21,250,-0.027904153176287916,0.04530239274960396
6766,3903,0,21,500,-0.07924842302110158,0.04530239274960396
6766,3903,0,21,1000,-0.07143505079825907,0.04530239274960396
6766,3903,0,21,2000,-0.07143505079825907,0.04530239274960396
6766,3903,0,21,5000,-0.07143505079825907,0.04530239274960396
6766,3903,0,22,50,-0.004464036507760172,0.053576921559553035
6766,3903,0,22,100,-0.005580481746121357,0.053576921559553035
6766,3903,0,22,250,-0.023443605559898217,0.053576921559553035
6766,3903,0,22,500,-0.023443605559898217,0.053576921559553035
6766,3903,0,22,1000,-0.060277576197388716,0.053576921559553035
6766,3903,0,22,2000,-0.060277576197388716,0.053576921559553035
6766,3903,0,22,5000,-0.060277576197388716,0.053576921559553035
6766,3903,0,23,50,-0.06250697778274072,0.03386547374893975
6766,3903,0,23,100,-0.06250697778274072,0.03386547374893975
6766,3903,0,23,250,-0.15851254605336784,0.03386547374893975
6766,3903,0,23,500,-0.027904153176287694,0.03386547374893975
6766,3903,0,23,1000,-0.06250697778274072,0.03386547374893975
6766,3903,0,23,2000,-0.06250697778274072,0.03386547374893975
6766,3903,0,23,5000,-0.06250697778274072,0.03386547374893975
6766,3903,0,24,50,-0.003349335715084112,0.032497836178608706
6766,3903,0,24,100,0.30915589762197593,0.032497836178608706
6766,3903,0,24,250,-0.07923097856425498,0.032497836178608706
6766,3903,0,24,500,-0.015626744445686125,0.032497836178608706
6766,3903,0,24,1000,-0.06920564921290717,0.032497836178608706
6766,3903,0,24,2000,-0.06920564921290717,0.032497836178608706
6766,3903,0,24,5000,-0.06920564921290717,0.032497836178608706
6766,3903,1,5,50,0.47995980797142146,0.01919239203726285
6766,3903,1,5,100,0.5514123032265263,0.01919239203726285
6766,3903,1,5,250,0.3370548174611993,0.01919239203726285
6766,3903,1,5,500,0.051356480964606654,0.01919239203726285
6766,3903,1,5,1000,0.051356480964606654,0.01919239203726285
6766,3903,1,5,2000,0.3370548174611993,0.01919239203726285
6766,3903,1,5,5000,0.47995980797142146,0.01919239203726285
6766,3903,1,6,50,0.30691951825387515,0.1256859017442001
6766,3903,1,6,100,-0.018962124595291008,0.1256859017442001
6766,3903,1,6,250,0.41300623813776804,0.1256859017442001
6766,3903,1,6,500,0.41300623813776804,0.1256859017442001
6766,3903,1,6,1000,0.41300623813776804,0.1256859017442001
6766,3903,1,6,2000,0.41300623813776804,0.1256859017442001
6766,3903,1,6,5000,0.41300623813776804,0.1256859017442001
6766,3903,1,7,50,0.270075080942275,0.10590282149091104
6766,3903,1,7,100,0.2332393658590997,0.10590282149091104
6766,3903,1,7,250,0.19081793569274902,0.10590282149091104
6766,3903,1,7,500,0.2332393658590997,0.10590282149091104
6766,3903,1,7,1000,0.304691861114217,0.10590282149091104
6766,3903,1,7,2000,0.2332393658590997,0.10590282149091104
6766,3903,1,7,5000,0.2332393658590997,0.10590282149091104
6766,3903,1,8,50,0.4654617198838885,0.1061952406304936
6766,3903,1,8,100,0.24664543094785668,0.1061952406304936
6766,3903,1,8,250,0.31363214524952976,0.1061952406304936
6766,3903,1,8,500,0.23994850396337525,0.1061952406304936
6766,3903,1,8,1000,0.3114009992184925,0.1061952406304936
6766,3903,1,8,2000,0.23994850396337525,0.1061952406304936
6766,3903,1,8,5000,0.23994850396337525,0.1061952406304936
6766,3903,1,9,50,0.1729827230099294,0.12133244281477905
6766,3903,1,9,100,0.24443521826504666,0.12133244281477905
6766,3903,1,9,250,0.1729827230099294,0.12133244281477905
6766,3903,1,9,500,0.03018937702355895,0.12133244281477905
6766,3903,1,9,1000,0.17074983253320747,0.12133244281477905
6766,3903,1,9,2000,0.17074983253320747,0.12133244281477905
6766,3903,1,9,5000,0.17074983253320747,0.12133244281477905
6766,3903,1,10,50,-0.0971063134978245,0.10584304619315374
6766,3903,1,10,100,-0.0971063134978245,0.10584304619315374
6766,3903,1,10,250,-0.037936460310373676,0.10584304619315374
6766,3903,1,10,500,-0.037936460310373676,0.10584304619315374
6766,3903,1,10,1000,-0.0971063134978245,0.10584304619315374
6766,3903,1,10,2000,-0.037936460310373676,0.10584304619315374
6766,3903,1,10,5000,-0.037936460310373676,0.10584304619315374
6766,3903,1,11,50,0.27345581667969665,0.10836867983525604
6766,3903,1,11,100,0.05920997543820894,0.10836867983525604
6766,3903,1,11,250,0.2109348833314682,0.10836867983525604
6766,3903,1,11,500,0.2020033214245796,0.10836867983525604
6766,3903,1,11,1000,-0.031236044434523214,0.10836867983525604
6766,3903,1,11,2000,0.3102880428715019,0.10836867983525604
6766,3903,1,11,5000,0.2198664452383559,0.10836867983525604
6766,3903,1,12,50,-0.2622320531427961,0.09718311948946701
6766,3903,1,12,100,0.35159302779948853,0.09718311948946701
6766,3903,1,12,250,-0.2622320531427961,0.09718311948946701
6766,3903,1,12,500,0.19419867143016317,0.09718311948946701
6766,3903,1,12,1000,-0.18519733169588593,0.09718311948946701
6766,3903,1,12,2000,-0.2566498269509908,0.09718311948946701
6766,3903,1,12,5000,0.19419867143016317,0.09718311948946701
6766,3903,1,13,50,0.216595609579103,0.091689234536346
6766,3903,1,13,100,-0.10378056268840052,0.091689234536346
6766,3903,1,13,250,0.11046527855308719,0.091689234536346
6766,3903,1,13,500,-0.09373778888020579,0.091689234536346
6766,3903,1,13,1000,0.11046527855308719,0.091689234536346
6766,3903,1,13,2000,-0.0222852936251009,0.091689234536346
6766,3903,1,13,5000,-0.0222852936251009,0.091689234536346
6766,3903,1,14,50,0.24337808417997336,0.10261982622906723
6766,3903,1,14,100,0.32029941665735945,0.10261982622906723
6766,3903,1,14,250,0.32364700792675777,0.10261982622906723
6766,3903,1,14,500,0.2534226024338531,0.10261982622906723
6766,3903,1,14,1000,0.5313093111532882,0.10261982622906723
6766,3903,1,14,2000,-0.26895689125823474,0.10261982622906723
6766,3903,1,14,5000,0.338162540471136,0.10261982622906723
6766,3903,1,15,50,0.45985332700681314,0.09637093424390906
6766,3903,1,15,100,0.23555947862007626,0.09637093424390906
6766,3903,1,15,250,0.42523480238919875,0.09637093424390906
6766,3903,1,15,500,0.3694264960366255,0.09637093424390906
6766,3903,1,15,1000,0.18411577537121937,0.09637093424390906
6766,3903,1,15,2000,0.47771645082059,0.09637093424390906
6766,3903,1,15,5000,0.2979740007815082,0.09637093424390906
6766,3903,1,16,50,0.6283336357039221,0.10335809016695925
6766,3903,1,16,100,-0.0614149547839703,0.10335809016695925
6766,3903,1,16,250,-0.0614149547839703,0.10335809016695925
6766,3903,1,16,500,-0.07370108574299594,0.10335809016695925
6766,3903,1,16,1000,-0.28794692698448365,0.10335809016695925
6766,3903,1,16,2000,-0.11826992854750795,0.10335809016695925
6766,3903,1,16,5000,-0.21649443172937877,0.10335809016695925
6766,3903,1,17,50,0.027858797588478312,0.10357058755737701
6766,3903,1,17,100,0.01559359997767018,0.10357058755737701
6766,3903,1,17,250,-0.2254765825611229,0.10357058755737701
6766,3903,1,17,500,0.031208133303561425,0.10357058755737701
6766,3903,1,17,1000,-0.03801147147482142,0.10357058755737701
6766,3903,1,17,2000,-0.10935232220609936,0.10357058755737701
6766,3903,1,17,5000,-0.03801147147482142,0.10357058755737701
6766,3903,1,18,50,-0.12494243329240218,0.08301526061706524
6766,3903,1,18,100,0.026710952327792747,0.08301526061706524
6766,3903,1,18,250,-0.07590083175170159,0.08301526061706524
6766,3903,1,18,500,-0.030128321424585658,0.08301526061706524
6766,3903,1,18,1000,-0.07701727699006256,0.08301526061706524
6766,3903,1,18,2000,-0.07701727699006256,0.08301526061706524
6766,3903,1,18,5000,-0.08148305794350708,0.08301526061706524
6766,3903,1,19,50,0.1997983420788274,0.10644743244338928
6766,3903,1,19,100,0.07474949759964256,0.10644743244338928
6766,3903,1,19,250,0.03461852461761561,0.10644743244338928
6766,3903,1,19,500,-0.03906511666852652,0.10644743244338928
6766,3903,1,19,1000,0.010056729373672635,0.10644743244338928
6766,3903,1,19,2000,0.07023661661270986,0.10644743244338928
6766,3903,1,19,5000,-0.04576378809869275,0.10644743244338928
6766,3903,1,20,50,0.18973812381377442,0.09164287227552095
6766,3903,1,20,100,0.029046765099919658,0.09164287227552095
6766,3903,1,20,250,0.1003876158311976,0.09164287227552095
6766,3903,1,20,500,0.300187702355696,0.09164287227552095
6766,3903,1,20,1000,-0.12270256503294041,0.09164287227552095
6766,3903,1,20,2000,0.0859418611142082,0.09164287227552095
6766,3903,1,20,5000,0.15739435636932553,0.09164287227552095
6766,3903,1,21,50,-0.007815116668526079,0.08408550201929345
6766,3903,1,21,100,-0.22429035949536857,0.08408550201929345
6766,3903,1,21,250,-0.012294853187451826,0.08408550201929345
6766,3903,1,21,500,-0.22429035949536857,0.08408550201929345
6766,3903,1,21,1000,0.06027059841464433,0.08408550201929345
6766,3903,1,21,2000,-0.012294853187451826,0.08408550201929345
6766,3903,1,21,5000,0.12280548732835372,0.08408550201929345
6766,3903,1,22,50,0.1729408563135003,0.07497581614087637
6766,3903,1,22,100,0.01452948810985677,0.07497581614087637
6766,3903,1,22,250,0.1807559729820274,0.07497581614087637
6766,3903,1,22,500,-0.03348986825946032,0.07497581614087637
6766,3903,1,22,1000,0.037962626995644566,0.07497581614087637
6766,3903,1,22,2000,0.037962626995644566,0.07497581614087637
6766,3903,1,22,5000,0.1093034777269225,0.07497581614087637
6766,3903,1,23,50,0.01788580160767894,0.0693393200951272
6766,3903,1,23,100,0.05693870715641269,0.0693393200951272
6766,3903,1,23,250,-0.08476784916825353,0.0693393200951272
6766,3903,1,23,500,0.008903650775928362,0.0693393200951272
6766,3903,1,23,1000,-0.08476784916825353,0.0693393200951272
6766,3903,1,23,2000,0.08035614603103325,0.0693393200951272
6766,3903,1,23,5000,0.008903650775928362,0.0693393200951272
6766,3903,1,24,50,-0.06361993412973233,0.054323451354391775
6766,3903,1,24,100,0.23547400078151048,0.054323451354391775
6766,3903,1,24,250,-0.041235207100595694,0.054323451354391775
6766,3903,1,24,500,0.03462026906330096,0.054323451354391775
6766,3903,1,24,1000,0.044668276208550184,0.054323451354391775
6766,3903,1,24,2000,-0.016736211901305253,0.054323451354391775
6766,3903,1,24,5000,0.04243887462319784,0.054323451354391775
6766,3903,2,5,50,-0.14956877302668392,0.16335255762106093
6766,3903,2,5,100,-0.14956877302668392,0.16335255762106093
6766,3903,2,5,250,-0.14956877302668392,0.16335255762106093
6766,3903,2,5,500,-0.14956877302668392,0.16335255762106093
6766,3903,2,5,1000,-0.14956877302668392,0.16335255762106093
6766,3903,2,5,2000,-0.14956877302668392,0.16335255762106093
6766,3903,2,5,5000,-0.14956877302668392,0.16335255762106093
6766,3903,2,6,50,0.05586063972312455,0.13893755239499075
6766,3903,2,6,100,-0.1584968460422025,0.13893755239499075
6766,3903,2,6,250,-0.1584968460422025,0.13893755239499075
6766,3903,2,6,500,-0.1584968460422025,0.13893755239499075
6766,3903,2,6,1000,-0.1584968460422025,0.13893755239499075
6766,3903,2,6,2000,-0.1584968460422025,0.13893755239499075
6766,3903,2,6,5000,-0.1584968460422025,0.13893755239499075
6766,3903,2,7,50,-0.12835282460645336,0.09963568801178732
6766,3903,2,7,100,-0.15961329128056345,0.09963568801178732
6766,3903,2,7,250,-0.08816079602545857,0.09963568801178732
6766,3903,2,7,500,-0.15961329128056345,0.09963568801178732
6766,3903,2,7,1000,-0.14845407223400764,0.09963568801178732
6766,3903,2,7,2000,-0.14845407223400764,0.09963568801178732
6766,3903,2,7,5000,-0.14845407223400764,0.09963568801178732
6766,3903,2,8,50,-0.07478787540471132,0.09582045854657983
6766,3903,2,8,100,0.1830307301551931,0.09582045854657983
6766,3903,2,8,250,-0.15292159763313584,0.09582045854657983
6766,3903,2,8,500,-0.15737691191247094,0.09582045854657983
6766,3903,2,8,1000,-0.13840780953444298,0.09582045854657983
6766,3903,2,8,2000,-0.15292159763313584,0.09582045854657983
6766,3903,2,8,5000,-0.12166461985039712,0.09582045854657983
6766,3903,2,9,50,-0.09040589762197226,0.07132470783626847
6766,3903,2,9,100,0.12720149045439127,0.07132470783626847
6766,3903,2,9,250,0.32143330635257983,0.07132470783626847
6766,3903,2,9,500,0.2432995841241551,0.07132470783626847
6766,3903,2,9,1000,0.21205132856984044,0.07132470783626847
6766,3903,2,9,2000,0.10050623813777221,0.07132470783626847
6766,3903,2,9,5000,0.029053742882667377,0.07132470783626847
6766,3903,2,10,50,-0.06696752539913087,0.07437431274177178
6766,3903,2,10,100,-0.03571403650776017,0.07437431274177178
6766,3903,2,10,250,-0.0010972563358309095,0.07437431274177178
6766,3903,2,10,500,-0.12054294127498255,0.07437431274177178
6766,3903,2,10,1000,-0.12054294127498255,0.07437431274177178
6766,3903,2,10,2000,-0.09598812381377864,0.07437431274177178
6766,3903,2,10,5000,-0.12054294127498255,0.07437431274177178
6766,3903,2,11,50,-0.23549493412973338,0.05383807385155493
6766,3903,2,11,100,0.11948929608127817,0.05383807385155493
6766,3903,2,11,250,-0.027902408730603234,0.05383807385155493
6766,3903,2,11,500,-0.03234725633583202,0.05383807385155493
6766,3903,2,11,1000,-0.1037997515909369,0.05383807385155493
6766,3903,2,11,2000,-0.03234725633583202,0.05383807385155493
6766,3903,2,11,5000,-0.1037997515909369,0.05383807385155493
6766,3903,2,12,50,-0.08259078095344585,0.05493438411343777
6766,3903,2,12,100,-0.02232192698448232,0.05493438411343777
6766,3903,2,12,250,-0.08259078095344585,0.05493438411343777
6766,3903,2,12,500,0.32366619682930164,0.05493438411343777
6766,3903,2,12,1000,-0.08928945238361263,0.05493438411343777
6766,3903,2,12,2000,-0.09040589762197393,0.05493438411343777
6766,3903,2,12,5000,0.1161382159205106,0.05493438411343777
6766,3903,2,13,50,-0.03348637936809329,0.06066975453169224
6766,3903,2,13,100,-0.02009252539913009,0.06066975453169224
6766,3903,2,13,250,-0.03348812381377797,0.06066975453169224
6766,3903,2,13,500,-0.03348812381377797,0.06066975453169224
6766,3903,2,13,1000,0.23771735793234816,0.06066975453169224
6766,3903,2,13,2000,-0.03348812381377797,0.06066975453169224
6766,3903,2,13,5000,0.1662648626772309,0.06066975453169224
6766,3903,2,14,50,-0.014513788098694524,0.047821180443687425
6766,3903,2,14,100,-0.011164452383611856,0.047821180443687425
6766,3903,2,14,250,0.09936537065982332,0.047821180443687425
6766,3903,2,14,500,-0.036842692865916904,0.047821180443687425
6766,3903,2,14,1000,-0.056938707156416246,0.047821180443687425
6766,3903,2,14,2000,-0.056938707156416246,0.047821180443687425
6766,3903,2,14,5000,-0.056938707156416246,0.047821180443687425
6766,3903,2,15,50,-0.021208970637491498,0.0521308031035174
6766,3903,2,15,100,-0.013393853968963976,0.0521308031035174
6766,3903,2,15,250,0.2611609634922448,0.0521308031035174
6766,3903,2,15,500,0.056954407167582266,0.0521308031035174
6766,3903,2,15,1000,0.11836761750586194,0.0521308031035174
6766,3903,2,15,2000,-0.07032732778832451,0.0521308031035174
6766,3903,2,15,5000,0.18970846823712756,0.0521308031035174
6766,3903,2,16,50,-0.05358239365859041,0.05606730375518177
6766,3903,2,16,100,-0.03906860555989766,0.05606730375518177
6766,3903,2,16,250,-0.03571926984481466,0.05606730375518177
6766,3903,2,16,500,-0.06920564921290828,0.05606730375518177
6766,3903,2,16,1000,-0.06920564921290828,0.05606730375518177
6766,3903,2,16,2000,-0.07367143016635269,0.05606730375518177
6766,3903,2,16,5000,-0.07367143016635269,0.05606730375518177
6766,3903,2,17,50,-0.02567824048230427,0.04815284774920344
6766,3903,2,17,100,-0.024561795243943307,0.04815284774920344
6766,3903,2,17,250,-0.02232541587585235,0.04815284774920344
6766,3903,2,17,500,-0.021212459528860417,0.04815284774920344
6766,3903,2,17,1000,-0.07478787540471399,0.04815284774920344
6766,3903,2,17,2000,-0.023440116668528854,0.04815284774920344
6766,3903,2,17,5000,-0.07478787540471399,0.04815284774920344
6766,3903,2,18,50,-0.02679294127498011,0.05352557639876203
6766,3903,2,18,100,-0.02679294127498011,0.05352557639876203
6766,3903,2,18,250,-0.02679294127498011,0.05352557639876203
6766,3903,2,18,500,-0.039065116668528965,0.05352557639876203
6766,3903,2,18,1000,-0.007813372222843618,0.05352557639876203
6766,3903,2,18,2000,-0.09710456905214015,0.05352557639876203
6766,3903,2,18,5000,-0.09710456905214015,0.05352557639876203
6766,3903,2,19,50,-0.027909386513341516,0.04838389194096238
6766,3903,2,19,100,-0.027909386513341516,0.04838389194096238
6766,3903,2,19,250,-0.027909386513341516,0.04838389194096238
6766,3903,2,19,500,-0.027909386513341516,0.04838389194096238
6766,3903,2,19,1000,-0.10045739365859352,0.04838389194096238
6766,3903,2,19,2000,-0.030140532544380094,0.04838389194096238
6766,3903,2,19,5000,-0.02790589762197282,0.04838389194096238
6766,3903,2,20,50,-0.02567649603661948,0.05028364580459982
6766,3903,2,20,100,-0.02567649603661948,0.05028364580459982
6766,3903,2,20,250,-0.02567649603661948,0.05028364580459982
6766,3903,2,20,500,-0.18195440716758182,0.05028364580459982
6766,3903,2,20,1000,-0.17747815954002788,0.05028364580459982
6766,3903,2,20,2000,-0.11274178017193959,0.05028364580459982
6766,3903,2,20,5000,-0.040185050798259736,0.05028364580459982
6766,3903,2,21,50,0.15399966506643004,0.04562369105733271
6766,3903,2,21,100,-0.15182434129731326,0.04562369105733271
6766,3903,2,21,250,-0.02344535000558201,0.04562369105733271
6766,3903,2,21,500,-0.07925888969521766,0.04562369105733271
6766,3903,2,21,1000,-0.15182434129731326,0.04562369105733271
6766,3903,2,21,2000,-0.07925888969521766,0.04562369105733271
6766,3903,2,21,5000,-0.15071138495032255,0.04562369105733271
6766,3903,2,22,50,-0.02679119682929565,0.06180717265150481
6766,3903,2,22,100,-0.05916287540471077,0.06180717265150481
6766,3903,2,22,250,-0.05916287540471077,0.06180717265150481
6766,3903,2,22,500,-0.05916287540471077,0.06180717265150481
6766,3903,2,22,1000,-0.1272485904878894,0.06180717265150481
6766,3903,2,22,2000,-0.09265797700123113,0.06180717265150481
6766,3903,2,22,5000,-0.13841478731718537,0.06180717265150481
6766,3903,2,23,50,-0.08818696271073212,0.06063596433742755
6766,3903,2,23,100,-0.04465083175170248,0.06063596433742755
6766,3903,2,23,250,-0.08818696271073212,0.06063596433742755
6766,3903,2,23,500,-0.04465083175170248,0.06063596433742755
6766,3903,2,23,1000,-0.12167683097019466,0.06063596433742755
6766,3903,2,23,2000,-0.06807001507201715,0.06063596433742755
6766,3903,2,23,5000,-0.029020598414649434,0.06063596433742755
6766,3903,2,24,50,-0.09599161270514767,0.06691875007423227
6766,3903,2,24,100,-0.09599161270514767,0.06691875007423227
6766,3903,2,24,250,-0.0948751674667867,0.06691875007423227
6766,3903,2,24,500,-0.0948751674667867,0.06691875007423227
6766,3903,2,24,1000,-0.0948751674667867,0.06691875007423227
6766,3903,2,24,2000,-0.0948751674667867,0.06691875007423227
6766,3903,2,24,5000,-0.07478613095902853,0.06691875007423227
6766,146064,0,5,50,-0.3102685485984793,0.33903103612602425
6766,146064,0,5,100,-0.2947551211685553,0.33903103612602425
6766,146064,0,5,250,-0.2947551211685553,0.33903103612602425
6766,146064,0,5,500,-0.26372826630870727,0.33903103612602425
6766,146064,0,5,1000,-0.26372826630870727,0.33903103612602425
6766,146064,0,5,2000,-0.26372826630870727,0.33903103612602425
6766,146064,0,5,5000,-0.26372826630870727,0.33903103612602425
6766,146064,0,6,50,-0.24821483887878326,0.28282849643539515
6766,146064,0,6,100,0.651563952056808,0.28282849643539515
6766,146064,0,6,250,-0.24821483887878326,0.28282849643539515
6766,146064,0,6,500,-0.24821483887878326,0.28282849643539515
6766,146064,0,6,1000,-0.24821483887878326,0.28282849643539515
6766,146064,0,6,2000,-0.24821483887878326,0.28282849643539515
6766,146064,0,6,5000,-0.24821483887878326,0.28282849643539515
6766,146064,0,7,50,0.729131089206428,0.2807000331058048
6766,146064,0,7,100,-0.24821483887878326,0.2807000331058048
6766,146064,0,7,250,0.7756713714962,0.2807000331058048
6766,146064,0,7,500,-0.24821483887878326,0.2807000331058048
6766,146064,0,7,1000,0.729131089206428,0.2807000331058048
6766,146064,0,7,2000,0.729131089206428,0.2807000331058048
6766,146064,0,7,5000,0.729131089206428,0.2807000331058048
6766,146064,0,8,50,-0.09308056457954317,0.169267813638472
6766,146064,0,8,100,-0.2792416937386313,0.169267813638472
6766,146064,0,8,250,-0.2792416937386313,0.169267813638472
6766,146064,0,8,500,-0.2792416937386313,0.169267813638472
6766,146064,0,8,1000,-0.1506703786368433,0.169267813638472
6766,146064,0,8,2000,-0.2792416937386313,0.169267813638472
6766,146064,0,8,5000,-0.2792416937386313,0.169267813638472
6766,146064,0,9,50,0.8842653635056681,0.2342436544071772
6766,146064,0,9,100,0.8377250812158961,0.2342436544071772
6766,146064,0,9,250,0.8377250812158961,0.2342436544071772
6766,146064,0,9,500,-0.26372826630870727,0.2342436544071772
6766,146064,0,9,1000,-0.26372826630870727,0.2342436544071772
6766,146064,0,9,2000,-0.26372826630870727,0.2342436544071772
6766,146064,0,9,5000,-0.26372826630870727,0.2342436544071772
6766,146064,0,10,50,-0.07756713714961916,0.1798868925398889
6766,146064,0,10,100,-0.07756713714961916,0.1798868925398889
6766,146064,0,10,250,0.744644516636352,0.1798868925398889
6766,146064,0,10,500,-0.24821483887878326,0.1798868925398889
6766,146064,0,10,1000,0.8997787909355921,0.1798868925398889
6766,146064,0,10,2000,-0.24821483887878326,0.1798868925398889
6766,146064,0,10,5000,0.744644516636352,0.1798868925398889
6766,146064,0,11,50,-0.09308056457954317,0.17392886166978436
6766,146064,0,11,100,-0.09308056457954317,0.17392886166978436
6766,146064,0,11,250,0.7756713714962,0.17392886166978436
6766,146064,0,11,500,0.8997787909355921,0.17392886166978436
6766,146064,0,11,1000,-0.12410741943939119,0.17392886166978436
6766,146064,0,11,2000,0.7756713714962,0.17392886166978436
6766,146064,0,11,5000,0.682590806916656,0.17392886166978436
6766,146064,0,12,50,-0.07756713714961916,0.15464543583621976
6766,146064,0,12,100,-0.07756713714961916,0.15464543583621976
6766,146064,0,12,250,-0.07756713714961916,0.15464543583621976
6766,146064,0,12,500,0.667077379486732,0.15464543583621976
6766,146064,0,12,1000,-0.26372826630870727,0.15464543583621976
6766,146064,0,12,2000,-0.26372826630870727,0.15464543583621976
6766,146064,0,12,5000,-0.24821483887878326,0.15464543583621976
6766,146064,0,13,50,-0.04654028228977114,0.11654478100628199
6766,146064,0,13,100,-0.04654028228977114,0.11654478100628199
6766,146064,0,13,250,-0.04654028228977114,0.11654478100628199
6766,146064,0,13,500,-0.04654028228977114,0.11654478100628199
6766,146064,0,13,1000,-0.2792416937386313,0.11654478100628199
6766,146064,0,13,2000,0.9152922183655161,0.11654478100628199
6766,146064,0,13,5000,-0.2792416937386313,0.11654478100628199
6766,146064,0,14,50,-0.03102685485984713,0.09194170663365467
6766,146064,0,14,100,-0.03102685485984713,0.09194170663365467
6766,146064,0,14,250,0.8687519360757441,0.09194170663365467
6766,146064,0,14,500,-0.03102685485984713,0.09194170663365467
6766,146064,0,14,1000,0.8687519360757441,0.09194170663365467
6766,146064,0,14,2000,0.8997787909355921,0.09194170663365467
6766,146064,0,14,5000,0.8687519360757441,0.09194170663365467
6766,146064,0,15,50,-0.07756713714961916,0.15592867561576093
6766,146064,0,15,100,-0.07756713714961916,0.15592867561576093
6766,146064,0,15,250,0.9152922183655161,0.15592867561576093
6766,146064,0,15,500,-0.07756713714961916,0.15592867561576093
6766,146064,0,15,1000,-0.07756713714961916,0.15592867561576093
6766,146064,0,15,2000,0.8842653635056681,0.15592867561576093
6766,146064,0,15,5000,0.729131089206428,0.15592867561576093
6766,146064,0,16,50,-0.04654028228977114,0.11106791819056454
6766,146064,0,16,100,-0.04654028228977114,0.11106791819056454
6766,146064,0,16,250,-0.04654028228977114,0.11106791819056454
6766,146064,0,16,500,-0.04654028228977114,0.11106791819056454
6766,146064,0,16,1000,-0.04654028228977114,0.11106791819056454
6766,146064,0,16,2000,0.9152922183655161,0.11106791819056454
6766,146064,0,16,5000,0.6205370971969599,0.11106791819056454
6766,146064,0,17,50,-0.17064770172916321,0.19811230699135832
6766,146064,0,17,100,-0.17064770172916321,0.19811230699135832
6766,146064,0,17,250,-0.24821483887878326,0.19811230699135832
6766,146064,0,17,500,0.744644516636352,0.19811230699135832
6766,146064,0,17,1000,-0.24821483887878326,0.19811230699135832
6766,146064,0,17,2000,0.744644516636352,0.19811230699135832
6766,146064,0,17,5000,-0.26372826630870727,0.19811230699135832
6766,146064,0,18,50,-0.18616112915908722,0.22506645066861997
6766,146064,0,18,100,-0.18616112915908722,0.22506645066861997
6766,146064,0,18,250,0.7126138809680784,0.22506645066861997
6766,146064,0,18,500,-0.20167455658901123,0.22506645066861997
6766,146064,0,18,1000,0.791184798926124,0.22506645066861997
6766,146064,0,18,2000,0.791184798926124,0.22506645066861997
6766,146064,0,18,5000,-0.2792416937386313,0.22506645066861997
6766,146064,0,19,50,-0.24821483887878326,0.2528426826491211
6766,146064,0,19,100,-0.24821483887878326,0.2528426826491211
6766,146064,0,19,250,-0.24821483887878326,0.2528426826491211
6766,146064,0,19,500,-0.24821483887878326,0.2528426826491211
6766,146064,0,19,1000,-0.24821483887878326,0.2528426826491211
6766,146064,0,19,2000,-0.24821483887878326,0.2528426826491211
6766,146064,0,19,5000,-0.24821483887878326,0.2528426826491211
6766,146064,0,20,50,-0.2947551211685553,0.23433815283432605
6766,146064,0,20,100,-0.2947551211685553,0.23433815283432605
6766,146064,0,20,250,-0.2792416937386313,0.23433815283432605
6766,146064,0,20,500,-0.2792416937386313,0.23433815283432605
6766,146064,0,20,1000,-0.2792416937386313,0.23433815283432605
6766,146064,0,20,2000,-0.2792416937386313,0.23433815283432605
6766,146064,0,20,5000,-0.2792416937386313,0.23433815283432605
6766,146064,0,21,50,-0.20167455658901123,0.21710206331636192
6766,146064,0,21,100,0.7756713714962,0.21710206331636192
6766,146064,0,21,250,0.744644516636352,0.21710206331636192
6766,146064,0,21,500,0.729131089206428,0.21710206331636192
6766,146064,0,21,1000,0.713617661776504,0.21710206331636192
6766,146064,0,21,2000,0.713617661776504,0.21710206331636192
6766,146064,0,21,5000,0.729131089206428,0.21710206331636192
6766,146064,0,22,50,-0.1396208468693152,0.22458521131262507
6766,146064,0,22,100,0.6360505246268839,0.22458521131262507
6766,146064,0,22,250,-0.1551342742992392,0.22458521131262507
6766,146064,0,22,500,-0.1396208468693152,0.22458521131262507
6766,146064,0,22,1000,-0.3412954034583273,0.22458521131262507
6766,146064,0,22,2000,0.744644516636352,0.22458521131262507
6766,146064,0,22,5000,0.744644516636352,0.22458521131262507
6766,146064,0,23,50,-0.26372826630870727,0.24665448030394774
6766,146064,0,23,100,-0.26372826630870727,0.24665448030394774
6766,146064,0,23,250,-0.26372826630870727,0.24665448030394774
6766,146064,0,23,500,-0.26372826630870727,0.24665448030394774
6766,146064,0,23,1000,-0.26372826630870727,0.24665448030394774
6766,146064,0,23,2000,-0.26372826630870727,0.24665448030394774
6766,146064,0,23,5000,-0.26372826630870727,0.24665448030394774
6766,146064,0,24,50,-0.3102685485984793,0.20533990177727554
6766,146064,0,24,100,-0.2947551211685553,0.20533990177727554
6766,146064,0,24,250,-0.3102685485984793,0.20533990177727554
6766,146064,0,24,500,-0.2947551211685553,0.20533990177727554
6766,146064,0,24,1000,-0.2947551211685553,0.20533990177727554
6766,146064,0,24,2000,-0.2947551211685553,0.20533990177727554
6766,146064,0,24,5000,-0.2947551211685553,0.20533990177727554
6766,146064,1,5,50,-0.26372826630870727,0.3965560548351983
6766,146064,1,5,100,0.729131089206428,0.3965560548351983
6766,146064,1,5,250,-0.26372826630870727,0.3965560548351983
6766,146064,1,5,500,-0.26372826630870727,0.3965560548351983
6766,146064,1,5,1000,-0.26372826630870727,0.3965560548351983
6766,146064,1,5,2000,-0.26372826630870727,0.3965560548351983
6766,146064,1,5,5000,0.729131089206428,0.3965560548351983
6766,146064,1,6,50,-0.23270141144885925,0.3693344105683127
6766,146064,1,6,100,-0.23270141144885925,0.3693344105683127
6766,146064,1,6,250,-0.23270141144885925,0.3693344105683127
6766,146064,1,6,500,-0.23270141144885925,0.3693344105683127
6766,146064,1,6,1000,-0.23270141144885925,0.3693344105683127
6766,146064,1,6,2000,-0.23270141144885925,0.3693344105683127
6766,146064,1,6,5000,-0.23270141144885925,0.3693344105683127
6766,146064,1,7,50,-0.20167455658901123,0.3006989380477565
6766,146064,1,7,100,-0.20167455658901123,0.3006989380477565
6766,146064,1,7,250,-0.26372826630870727,0.3006989380477565
6766,146064,1,7,500,-0.26372826630870727,0.3006989380477565
6766,146064,1,7,1000,-0.26372826630870727,0.3006989380477565
6766,146064,1,7,2000,-0.26372826630870727,0.3006989380477565
6766,146064,1,7,5000,-0.26372826630870727,0.3006989380477565
6766,146064,1,8,50,-0.24821483887878326,0.2912565979068286
6766,146064,1,8,100,-0.24821483887878326,0.2912565979068286
6766,146064,1,8,250,-0.26372826630870727,0.2912565979068286
6766,146064,1,8,500,-0.26372826630870727,0.2912565979068286
6766,146064,1,8,1000,-0.26372826630870727,0.2912565979068286
6766,146064,1,8,2000,-0.26372826630870727,0.2912565979068286
6766,146064,1,8,5000,-0.26372826630870727,0.2912565979068286
6766,146064,1,9,50,-0.10859399200946718,0.24002727161736634
6766,146064,1,9,100,0.8997787909355921,0.24002727161736634
6766,146064,1,9,250,-0.2792416937386313,0.24002727161736634
6766,146064,1,9,500,-0.2792416937386313,0.24002727161736634
6766,146064,1,9,1000,-0.2792416937386313,0.24002727161736634
6766,146064,1,9,2000,-0.2792416937386313,0.24002727161736634
6766,146064,1,9,5000,-0.2792416937386313,0.24002727161736634
6766,146064,1,10,50,-0.06205370971969515,0.18103878383600777
6766,146064,1,10,100,0.682590806916656,0.18103878383600777
6766,146064,1,10,250,-0.3102685485984793,0.18103878383600777
6766,146064,1,10,500,-0.3102685485984793,0.18103878383600777
6766,146064,1,10,1000,0.682590806916656,0.18103878383600777
6766,146064,1,10,2000,0.682590806916656,0.18103878383600777
6766,146064,1,10,5000,0.682590806916656,0.18103878383600777
6766,146064,1,11,50,-0.6670773794867315,0.09058813179616965
6766,146064,1,11,100,-0.26372826630870727,0.09058813179616965
6766,146064,1,11,250,-0.26372826630870727,0.09058813179616965
6766,146064,1,11,500,0.729131089206428,0.09058813179616965
6766,146064,1,11,1000,0.729131089206428,0.09058813179616965
6766,146064,1,11,2000,0.729131089206428,0.09058813179616965
6766,146064,1,11,5000,-0.26372826630870727,0.09058813179616965
6766,146064,1,12,50,-0.07756713714961916,0.17957932013191605
6766,146064,1,12,100,-0.24821483887878326,0.17957932013191605
6766,146064,1,12,250,0.667077379486732,0.17957932013191605
6766,146064,1,12,500,0.667077379486732,0.17957932013191605
6766,146064,1,12,1000,-0.24821483887878326,0.17957932013191605
6766,146064,1,12,2000,-0.24821483887878326,0.17957932013191605
6766,146064,1,12,5000,-0.24821483887878326,0.17957932013191605
6766,146064,1,13,50,0.9152922183655161,0.22126713487356603
6766,146064,1,13,100,-0.04654028228977114,0.22126713487356603
6766,146064,1,13,250,-0.07756713714961916,0.22126713487356603
6766,146064,1,13,500,-0.1396208468693152,0.22126713487356603
6766,146064,1,13,1000,0.713617661776504,0.22126713487356603
6766,146064,1,13,2000,-0.2792416937386313,0.22126713487356603
6766,146064,1,13,5000,-0.2792416937386313,0.22126713487356603
6766,146064,1,14,50,-0.04531261169667666,0.11991524026460298
6766,146064,1,14,100,0.9189752301447995,0.11991524026460298
6766,146064,1,14,250,0.8904037164711405,0.11991524026460298
6766,146064,1,14,500,-0.21674169373863106,0.11991524026460298
6766,146064,1,14,1000,0.7606042343465802,0.11991524026460298
6766,146064,1,14,2000,0.7606042343465802,0.11991524026460298
6766,146064,1,14,5000,0.7606042343465802,0.11991524026460298
6766,146064,1,15,50,-0.06082603912660067,0.1321061808453555
6766,146064,1,15,100,-0.06082603912660067,0.1321061808453555
6766,146064,1,15,250,0.8854930340987626,0.1321061808453555
6766,146064,1,15,500,-0.20982196046036838,0.1321061808453555
6766,146064,1,15,1000,0.762613285252465,0.1321061808453555
6766,146064,1,15,2000,0.747099857822541,0.1321061808453555
6766,146064,1,15,5000,0.7768990420892945,0.1321061808453555
6766,146064,1,16,50,-0.17064770172916321,0.18758045536565388
6766,146064,1,16,100,0.6527916226499024,0.18758045536565388
6766,146064,1,16,250,-0.23270141144885925,0.18758045536565388
6766,146064,1,16,500,0.744644516636352,0.18758045536565388
6766,146064,1,16,1000,0.744644516636352,0.18758045536565388
6766,146064,1,16,2000,0.744644516636352,0.18758045536565388
6766,146064,1,16,5000,0.744644516636352,0.18758045536565388
6766,146064,1,17,50,-0.3568088308882513,0.23260236336506543
6766,146064,1,17,100,-0.24821483887878326,0.23260236336506543
6766,146064,1,17,250,-0.24821483887878326,0.23260236336506543
6766,146064,1,17,500,-0.24821483887878326,0.23260236336506543
6766,146064,1,17,1000,-0.24821483887878326,0.23260236336506543
6766,146064,1,17,2000,-0.24821483887878326,0.23260236336506543
6766,146064,1,17,5000,-0.24821483887878326,0.23260236336506543
6766,146064,1,18,50,-0.21227730164655734,0.1605278118141202
6766,146064,1,18,100,-0.2947551211685553,0.1605278118141202
6766,146064,1,18,250,-0.2947551211685553,0.1605278118141202
6766,146064,1,18,500,-0.2947551211685553,0.1605278118141202
6766,146064,1,18,1000,0.744644516636352,0.1605278118141202
6766,146064,1,18,2000,0.19464411949260974,0.1605278118141202
6766,146064,1,18,5000,0.713617661776504,0.1605278118141202
6766,146064,1,19,50,-0.2947551211685553,0.15823337987841415
6766,146064,1,19,100,-0.2792416937386313,0.15823337987841415
6766,146064,1,19,250,-0.2947551211685553,0.15823337987841415
6766,146064,1,19,500,-0.2792416937386313,0.15823337987841415
6766,146064,1,19,1000,-0.2792416937386313,0.15823337987841415
6766,146064,1,19,2000,-0.2792416937386313,0.15823337987841415
6766,146064,1,19,5000,-0.2792416937386313,0.15823337987841415
6766,146064,1,20,50,-0.21718798401893524,0.1676526692804766
6766,146064,1,20,100,-0.21718798401893524,0.1676526692804766
6766,146064,1,20,250,-0.3102685485984793,0.1676526692804766
6766,146064,1,20,500,0.713617661776504,0.1676526692804766
6766,146064,1,20,1000,-0.3102685485984793,0.1676526692804766
6766,146064,1,20,2000,0.729131089206428,0.1676526692804766
6766,146064,1,20,5000,0.729131089206428,0.1676526692804766
6766,146064,1,21,50,-0.3102685485984793,0.20264621902152427
6766,146064,1,21,100,-0.3102685485984793,0.20264621902152427
6766,146064,1,21,250,-0.24821483887878326,0.20264621902152427
6766,146064,1,21,500,-0.2792416937386313,0.20264621902152427
6766,146064,1,21,1000,-0.26372826630870727,0.20264621902152427
6766,146064,1,21,2000,-0.26372826630870727,0.20264621902152427
6766,146064,1,21,5000,-0.26372826630870727,0.20264621902152427
6766,146064,1,22,50,-0.21718798401893524,0.1508672997597825
6766,146064,1,22,100,-0.21718798401893524,0.1508672997597825
6766,146064,1,22,250,-0.26372826630870727,0.1508672997597825
6766,146064,1,22,500,-0.24821483887878326,0.1508672997597825
6766,146064,1,22,1000,0.744644516636352,0.1508672997597825
6766,146064,1,22,2000,-0.26372826630870727,0.1508672997597825
6766,146064,1,22,5000,-0.26372826630870727,0.1508672997597825
6766,146064,1,23,50,0.6683050500798264,0.13729655824354547
6766,146064,1,23,100,-0.23270141144885925,0.13729655824354547
6766,146064,1,23,250,-0.23270141144885925,0.13729655824354547
6766,146064,1,23,500,0.6683050500798264,0.13729655824354547
6766,146064,1,23,1000,-0.1506703786368433,0.13729655824354547
6766,146064,1,23,2000,0.729131089206428,0.13729655824354547
6766,146064,1,23,5000,0.729131089206428,0.13729655824354547
6766,146064,1,24,50,-0.24821483887878326,0.1564802720274982
6766,146064,1,24,100,-0.24821483887878326,0.1564802720274982
6766,146064,1,24,250,-0.24821483887878326,0.1564802720274982
6766,146064,1,24,500,-0.26372826630870727,0.1564802720274982
6766,146064,1,24,1000,-0.26372826630870727,0.1564802720274982
6766,146064,1,24,2000,-0.26372826630870727,0.1564802720274982
6766,146064,1,24,5000,-0.26372826630870727,0.1564802720274982
6766,146064,2,5,50,0.713617661776504,0.36820576650323394
6766,146064,2,5,100,-0.2792416937386313,0.36820576650323394
6766,146064,2,5,250,-0.2792416937386313,0.36820576650323394
6766,146064,2,5,500,-0.2792416937386313,0.36820576650323394
6766,146064,2,5,1000,-0.24821483887878326,0.36820576650323394
6766,146064,2,5,2000,-0.2792416937386313,0.36820576650323394
6766,146064,2,5,5000,-0.2792416937386313,0.36820576650323394
6766,146064,2,6,50,0.760157944066276,0.35035831251259725
6766,146064,2,6,100,0.760157944066276,0.35035831251259725
6766,146064,2,6,250,0.69810423434658,0.35035831251259725
6766,146064,2,6,500,0.69810423434658,0.35035831251259725
6766,146064,2,6,1000,0.69810423434658,0.35035831251259725
6766,146064,2,6,2000,0.69810423434658,0.35035831251259725
6766,146064,2,6,5000,0.69810423434658,0.35035831251259725
6766,146064,2,7,50,0.69810423434658,0.35114285263669576
6766,146064,2,7,100,-0.2792416937386313,0.35114285263669576
6766,146064,2,7,250,-0.2792416937386313,0.35114285263669576
6766,146064,2,7,500,-0.2792416937386313,0.35114285263669576
6766,146064,2,7,1000,-0.2792416937386313,0.35114285263669576
6766,146064,2,7,2000,-0.2792416937386313,0.35114285263669576
6766,146064,2,7,5000,-0.2792416937386313,0.35114285263669576
6766,146064,2,8,50,-0.26372826630870727,0.34719191184417686
6766,146064,2,8,100,-0.24821483887878326,0.34719191184417686
6766,146064,2,8,250,-0.26372826630870727,0.34719191184417686
6766,146064,2,8,500,-0.26372826630870727,0.34719191184417686
6766,146064,2,8,1000,-0.26372826630870727,0.34719191184417686
6766,146064,2,8,2000,-0.26372826630870727,0.34719191184417686
6766,146064,2,8,5000,-0.26372826630870727,0.34719191184417686
6766,146064,2,9,50,0.713617661776504,0.31794329596826476
6766,146064,2,9,100,-0.2792416937386313,0.31794329596826476
6766,146064,2,9,250,0.713617661776504,0.31794329596826476
6766,146064,2,9,500,-0.2792416937386313,0.31794329596826476
6766,146064,2,9,1000,-0.2792416937386313,0.31794329596826476
6766,146064,2,9,2000,0.713617661776504,0.31794329596826476
6766,146064,2,9,5000,-0.2792416937386313,0.31794329596826476
6766,146064,2,10,50,-0.2792416937386313,0.2983321544539821
6766,146064,2,10,100,0.729131089206428,0.2983321544539821
6766,146064,2,10,250,0.729131089206428,0.2983321544539821
6766,146064,2,10,500,-0.26372826630870727,0.2983321544539821
6766,146064,2,10,1000,0.729131089206428,0.2983321544539821
6766,146064,2,10,2000,-0.26372826630870727,0.2983321544539821
6766,146064,2,10,5000,-0.26372826630870727,0.2983321544539821
6766,146064,2,11,50,-0.2792416937386313,0.3228586016700584
6766,146064,2,11,100,-0.2792416937386313,0.3228586016700584
6766,146064,2,11,250,-0.26372826630870727,0.3228586016700584
6766,146064,2,11,500,-0.2792416937386313,0.3228586016700584
6766,146064,2,11,1000,-0.26372826630870727,0.3228586016700584
6766,146064,2,11,2000,-0.26372826630870727,0.3228586016700584
6766,146064,2,11,5000,0.729131089206428,0.3228586016700584
6766,146064,2,12,50,-0.2792416937386313,0.2283328198299723
6766,146064,2,12,100,-0.2792416937386313,0.2283328198299723
6766,146064,2,12,250,-0.2792416937386313,0.2283328198299723
6766,146064,2,12,500,-0.2792416937386313,0.2283328198299723
6766,146064,2,12,1000,-0.2792416937386313,0.2283328198299723
6766,146064,2,12,2000,-0.2792416937386313,0.2283328198299723
6766,146064,2,12,5000,-0.2792416937386313,0.2283328198299723
6766,146064,2,13,50,0.69810423434658,0.24842747732311862
6766,146064,2,13,100,0.69810423434658,0.24842747732311862
6766,146064,2,13,250,-0.26372826630870727,0.24842747732311862
6766,146064,2,13,500,-0.26372826630870727,0.24842747732311862
6766,146064,2,13,1000,-0.26372826630870727,0.24842747732311862
6766,146064,2,13,2000,-0.26372826630870727,0.24842747732311862
6766,146064,2,13,5000,-0.26372826630870727,0.24842747732311862
6766,146064,2,14,50,-0.2947551211685553,0.24293267839038585
6766,146064,2,14,100,0.744644516636352,0.24293267839038585
6766,146064,2,14,250,0.729131089206428,0.24293267839038585
6766,146064,2,14,500,0.729131089206428,0.24293267839038585
6766,146064,2,14,1000,0.729131089206428,0.24293267839038585
6766,146064,2,14,2000,0.729131089206428,0.24293267839038585
6766,146064,2,14,5000,0.729131089206428,0.24293267839038585
6766,146064,2,15,50,-0.23270141144885925,0.23038174705940814
6766,146064,2,15,100,-0.24821483887878326,0.23038174705940814
6766,146064,2,15,250,-0.26372826630870727,0.23038174705940814
6766,146064,2,15,500,-0.26372826630870727,0.23038174705940814
6766,146064,2,15,1000,-0.26372826630870727,0.23038174705940814
6766,146064,2,15,2000,-0.26372826630870727,0.23038174705940814
6766,146064,2,15,5000,-0.26372826630870727,0.23038174705940814
6766,146064,2,16,50,-0.3257819760284033,0.21976584065932048
6766,146064,2,16,100,-0.26372826630870727,0.21976584065932048
6766,146064,2,16,250,-0.26372826630870727,0.21976584065932048
6766,146064,2,16,500,-0.26372826630870727,0.21976584065932048
6766,146064,2,16,1000,-0.26372826630870727,0.21976584065932048
6766,146064,2,16,2000,-0.26372826630870727,0.21976584065932048
6766,146064,2,16,5000,-0.26372826630870727,0.21976584065932048
6766,146064,2,17,50,0.713617661776504,0.22750454155033403
6766,146064,2,17,100,0.729131089206428,0.22750454155033403
6766,146064,2,17,250,-0.26372826630870727,0.22750454155033403
6766,146064,2,17,500,-0.26372826630870727,0.22750454155033403
6766,146064,2,17,1000,-0.26372826630870727,0.22750454155033403
6766,146064,2,17,2000,-0.26372826630870727,0.22750454155033403
6766,146064,2,17,5000,-0.26372826630870727,0.22750454155033403
6766,146064,2,18,50,0.729131089206428,0.23801105161935437
6766,146064,2,18,100,0.729131089206428,0.23801105161935437
6766,146064,2,18,250,0.729131089206428,0.23801105161935437
6766,146064,2,18,500,0.37913228063765436,0.23801105161935437
6766,146064,2,18,1000,0.729131089206428,0.23801105161935437
6766,146064,2,18,2000,0.729131089206428,0.23801105161935437
6766,146064,2,18,5000,0.729131089206428,0.23801105161935437
6766,146064,2,19,50,-0.2792416937386313,0.20839813876451432
6766,146064,2,19,100,-0.26372826630870727,0.20839813876451432
6766,146064,2,19,250,-0.2792416937386313,0.20839813876451432
6766,146064,2,19,500,-0.2792416937386313,0.20839813876451432
6766,146064,2,19,1000,0.729131089206428,0.20839813876451432
6766,146064,2,19,2000,-0.26372826630870727,0.20839813876451432
6766,146064,2,19,5000,-0.26372826630870727,0.20839813876451432
6766,146064,2,20,50,0.729131089206428,0.17761319757779884
6766,146064,2,20,100,-0.26372826630870727,0.17761319757779884
6766,146064,2,20,250,-0.26372826630870727,0.17761319757779884
6766,146064,2,20,500,-0.26372826630870727,0.17761319757779884
6766,146064,2,20,1000,-0.26372826630870727,0.17761319757779884
6766,146064,2,20,2000,-0.26372826630870727,0.17761319757779884
6766,146064,2,20,5000,-0.26372826630870727,0.17761319757779884
6766,146064,2,21,50,0.7756713714962,0.17636951505011697
6766,146064,2,21,100,-0.3102685485984793,0.17636951505011697
6766,146064,2,21,250,-0.2947551211685553,0.17636951505011697
6766,146064,2,21,500,-0.26372826630870727,0.17636951505011697
6766,146064,2,21,1000,-0.2947551211685553,0.17636951505011697
6766,146064,2,21,2000,-0.26372826630870727,0.17636951505011697
6766,146064,2,21,5000,0.729131089206428,0.17636951505011697
6766,146064,2,22,50,0.682590806916656,0.21622204177484028
6766,146064,2,22,100,-0.26372826630870727,0.21622204177484028
6766,146064,2,22,250,-0.2792416937386313,0.21622204177484028
6766,146064,2,22,500,-0.1506703786368433,0.21622204177484028
6766,146064,2,22,1000,-0.26372826630870727,0.21622204177484028
6766,146064,2,22,2000,-0.26372826630870727,0.21622204177484028
6766,146064,2,22,5000,0.729131089206428,0.21622204177484028
6766,146064,2,23,50,-0.3102685485984793,0.157718338361857
6766,146064,2,23,100,-0.2253353878902924,0.157718338361857
6766,146064,2,23,250,-0.2947551211685553,0.157718338361857
6766,146064,2,23,500,-0.2947551211685553,0.157718338361857
6766,146064,2,23,1000,-0.26372826630870727,0.157718338361857
6766,146064,2,23,2000,-0.2792416937386313,0.157718338361857
6766,146064,2,23,5000,-0.2792416937386313,0.157718338361857
6766,146064,2,24,50,-0.4343759680378714,0.1609731917696171
6766,146064,2,24,100,-0.2457594976925943,0.1609731917696171
6766,146064,2,24,250,-0.23270141144885925,0.1609731917696171
6766,146064,2,24,500,-0.24821483887878326,0.1609731917696171
6766,146064,2,24,1000,-0.23270141144885925,0.1609731917696171
6766,146064,2,24,2000,0.729131089206428,0.1609731917696171
6766,146064,2,24,5000,-0.26372826630870727,0.1609731917696171
6766,145953,0,5,50,-0.22168640918627047,0.23655626193118198
6766,145953,0,5,100,-0.21470296946837542,0.23655626193118198
6766,145953,0,5,250,-0.23006475137258464,0.23655626193118198
6766,145953,0,5,500,-0.18607064344061142,0.23655626193118198
6766,145953,0,5,1000,-0.2042266939695584,0.23655626193118198
6766,145953,0,5,2000,-0.20073609003258563,0.23655626193118198
6766,145953,0,5,5000,-0.16442398897469157,0.23655626193118198
6766,145953,0,6,50,-0.09222348848368533,0.21229695702998286
6766,145953,0,6,100,-0.05660772273802628,0.21229695702998286
6766,145953,0,6,250,-0.05660772273802628,0.21229695702998286
6766,145953,0,6,500,-0.07895517620407999,0.21229695702998286
6766,145953,0,6,1000,-0.09571409242065809,0.21229695702998286
6766,145953,0,6,2000,-0.11456871010578962,0.21229695702998286
6766,145953,0,6,5000,-0.07336887079855392,0.21229695702998286
6766,145953,0,7,50,-0.14586289364147664,0.23243781573697989
6766,145953,0,7,100,-0.1514491990470027,0.23243781573697989
6766,145953,0,7,250,-0.10675652395884494,0.23243781573697989
6766,145953,0,7,500,-0.10256735286568774,0.23243781573697989
6766,145953,0,7,1000,-0.10675652395884494,0.23243781573697989
6766,145953,0,7,2000,-0.14726002795384552,0.23243781573697989
6766,145953,0,7,5000,-0.1388794539235818,0.23243781573697989
6766,145953,0,8,50,-0.057535716477703835,0.2076365001701098
6766,145953,0,8,100,-0.07231038393295453,0.2076365001701098
6766,145953,0,8,250,-0.05628173403115633,0.2076365001701098
6766,145953,0,8,500,-0.07580098786992728,0.2076365001701098
6766,145953,0,8,1000,-0.07580098786992728,0.2076365001701098
6766,145953,0,8,2000,-0.07510242071374273,0.2076365001701098
6766,145953,0,8,5000,-0.07300895108913896,0.2076365001701098
6766,145953,0,9,50,-0.03946559194081056,0.19781880233620108
6766,145953,0,9,100,-0.03717439489130869,0.19781880233620108
6766,145953,0,9,250,-0.038594196368789135,0.19781880233620108
6766,145953,0,9,500,-0.04086272625317955,0.19781880233620108
6766,145953,0,9,1000,-0.038769256628575666,0.19781880233620108
6766,145953,0,9,2000,-0.040164159096995,0.19781880233620108
6766,145953,0,9,5000,-0.040164159096995,0.19781880233620108
6766,145953,0,10,50,-0.005707208576976819,0.1752464308863685
6766,145953,0,10,100,-0.024561826262108233,0.1752464308863685
6766,145953,0,10,250,0.8195160804356553,0.1752464308863685
6766,145953,0,10,500,0.7038343776503142,0.1752464308863685
6766,145953,0,10,1000,0.7038343776503142,0.1752464308863685
6766,145953,0,10,2000,0.7038343776503142,0.1752464308863685
6766,145953,0,10,5000,0.7038343776503142,0.1752464308863685
6766,145953,0,11,50,-0.32825608595946976,0.1798100739023744
6766,145953,0,11,100,-0.08412635863500462,0.1798100739023744
6766,145953,0,11,250,-0.08412635863500462,0.1798100739023744
6766,145953,0,11,500,-0.08412635863500462,0.1798100739023744
6766,145953,0,11,1000,-0.08412635863500462,0.1798100739023744
6766,145953,0,11,2000,-0.08412635863500462,0.1798100739023744
6766,145953,0,11,5000,-0.08412635863500462,0.1798100739023744
6766,145953,0,12,50,0.6555845269048788,0.1882150506550182
6766,145953,0,12,100,-0.14566586366781287,0.1882150506550182
6766,145953,0,12,250,-0.22948621557380744,0.1882150506550182
6766,145953,0,12,500,-0.22948621557380744,0.1882150506550182
6766,145953,0,12,1000,-0.16903797761460526,0.1882150506550182
6766,145953,0,12,2000,0.6555845269048788,0.1882150506550182
6766,145953,0,12,5000,0.6129853214413249,0.1882150506550182
6766,145953,0,13,50,-0.028185434149444633,0.16878344582731283
6766,145953,0,13,100,-0.3036190047091909,0.16878344582731283
6766,145953,0,13,250,0.5433602642503237,0.16878344582731283
6766,145953,0,13,500,-0.25337147926616976,0.16878344582731283
6766,145953,0,13,1000,-0.2521821505490337,0.16878344582731283
6766,145953,0,13,2000,-0.2521821505490337,0.16878344582731283
6766,145953,0,13,5000,-0.2521821505490337,0.16878344582731283
6766,145953,0,14,50,-0.032089347687809466,0.16120937034361785
6766,145953,0,14,100,-0.16234900180779366,0.16120937034361785
6766,145953,0,14,250,-0.09814718592376048,0.16120937034361785
6766,145953,0,14,500,0.7322255250412891,0.16120937034361785
6766,145953,0,14,1000,-0.2123675888831853,0.16120937034361785
6766,145953,0,14,2000,0.18543714848457793,0.16120937034361785
6766,145953,0,14,5000,0.14028607357273576,0.16120937034361785
6766,145953,0,15,50,-0.06894828538588627,0.19335200748057876
6766,145953,0,15,100,-0.11138184618131486,0.19335200748057876
6766,145953,0,15,250,-0.1120804133374993,0.19335200748057876
6766,145953,0,15,500,-0.1120804133374993,0.19335200748057876
6766,145953,0,15,1000,-0.1120804133374993,0.19335200748057876
6766,145953,0,15,2000,-0.11068551086907996,0.19335200748057876
6766,145953,0,15,5000,-0.10928837655671098,0.19335200748057876
6766,145953,0,16,50,-0.0026296003883401475,0.13023668456078707
6766,145953,0,16,100,-0.007703906842833286,0.13023668456078707
6766,145953,0,16,250,-0.28763272496987025,0.13023668456078707
6766,145953,0,16,500,0.7871422075168505,0.13023668456078707
6766,145953,0,16,1000,-0.06498773880730258,0.13023668456078707
6766,145953,0,16,2000,0.40987277094585545,0.13023668456078707
6766,145953,0,16,5000,0.6015843650961926,0.13023668456078707
6766,145953,0,17,50,-0.07792901620318748,0.13163210899448424
6766,145953,0,17,100,-0.15773476905994777,0.13163210899448424
6766,145953,0,17,250,-0.03163188942329154,0.13163210899448424
6766,145953,0,17,500,0.7485379678502879,0.13163210899448424
6766,145953,0,17,1000,0.24793795055349727,0.13163210899448424
6766,145953,0,17,2000,-0.16385518262063126,0.13163210899448424
6766,145953,0,17,5000,0.7485379678502879,0.13163210899448424
6766,145953,0,18,50,-0.040307659688434305,0.15061774474527512
6766,145953,0,18,100,-0.014184065750122987,0.15061774474527512
6766,145953,0,18,250,-0.03751339106369678,0.15061774474527512
6766,145953,0,18,500,-0.04524892732000163,0.15061774474527512
6766,145953,0,18,1000,-0.04378665106235757,0.15061774474527512
6766,145953,0,18,2000,-0.04448521821854201,0.15061774474527512
6766,145953,0,18,5000,-0.04378665106235757,0.15061774474527512
6766,145953,0,19,50,0.003829356001428197,0.12141701266404405
6766,145953,0,19,100,0.0516744409230907,0.12141701266404405
6766,145953,0,19,250,-0.02604530503727176,0.12141701266404405
6766,145953,0,19,500,0.6555953373990092,0.12141701266404405
6766,145953,0,19,1000,0.6555953373990092,0.12141701266404405
6766,145953,0,19,2000,0.6555953373990092,0.12141701266404405
6766,145953,0,19,5000,0.7600602807101728,0.12141701266404405
6766,145953,0,20,50,-0.0005892416752214524,0.11773263928797804
6766,145953,0,20,100,0.029186974121769627,0.11773263928797804
6766,145953,0,20,250,-0.12930951630362053,0.11773263928797804
6766,145953,0,20,500,-0.012220670780698883,0.11773263928797804
6766,145953,0,20,1000,0.6438765873990092,0.11773263928797804
6766,145953,0,20,2000,-0.16584107039235807,0.11773263928797804
6766,145953,0,20,5000,0.651208996841941,0.11773263928797804
6766,145953,0,21,50,-0.18130237858768894,0.14717955517654116
6766,145953,0,21,100,0.01786078454894391,0.14717955517654116
6766,145953,0,21,250,0.6381586380730261,0.14717955517654116
6766,145953,0,21,500,-0.012941033287952375,0.14717955517654116
6766,145953,0,21,1000,0.012089549948667289,0.14717955517654116
6766,145953,0,21,2000,0.012089549948667289,0.14717955517654116
6766,145953,0,21,5000,-0.18130237858768894,0.14717955517654116
6766,145953,0,22,50,-0.20339819164843997,0.18150988582594116
6766,145953,0,22,100,-0.0697672674976566,0.18150988582594116
6766,145953,0,22,250,-0.1257856788153372,0.18150988582594116
6766,145953,0,22,500,-0.11891233177476235,0.18150988582594116
6766,145953,0,22,1000,-0.1180070400727582,0.18150988582594116
6766,145953,0,22,2000,-0.08399513318528773,0.18150988582594116
6766,145953,0,22,5000,-0.1257856788153372,0.18150988582594116
6766,145953,0,23,50,0.006065977491853558,0.16050106080701457
6766,145953,0,23,100,-0.18101970160246383,0.16050106080701457
6766,145953,0,23,250,-0.034217585256439365,0.16050106080701457
6766,145953,0,23,500,-0.14976970160246372,0.16050106080701457
6766,145953,0,23,1000,-0.061648970004017256,0.16050106080701457
6766,145953,0,23,2000,-0.06301335898094007,0.16050106080701457
6766,145953,0,23,5000,-0.05846336149176434,0.16050106080701457
6766,145953,0,24,50,-0.012570930790518853,0.1627536892208865
6766,145953,0,24,100,0.00824969730616465,0.1627536892208865
6766,145953,0,24,250,-0.09013842314645348,0.1627536892208865
6766,145953,0,24,500,-0.06675556845065411,0.1627536892208865
6766,145953,0,24,1000,-0.06675556845065411,0.1627536892208865
6766,145953,0,24,2000,-0.06675556845065411,0.1627536892208865
6766,145953,0,24,5000,-0.06675556845065411,0.1627536892208865
6766,145953,1,5,50,-0.0792603459916087,0.2636500464127432
6766,145953,1,5,100,-0.0757675102106864,0.2636500464127432
6766,145953,1,5,250,-0.07087977196134498,0.2636500464127432
6766,145953,1,5,500,-0.0757675102106864,0.2636500464127432
6766,145953,1,5,1000,-0.06878630233674121,0.2636500464127432
6766,145953,1,5,2000,-0.07367404058608262,0.2636500464127432
6766,145953,1,5,5000,-0.0792603459916087,0.2636500464127432
6766,145953,1,6,50,-0.048086333303576256,0.2526372678769648
6766,145953,1,6,100,-0.05365133157389723,0.2526372678769648
6766,145953,1,6,250,-0.1930981969490696,0.2526372678769648
6766,145953,1,6,500,-0.12266475890505746,0.2526372678769648
6766,145953,1,6,1000,-0.11777702065571583,0.2526372678769648
6766,145953,1,6,2000,-0.12266475890505746,0.2526372678769648
6766,145953,1,6,5000,-0.12266475890505746,0.2526372678769648
6766,145953,1,7,50,-0.017653502042138003,0.2140767234199853
6766,145953,1,7,100,-0.17797365308217616,0.2140767234199853
6766,145953,1,7,250,0.6783683407356161,0.2140767234199853
6766,145953,1,7,500,-0.1828613913315178,0.2140767234199853
6766,145953,1,7,1000,-0.059783008972012275,0.2140767234199853
6766,145953,1,7,2000,-0.2539267550662856,0.2140767234199853
6766,145953,1,7,5000,0.6378423090657506,0.2140767234199853
6766,145953,1,8,50,-0.030211878710441065,0.1509378994413661
6766,145953,1,8,100,-0.01633287813016182,0.1509378994413661
6766,145953,1,8,250,0.6916800344819893,0.1509378994413661
6766,145953,1,8,500,0.14489165792527814,0.1509378994413661
6766,145953,1,8,1000,-0.15963152256394209,0.1509378994413661
6766,145953,1,8,2000,-0.15963152256394209,0.1509378994413661
6766,145953,1,8,5000,-0.146559752042137,0.1509378994413661
6766,145953,1,9,50,0.7992214003146901,0.1523906549627695
6766,145953,1,9,100,-0.18704153043119198,0.1523906549627695
6766,145953,1,9,250,-0.04581553670267369,0.1523906549627695
6766,145953,1,9,500,-0.17315105677810982,0.1523906549627695
6766,145953,1,9,1000,-0.1782578644601167,0.1523906549627695
6766,145953,1,9,2000,0.6676962209302328,0.1523906549627695
6766,145953,1,9,5000,-0.2457774907378475,0.1523906549627695
6766,145953,1,10,50,-0.48507266046957953,0.15583275401881347
6766,145953,1,10,100,0.42860763625407355,0.15583275401881347
6766,145953,1,10,250,0.790142851961791,0.15583275401881347
6766,145953,1,10,500,-0.05767695035263121,0.15583275401881347
6766,145953,1,10,1000,0.7943110297727985,0.15583275401881347
6766,145953,1,10,2000,0.6911554814087402,0.15583275401881347
6766,145953,1,10,5000,0.6911554814087402,0.15583275401881347
6766,145953,1,11,50,-0.0021813833526767024,0.11752610422131132
6766,145953,1,11,100,0.827896166250056,0.11752610422131132
6766,145953,1,11,250,0.6043008330357543,0.11752610422131132
6766,145953,1,11,500,-0.21587956970048638,0.11752610422131132
6766,145953,1,11,1000,0.32439335691648447,0.11752610422131132
6766,145953,1,11,2000,-0.29027383330357515,0.11752610422131132
6766,145953,1,11,5000,0.6195771422912112,0.11752610422131132
6766,145953,1,12,50,-0.029928678636790385,0.16315317354212225
6766,145953,1,12,100,-0.08928753264071831,0.16315317354212225
6766,145953,1,12,250,-0.09696730767084827,0.16315317354212225
6766,145953,1,12,500,-0.08579469685979624,0.16315317354212225
6766,145953,1,12,1000,-0.08928753264071831,0.16315317354212225
6766,145953,1,12,2000,-0.0913810022653222,0.16315317354212225
6766,145953,1,12,5000,-0.09417527089005995,0.16315317354212225
6766,145953,1,13,50,-0.034316448968888746,0.10780405262557907
6766,145953,1,13,100,-0.008171582767933616,0.10780405262557907
6766,145953,1,13,250,-0.03970509669463984,0.10780405262557907
6766,145953,1,13,500,0.7393069915301523,0.10780405262557907
6766,145953,1,13,1000,-0.032723888820694325,0.10780405262557907
6766,145953,1,13,2000,-0.1837900825224299,0.10780405262557907
6766,145953,1,13,5000,0.27564179462571986,0.10780405262557907
6766,145953,1,14,50,0.014336737825290657,0.09562985021637134
6766,145953,1,14,100,-0.03018153958175318,0.09562985021637134
6766,145953,1,14,250,-0.034806478206044655,0.09562985021637134
6766,145953,1,14,500,-0.031904383620497634,0.09562985021637134
6766,145953,1,14,1000,-0.22434725538990297,0.09562985021637134
6766,145953,1,14,2000,-0.035069277831094814,0.09562985021637134
6766,145953,1,14,5000,0.5662193679417937,0.09562985021637134
6766,145953,1,15,50,-0.02438571982547033,0.16781295132448384
6766,145953,1,15,100,-0.03347647357496808,0.16781295132448384
6766,145953,1,15,250,-0.02438571982547033,0.16781295132448384
6766,145953,1,15,500,-0.08743290519126945,0.16781295132448384
6766,145953,1,15,1000,-0.08603577087890046,0.16781295132448384
6766,145953,1,15,2000,-0.08310037299692041,0.16781295132448384
6766,145953,1,15,5000,-0.07891120190376322,0.16781295132448384
6766,145953,1,16,50,0.6832652504686875,0.1675556821458357
6766,145953,1,16,100,-0.0331383840891849,0.1675556821458357
6766,145953,1,16,250,0.7258644559322414,0.1675556821458357
6766,145953,1,16,500,0.6461025378855512,0.1675556821458357
6766,145953,1,16,1000,0.014141695587643999,0.1675556821458357
6766,145953,1,16,2000,0.6461025378855512,0.1675556821458357
6766,145953,1,16,5000,0.6327798244096774,0.1675556821458357
6766,145953,1,17,50,-0.014337958364951997,0.18295847759412448
6766,145953,1,17,100,-0.2603869319957146,0.18295847759412448
6766,145953,1,17,250,0.01721867607016858,0.18295847759412448
6766,145953,1,17,500,-0.18287499163058507,0.18295847759412448
6766,145953,1,17,1000,0.5938815044302103,0.18295847759412448
6766,145953,1,17,2000,0.5938815044302103,0.18295847759412448
6766,145953,1,17,5000,0.593717847498103,0.18295847759412448
6766,145953,1,18,50,-0.17701399505646587,0.19526960930970158
6766,145953,1,18,100,-0.17701399505646587,0.19526960930970158
6766,145953,1,18,250,-0.19319524728830983,0.19526960930970158
6766,145953,1,18,500,-0.1850982220573142,0.19526960930970158
6766,145953,1,18,1000,-0.1893878610007591,0.19526960930970158
6766,145953,1,18,2000,-0.18799072668839023,0.19526960930970158
6766,145953,1,18,5000,-0.19319524728830983,0.19526960930970158
6766,145953,1,19,50,-0.1287206582265773,0.18342122114001405
6766,145953,1,19,100,-0.1802655127103513,0.18342122114001405
6766,145953,1,19,250,-0.181390815404187,0.18342122114001405
6766,145953,1,19,500,-0.18456529956925438,0.18342122114001405
6766,145953,1,19,1000,-0.18698880311788602,0.18342122114001405
6766,145953,1,19,2000,-0.18698880311788602,0.18342122114001405
6766,145953,1,19,5000,-0.18838370558630535,0.18342122114001405
6766,145953,1,20,50,-0.03631251952863468,0.17328011288705591
6766,145953,1,20,100,-0.08407021381065061,0.17328011288705591
6766,145953,1,20,250,-0.09707883012319807,0.17328011288705591
6766,145953,1,20,500,-0.1203850698009199,0.17328011288705591
6766,145953,1,20,1000,-0.1231771065817081,0.17328011288705591
6766,145953,1,20,2000,-0.11907525638307404,0.17328011288705591
6766,145953,1,20,5000,-0.12428050930678924,0.17328011288705591
6766,145953,1,21,50,-0.09915057414185646,0.175757878523598
6766,145953,1,21,100,-0.30227602748515814,0.175757878523598
6766,145953,1,21,250,-0.075516671874303,0.175757878523598
6766,145953,1,21,500,-0.06946087717046878,0.175757878523598
6766,145953,1,21,1000,-0.0970446898852837,0.175757878523598
6766,145953,1,21,2000,-0.1256759348636347,0.175757878523598
6766,145953,1,21,5000,-0.13184091555818456,0.175757878523598
6766,145953,1,22,50,-0.3469360967281164,0.17281381238668694
6766,145953,1,22,100,0.09275546941257884,0.17281381238668694
6766,145953,1,22,250,-0.164977556019283,0.17281381238668694
6766,145953,1,22,500,-0.1418805168392624,0.17281381238668694
6766,145953,1,22,1000,0.6681761719970541,0.17281381238668694
6766,145953,1,22,2000,-0.19780020393474074,0.17281381238668694
6766,145953,1,22,5000,-0.19775661323260263,0.17281381238668694
6766,145953,1,23,50,-0.3500999447618621,0.17263486101399697
6766,145953,1,23,100,0.5701276056778113,0.17263486101399697
6766,145953,1,23,250,-0.28456624112842,0.17263486101399697
6766,145953,1,23,500,-0.1898453192652768,0.17263486101399697
6766,145953,1,23,1000,-0.17652260578940304,0.17263486101399697
6766,145953,1,23,2000,-0.1972118689461232,0.17263486101399697
6766,145953,1,23,5000,-0.015592498772485697,0.17263486101399697
6766,145953,1,24,50,-0.08583895014060605,0.16882374751040752
6766,145953,1,24,100,0.015318958398428117,0.16882374751040752
6766,145953,1,24,250,-0.3531019492367091,0.16882374751040752
6766,145953,1,24,500,-0.14203238684551167,0.16882374751040752
6766,145953,1,24,1000,-0.11994801198500193,0.16882374751040752
6766,145953,1,24,2000,0.6393158840333885,0.16882374751040752
6766,145953,1,24,5000,0.5967166785698346,0.16882374751040752
6766,145953,2,5,50,-0.2756416202629114,0.3332427691995515
6766,145953,2,5,100,-0.21768063289514805,0.3332427691995515
6766,145953,2,5,250,-0.24002808636120176,0.3332427691995515
6766,145953,2,5,500,0.7110900674574833,0.3332427691995515
6766,145953,2,5,1000,-0.22675977408159642,0.3332427691995515
6766,145953,2,5,2000,0.6675539408784538,0.3332427691995515
6766,145953,2,5,5000,0.6820659830714636,0.3332427691995515
6766,145953,2,6,50,-0.23219267508815788,0.3015005467611336
6766,145953,2,6,100,-0.2915507967682901,0.3015005467611336
6766,145953,2,6,250,0.6965780252644734,0.3015005467611336
6766,145953,2,6,500,0.6965780252644734,0.3015005467611336
6766,145953,2,6,1000,-0.15607563719144768,0.3015005467611336
6766,145953,2,6,2000,0.6965780252644734,0.3015005467611336
6766,145953,2,6,5000,-0.28456735705039504,0.3015005467611336
6766,145953,2,7,50,0.6966653461589966,0.2479791507068623
6766,145953,2,7,100,0.6388791400705264,0.2479791507068623
6766,145953,2,7,250,0.6531292195799671,0.2479791507068623
6766,145953,2,7,500,0.6684271498236843,0.2479791507068623
6766,145953,2,7,1000,0.6684271498236843,0.2479791507068623
6766,145953,2,7,2000,0.6684271498236843,0.2479791507068623
6766,145953,2,7,5000,0.6684271498236843,0.2479791507068623
6766,145953,2,8,50,0.6824152666495559,0.22500490252344946
6766,145953,2,8,100,0.6830265129112174,0.22500490252344946
6766,145953,2,8,250,0.6830265129112174,0.22500490252344946
6766,145953,2,8,500,0.6830265129112174,0.22500490252344946
6766,145953,2,8,1000,0.6830265129112174,0.22500490252344946
6766,145953,2,8,2000,0.6830265129112174,0.22500490252344946
6766,145953,2,8,5000,0.6830265129112174,0.22500490252344946
6766,145953,2,9,50,-0.31010069800919526,0.151499245212617
6766,145953,2,9,100,-0.24306056945498367,0.151499245212617
6766,145953,2,9,250,-0.313591301946168,0.151499245212617
6766,145953,2,9,500,0.5952993530442353,0.151499245212617
6766,145953,2,9,1000,-0.31848127203945886,0.151499245212617
6766,145953,2,9,2000,-0.31917760735169387,0.151499245212617
6766,145953,2,9,5000,-0.3128927347899835,0.151499245212617
6766,145953,2,10,50,-0.11499502717270016,0.1780934575449206
6766,145953,2,10,100,0.6444004081484624,0.1780934575449206
6766,145953,2,10,250,0.6444004081484624,0.1780934575449206
6766,145953,2,10,500,0.6732061902981745,0.1780934575449206
6766,145953,2,10,1000,0.6444004081484624,0.1780934575449206
6766,145953,2,10,2000,0.6444004081484624,0.1780934575449206
6766,145953,2,10,5000,0.6444004081484624,0.1780934575449206
6766,145953,2,11,50,-0.11000828572066246,0.16629470230534507
6766,145953,2,11,100,0.7315599822010446,0.16629470230534507
6766,145953,2,11,250,0.7618171254965852,0.16629470230534507
6766,145953,2,11,500,0.7618171254965852,0.16629470230534507
6766,145953,2,11,1000,0.7618171254965852,0.16629470230534507
6766,145953,2,11,2000,0.12005709335803239,0.16629470230534507
6766,145953,2,11,5000,0.7618171254965852,0.16629470230534507
6766,145953,2,12,50,-0.254321826317904,0.24666896186187487
6766,145953,2,12,100,-0.2668915714413249,0.24666896186187487
6766,145953,2,12,250,-0.3023539327880197,0.24666896186187487
6766,145953,2,12,500,-0.2660395998861761,0.24666896186187487
6766,145953,2,12,1000,-0.2681353013547294,0.24666896186187487
6766,145953,2,12,2000,-0.26883386851091395,0.24666896186187487
6766,145953,2,12,5000,-0.3093351406619649,0.24666896186187487
6766,145953,2,13,50,-0.16519753213855282,0.17239038680296956
6766,145953,2,13,100,-0.1549841260099094,0.17239038680296956
6766,145953,2,13,250,-0.11238715239030483,0.17239038680296956
6766,145953,2,13,500,0.1222488338615364,0.17239038680296956
6766,145953,2,13,1000,-0.16519753213855282,0.17239038680296956
6766,145953,2,13,2000,-0.1549841260099094,0.17239038680296956
6766,145953,2,13,5000,-0.1549841260099094,0.17239038680296956
6766,145953,2,14,50,-0.17304382365085036,0.15046889568097566
6766,145953,2,14,100,-0.21516039286033117,0.15046889568097566
6766,145953,2,14,250,-0.21446182570414674,0.15046889568097566
6766,145953,2,14,500,-0.1830374628955943,0.15046889568097566
6766,145953,2,14,1000,-0.16208714374190947,0.15046889568097566
6766,145953,2,14,2000,-0.21166978892335842,0.15046889568097566
6766,145953,2,14,5000,-0.21865322864125347,0.15046889568097566
6766,145953,2,15,50,-0.261076711266348,0.14682862311608105
6766,145953,2,15,100,-0.18052768462929059,0.14682862311608105
6766,145953,2,15,250,-0.25356972977949366,0.14682862311608105
6766,145953,2,15,500,-0.25426606509172867,0.14682862311608105
6766,145953,2,15,1000,-0.24728485721778315,0.14682862311608105
6766,145953,2,15,2000,-0.25426606509172867,0.14682862311608105
6766,145953,2,15,5000,-0.25426606509172867,0.14682862311608105
6766,145953,2,16,50,-0.07156822607463342,0.1438790795456278
6766,145953,2,16,100,-0.03874672895371223,0.1438790795456278
6766,145953,2,16,250,0.6629932723853948,0.1438790795456278
6766,145953,2,16,500,0.6629932723853948,0.1438790795456278
6766,145953,2,16,1000,-0.00974349835959476,0.1438790795456278
6766,145953,2,16,2000,0.6629932723853948,0.1438790795456278
6766,145953,2,16,5000,-0.00974349835959476,0.1438790795456278
6766,145953,2,17,50,-0.29099419581082886,0.14489367974484174
6766,145953,2,17,100,-0.038877814913181874,0.14489367974484174
6766,145953,2,17,250,-0.2986218014886397,0.14489367974484174
6766,145953,2,17,500,-0.1962290555394366,0.14489367974484174
6766,145953,2,17,1000,-0.29308989727938195,0.14489367974484174
6766,145953,2,17,2000,-0.2386195138485916,0.14489367974484174
6766,145953,2,17,5000,0.2262026151631477,0.14489367974484174
6766,145953,2,18,50,-0.1087856188345312,0.15155499723917912
6766,145953,2,18,100,-0.09412017224255687,0.15155499723917912
6766,145953,2,18,250,-0.09024771375485452,0.15155499723917912
6766,145953,2,18,500,-0.12237064371959139,0.15155499723917912
6766,145953,2,18,1000,-0.1293540834374861,0.15155499723917912
6766,145953,2,18,2000,-0.12237064371959139,0.15155499723917912
6766,145953,2,18,5000,-0.1307512177498551,0.15155499723917912
6766,145953,2,19,50,-0.2664542695174753,0.15442109156871384
6766,145953,2,19,100,-0.27880640985582283,0.15442109156871384
6766,145953,2,19,250,-0.2892804535106904,0.15442109156871384
6766,145953,2,19,500,-0.10150761058786806,0.15442109156871384
6766,145953,2,19,1000,-0.1306961539749143,0.15442109156871384
6766,145953,2,19,2000,-0.11323867060215176,0.15442109156871384
6766,145953,2,19,5000,-0.1306961539749143,0.15442109156871384
6766,145953,2,20,50,-0.2664542695174753,0.162275657530742
6766,145953,2,20,100,-0.3730359773244654,0.162275657530742
6766,145953,2,20,250,-0.34531107022496965,0.162275657530742
6766,145953,2,20,500,-0.3215688189081818,0.162275657530742
6766,145953,2,20,1000,-0.25313155604160154,0.162275657530742
6766,145953,2,20,2000,-0.24754525063607546,0.162275657530742
6766,145953,2,20,5000,-0.07287629586439315,0.162275657530742
6766,145953,2,21,50,-0.2664542695174753,0.14664095090274362
6766,145953,2,21,100,-0.34138197869704945,0.14664095090274362
6766,145953,2,21,250,-0.3283865093402667,0.14664095090274362
6766,145953,2,21,500,-0.3065660151542202,0.14664095090274362
6766,145953,2,21,1000,-0.30935805193500854,0.14664095090274362
6766,145953,2,21,2000,-0.30935805193500854,0.14664095090274362
6766,145953,2,21,5000,-0.31354722302816573,0.14664095090274362
6766,145953,2,22,50,-0.0992935865174307,0.14959836873334473
6766,145953,2,22,100,-0.19079510835602376,0.14959836873334473
6766,145953,2,22,250,-0.1961979492143907,0.14959836873334473
6766,145953,2,22,500,-0.20295060231888595,0.14959836873334473
6766,145953,2,22,1000,-0.18381390048207824,0.14959836873334473
6766,145953,2,22,2000,-0.19009877304378875,0.14959836873334473
6766,145953,2,22,5000,-0.1712419235147078,0.14959836873334473
6766,145953,2,23,50,-0.04913442814578439,0.1355330836517336
6766,145953,2,23,100,-0.24855972832879514,0.1355330836517336
6766,145953,2,23,250,-0.16674852419318853,0.1355330836517336
6766,145953,2,23,500,-0.1699006550461991,0.1355330836517336
6766,145953,2,23,1000,-0.26877842113779404,0.1355330836517336
6766,145953,2,23,2000,-0.21269528634557877,0.1355330836517336
6766,145953,2,23,5000,-0.1908277839463467,0.1355330836517336
6766,145953,2,24,50,-0.10286104958041331,0.13617676212191573
6766,145953,2,24,100,-0.08391869253001827,0.13617676212191573
6766,145953,2,24,250,0.580765550372718,0.13617676212191573
6766,145953,2,24,500,-0.18238269567691834,0.13617676212191573
6766,145953,2,24,1000,-0.18093147402133647,0.13617676212191573
6766,145953,2,24,2000,-0.1800040382426461,0.13617676212191573
6766,145953,2,24,5000,-0.1800040382426461,0.13617676212191573
6766,145804,0,5,50,-0.7370578147920843,0.10664520234885945
6766,145804,0,5,100,0.2160631623656557,0.10664520234885945
6766,145804,0,5,250,-0.7714349665449209,0.10664520234885945
6766,145804,0,5,500,-0.07768590208963244,0.10664520234885945
6766,145804,0,5,1000,-0.3620585632278535,0.10664520234885945
6766,145804,0,5,2000,-0.7683094987725652,0.10664520234885945
6766,145804,0,5,5000,-0.7714349665449209,0.10664520234885945
6766,145804,0,6,50,-0.2910646592371947,0.2498821254533799
6766,145804,0,6,100,0.2869632779989817,0.2498821254533799
6766,145804,0,6,250,-0.2910646592371947,0.2498821254533799
6766,145804,0,6,500,0.3620593116636225,0.2498821254533799
6766,145804,0,6,1000,0.11831174407987277,0.2498821254533799
6766,145804,0,6,2000,0.3620593116636225,0.2498821254533799
6766,145804,0,6,5000,-0.2910646592371947,0.2498821254533799
6766,145804,0,7,50,-0.22817397576565046,0.2013253556348316
6766,145804,0,7,100,-0.22817397576565046,0.2013253556348316
6766,145804,0,7,250,0.018702053333532143,0.2013253556348316
6766,145804,0,7,500,0.18745036935305148,0.2013253556348316
6766,145804,0,7,1000,-0.22817397576565046,0.2013253556348316
6766,145804,0,7,2000,0.17495149200670523,0.2013253556348316
6766,145804,0,7,5000,-0.22504850799329457,0.2013253556348316
6766,145804,0,8,50,-0.18349572830284722,0.20262013328914066
6766,145804,0,8,100,-0.1861328417357725,0.20262013328914066
6766,145804,0,8,250,-0.1861328417357725,0.20262013328914066
6766,145804,0,8,500,-0.1861328417357725,0.20262013328914066
6766,145804,0,8,1000,-0.1861328417357725,0.20262013328914066
6766,145804,0,8,2000,-0.1861328417357725,0.20262013328914066
6766,145804,0,8,5000,-0.1861328417357725,0.20262013328914066
6766,145804,0,9,50,-0.023876083360776068,0.20667693233036616
6766,145804,0,9,100,-0.07094698642337549,0.20667693233036616
6766,145804,0,9,250,0.016944258374996135,0.20667693233036616
6766,145804,0,9,500,0.0231951939197077,0.20667693233036616
6766,145804,0,9,1000,-0.12939448739634174,0.20667693233036616
6766,145804,0,9,2000,0.05708216702092628,0.20667693233036616
6766,145804,0,9,5000,0.016944258374996135,0.20667693233036616
6766,145804,0,10,50,-0.0472171287010148,0.15223347701244183
6766,145804,0,10,100,0.2876477225099541,0.15223347701244183
6766,145804,0,10,250,0.174803208169925,0.15223347701244183
6766,145804,0,10,500,0.2653313325150436,0.15223347701244183
6766,145804,0,10,1000,0.16308644620243717,0.15223347701244183
6766,145804,0,10,2000,0.12246135264796587,0.15223347701244183
6766,145804,0,10,5000,0.10048844789390199,0.15223347701244183
6766,145804,0,11,50,-0.06240162747358047,0.14306315659508642
6766,145804,0,11,100,-0.04707043529024335,0.14306315659508642
6766,145804,0,11,250,-0.058349830105080325,0.14306315659508642
6766,145804,0,11,500,-0.06801770237703197,0.14306315659508642
6766,145804,0,11,1000,-0.07456066820345475,0.14306315659508642
6766,145804,0,11,2000,-0.07456066820345475,0.14306315659508642
6766,145804,0,11,5000,-0.06347558602520731,0.14306315659508642
6766,145804,0,12,50,-0.007030571730083701,0.1261121017070179
6766,145804,0,12,100,0.04267590111666675,0.1261121017070179
6766,145804,0,12,250,0.061475531763614755,0.1261121017070179
6766,145804,0,12,500,0.06767463813130614,0.1261121017070179
6766,145804,0,12,1000,0.044628149043499765,0.1261121017070179
6766,145804,0,12,2000,0.0489736606741914,0.1261121017070179
6766,145804,0,12,5000,0.06767463813130614,0.1261121017070179
6766,145804,0,13,50,-0.052734784300811244,0.15083795907850864
6766,145804,0,13,100,-0.052734784300811244,0.15083795907850864
6766,145804,0,13,250,-0.052734784300811244,0.15083795907850864
6766,145804,0,13,500,-0.052734784300811244,0.15083795907850864
6766,145804,0,13,1000,-0.052734784300811244,0.15083795907850864
6766,145804,0,13,2000,-0.052734784300811244,0.15083795907850864
6766,145804,0,13,5000,-0.052734784300811244,0.15083795907850864
6766,145804,0,14,50,0.013721634284347028,0.11262046494809021
6766,145804,0,14,100,0.0043452309672795675,0.11262046494809021
6766,145804,0,14,250,-0.023485119225817086,0.11262046494809021
6766,145804,0,14,500,0.0012685986288667461,0.11262046494809021
6766,145804,0,14,1000,-0.02646337903780993,0.11262046494809021
6766,145804,0,14,2000,-0.002732959988622774,0.11262046494809021
6766,145804,0,14,5000,-0.023485119225817086,0.11262046494809021
6766,145804,0,15,50,-0.01596694159207268,0.12438173815521712
6766,145804,0,15,100,-0.01596694159207268,0.12438173815521712
6766,145804,0,15,250,-0.01596694159207268,0.12438173815521712
6766,145804,0,15,500,-0.01596694159207268,0.12438173815521712
6766,145804,0,15,1000,-0.01596694159207268,0.12438173815521712
6766,145804,0,15,2000,-0.01596694159207268,0.12438173815521712
6766,145804,0,15,5000,-0.01596694159207268,0.12438173815521712
6766,145804,0,16,50,-0.00537222517438618,0.11187275028941861
6766,145804,0,16,100,-0.006541702841062147,0.11187275028941861
6766,145804,0,16,250,-0.012792638385774047,0.11187275028941861
6766,145804,0,16,500,0.002537945693501298,0.11187275028941861
6766,145804,0,16,1000,-0.012792638385774047,0.11187275028941861
6766,145804,0,16,2000,-0.006541702841062147,0.11187275028941861
6766,145804,0,16,5000,-0.006541702841062147,0.11187275028941861
6766,145804,0,17,50,-0.002929798595934674,0.1277384769336965
6766,145804,0,17,100,-0.00776403878394194,0.1277384769336965
6766,145804,0,17,250,0.010057947639433906,0.1277384769336965
6766,145804,0,17,500,0.014355419049188023,0.1277384769336965
6766,145804,0,17,1000,0.01020459427297049,0.1277384769336965
6766,145804,0,17,2000,0.013330062045326385,0.1277384769336965
6766,145804,0,17,5000,0.01020459427297049,0.1277384769336965
6766,145804,0,18,50,-0.008886739215040573,0.12023947026529447
6766,145804,0,18,100,-0.008935574648983646,0.12023947026529447
6766,145804,0,18,250,-0.0008775877166714574,0.12023947026529447
6766,145804,0,18,500,0.02846843846361169,0.12023947026529447
6766,145804,0,18,1000,-0.010888711343291946,0.12023947026529447
6766,145804,0,18,2000,-0.003954032946142161,0.12023947026529447
6766,145804,0,18,5000,-0.003954032946142161,0.12023947026529447
6766,145804,0,19,50,-0.008886785992275992,0.10442986504594551
6766,145804,0,19,100,-0.008886785992275992,0.10442986504594551
6766,145804,0,19,250,-0.008886785992275992,0.10442986504594551
6766,145804,0,19,500,-0.008886785992275992,0.10442986504594551
6766,145804,0,19,1000,-0.008886785992275992,0.10442986504594551
6766,145804,0,19,2000,0.03686630878962982,0.10442986504594551
6766,145804,0,19,5000,0.036717276517079456,0.10442986504594551
6766,145804,0,20,50,-0.007812546777235418,0.11429993337133958
6766,145804,0,20,100,-0.004101755456097034,0.11429993337133958
6766,145804,0,20,250,-0.007812546777235418,0.11429993337133958
6766,145804,0,20,500,0.004004037810975691,0.11429993337133958
6766,145804,0,20,1000,0.0037110252073175864,0.11429993337133958
6766,145804,0,20,2000,0.01674896341646026,0.11429993337133958
6766,145804,0,20,5000,-0.005126317246953338,0.11429993337133958
6766,145804,0,21,50,-0.002392608822560871,0.11480832982347221
6766,145804,0,21,100,-0.006933649297967248,0.11480832982347221
6766,145804,0,21,250,-0.012207922941053773,0.11480832982347221
6766,145804,0,21,500,-0.005224455887196333,0.11480832982347221
6766,145804,0,21,1000,-0.005224455887196333,0.11480832982347221
6766,145804,0,21,2000,-0.005224455887196333,0.11480832982347221
6766,145804,0,21,5000,-0.005224455887196333,0.11480832982347221
6766,145804,0,22,50,-0.0006836960752027998,0.11030837986021537
6766,145804,0,22,100,-0.004199285992276036,0.11030837986021537
6766,145804,0,22,250,-0.004199285992276036,0.11030837986021537
6766,145804,0,22,500,-0.004199285992276036,0.11030837986021537
6766,145804,0,22,1000,-0.004199285992276036,0.11030837986021537
6766,145804,0,22,2000,-0.004199285992276036,0.11030837986021537
6766,145804,0,22,5000,-0.004199285992276036,0.11030837986021537
6766,145804,0,23,50,-0.00493106906565155,0.10528494810612136
6766,145804,0,23,100,-0.009422291785168069,0.10528494810612136
6766,145804,0,23,250,0.00395384583719971,0.10528494810612136
6766,145804,0,23,500,-0.0018544367272390616,0.10528494810612136
6766,145804,0,23,1000,0.0018056480705338496,0.10528494810612136
6766,145804,0,23,2000,-0.004979904499594623,0.10528494810612136
6766,145804,0,23,5000,-0.00493106906565155,0.10528494810612136
6766,145804,0,24,50,-0.00669026734125755,0.09899262062317775
6766,145804,0,24,100,-0.0020510882256088436,0.09899262062317775
6766,145804,0,24,250,-0.0025880908900398625,0.09899262062317775
6766,145804,0,24,500,-0.0025880908900398625,0.09899262062317775
6766,145804,0,24,1000,0.0026360843337431827,0.09899262062317775
6766,145804,0,24,2000,-0.0025880908900398625,0.09899262062317775
6766,145804,0,24,5000,0.005761552106099077,0.09899262062317775
6766,145804,1,5,50,-0.1451186083585304,0.3140885415703801
6766,145804,1,5,100,0.2642577949585368,0.3140885415703801
6766,145804,1,5,250,0.5111308303146423,0.3140885415703801
6766,145804,1,5,500,0.24550798206747904,0.3140885415703801
6766,145804,1,5,1000,-0.016992392150405378,0.3140885415703801
6766,145804,1,5,2000,-0.4419931405861748,0.3140885415703801
6766,145804,1,5,5000,0.3236327014040656,0.3140885415703801
6766,145804,1,6,50,-0.4023452234829208,0.21490491462345618
6766,145804,1,6,100,-0.4023452234829208,0.21490491462345618
6766,145804,1,6,250,0.3226555249528485,0.21490491462345618
6766,145804,1,6,500,-0.4023452234829208,0.21490491462345618
6766,145804,1,6,1000,-0.4023452234829208,0.21490491462345618
6766,145804,1,6,2000,0.30078024428943484,0.21490491462345618
6766,145804,1,6,5000,-0.4023452234829208,0.21490491462345618
6766,145804,1,7,50,-0.13271576467682633,0.22436892190956786
6766,145804,1,7,100,-0.13271576467682633,0.22436892190956786
6766,145804,1,7,250,-0.13271576467682633,0.22436892190956786
6766,145804,1,7,500,-0.13271576467682633,0.22436892190956786
6766,145804,1,7,1000,-0.07021539045894165,0.22436892190956786
6766,145804,1,7,2000,-0.13271576467682633,0.22436892190956786
6766,145804,1,7,5000,-0.13271576467682633,0.22436892190956786
6766,145804,1,8,50,-0.11049896341645993,0.2047648945322848
6766,145804,1,8,100,-0.09692449031524131,0.2047648945322848
6766,145804,1,8,250,-0.09692449031524131,0.2047648945322848
6766,145804,1,8,500,-0.09692449031524131,0.2047648945322848
6766,145804,1,8,1000,-0.09692449031524131,0.2047648945322848
6766,145804,1,8,2000,0.458884447130497,0.2047648945322848
6766,145804,1,8,5000,0.4397926926473668,0.2047648945322848
6766,145804,1,9,50,-0.08862377630751728,0.14144935133921505
6766,145804,1,9,100,-0.062207595500404445,0.14144935133921505
6766,145804,1,9,250,-0.07426812337215216,0.14144935133921505
6766,145804,1,9,500,-0.062207595500404445,0.14144935133921505
6766,145804,1,9,1000,0.5941885833607757,0.14144935133921505
6766,145804,1,9,2000,-0.062207595500404445,0.14144935133921505
6766,145804,1,9,5000,0.5009251601652546,0.14144935133921505
6766,145804,1,10,50,-0.07285255066910135,0.09872393031413548
6766,145804,1,10,100,-0.05454174213394036,0.09872393031413548
6766,145804,1,10,250,0.1916979294524444,0.09872393031413548
6766,145804,1,10,500,0.4563945884351702,0.09872393031413548
6766,145804,1,10,1000,0.155370821857318,0.09872393031413548
6766,145804,1,10,2000,0.4180165329461423,0.09872393031413548
6766,145804,1,10,5000,0.5380842476723646,0.09872393031413548
6766,145804,1,11,50,-0.0498541018022336,0.12559006976184747
6766,145804,1,11,100,0.2382308943059004,0.12559006976184747
6766,145804,1,11,250,0.2884274522497976,0.12559006976184747
6766,145804,1,11,500,0.35658983661647126,0.12559006976184747
6766,145804,1,11,1000,0.3034658657156539,0.12559006976184747
6766,145804,1,11,2000,0.41132589138700093,0.12559006976184747
6766,145804,1,11,5000,0.367578323803251,0.12559006976184747
6766,145804,1,12,50,-0.06250009355447128,0.09076090837816096
6766,145804,1,12,100,0.004394627728048106,0.09076090837816096
6766,145804,1,12,250,0.053710276771547494,0.09076090837816096
6766,145804,1,12,500,-0.0012686454061011654,0.09076090837816096
6766,145804,1,12,1000,0.016210650989432085,0.09076090837816096
6766,145804,1,12,2000,0.04858494184654061,0.09076090837816096
6766,145804,1,12,5000,0.04858494184654061,0.09076090837816096
6766,145804,1,13,50,-0.06694379060264088,0.07708351921739533
6766,145804,1,13,100,-0.06694379060264088,0.07708351921739533
6766,145804,1,13,250,-0.06694379060264088,0.07708351921739533
6766,145804,1,13,500,-0.06694379060264088,0.07708351921739533
6766,145804,1,13,1000,-0.06694379060264088,0.07708351921739533
6766,145804,1,13,2000,-0.06694379060264088,0.07708351921739533
6766,145804,1,13,5000,-0.06694379060264088,0.07708351921739533
6766,145804,1,14,50,-0.040478634029877725,0.08276998665484395
6766,145804,1,14,100,-0.04790049733556867,0.08276998665484395
6766,145804,1,14,250,-0.040478634029877725,0.08276998665484395
6766,145804,1,14,500,-0.040478634029877725,0.08276998665484395
6766,145804,1,14,1000,-0.040478634029877725,0.08276998665484395
6766,145804,1,14,2000,-0.040478634029877725,0.08276998665484395
6766,145804,1,14,5000,-0.040478634029877725,0.08276998665484395
6766,145804,1,15,50,-0.009082080950812754,0.06975542193316851
6766,145804,1,15,100,-0.1266607789719486,0.06975542193316851
6766,145804,1,15,250,-0.0184062808729758,0.06975542193316851
6766,145804,1,15,500,0.04775530079633561,0.06975542193316851
6766,145804,1,15,1000,-0.017673749363829705,0.06975542193316851
6766,145804,1,15,2000,-0.017673749363829705,0.06975542193316851
6766,145804,1,15,5000,0.04775530079633561,0.06975542193316851
6766,145804,1,16,50,-0.01953132016585324,0.07935706021408681
6766,145804,1,16,100,-0.0631843977337363,0.07935706021408681
6766,145804,1,16,250,-0.016943463161991468,0.07935706021408681
6766,145804,1,16,500,0.0980952777445141,0.07935706021408681
6766,145804,1,16,1000,-0.016943463161991468,0.07935706021408681
6766,145804,1,16,2000,0.15878803924797202,0.07935706021408681
6766,145804,1,16,5000,0.1174793431727692,0.07935706021408681
6766,145804,1,17,50,-0.03637734634613632,0.060427968201545106
6766,145804,1,17,100,-0.012939986677843351,0.060427968201545106
6766,145804,1,17,250,-0.012598138640241618,0.060427968201545106
6766,145804,1,17,500,-0.01279348037601391,0.060427968201545106
6766,145804,1,17,1000,0.05512786089572819,0.060427968201545106
6766,145804,1,17,2000,0.042138290348172736,0.060427968201545106
6766,145804,1,17,5000,0.05512786089572819,0.060427968201545106
6766,145804,1,18,50,-0.022510000972966182,0.0665547126192972
6766,145804,1,18,100,-0.0072268022333322746,0.0665547126192972
6766,145804,1,18,250,-0.0072268022333322746,0.0665547126192972
6766,145804,1,18,500,-0.009619317501421865,0.0665547126192972
6766,145804,1,18,1000,-0.03911142898841391,0.0665547126192972
6766,145804,1,18,2000,-0.012549022542885258,0.0665547126192972
6766,145804,1,18,5000,-0.13232297622967948,0.0665547126192972
6766,145804,1,19,50,-0.03813509452743735,0.07895461492389388
6766,145804,1,19,100,-0.017431864278657616,0.07895461492389388
6766,145804,1,19,250,0.000878663593091078,0.07895461492389388
6766,145804,1,19,500,-0.017431864278657616,0.07895461492389388
6766,145804,1,19,1000,-0.017431864278657616,0.07895461492389388
6766,145804,1,19,2000,0.020166134029878102,0.07895461492389388
6766,145804,1,19,5000,0.023291601802233997,0.07895461492389388
6766,145804,1,20,50,-0.05727573122174612,0.07957730601276711
6766,145804,1,20,100,-0.059277656572762405,0.07957730601276711
6766,145804,1,20,250,-0.059277656572762405,0.07957730601276711
6766,145804,1,20,500,-0.059277656572762405,0.07957730601276711
6766,145804,1,20,1000,-0.059277656572762405,0.07957730601276711
6766,145804,1,20,2000,-0.059277656572762405,0.07957730601276711
6766,145804,1,20,5000,-0.059277656572762405,0.07957730601276711
6766,145804,1,21,50,-0.009570762730892413,0.06575371015736699
6766,145804,1,21,100,-0.010303294240038507,0.06575371015736699
6766,145804,1,21,250,-0.010303294240038507,0.06575371015736699
6766,145804,1,21,500,-0.009277750127233975,0.06575371015736699
6766,145804,1,21,1000,-0.009570762730892413,0.06575371015736699
6766,145804,1,21,2000,-0.009277750127233975,0.06575371015736699
6766,145804,1,21,5000,-0.009277750127233975,0.06575371015736699
6766,145804,1,22,50,-0.025048975765649684,0.0670089786741805
6766,145804,1,22,100,-0.025048975765649684,0.0670089786741805
6766,145804,1,22,250,-0.025048975765649684,0.0670089786741805
6766,145804,1,22,500,-0.025048975765649684,0.0670089786741805
6766,145804,1,22,1000,-0.025048975765649684,0.0670089786741805
6766,145804,1,22,2000,-0.025048975765649684,0.0670089786741805
6766,145804,1,22,5000,-0.025048975765649684,0.0670089786741805
6766,145804,1,23,50,-0.01357428599227617,0.07060573829614389
6766,145804,1,23,100,-0.002441444256503944,0.07060573829614389
6766,145804,1,23,250,-0.01035152156991892,0.07060573829614389
6766,145804,1,23,500,-0.009521038529473724,0.07060573829614389
6766,145804,1,23,1000,-0.0013657549471604025,0.07060573829614389
6766,145804,1,23,2000,-0.012988354339430574,0.07060573829614389
6766,145804,1,23,5000,-0.016748589198575137,0.07060573829614389
6766,145804,1,24,50,-0.003271553079064793,0.06771129551198438
6766,145804,1,24,100,-0.005811276307516655,0.06771129551198438
6766,145804,1,24,250,0.0008799733556865696,0.06771129551198438
6766,145804,1,24,500,-0.007959193410771892,0.06771129551198438
6766,145804,1,24,1000,-0.005517421713619131,0.06771129551198438
6766,145804,1,24,2000,-0.011084661183127786,0.06771129551198438
6766,145804,1,24,5000,-0.011866028126216732,0.06771129551198438
6766,145804,2,5,50,-0.7124503693530518,0.16183570157049057
6766,145804,2,5,100,-0.2624488724815133,0.16183570157049057
6766,145804,2,5,250,0.27504775955752486,0.16183570157049057
6766,145804,2,5,500,0.27504775955752486,0.16183570157049057
6766,145804,2,5,1000,0.27504775955752486,0.16183570157049057
6766,145804,2,5,2000,-0.7124503693530518,0.16183570157049057
6766,145804,2,5,5000,0.27504775955752486,0.16183570157049057
6766,145804,2,6,50,-0.40224596218902453,0.3117480703699187
6766,145804,2,6,100,-0.07099427820854354,0.3117480703699187
6766,145804,2,6,250,-0.40224596218902453,0.3117480703699187
6766,145804,2,6,500,-0.40224596218902453,0.3117480703699187
6766,145804,2,6,1000,-0.1389649694638202,0.3117480703699187
6766,145804,2,6,2000,-0.16162086863455338,0.3117480703699187
6766,145804,2,6,5000,-0.40224596218902453,0.3117480703699187
6766,145804,2,7,50,-0.23525366359308997,0.28891270044875944
6766,145804,2,7,100,-0.23525366359308997,0.28891270044875944
6766,145804,2,7,250,-0.23525366359308997,0.28891270044875944
6766,145804,2,7,500,-0.23525366359308997,0.28891270044875944
6766,145804,2,7,1000,-0.23525366359308997,0.28891270044875944
6766,145804,2,7,2000,-0.23525366359308997,0.28891270044875944
6766,145804,2,7,5000,-0.23525366359308997,0.28891270044875944
6766,145804,2,8,50,-0.07734363305691083,0.3279609444387774
6766,145804,2,8,100,0.5083497833278452,0.3279609444387774
6766,145804,2,8,250,-0.07734363305691083,0.3279609444387774
6766,145804,2,8,500,0.4330551802981773,0.3279609444387774
6766,145804,2,8,1000,0.523974128446547,0.3279609444387774
6766,145804,2,8,2000,0.4958479122384222,0.3279609444387774
6766,145804,2,8,5000,0.5114752511002011,0.3279609444387774
6766,145804,2,9,50,-0.06743167716971521,0.19372713327671406
6766,145804,2,9,100,0.012647488623776404,0.19372713327671406
6766,145804,2,9,250,0.07163269391970795,0.19372713327671406
6766,145804,2,9,500,-0.0029768564949257392,0.19372713327671406
6766,145804,2,9,1000,0.1078633000778374,0.19372713327671406
6766,145804,2,9,2000,0.1109857741071163,0.19372713327671406
6766,145804,2,9,5000,0.10161236453312594,0.19372713327671406
6766,145804,2,10,50,-0.06889669341077143,0.19233626745936463
6766,145804,2,10,100,-0.06889669341077143,0.19233626745936463
6766,145804,2,10,250,-0.06889669341077143,0.19233626745936463
6766,145804,2,10,500,-0.06889669341077143,0.19233626745936463
6766,145804,2,10,1000,-0.06889669341077143,0.19233626745936463
6766,145804,2,10,2000,-0.06889669341077143,0.19233626745936463
6766,145804,2,10,5000,-0.06889669341077143,0.19233626745936463
6766,145804,2,11,50,-0.04384771764512163,0.18178703949429675
6766,145804,2,11,100,-0.04384771764512163,0.18178703949429675
6766,145804,2,11,250,-0.04384771764512163,0.18178703949429675
6766,145804,2,11,500,-0.04384771764512163,0.18178703949429675
6766,145804,2,11,1000,-0.04384771764512163,0.18178703949429675
6766,145804,2,11,2000,-0.04384771764512163,0.18178703949429675
6766,145804,2,11,5000,-0.04384771764512163,0.18178703949429675
6766,145804,2,12,50,0.39882865124390016,0.15553356286641623
6766,145804,2,12,100,0.37695337058048684,0.15553356286641623
6766,145804,2,12,250,0.10654128184594192,0.15553356286641623
6766,145804,2,12,500,0.08154352715324964,0.15553356286641623
6766,145804,2,12,1000,0.1846689949256055,0.15553356286641623
6766,145804,2,12,2000,0.38466600118252847,0.15553356286641623
6766,145804,2,12,5000,0.1127922173906537,0.15553356286641623
6766,145804,2,13,50,-0.03417965826422786,0.1469842094385005
6766,145804,2,13,100,-0.037939425351016465,0.1469842094385005
6766,145804,2,13,250,-0.01469553632907239,0.1469842094385005
6766,145804,2,13,500,-0.002195629883543604,0.1469842094385005
6766,145804,2,13,1000,0.013428715235158206,0.1469842094385005
6766,145804,2,13,2000,0.02280212480914856,0.1469842094385005
6766,145804,2,13,5000,0.0024896715863841345,0.1469842094385005
6766,145804,2,14,50,-0.008251972128252016,0.14176765122535284
6766,145804,2,14,100,-0.021484363305691145,0.14176765122535284
6766,145804,2,14,250,-0.021484363305691145,0.14176765122535284
6766,145804,2,14,500,-0.021484363305691145,0.14176765122535284
6766,145804,2,14,1000,-0.021484363305691145,0.14176765122535284
6766,145804,2,14,2000,-0.021484363305691145,0.14176765122535284
6766,145804,2,14,5000,-0.021484363305691145,0.14176765122535284
6766,145804,2,15,50,-0.01152343165284564,0.13378333869112738
6766,145804,2,15,100,-0.01152343165284564,0.13378333869112738
6766,145804,2,15,250,-0.01152343165284564,0.13378333869112738
6766,145804,2,15,500,-0.01152343165284564,0.13378333869112738
6766,145804,2,15,1000,-0.01152343165284564,0.13378333869112738
6766,145804,2,15,2000,-0.01152343165284564,0.13378333869112738
6766,145804,2,15,5000,-0.01152343165284564,0.13378333869112738
6766,145804,2,16,50,-0.05219689286890439,0.1299332124641956
6766,145804,2,16,100,-0.015379513067688477,0.1299332124641956
6766,145804,2,16,250,-0.011814339280903141,0.1299332124641956
6766,145804,2,16,500,-0.014939807053259035,0.1299332124641956
6766,145804,2,16,1000,0.00019716604795916304,0.1299332124641956
6766,145804,2,16,2000,0.0033226338203150574,0.1299332124641956
6766,145804,2,16,5000,0.017384011166660995,0.1299332124641956
6766,145804,2,17,50,-0.008398431652845595,0.13565636049421792
6766,145804,2,17,100,-0.019578331287608997,0.13565636049421792
6766,145804,2,17,250,-0.008398431652845595,0.13565636049421792
6766,145804,2,17,500,-0.008398431652845595,0.13565636049421792
6766,145804,2,17,1000,-0.008398431652845595,0.13565636049421792
6766,145804,2,17,2000,-0.008398431652845595,0.13565636049421792
6766,145804,2,17,5000,-0.008398431652845595,0.13565636049421792
6766,145804,2,18,50,-0.005126972128251972,0.14308437469438426
6766,145804,2,18,100,0.01684738272011488,0.14308437469438426
6766,145804,2,18,250,-0.04208865970122433,0.14308437469438426
6766,145804,2,18,500,-0.04208865970122433,0.14308437469438426
6766,145804,2,18,1000,-0.044921582642277746,0.14308437469438426
6766,145804,2,18,2000,0.04438336376972163,0.14308437469438426
6766,145804,2,18,5000,-0.030857913211387977,0.14308437469438426
6766,145804,2,19,50,-0.028514280154477212,0.1283364484323425
6766,145804,2,19,100,-0.00493163039247968,0.1283364484323425
6766,145804,2,19,250,-0.008690789375206287,0.1283364484323425
6766,145804,2,19,500,-0.00493163039247968,0.1283364484323425
6766,145804,2,19,1000,-0.00493163039247968,0.1283364484323425
6766,145804,2,19,2000,-0.03388538267520891,0.1283364484323425
6766,145804,2,19,5000,-0.03388538267520891,0.1283364484323425
6766,145804,2,20,50,-0.0026350084573244503,0.12484427169784523
6766,145804,2,20,100,0.00239345081280129,0.12484427169784523
6766,145804,2,20,250,-0.0028791856270397043,0.12484427169784523
6766,145804,2,20,500,-0.02006897771158289,0.12484427169784523
6766,145804,2,20,1000,-0.012255588944107165,0.12484427169784523
6766,145804,2,20,2000,-0.006885281636380025,0.12484427169784523
6766,145804,2,20,5000,-0.006885281636380025,0.12484427169784523
6766,145804,2,21,50,-0.005957221282519853,0.10815614532288385
6766,145804,2,21,100,0.0020990816693102765,0.10815614532288385
6766,145804,2,21,250,-0.004052639358740895,0.10815614532288385
6766,145804,2,21,500,0.037549162874591646,0.10815614532288385
6766,145804,2,21,1000,-0.011914582896746628,0.10815614532288385
6766,145804,2,21,2000,-0.0038574379546756354,0.10815614532288385
6766,145804,2,21,5000,-0.008789115124390956,0.10815614532288385
6766,145804,2,22,50,-0.005029301260365826,0.12603605241750548
6766,145804,2,22,100,-0.005029301260365826,0.12603605241750548
6766,145804,2,22,250,-0.005029301260365826,0.12603605241750548
6766,145804,2,22,500,-0.005126972128251972,0.12603605241750548
6766,145804,2,22,1000,-0.005029301260365826,0.12603605241750548
6766,145804,2,22,2000,-0.005029301260365826,0.12603605241750548
6766,145804,2,22,5000,-0.005029301260365826,0.12603605241750548
6766,145804,2,23,50,-0.00781264033170681,0.12154506913491805
6766,145804,2,23,100,-0.007910311199592845,0.12154506913491805
6766,145804,2,23,250,-0.00781264033170681,0.12154506913491805
6766,145804,2,23,500,-0.00781264033170681,0.12154506913491805
6766,145804,2,23,1000,-0.00781264033170681,0.12154506913491805
6766,145804,2,23,2000,-0.00781264033170681,0.12154506913491805
6766,145804,2,23,5000,-0.00781264033170681,0.12154506913491805
6766,145804,2,24,50,-0.010401105439631686,0.1015847588392639
6766,145804,2,24,100,0.0002458611501952035,0.1015847588392639
6766,145804,2,24,250,-0.010401105439631686,0.1015847588392639
6766,145804,2,24,500,0.0822261941292699,0.1015847588392639
6766,145804,2,24,1000,-0.002879606622160358,0.1015847588392639
6766,145804,2,24,2000,0.009180266368289502,0.1015847588392639
6766,145804,2,24,5000,0.002929330823578047,0.1015847588392639
6766,31,0,5,50,0.0,0.0
6766,31,0,5,100,-0.26153846153846155,0.0
6766,31,0,5,250,0.0,0.0
6766,31,0,5,500,0.0,0.0
6766,31,0,5,1000,0.0,0.0
6766,31,0,5,2000,0.0,0.0
6766,31,0,5,5000,0.0,0.0
6766,31,0,6,50,0.0,0.0
6766,31,0,6,100,0.0,0.0
6766,31,0,6,250,-0.9384615384615385,0.0
6766,31,0,6,500,0.0,0.0
6766,31,0,6,1000,0.0,0.0
6766,31,0,6,2000,0.0,0.0
6766,31,0,6,5000,-0.6153846153846154,0.0
6766,31,0,7,50,-0.9230769230769231,0.0
6766,31,0,7,100,0.0,0.0
6766,31,0,7,250,0.0,0.0
6766,31,0,7,500,0.0,0.0
6766,31,0,7,1000,-0.9538461538461539,0.0
6766,31,0,7,2000,0.0,0.0
6766,31,0,7,5000,0.0,0.0
6766,31,0,8,50,-0.9076923076923077,0.0
6766,31,0,8,100,0.0,0.0
6766,31,0,8,250,0.0,0.0
6766,31,0,8,500,-0.6923076923076923,0.0
6766,31,0,8,1000,0.0,0.0
6766,31,0,8,2000,0.0,0.0
6766,31,0,8,5000,0.0,0.0
6766,31,0,9,50,-0.3502403846153844,0.2755404825508525
6766,31,0,9,100,-0.334855769230769,0.2755404825508525
6766,31,0,9,250,0.5420673076923079,0.2755404825508525
6766,31,0,9,500,-0.31947115384615365,0.2755404825508525
6766,31,0,9,1000,-0.3040865384615382,0.2755404825508525
6766,31,0,9,2000,-0.3502403846153844,0.2755404825508525
6766,31,0,9,5000,0.43437500000000023,0.2755404825508525
6766,31,0,10,50,-0.014663461538461542,0.23353312296849932
6766,31,0,10,100,0.7163461538461535,0.23353312296849932
6766,31,0,10,250,0.18533653846153852,0.23353312296849932
6766,31,0,10,500,0.7163461538461535,0.23353312296849932
6766,31,0,10,1000,0.34711538461538427,0.23353312296849932
6766,31,0,10,2000,0.5872596153846156,0.23353312296849932
6766,31,0,10,5000,0.4240384615384612,0.23353312296849932
6766,31,0,11,50,-0.04326923076923095,0.266822852616522
6766,31,0,11,100,0.6461538461538462,0.266822852616522
6766,31,0,11,250,-0.23076923076923073,0.266822852616522
6766,31,0,11,500,0.4072115384615384,0.266822852616522
6766,31,0,11,1000,-0.23894230769230773,0.266822852616522
6766,31,0,11,2000,0.66875,0.266822852616522
6766,31,0,11,5000,0.66875,0.266822852616522
6766,31,0,12,50,-0.4185096153846153,0.2005662996465015
6766,31,0,12,100,-0.28966346153846156,0.2005662996465015
6766,31,0,12,250,-0.22812500000000002,0.2005662996465015
6766,31,0,12,500,-0.27427884615384623,0.2005662996465015
6766,31,0,12,1000,-0.305048076923077,0.2005662996465015
6766,31,0,12,2000,-0.28966346153846156,0.2005662996465015
6766,31,0,12,5000,-0.2588942307692308,0.2005662996465015
6766,31,0,13,50,-0.13341346153846212,0.15847518175651232
6766,31,0,13,100,-0.14350961538461549,0.15847518175651232
6766,31,0,13,250,-0.17956730769230822,0.15847518175651232
6766,31,0,13,500,-0.041105769230769806,0.15847518175651232
6766,31,0,13,1000,-0.19495192307692366,0.15847518175651232
6766,31,0,13,2000,-0.14879807692307745,0.15847518175651232
6766,31,0,13,5000,-0.17956730769230822,0.15847518175651232
6766,31,0,14,50,-0.05048076923076905,0.13266446495098036
6766,31,0,14,100,-0.04158653846153837,0.13266446495098036
6766,31,0,14,250,-0.06586538461538449,0.13266446495098036
6766,31,0,14,500,-0.16634615384615392,0.13266446495098036
6766,31,0,14,1000,-0.16634615384615392,0.13266446495098036
6766,31,0,14,2000,-0.15096153846153848,0.13266446495098036
6766,31,0,14,5000,-0.1971153846153847,0.13266446495098036
6766,31,0,15,50,-0.06346153846153835,0.11775839421081159
6766,31,0,15,100,-0.048076923076922906,0.11775839421081159
6766,31,0,15,250,-0.017307692307692135,0.11775839421081159
6766,31,0,15,500,-0.06346153846153835,0.11775839421081159
6766,31,0,15,1000,-0.09423076923076912,0.11775839421081159
6766,31,0,15,2000,-0.08846153846153837,0.11775839421081159
6766,31,0,15,5000,-0.10961538461538445,0.11775839421081159
6766,31,0,16,50,-0.31129807692307676,0.08753623507206952
6766,31,0,16,100,-0.26514423076923055,0.08753623507206952
6766,31,0,16,250,0.02716346153846172,0.08753623507206952
6766,31,0,16,500,0.09158653846153864,0.08753623507206952
6766,31,0,16,1000,-0.0651442307692306,0.08753623507206952
6766,31,0,16,2000,-0.14206730769230747,0.08753623507206952
6766,31,0,16,5000,0.1377403846153848,0.08753623507206952
6766,31,0,17,50,-0.02932692307692286,0.0945161217771177
6766,31,0,17,100,-0.11610576923076898,0.0945161217771177
6766,31,0,17,250,-0.17764423076923053,0.0945161217771177
6766,31,0,17,500,-0.039182692307692,0.0945161217771177
6766,31,0,17,1000,-0.11610576923076898,0.0945161217771177
6766,31,0,17,2000,-0.2545673076923074,0.0945161217771177
6766,31,0,17,5000,-0.28533653846153817,0.0945161217771177
6766,31,0,18,50,-0.07283653846153848,0.09801552060755314
6766,31,0,18,100,-0.1591346153846156,0.09801552060755314
6766,31,0,18,250,0.0521634615384613,0.09801552060755314
6766,31,0,18,500,-0.1362980769230776,0.09801552060755314
6766,31,0,18,1000,-0.06514423076923137,0.09801552060755314
6766,31,0,18,2000,-0.10552884615384683,0.09801552060755314
6766,31,0,18,5000,-0.10552884615384683,0.09801552060755314
6766,31,0,19,50,-0.008413461538462785,0.0722929892085672
6766,31,0,19,100,0.15096153846153815,0.0722929892085672
6766,31,0,19,250,-0.13293269230769278,0.0722929892085672
6766,31,0,19,500,-0.1127403846153856,0.0722929892085672
6766,31,0,19,1000,-0.13293269230769278,0.0722929892085672
6766,31,0,19,2000,-0.15697115384615445,0.0722929892085672
6766,31,0,19,5000,-0.12620192307692368,0.0722929892085672
6766,31,0,20,50,-0.012019230769230616,0.09114259329519653
6766,31,0,20,100,-0.028365384615385958,0.09114259329519653
6766,31,0,20,250,-0.08437500000000087,0.09114259329519653
6766,31,0,20,500,-0.13052884615384697,0.09114259329519653
6766,31,0,20,1000,-0.05600961538461624,0.09114259329519653
6766,31,0,20,2000,-0.0997596153846162,0.09114259329519653
6766,31,0,20,5000,-0.08437500000000087,0.09114259329519653
6766,31,0,21,50,0.05769230769230638,0.10596668662445832
6766,31,0,21,100,-0.06514423076923193,0.10596668662445832
6766,31,0,21,250,-0.2807692307692311,0.10596668662445832
6766,31,0,21,500,-0.29615384615384643,0.10596668662445832
6766,31,0,21,1000,-0.049759615384616596,0.10596668662445832
6766,31,0,21,2000,-0.09471153846153924,0.10596668662445832
6766,31,0,21,5000,-0.11394230769230851,0.10596668662445832
6766,31,0,22,50,0.0021634615384612532,0.06430440706764477
6766,31,0,22,100,-0.00817307692307745,0.06430440706764477
6766,31,0,22,250,-0.033653846153847256,0.06430440706764477
6766,31,0,22,500,-0.015384615384616218,0.06430440706764477
6766,31,0,22,1000,-0.015384615384616218,0.06430440706764477
6766,31,0,22,2000,-0.0913461538461543,0.06430440706764477
6766,31,0,22,5000,0.000961538461538014,0.06430440706764477
6766,31,0,23,50,0.1514423076923075,0.0766239360628383
6766,31,0,23,100,-0.19711538461538491,0.0766239360628383
6766,31,0,23,250,-0.21298076923076958,0.0766239360628383
6766,31,0,23,500,-0.22836538461538503,0.0766239360628383
6766,31,0,23,1000,-0.043269230769231504,0.0766239360628383
6766,31,0,23,2000,-0.1959134615384619,0.0766239360628383
6766,31,0,23,5000,-0.2572115384615389,0.0766239360628383
6766,31,0,24,50,-0.186778846153847,0.09116980151512086
6766,31,0,24,100,-0.1084134615384621,0.09116980151512086
6766,31,0,24,250,-0.1283653846153855,0.09116980151512086
6766,31,0,24,500,-0.15600961538461622,0.09116980151512086
6766,31,0,24,1000,-0.186778846153847,0.09116980151512086
6766,31,0,24,2000,-0.186778846153847,0.09116980151512086
6766,31,0,24,5000,-0.186778846153847,0.09116980151512086
6766,31,1,5,50,0.0,0.0
6766,31,1,5,100,0.0,0.0
6766,31,1,5,250,-0.8923076923076924,0.0
6766,31,1,5,500,0.0,0.0
6766,31,1,5,1000,-0.8769230769230769,0.0
6766,31,1,5,2000,0.0,0.0
6766,31,1,5,5000,0.0,0.0
6766,31,1,6,50,0.0,0.0
6766,31,1,6,100,0.0,0.0
6766,31,1,6,250,-0.9076923076923077,0.0
6766,31,1,6,500,-0.8923076923076924,0.0
6766,31,1,6,1000,0.0,0.0
6766,31,1,6,2000,-0.8923076923076924,0.0
6766,31,1,6,5000,0.0,0.0
6766,31,1,7,50,0.0,0.0
6766,31,1,7,100,0.0,0.0
6766,31,1,7,250,0.0,0.0
6766,31,1,7,500,0.0,0.0
6766,31,1,7,1000,-0.046153846153846156,0.0
6766,31,1,7,2000,0.0,0.0
6766,31,1,7,5000,0.0,0.0
6766,31,1,8,50,0.0,0.0
6766,31,1,8,100,0.0,0.0
6766,31,1,8,250,-0.9230769230769231,0.0
6766,31,1,8,500,0.0,0.0
6766,31,1,8,1000,0.0,0.0
6766,31,1,8,2000,-0.36923076923076925,0.0
6766,31,1,8,5000,0.0,0.0
6766,31,1,9,50,-0.32163461538461513,0.18669456017560473
6766,31,1,9,100,-0.32163461538461513,0.18669456017560473
6766,31,1,9,250,0.20144230769230792,0.18669456017560473
6766,31,1,9,500,-0.36778846153846134,0.18669456017560473
6766,31,1,9,1000,-0.32163461538461513,0.18669456017560473
6766,31,1,9,2000,-0.36778846153846134,0.18669456017560473
6766,31,1,9,5000,-0.18317307692307672,0.18669456017560473
6766,31,1,10,50,-0.3055288461538461,0.20572625456738883
6766,31,1,10,100,-0.234375,0.20572625456738883
6766,31,1,10,250,0.20649038461538444,0.20572625456738883
6766,31,1,10,500,0.3449519230769229,0.20572625456738883
6766,31,1,10,1000,0.29879807692307675,0.20572625456738883
6766,31,1,10,2000,-0.25504807692307707,0.20572625456738883
6766,31,1,10,5000,0.5783653846153847,0.20572625456738883
6766,31,1,11,50,-0.14591346153846185,0.13417920217499213
6766,31,1,11,100,-0.18605769230769253,0.13417920217499213
6766,31,1,11,250,-0.19206730769230795,0.13417920217499213
6766,31,1,11,500,0.08485576923076898,0.13417920217499213
6766,31,1,11,1000,-0.17668269230769262,0.13417920217499213
6766,31,1,11,2000,-0.05360576923076954,0.13417920217499213
6766,31,1,11,5000,0.21418269230769216,0.13417920217499213
6766,31,1,12,50,-0.1353365384615387,0.08989569405313709
6766,31,1,12,100,-0.016586538461539235,0.08989569405313709
6766,31,1,12,250,-0.10889423076923155,0.08989569405313709
6766,31,1,12,500,-0.06274038461538545,0.08989569405313709
6766,31,1,12,1000,-0.12427884615384699,0.08989569405313709
6766,31,1,12,2000,-0.15504807692307776,0.08989569405313709
6766,31,1,12,5000,-0.13966346153846232,0.08989569405313709
6766,31,1,13,50,-0.12283653846153864,0.10141848347649829
6766,31,1,13,100,-0.10793269230769276,0.10141848347649829
6766,31,1,13,250,-0.08173076923076994,0.10141848347649829
6766,31,1,13,500,-0.14326923076923148,0.10141848347649829
6766,31,1,13,1000,-0.11250000000000071,0.10141848347649829
6766,31,1,13,2000,-0.12788461538461615,0.10141848347649829
6766,31,1,13,5000,-0.06634615384615461,0.10141848347649829
6766,31,1,14,50,0.14278846153846092,0.0836340586879058
6766,31,1,14,100,-0.09158653846153864,0.0836340586879058
6766,31,1,14,250,0.24062499999999976,0.0836340586879058
6766,31,1,14,500,0.13870192307692286,0.0836340586879058
6766,31,1,14,1000,0.1504807692307687,0.0836340586879058
6766,31,1,14,2000,0.1932692307692303,0.0836340586879058
6766,31,1,14,5000,0.20769230769230718,0.0836340586879058
6766,31,1,15,50,-0.05673076923077003,0.05850142996875797
6766,31,1,15,100,-0.05312500000000009,0.05850142996875797
6766,31,1,15,250,-0.10985576923077,0.05850142996875797
6766,31,1,15,500,-0.10985576923077,0.05850142996875797
6766,31,1,15,1000,-0.05600961538461624,0.05850142996875797
6766,31,1,15,2000,-0.0406250000000008,0.05850142996875797
6766,31,1,15,5000,-0.07139423076923157,0.05850142996875797
6766,31,1,16,50,-0.1115384615384617,0.08988080062316359
6766,31,1,16,100,-0.09206730769230775,0.08988080062316359
6766,31,1,16,250,0.030288461538460987,0.08988080062316359
6766,31,1,16,500,0.04567307692307643,0.08988080062316359
6766,31,1,16,1000,0.04326923076923028,0.08988080062316359
6766,31,1,16,2000,-0.04134615384615414,0.08988080062316359
6766,31,1,16,5000,-0.039903846153846456,0.08988080062316359
6766,31,1,17,50,-0.10288461538461535,0.06021757750234613
6766,31,1,17,100,-0.07211538461538458,0.06021757750234613
6766,31,1,17,250,-0.04134615384615381,0.06021757750234613
6766,31,1,17,500,-0.07211538461538458,0.06021757750234613
6766,31,1,17,1000,-0.05673076923076925,0.06021757750234613
6766,31,1,17,2000,-0.08750000000000002,0.06021757750234613
6766,31,1,17,5000,-0.07211538461538458,0.06021757750234613
6766,31,1,18,50,-0.00480769230769329,0.039963212217311486
6766,31,1,18,100,0.020192307692306732,0.039963212217311486
6766,31,1,18,250,0.0437499999999994,0.039963212217311486
6766,31,1,18,500,0.036298076923076183,0.039963212217311486
6766,31,1,18,1000,-0.050961538461538836,0.039963212217311486
6766,31,1,18,2000,-0.02932692307692364,0.039963212217311486
6766,31,1,18,5000,-0.02932692307692364,0.039963212217311486
6766,31,1,19,50,0.026201923076922706,0.0521202132468844
6766,31,1,19,100,-0.062259615384615774,0.0521202132468844
6766,31,1,19,250,0.00673076923076843,0.0521202132468844
6766,31,1,19,500,0.05072115384615372,0.0521202132468844
6766,31,1,19,1000,0.0031250000000000444,0.0521202132468844
6766,31,1,19,2000,0.05336538461538465,0.0521202132468844
6766,31,1,19,5000,0.06730769230769229,0.0521202132468844
6766,31,1,20,50,-0.03437500000000038,0.08064755547296149
6766,31,1,20,100,-0.0661057692307696,0.08064755547296149
6766,31,1,20,250,-0.08004807692307725,0.08064755547296149
6766,31,1,20,500,-0.06514423076923115,0.08064755547296149
6766,31,1,20,1000,-0.06466346153846192,0.08064755547296149
6766,31,1,20,2000,-0.06466346153846192,0.08064755547296149
6766,31,1,20,5000,-0.06466346153846192,0.08064755547296149
6766,31,1,21,50,-0.026442307692308264,0.05549848681906253
6766,31,1,21,100,-0.02331730769230811,0.05549848681906253
6766,31,1,21,250,-0.05408653846153888,0.05549848681906253
6766,31,1,21,500,-0.0225961538461541,0.05549848681906253
6766,31,1,21,1000,-0.007211538461538769,0.05549848681906253
6766,31,1,21,2000,-0.0225961538461541,0.05549848681906253
6766,31,1,21,5000,-0.03798076923076954,0.05549848681906253
6766,31,1,22,50,-0.009615384615385136,0.04183498701420337
6766,31,1,22,100,-0.007692307692308775,0.04183498701420337
6766,31,1,22,250,-0.018990384615384825,0.04183498701420337
6766,31,1,22,500,-0.00024038461538478106,0.04183498701420337
6766,31,1,22,1000,0.06802884615384563,0.04183498701420337
6766,31,1,22,2000,-0.009855769230769362,0.04183498701420337
6766,31,1,22,5000,-0.008653846153846345,0.04183498701420337
6766,31,1,23,50,-0.012740384615385514,0.03913621685855278
6766,31,1,23,100,-0.01826923076923137,0.03913621685855278
6766,31,1,23,250,-0.01826923076923137,0.03913621685855278
6766,31,1,23,500,0.010817307692306821,0.03913621685855278
6766,31,1,23,1000,-0.0180288461538467,0.03913621685855278
6766,31,1,23,2000,-0.0180288461538467,0.03913621685855278
6766,31,1,23,5000,-0.0180288461538467,0.03913621685855278
6766,31,1,24,50,0.024999999999999245,0.03583249998419709
6766,31,1,24,100,0.041105769230768474,0.03583249998419709
6766,31,1,24,250,0.006730769230768541,0.03583249998419709
6766,31,1,24,500,-0.013701923076924194,0.03583249998419709
6766,31,1,24,1000,0.0209134615384603,0.03583249998419709
6766,31,1,24,2000,-0.0004807692307693401,0.03583249998419709
6766,31,1,24,5000,-0.023317307692308442,0.03583249998419709
6766,31,2,5,50,-0.4019230769230769,0.34746862424803143
6766,31,2,5,100,-0.3249999999999999,0.34746862424803143
6766,31,2,5,250,-0.04807692307692296,0.34746862424803143
6766,31,2,5,500,-0.448076923076923,0.34746862424803143
6766,31,2,5,1000,-0.35576923076923067,0.34746862424803143
6766,31,2,5,2000,-0.2788461538461538,0.34746862424803143
6766,31,2,5,5000,-0.3711538461538461,0.34746862424803143
6766,31,2,6,50,-0.19687500000000047,0.2714495539948325
6766,31,2,6,100,-0.16105769230769285,0.2714495539948325
6766,31,2,6,250,-0.16105769230769285,0.2714495539948325
6766,31,2,6,500,-0.16105769230769285,0.2714495539948325
6766,31,2,6,1000,-0.16105769230769285,0.2714495539948325
6766,31,2,6,2000,-0.19182692307692362,0.2714495539948325
6766,31,2,6,5000,-0.1456730769230774,0.2714495539948325
6766,31,2,7,50,-0.3588942307692309,0.2774218741291016
6766,31,2,7,100,-0.31274038461538467,0.2774218741291016
6766,31,2,7,250,-0.38966346153846165,0.2774218741291016
6766,31,2,7,500,-0.34350961538461544,0.2774218741291016
6766,31,2,7,1000,-0.3588942307692309,0.2774218741291016
6766,31,2,7,2000,-0.3281250000000001,0.2774218741291016
6766,31,2,7,5000,-0.31274038461538467,0.2774218741291016
6766,31,2,8,50,0.10216346153846145,0.24348327772790884
6766,31,2,8,100,-0.13774038461538474,0.24348327772790884
6766,31,2,8,250,0.0007211538461537881,0.24348327772790884
6766,31,2,8,500,-0.16706730769230782,0.24348327772790884
6766,31,2,8,1000,-0.0906250000000004,0.24348327772790884
6766,31,2,8,2000,-0.12451923076923133,0.24348327772790884
6766,31,2,8,5000,-0.09855769230769285,0.24348327772790884
6766,31,2,9,50,-0.15649038461538523,0.26048821320723214
6766,31,2,9,100,-0.12764423076923126,0.26048821320723214
6766,31,2,9,250,-0.1086538461538471,0.26048821320723214
6766,31,2,9,500,-0.0793269230769239,0.26048821320723214
6766,31,2,9,1000,-0.12307692307692397,0.26048821320723214
6766,31,2,9,2000,-0.12307692307692397,0.26048821320723214
6766,31,2,9,5000,-0.07692307692307776,0.26048821320723214
6766,31,2,10,50,-0.10961538461538467,0.2287147209373084
6766,31,2,10,100,-0.10528846153846161,0.2287147209373084
6766,31,2,10,250,0.10793269230769165,0.2287147209373084
6766,31,2,10,500,-0.07668269230769298,0.2287147209373084
6766,31,2,10,1000,-0.06129807692307754,0.2287147209373084
6766,31,2,10,2000,-0.13341346153846223,0.2287147209373084
6766,31,2,10,5000,-0.08774038461538525,0.2287147209373084
6766,31,2,11,50,-0.03125000000000133,0.23851135422570915
6766,31,2,11,100,0.0038461538461526112,0.23851135422570915
6766,31,2,11,250,-0.017307692307693023,0.23851135422570915
6766,31,2,11,500,-0.03125000000000133,0.23851135422570915
6766,31,2,11,1000,0.37836538461538394,0.23851135422570915
6766,31,2,11,2000,0.17091346153846088,0.23851135422570915
6766,31,2,11,5000,0.1824519230769226,0.23851135422570915
6766,31,2,12,50,0.012259615384614286,0.21774790984097772
6766,31,2,12,100,-0.029086538461539746,0.21774790984097772
6766,31,2,12,250,-0.033894230769231926,0.21774790984097772
6766,31,2,12,500,-0.029086538461539746,0.21774790984097772
6766,31,2,12,1000,0.021874999999998757,0.21774790984097772
6766,31,2,12,2000,0.006490384615383316,0.21774790984097772
6766,31,2,12,5000,-0.019951923076924394,0.21774790984097772
6766,31,2,13,50,0.01610576923076834,0.2024308274362545
6766,31,2,13,100,-0.03629807692307785,0.2024308274362545
6766,31,2,13,250,-0.05168269230769329,0.2024308274362545
6766,31,2,13,500,-0.023798076923078004,0.2024308274362545
6766,31,2,13,1000,-0.01009615384615481,0.2024308274362545
6766,31,2,13,2000,0.011298076923075828,0.2024308274362545
6766,31,2,13,5000,-0.004086538461539613,0.2024308274362545
6766,31,2,14,50,0.45528846153846175,0.18937589438251146
6766,31,2,14,100,-0.12980769230769307,0.18937589438251146
6766,31,2,14,250,0.031249999999999,0.18937589438251146
6766,31,2,14,500,-0.09543269230769313,0.18937589438251146
6766,31,2,14,1000,-0.05793269230769316,0.18937589438251146
6766,31,2,14,2000,-0.02427884615384701,0.18937589438251146
6766,31,2,14,5000,-0.02427884615384701,0.18937589438251146
6766,31,2,15,50,-0.08052884615384587,0.19276575278069263
6766,31,2,15,100,0.48870192307692334,0.19276575278069263
6766,31,2,15,250,0.35024038461538487,0.19276575278069263
6766,31,2,15,500,-0.3882211538461536,0.19276575278069263
6766,31,2,15,1000,-0.403605769230769,0.19276575278069263
6766,31,2,15,2000,0.48870192307692334,0.19276575278069263
6766,31,2,15,5000,0.48870192307692334,0.19276575278069263
6766,31,2,16,50,-0.035576923076923284,0.19010625019616387
6766,31,2,16,100,-0.0019230769230776934,0.19010625019616387
6766,31,2,16,250,-0.027884615384616174,0.19010625019616387
6766,31,2,16,500,-0.032692307692308464,0.19010625019616387
6766,31,2,16,1000,-0.02548076923077003,0.19010625019616387
6766,31,2,16,2000,-0.026442307692308487,0.19010625019616387
6766,31,2,16,5000,-0.017067307692308797,0.19010625019616387
6766,31,2,17,50,0.30384615384615404,0.167766129911572
6766,31,2,17,100,0.014663461538460432,0.167766129911572
6766,31,2,17,250,-0.04591346153846254,0.167766129911572
6766,31,2,17,500,0.04110576923076825,0.167766129911572
6766,31,2,17,1000,-0.03052884615384721,0.167766129911572
6766,31,2,17,2000,0.04591346153846054,0.167766129911572
6766,31,2,17,5000,-0.0007211538461548983,0.167766129911572
6766,31,2,18,50,0.43197115384615403,0.18099034077385756
6766,31,2,18,100,-0.046634615384615774,0.18099034077385756
6766,31,2,18,250,0.4733173076923079,0.18099034077385756
6766,31,2,18,500,0.1502403846153848,0.18099034077385756
6766,31,2,18,1000,0.015865384615384004,0.18099034077385756
6766,31,2,18,2000,-0.026201923076923594,0.18099034077385756
6766,31,2,18,5000,-0.041586538461538924,0.18099034077385756
6766,31,2,19,50,-0.24350961538461535,0.16808630669502608
6766,31,2,19,100,0.44399038461538476,0.16808630669502608
6766,31,2,19,250,-0.2329326923076922,0.16808630669502608
6766,31,2,19,500,0.04399038461538474,0.16808630669502608
6766,31,2,19,1000,0.12091346153846166,0.16808630669502608
6766,31,2,19,2000,-0.0021634615384614198,0.16808630669502608
6766,31,2,19,5000,0.44399038461538476,0.16808630669502608
6766,31,2,20,50,0.08461538461538465,0.1655506557550094
6766,31,2,20,100,0.08461538461538465,0.1655506557550094
6766,31,2,20,250,0.07451923076923084,0.1655506557550094
6766,31,2,20,500,-0.17596153846153817,0.1655506557550094
6766,31,2,20,1000,-0.02668269230769238,0.1655506557550094
6766,31,2,20,2000,-0.02091346153846163,0.1655506557550094
6766,31,2,20,5000,-0.005288461538461631,0.1655506557550094
6766,31,2,21,50,0.012499999999998845,0.11812939070473366
6766,31,2,21,100,0.0718749999999998,0.11812939070473366
6766,31,2,21,250,0.14831730769230778,0.11812939070473366
6766,31,2,21,500,-0.04254807692307688,0.11812939070473366
6766,31,2,21,1000,-0.19639423076923068,0.11812939070473366
6766,31,2,21,2000,0.14326923076923087,0.11812939070473366
6766,31,2,21,5000,0.25096153846153857,0.11812939070473366
6766,31,2,22,50,0.06658653846153795,0.1051151361230099
6766,31,2,22,100,0.3355769230769233,0.1051151361230099
6766,31,2,22,250,0.16634615384615403,0.1051151361230099
6766,31,2,22,500,0.2894230769230771,0.1051151361230099
6766,31,2,22,1000,-0.03629807692307674,0.1051151361230099
6766,31,2,22,2000,-0.01057692307692304,0.1051151361230099
6766,31,2,22,5000,0.03557692307692306,0.1051151361230099
6766,31,2,23,50,0.08485576923076887,0.09871683860150336
6766,31,2,23,100,-0.2903846153846152,0.09871683860150336
6766,31,2,23,250,-0.2596153846153844,0.09871683860150336
6766,31,2,23,500,-0.16586538461538441,0.09871683860150336
6766,31,2,23,1000,-0.028365384615384293,0.09871683860150336
6766,31,2,23,2000,-0.3365384615384614,0.09871683860150336
6766,31,2,23,5000,-0.05288461538461514,0.09871683860150336
6766,31,2,24,50,-0.03798076923076932,0.08561988482896962
6766,31,2,24,100,0.3651442307692311,0.08561988482896962
6766,31,2,24,250,0.2538461538461541,0.08561988482896962
6766,31,2,24,500,-0.007211538461538547,0.08561988482896962
6766,31,2,24,1000,0.03653846153846174,0.08561988482896962
6766,31,2,24,2000,-0.09711538461538438,0.08561988482896962
6766,31,2,24,5000,0.03798076923076954,0.08561988482896962
6766,10101,0,5,50,-1.249000902703301e-16,1.249000902703301e-16
6766,10101,0,5,100,-1.249000902703301e-16,1.249000902703301e-16
6766,10101,0,5,250,-0.6363389092887244,1.249000902703301e-16
6766,10101,0,5,500,-0.6363389092887244,1.249000902703301e-16
6766,10101,0,5,1000,-1.249000902703301e-16,1.249000902703301e-16
6766,10101,0,5,2000,-1.249000902703301e-16,1.249000902703301e-16
6766,10101,0,5,5000,-1.249000902703301e-16,1.249000902703301e-16
6766,10101,0,6,50,-1.249000902703301e-16,1.190278209218274e-16
6766,10101,0,6,100,-1.249000902703301e-16,1.190278209218274e-16
6766,10101,0,6,250,-0.5454236366109035,1.190278209218274e-16
6766,10101,0,6,500,-0.6363389092887244,1.190278209218274e-16
6766,10101,0,6,1000,-1.249000902703301e-16,1.190278209218274e-16
6766,10101,0,6,2000,-1.249000902703301e-16,1.190278209218274e-16
6766,10101,0,6,5000,-0.5454236366109035,1.190278209218274e-16
6766,10101,0,7,50,-1.249000902703301e-16,1.26943361214963e-16
6766,10101,0,7,100,-1.249000902703301e-16,1.26943361214963e-16
6766,10101,0,7,250,-0.6363389092887244,1.26943361214963e-16
6766,10101,0,7,500,-1.249000902703301e-16,1.26943361214963e-16
6766,10101,0,7,1000,-0.4545763633890891,1.26943361214963e-16
6766,10101,0,7,2000,-0.6363389092887244,1.26943361214963e-16
6766,10101,0,7,5000,-1.249000902703301e-16,1.26943361214963e-16
6766,10101,0,8,50,-0.6363389092887244,1.2512876805419527e-16
6766,10101,0,8,100,-1.249000902703301e-16,1.2512876805419527e-16
6766,10101,0,8,250,0.0909152726778207,1.2512876805419527e-16
6766,10101,0,8,500,-0.6363389092887244,1.2512876805419527e-16
6766,10101,0,8,1000,-0.27274581803345505,1.2512876805419527e-16
6766,10101,0,8,2000,-1.249000902703301e-16,1.2512876805419527e-16
6766,10101,0,8,5000,-1.249000902703301e-16,1.2512876805419527e-16
6766,10101,0,9,50,-0.6363389092887244,1.2476750630118988e-16
6766,10101,0,9,100,-1.249000902703301e-16,1.2476750630118988e-16
6766,10101,0,9,250,-1.249000902703301e-16,1.2476750630118988e-16
6766,10101,0,9,500,-1.249000902703301e-16,1.2476750630118988e-16
6766,10101,0,9,1000,-1.249000902703301e-16,1.2476750630118988e-16
6766,10101,0,9,2000,-1.249000902703301e-16,1.2476750630118988e-16
6766,10101,0,9,5000,-1.249000902703301e-16,1.2476750630118988e-16
6766,10101,0,10,50,-0.4545763633890891,1.249000902703301e-16
6766,10101,0,10,100,-1.249000902703301e-16,1.249000902703301e-16
6766,10101,0,10,250,-1.249000902703301e-16,1.249000902703301e-16
6766,10101,0,10,500,-1.249000902703301e-16,1.249000902703301e-16
6766,10101,0,10,1000,-0.6363389092887244,1.249000902703301e-16
6766,10101,0,10,2000,-1.249000902703301e-16,1.249000902703301e-16
6766,10101,0,10,5000,-1.249000902703301e-16,1.249000902703301e-16
6766,10101,0,11,50,-1.249000902703301e-16,1.35619434333351e-16
6766,10101,0,11,100,-1.249000902703301e-16,1.35619434333351e-16
6766,10101,0,11,250,-1.249000902703301e-16,1.35619434333351e-16
6766,10101,0,11,500,-0.3636610907112683,1.35619434333351e-16
6766,10101,0,11,1000,-1.249000902703301e-16,1.35619434333351e-16
6766,10101,0,11,2000,-1.249000902703301e-16,1.35619434333351e-16
6766,10101,0,11,5000,-1.249000902703301e-16,1.35619434333351e-16
6766,10101,0,12,50,-0.17044488644090705,0.1660566589940054
6766,10101,0,12,100,0.3749787501699964,0.1660566589940054
6766,10101,0,12,250,-0.2613601591187279,0.1660566589940054
6766,10101,0,12,500,-0.17044488644090705,0.1660566589940054
6766,10101,0,12,1000,0.011317659458728258,0.1660566589940054
6766,10101,0,12,2000,-0.2613601591187279,0.1660566589940054
6766,10101,0,12,5000,-0.07959761321909253,0.1660566589940054
6766,10101,0,13,50,0.42186331259349674,0.20687841868135506
6766,10101,0,13,100,0.42186331259349674,0.20687841868135506
6766,10101,0,13,250,0.42186331259349674,0.20687841868135506
6766,10101,0,13,500,0.42186331259349674,0.20687841868135506
6766,10101,0,13,1000,0.42186331259349674,0.20687841868135506
6766,10101,0,13,2000,0.6647573694410407,0.20687841868135506
6766,10101,0,13,5000,0.6647573694410407,0.20687841868135506
6766,10101,0,14,50,-0.04259953420372575,0.17308401248411429
6766,10101,0,14,100,0.38349036957704064,0.17308401248411429
6766,10101,0,14,250,0.6136249660002687,0.17308401248411429
6766,10101,0,14,500,-0.25284853971168364,0.17308401248411429
6766,10101,0,14,1000,0.11081255099959209,0.17308401248411429
6766,10101,0,14,2000,0.6136249660002687,0.17308401248411429
6766,10101,0,14,5000,0.6136249660002687,0.17308401248411429
6766,10101,0,15,50,0.23291513667890923,0.1466952141636245
6766,10101,0,15,100,-0.039762681898546925,0.1466952141636245
6766,10101,0,15,250,0.16473718210254623,0.1466952141636245
6766,10101,0,15,500,0.6917574034407713,0.1466952141636245
6766,10101,0,15,1000,0.16473718210254623,0.1466952141636245
6766,10101,0,15,2000,0.6917574034407713,0.1466952141636245
6766,10101,0,15,5000,0.5099268580851373,0.1466952141636245
6766,10101,0,16,50,-0.20170444886441363,0.124263650532764
6766,10101,0,16,100,-0.3494417669658658,0.124263650532764
6766,10101,0,16,250,-0.028394022847817224,0.124263650532764
6766,10101,0,16,500,0.15336852305181808,0.124263650532764
6766,10101,0,16,1000,0.059615335577315465,0.124263650532764
6766,10101,0,16,2000,0.15053060825513626,0.124263650532764
6766,10101,0,16,5000,0.15053060825513626,0.124263650532764
6766,10101,0,17,50,0.11933585781313727,0.10460451400849666
6766,10101,0,17,100,0.011336784305725711,0.10460451400849666
6766,10101,0,17,250,0.22438757989936087,0.10460451400849666
6766,10101,0,17,500,-0.2500031874745019,0.10460451400849666
6766,10101,0,17,1000,-0.15767373861009049,0.10460451400849666
6766,10101,0,17,2000,0.024156806745543546,0.10460451400849666
6766,10101,0,17,5000,-0.07243642050864074,0.10460451400849666
6766,10101,0,18,50,0.12075003399972972,0.08109227343349777
6766,10101,0,18,100,-0.2315317727458185,0.08109227343349777
6766,10101,0,18,250,0.04546082381340788,0.08109227343349777
6766,10101,0,18,500,0.036909892220865326,0.08109227343349777
6766,10101,0,18,1000,0.036909892220865326,0.08109227343349777
6766,10101,0,18,2000,-0.08096822725418051,0.08109227343349777
6766,10101,0,18,5000,0.028388710390319816,0.08109227343349777
6766,10101,0,19,50,-0.09375212498300334,0.07331740995993113
6766,10101,0,19,100,0.01705192608459094,0.07331740995993113
6766,10101,0,19,250,-0.11504870461036143,0.07331740995993113
6766,10101,0,19,500,0.13922251121991225,0.07331740995993113
6766,10101,0,19,1000,-0.13210063069495137,0.07331740995993113
6766,10101,0,19,2000,-0.22301590337277222,0.07331740995993113
6766,10101,0,19,5000,-0.21875424996599968,0.07331740995993113
6766,10101,0,20,50,0.21735069869441026,0.06374245004068071
6766,10101,0,20,100,0.055379181966543234,0.06374245004068071
6766,10101,0,20,250,0.15911660206718337,0.06374245004068071
6766,10101,0,20,500,-0.09516417618659001,0.06374245004068071
6766,10101,0,20,1000,-0.1903400397796836,0.06374245004068071
6766,10101,0,20,2000,0.2613272218822247,0.06374245004068071
6766,10101,0,20,5000,-0.1903400397796836,0.06374245004068071
6766,10101,0,21,50,0.08524050557595275,0.06769395711751997
6766,10101,0,21,100,-0.15482838637290897,0.06769395711751997
6766,10101,0,21,250,0.054003255473953904,0.06769395711751997
6766,10101,0,21,500,0.3011026536787724,0.06769395711751997
6766,10101,0,21,1000,0.0752966476268162,0.06769395711751997
6766,10101,0,21,2000,-0.09090783523731827,0.06769395711751997
6766,10101,0,21,5000,-0.08380507955936423,0.06769395711751997
6766,10101,0,22,50,-0.03551271589827332,0.09296241199578748
6766,10101,0,22,100,0.10370448286413492,0.09296241199578748
6766,10101,0,22,250,-0.14914299435604605,0.09296241199578748
6766,10101,0,22,500,0.18041636916904602,0.09296241199578748
6766,10101,0,22,1000,0.31104651162790875,0.09296241199578748
6766,10101,0,22,2000,0.1307045168638642,0.09296241199578748
6766,10101,0,22,5000,0.25286872705018537,0.09296241199578748
6766,10101,0,23,50,-0.14489409084727056,0.08428595659119092
6766,10101,0,23,100,-0.039773306813547626,0.08428595659119092
6766,10101,0,23,250,0.3110581990344104,0.08428595659119092
6766,10101,0,23,500,0.3195836308309566,0.08428595659119092
6766,10101,0,23,1000,0.16479030667754568,0.08428595659119092
6766,10101,0,23,2000,0.3110581990344104,0.08428595659119092
6766,10101,0,23,5000,0.3167404035767742,0.08428595659119092
6766,10101,0,24,50,0.10370235788113669,0.08244168189596185
6766,10101,0,24,100,0.19461763055895753,0.08244168189596185
6766,10101,0,24,250,0.19461763055895753,0.08244168189596185
6766,10101,0,24,500,0.28546490378077205,0.08244168189596185
6766,10101,0,24,1000,-0.07812818747449735,0.08244168189596185
6766,10101,0,24,2000,0.19461763055895753,0.08244168189596185
6766,10101,0,24,5000,-0.07812818747449735,0.08244168189596185
6766,10101,1,5,50,-0.1534003977968162,0.1800640101019964
6766,10101,1,5,100,-0.1534003977968162,0.1800640101019964
6766,10101,1,5,250,-0.24431567047463704,0.1800640101019964
6766,10101,1,5,500,-0.24431567047463704,0.1800640101019964
6766,10101,1,5,1000,0.301107966136274,0.1800640101019964
6766,10101,1,5,2000,0.3920232388140873,0.1800640101019964
6766,10101,1,5,5000,0.3920232388140873,0.1800640101019964
6766,10101,1,6,50,-0.23579342615259175,0.19489338133910197
6766,10101,1,6,100,0.4005454831361326,0.19489338133910197
6766,10101,1,6,250,0.4005454831361326,0.19489338133910197
6766,10101,1,6,500,-0.23579342615259175,0.19489338133910197
6766,10101,1,6,1000,-0.3267086988304126,0.19489338133910197
6766,10101,1,6,2000,-0.05403088025295638,0.19489338133910197
6766,10101,1,6,5000,-0.4176239715082258,0.19489338133910197
6766,10101,1,7,50,-0.1903357898136856,0.25549666183014574
6766,10101,1,7,100,-0.1903357898136856,0.25549666183014574
6766,10101,1,7,250,-0.1903357898136856,0.25549666183014574
6766,10101,1,7,500,0.5369183921528595,0.25549666183014574
6766,10101,1,7,1000,0.2769564718482228,0.25549666183014574
6766,10101,1,7,2000,0.5326620512035871,0.25549666183014574
6766,10101,1,7,5000,0.5326620512035871,0.25549666183014574
6766,10101,1,8,50,-0.08380401706786778,0.18655273850576257
6766,10101,1,8,100,0.007111255609953071,0.18655273850576257
6766,10101,1,8,250,0.609363312593496,0.18655273850576257
6766,10101,1,8,500,0.18887380150958843,0.18655273850576257
6766,10101,1,8,1000,0.5837955171358598,0.18655273850576257
6766,10101,1,8,2000,0.5837955171358598,0.18655273850576257
6766,10101,1,8,5000,0.609363312593496,0.18655273850576257
6766,10101,1,9,50,-0.05397669318645881,0.13688802272431896
6766,10101,1,9,100,0.5241313069495412,0.13688802272431896
6766,10101,1,9,250,0.2726980059159505,0.13688802272431896
6766,10101,1,9,500,2.0187338501953533e-05,0.13688802272431896
6766,10101,1,9,1000,0.6747107898136806,0.13688802272431896
6766,10101,1,9,2000,0.5965794148646778,0.13688802272431896
6766,10101,1,9,5000,0.6747107898136806,0.13688802272431896
6766,10101,1,10,50,-0.2173315738474083,0.19242988612052347
6766,10101,1,10,100,0.055416369169046464,0.19242988612052347
6766,10101,1,10,250,-0.03407091493268033,0.19242988612052347
6766,10101,1,10,500,0.2556439548483635,0.19242988612052347
6766,10101,1,10,1000,0.14626364239086098,0.19242988612052347
6766,10101,1,10,2000,0.055416369169046464,0.19242988612052347
6766,10101,1,10,5000,0.3366164320685404,0.19242988612052347
6766,10101,1,11,50,0.11075305147559061,0.1803061219484703
6766,10101,1,11,100,0.20166832415340386,0.1803061219484703
6766,10101,1,11,250,0.11075305147559061,0.1803061219484703
6766,10101,1,11,500,0.3834988695090455,0.1803061219484703
6766,10101,1,11,1000,0.3834988695090455,0.1803061219484703
6766,10101,1,11,2000,0.11075305147559061,0.1803061219484703
6766,10101,1,11,5000,0.3834988695090455,0.1803061219484703
6766,10101,1,12,50,-0.05255401706786578,0.1137258543977586
6766,10101,1,12,100,0.06671490378076939,0.1137258543977586
6766,10101,1,12,250,0.4204310740514086,0.1137258543977586
6766,10101,1,12,500,-0.02413236944104513,0.1137258543977586
6766,10101,1,12,1000,-0.031235125118999507,0.1137258543977586
6766,10101,1,12,2000,-0.031235125118999507,0.1137258543977586
6766,10101,1,12,5000,0.05961214810281501,0.1137258543977586
6766,10101,1,13,50,-0.07812606249150478,0.10320126558613375
6766,10101,1,13,100,-0.07670551135591386,0.10320126558613375
6766,10101,1,13,250,-0.2599566078471388,0.10320126558613375
6766,10101,1,13,500,-0.07812606249150478,0.10320126558613375
6766,10101,1,13,1000,0.012789210186316069,0.10320126558613375
6766,10101,1,13,2000,-0.16904133516931796,0.10320126558613375
6766,10101,1,13,5000,-0.16904133516931796,0.10320126558613375
6766,10101,1,14,50,-0.05965783523731982,0.11366519249533777
6766,10101,1,14,100,0.031257437440501024,0.11366519249533777
6766,10101,1,14,250,0.031257437440501024,0.11366519249533777
6766,10101,1,14,500,-0.05965783523731982,0.11366519249533777
6766,10101,1,14,1000,0.031257437440501024,0.11366519249533777
6766,10101,1,14,2000,-0.05965783523731982,0.11366519249533777
6766,10101,1,14,5000,-0.05965783523731982,0.11366519249533777
6766,10101,1,15,50,0.07670976132190854,0.0562643294256413
6766,10101,1,15,100,-0.008517994356047165,0.0562643294256413
6766,10101,1,15,250,0.1732445515435882,0.0562643294256413
6766,10101,1,15,500,0.16188014245886173,0.0562643294256413
6766,10101,1,15,1000,0.08239727832177368,0.0562643294256413
6766,10101,1,15,2000,-0.008517994356047165,0.0562643294256413
6766,10101,1,15,5000,-0.1349353580171383,0.0562643294256413
6766,10101,1,16,50,-0.0028294148646854644,0.0673982297787769
6766,10101,1,16,100,0.01989727832176913,0.0673982297787769
6766,10101,1,16,250,0.01989727832176913,0.0673982297787769
6766,10101,1,16,500,0.01989727832176913,0.0673982297787769
6766,10101,1,16,1000,-0.0028294148646854644,0.0673982297787769
6766,10101,1,16,2000,-0.0028294148646854644,0.0673982297787769
6766,10101,1,16,5000,-0.0028294148646854644,0.0673982297787769
6766,10101,1,17,50,0.15768436352509385,0.059218782155012924
6766,10101,1,17,100,0.0028474772201790843,0.059218782155012924
6766,10101,1,17,250,-0.09090571025431649,0.059218782155012924
6766,10101,1,17,500,-0.0880646079831342,0.059218782155012924
6766,10101,1,17,1000,-0.19883253433972747,0.059218782155012924
6766,10101,1,17,2000,-0.19883253433972747,0.059218782155012924
6766,10101,1,17,5000,-0.09800527845777063,0.059218782155012924
6766,10101,1,18,50,-0.07244067047463354,0.06833222960163939
6766,10101,1,18,100,-0.05398094315245405,0.06833222960163939
6766,10101,1,18,250,-0.012774335305320461,0.06833222960163939
6766,10101,1,18,500,0.032679051067587395,0.06833222960163939
6766,10101,1,18,1000,0.029837948796405667,0.06833222960163939
6766,10101,1,18,2000,0.032679051067587395,0.06833222960163939
6766,10101,1,18,5000,0.032679051067587395,0.06833222960163939
6766,10101,1,19,50,-0.12500849993199892,0.06979954289446148
6766,10101,1,19,100,0.00142480110158838,0.06979954289446148
6766,10101,1,19,250,-0.07244810791513523,0.06979954289446148
6766,10101,1,19,500,0.18609219876241034,0.06979954289446148
6766,10101,1,19,1000,0.10512078403372616,0.06979954289446148
6766,10101,1,19,2000,-0.011356971644229885,0.06979954289446148
6766,10101,1,19,5000,0.0951769260845895,0.06979954289446148
6766,10101,1,20,50,0.039789244186045125,0.056324137869053666
6766,10101,1,20,100,0.1548400737794099,0.056324137869053666
6766,10101,1,20,250,0.35222974466204543,0.056324137869053666
6766,10101,1,20,500,-0.009935358017139073,0.056324137869053666
6766,10101,1,20,1000,0.01847141472867908,0.056324137869053666
6766,10101,1,20,2000,0.13070451686386597,0.056324137869053666
6766,10101,1,20,5000,0.07245767033863604,0.056324137869053666
6766,10101,1,21,50,-0.15341952264381875,0.06880315641496401
6766,10101,1,21,100,0.09659747722018042,0.06880315641496401
6766,10101,1,21,250,-0.08239196586427144,0.06880315641496401
6766,10101,1,21,500,0.3650136423908637,0.06880315641496401
6766,10101,1,21,1000,0.09801802835577123,0.06880315641496401
6766,10101,1,21,2000,-0.1747277896776832,0.06880315641496401
6766,10101,1,21,5000,-0.09233582381340821,0.06880315641496401
6766,10101,1,22,50,0.06534535223718019,0.06536623713212296
6766,10101,1,22,100,-0.12358794879640789,0.06536623713212296
6766,10101,1,22,250,-0.11364409084727223,0.06536623713212296
6766,10101,1,22,500,-0.1917744033047748,0.06536623713212296
6766,10101,1,22,1000,-0.1917744033047748,0.06536623713212296
6766,10101,1,22,2000,-0.14915786923704755,0.06536623713212296
6766,10101,1,22,5000,-0.14915786923704755,0.06536623713212296
6766,10101,1,23,50,-0.20029771011832054,0.07530518750347934
6766,10101,1,23,100,0.34086427308581774,0.07530518750347934
6766,10101,1,23,250,0.3635930912552722,0.07530518750347934
6766,10101,1,23,500,0.18183054535563692,0.07530518750347934
6766,10101,1,23,1000,-0.1662044828641387,0.07530518750347934
6766,10101,1,23,2000,0.27267781857745144,0.07530518750347934
6766,10101,1,23,5000,-0.07528921018631785,0.07530518750347934
6766,10101,1,24,50,0.058242596559225035,0.07795114460275133
6766,10101,1,24,100,0.39342466510268154,0.07795114460275133
6766,10101,1,24,250,0.37211639806881786,0.07795114460275133
6766,10101,1,24,500,-0.17614834081327457,0.07795114460275133
6766,10101,1,24,1000,-0.055401494288045194,0.07795114460275133
6766,10101,1,24,2000,-0.17188668740650215,0.07795114460275133
6766,10101,1,24,5000,-0.16904558513532053,0.07795114460275133
6766,10101,2,5,50,0.01706786345709288,0.32833436418272305
6766,10101,2,5,100,-0.00849993200054322,0.32833436418272305
6766,10101,2,5,250,-0.07384740922072797,0.32833436418272305
6766,10101,2,5,500,0.01706786345709288,0.32833436418272305
6766,10101,2,5,1000,-0.255677954576362,0.32833436418272305
6766,10101,2,5,2000,-0.1647626818985488,0.32833436418272305
6766,10101,2,5,5000,-0.255677954576362,0.32833436418272305
6766,10101,2,6,50,-0.15483051135590786,0.26085382086900066
6766,10101,2,6,100,-0.24431567047463476,0.26085382086900066
6766,10101,2,6,250,-0.15340039779682157,0.26085382086900066
6766,10101,2,6,500,-0.3352309431524556,0.26085382086900066
6766,10101,2,6,1000,-0.06248512511900073,0.26085382086900066
6766,10101,2,6,2000,-0.3352309431524556,0.26085382086900066
6766,10101,2,6,5000,-0.24431567047463476,0.26085382086900066
6766,10101,2,7,50,0.17893206854345234,0.20908737794918508
6766,10101,2,7,100,0.04546826125390757,0.20908737794918508
6766,10101,2,7,250,-0.14346397728818105,0.20908737794918508
6766,10101,2,7,500,-0.24005932952536546,0.20908737794918508
6766,10101,2,7,1000,0.03268648850808942,0.20908737794918508
6766,10101,2,7,2000,-0.18180929552563563,0.20908737794918508
6766,10101,2,7,5000,-0.18180929552563563,0.20908737794918508
6766,10101,2,8,50,0.2002413980688157,0.22415222742062546
6766,10101,2,8,100,0.1988814089487282,0.22415222742062546
6766,10101,2,8,250,0.05541318169454379,0.22415222742062546
6766,10101,2,8,500,0.2911566707466365,0.22415222742062546
6766,10101,2,8,1000,0.2428600571195459,0.22415222742062546
6766,10101,2,8,2000,0.07814199986399817,0.22415222742062546
6766,10101,2,8,5000,0.05541318169454379,0.22415222742062546
6766,10101,2,9,50,0.04973522711817979,0.18862873984813916
6766,10101,2,9,100,0.04973522711817979,0.18862873984813916
6766,10101,2,9,250,0.04973522711817979,0.18862873984813916
6766,10101,2,9,500,-0.136355909152727,0.18862873984813916
6766,10101,2,9,1000,-0.04544063647491381,0.18862873984813916
6766,10101,2,9,2000,-0.136355909152727,0.18862873984813916
6766,10101,2,9,5000,0.04547463620290704,0.18862873984813916
6766,10101,2,10,50,0.14632207942336173,0.17747870321458944
6766,10101,2,10,100,0.05540680674554088,0.17747870321458944
6766,10101,2,10,250,-0.049705477356186245,0.17747870321458944
6766,10101,2,10,500,0.032682238542089403,0.17747870321458944
6766,10101,2,10,1000,0.039783931728543886,0.17747870321458944
6766,10101,2,10,2000,0.10081344349245269,0.17747870321458944
6766,10101,2,10,5000,0.10791513667890718,0.17747870321458944
6766,10101,2,11,50,0.18041849415204614,0.18907191743789778
6766,10101,2,11,100,-0.0014120512035955546,0.18907191743789778
6766,10101,2,11,250,-0.09232732388140874,0.18907191743789778
6766,10101,2,11,500,-0.0014120512035955546,0.18907191743789778
6766,10101,2,11,1000,0.08950322147422529,0.18907191743789778
6766,10101,2,11,2000,0.08950322147422529,0.18907191743789778
6766,10101,2,11,5000,-0.09232732388140874,0.18907191743789778
6766,10101,2,12,50,0.24291424418604635,0.1552215673758521
6766,10101,2,12,100,0.021310392016859137,0.1552215673758521
6766,10101,2,12,250,-0.06960488066095405,0.1552215673758521
6766,10101,2,12,500,-0.06960488066095405,0.1552215673758521
6766,10101,2,12,1000,0.021310392016859137,0.1552215673758521
6766,10101,2,12,2000,0.021310392016859137,0.1552215673758521
6766,10101,2,12,5000,-0.16478180674554765,0.1552215673758521
6766,10101,2,13,50,0.14347885216918366,0.19588417155678164
6766,10101,2,13,100,-0.0639237386100896,0.19588417155678164
6766,10101,2,13,250,0.04119917040663523,0.19588417155678164
6766,10101,2,13,500,0.14347885216918366,0.19588417155678164
6766,10101,2,13,1000,0.004261653406774313,0.19588417155678164
6766,10101,2,13,2000,0.11080405106758773,0.19588417155678164
6766,10101,2,13,5000,-0.06250318747450068,0.19588417155678164
6766,10101,2,14,50,0.18183267033863515,0.17628745176086708
6766,10101,2,14,100,-0.009942795457640319,0.17628745176086708
6766,10101,2,14,250,0.18609326125390857,0.17628745176086708
6766,10101,2,14,500,0.13069282945736305,0.17628745176086708
6766,10101,2,14,1000,0.05256251699986603,0.17628745176086708
6766,10101,2,14,2000,0.05256251699986603,0.17628745176086708
6766,10101,2,14,5000,0.011366534067729361,0.17628745176086708
6766,10101,2,15,50,0.26990471576227426,0.18841619678582847
6766,10101,2,15,100,-0.1931928294573656,0.18841619678582847
6766,10101,2,15,250,-0.015626062491499004,0.18841619678582847
6766,10101,2,15,500,-0.009943857949135326,0.18841619678582847
6766,10101,2,15,1000,0.011367596559223259,0.18841619678582847
6766,10101,2,15,2000,-0.07954767611858993,0.18841619678582847
6766,10101,2,15,5000,-0.06818432952536235,0.18841619678582847
6766,10101,2,16,50,-0.1306885794913627,0.18783142639514436
6766,10101,2,16,100,0.08097141472867775,0.18783142639514436
6766,10101,2,16,250,0.07670976132190499,0.18783142639514436
6766,10101,2,16,500,0.0468803124574958,0.18783142639514436
6766,10101,2,16,1000,-0.05539830681354474,0.18783142639514436
6766,10101,2,16,2000,0.1321144430844532,0.18783142639514436
6766,10101,2,16,5000,0.0341091646266829,0.18783142639514436
6766,10101,2,17,50,0.0525603920168658,0.15437144799040853
6766,10101,2,17,100,0.1860921987624078,0.15437144799040853
6766,10101,2,17,250,0.15341952264381697,0.15437144799040853
6766,10101,2,17,500,0.06250424996599746,0.15437144799040853
6766,10101,2,17,1000,-0.10512078403372904,0.15437144799040853
6766,10101,2,17,2000,-0.0014205511355896983,0.15437144799040853
6766,10101,2,17,5000,-0.004261653406771537,0.15437144799040853
6766,10101,2,18,50,-0.1846705851353202,0.18751627714419108
6766,10101,2,18,100,0.07529133516931652,0.18751627714419108
6766,10101,2,18,250,-0.10653921018631751,0.18751627714419108
6766,10101,2,18,500,0.1676271589827284,0.18751627714419108
6766,10101,2,18,1000,0.07529133516931652,0.18751627714419108
6766,10101,2,18,2000,0.017046613627094254,0.18751627714419108
6766,10101,2,18,5000,0.3508102560179546,0.18751627714419108
6766,10101,2,19,50,-0.27414936930504585,0.17155501357855643
6766,10101,2,19,100,-0.1065370852033155,0.17155501357855643
6766,10101,2,19,250,0.05966952264381864,0.17155501357855643
6766,10101,2,19,500,-0.09231882394941182,0.17155501357855643
6766,10101,2,19,1000,0.24712489800081922,0.17155501357855643
6766,10101,2,19,2000,0.06536235210118391,0.17155501357855643
6766,10101,2,19,5000,0.25990135828913724,0.17155501357855643
6766,10101,2,20,50,0.044037085203319726,0.1848668317280639
6766,10101,2,20,100,-0.08097141472868274,0.1848668317280639
6766,10101,2,20,250,0.009943857949138102,0.1848668317280639
6766,10101,2,20,500,0.09091527267781652,0.1848668317280639
6766,10101,2,20,1000,-0.06392480110159016,0.1848668317280639
6766,10101,2,20,2000,0.11080298857608795,0.1848668317280639
6766,10101,2,20,5000,0.11080298857608795,0.1848668317280639
6766,10101,2,21,50,-0.01278389772882027,0.15733439119101494
6766,10101,2,21,100,-0.25001487488100205,0.15733439119101494
6766,10101,2,21,250,-0.1590996022031812,0.15733439119101494
6766,10101,2,21,500,0.08523625560995451,0.15733439119101494
6766,10101,2,21,1000,-0.06108369883040865,0.15733439119101494
6766,10101,2,21,2000,-0.06108369883040865,0.15733439119101494
6766,10101,2,21,5000,0.055405744254044875,0.15733439119101494
6766,10101,2,22,50,0.18183054535563492,0.15953004549155228
6766,10101,2,22,100,0.1860921987624078,0.15953004549155228
6766,10101,2,22,250,-0.048298738610090375,0.15953004549155228
6766,10101,2,22,500,0.10370023289813435,0.15953004549155228
6766,10101,2,22,1000,0.19461550557595364,0.15953004549155228
6766,10101,2,22,2000,0.22444707942336317,0.15953004549155228
6766,10101,2,22,5000,0.3125212498300023,0.15953004549155228
6766,10101,2,23,50,-0.04829555113559292,0.17494399933676175
6766,10101,2,23,100,-0.21024050557595664,0.17494399933676175
6766,10101,2,23,250,-0.09375531245749935,0.17494399933676175
6766,10101,2,23,500,-0.21024050557595664,0.17494399933676175
6766,10101,2,23,1000,0.07386972154222571,0.17494399933676175
6766,10101,2,23,2000,0.11364409084727123,0.17494399933676175
6766,10101,2,23,5000,0.11364409084727123,0.17494399933676175
6766,10101,2,24,50,-0.04403708520331773,0.17840370870836636
6766,10101,2,24,100,-0.04119598293213578,0.17840370870836636
6766,10101,2,24,250,0.32523821059431557,0.17840370870836636
6766,10101,2,24,500,0.14063456242349837,0.17840370870836636
6766,10101,2,24,1000,0.03551696586427222,0.17840370870836636
6766,10101,2,24,2000,0.08665361927104187,0.17840370870836636
6766,10101,2,24,5000,0.11790574425404365,0.17840370870836636
