ss,task,seed,step,N,over_full,K_ak,over_ak,sigma_t
6767,146065,0,5,44253,0.19868674597365446,1000,0.1848248799754925,0.11107342274656677
6767,146065,0,6,44252,0.1848248799754925,1267,0.1826369027713794,0.08104041923435994
6767,146065,0,7,44251,0.1986867459736544,1540,0.1986867459736544,0.06246136206717236
6767,146065,0,8,44250,-0.3776746815521219,1125,0.13910565664455227,0.09495394372854195
6767,146065,0,9,44249,0.18829074840805315,1000,0.22227612184621423,0.1455844389168415
6767,146065,0,10,44248,0.3104326027019254,1000,0.2920717177126475,0.13301112073616014
6767,146065,0,11,44247,0.3322588445726473,1000,0.21187968580822739,0.11520384944460024
6767,146065,0,12,44246,0.31097985277851203,1000,0.3976167710425826,0.11833782040462862
6767,146065,0,13,44245,0.29049102476258204,1097,0.28751193375676154,0.09819620298184363
6767,146065,0,14,44244,0.2629496607392998,1000,0.18616229383028446,0.12510116424244497
6767,146065,0,15,44243,-0.10511933318288841,1000,0.028758344129498015,0.13036838847368332
6767,146065,0,16,44242,0.36879868505054725,1000,0.3860654718196722,0.14306963977271295
6767,146065,0,17,44241,0.26781429262126977,1000,-0.5358102589676371,0.11669847226313414
6767,146065,0,18,44240,-0.3205252504554267,1080,-0.4791457052506774,0.10022235984661076
6767,146065,0,19,44239,-0.3243549413499335,1000,0.3576724848054704,0.12779613130504527
6767,146065,0,20,44238,0.49708123548656424,1000,0.5139221924905466,0.16519610814787206
6767,146065,0,21,44237,0.43257496854691435,1000,-0.4348244415031066,0.1273383378289422
6767,146065,0,22,44236,-0.3710475733768921,1000,0.5127661235065634,0.11843953704939478
6767,146065,0,23,44235,-0.23078767471662953,1000,0.46023819135402627,0.14723983990839642
6767,146065,0,24,44234,0.5739900957857549,1044,0.4959272857857778,0.104813565461782
6767,146065,1,5,44253,0.4926420679760818,1000,0.39725071967934245,0.28929411914060765
6767,146065,1,6,44252,0.43920193056468265,1193,0.35913073434185894,0.2287222210469045
6767,146065,1,7,44251,0.40272248965789825,1170,0.40582241634531524,0.23463234717349385
6767,146065,1,8,44250,0.4649184821372203,1249,0.5082072530348137,0.21500265756874312
6767,146065,1,9,44249,-0.10566585247216553,1293,0.3053249840396052,0.20545345709263774
6767,146065,1,10,44248,-0.4916094289686428,1321,0.35554370137341285,0.1995510303570439
6767,146065,1,11,44247,0.6178851643745281,1225,0.5188475527979218,0.22068943976286942
6767,146065,1,12,44246,-0.31991771042582096,1184,-0.3568832345114016,0.2308538482585264
6767,146065,1,13,44245,0.4920347106433033,1034,0.31450517075868634,0.27653555649227346
6767,146065,1,14,44244,-0.26617195776166225,1000,0.5822591003482059,0.32760672565547244
6767,146065,1,15,44243,-0.19911279497498957,1000,0.45816977095371847,0.3179247766895535
6767,146065,1,16,44242,-0.3084262626835441,1003,0.20877924756969402,0.28831232650789923
6767,146065,1,17,44241,-0.21115105432146652,1000,0.5092406593689274,0.32023004212941597
6767,146065,1,18,44240,0.5582439312498692,1000,0.5837776763769791,0.3152989821370843
6767,146065,1,19,44239,0.24452749923413492,1000,0.5443826498815542,0.32795799265410003
6767,146065,1,20,44238,-0.2575385095680518,1000,0.5497927414112033,0.2983933998261969
6767,146065,1,21,44237,-0.0914391409098243,1000,-0.20421957323190398,0.32533661730413926
6767,146065,1,22,44236,0.547968988602057,1000,0.6057874554804374,0.3179814422052885
6767,146065,1,23,44235,-0.2034889320800426,1000,-0.1906003651598025,0.30541007559744554
6767,146065,1,24,44234,-0.24106367700604037,1000,0.5621358121443991,0.31118169500494264
6767,146065,2,5,44253,-0.03246573776778974,1000,-0.03246573776778974,0.04967024691342406
6767,146065,2,6,44252,-0.0365999477340917,1013,-0.0324657377677898,0.04882877015109939
6767,146065,2,7,44251,-0.034532842750940734,1026,-0.03392490078831495,0.04801745389805643
6767,146065,2,8,44250,-0.03246573776778974,1049,-0.03477612184621437,0.04658775679035166
6767,146065,2,9,44249,-0.03781590473807425,1051,-0.03599207885019687,0.04649607864912885
6767,146065,2,10,44248,-0.036599947734091726,1110,0.004377781376499107,0.04321614982361201
6767,146065,2,11,44247,-0.028331527801487844,1146,-0.036600020812822626,0.04140888000287101
6767,146065,2,12,44246,-0.0336816947717723,1170,-0.04280140884100647,0.04026654043095688
6767,146065,2,13,44245,-0.03599207885019687,1129,-0.03599207885019687,0.04222924709890463
6767,146065,2,14,44244,-0.03222253175124709,1203,-0.024805259797811702,0.038822172245400806
6767,146065,2,15,44243,-0.00376991249260461,1232,0.10785434122739508,0.037620806733067017
6767,146065,2,16,44242,-0.027480306743588423,1367,-0.02760190975185975,0.032749453527659414
6767,146065,2,17,44241,-0.05477839167159701,1452,-0.054596096777286385,0.03019546571855928
6767,146065,2,18,44240,-0.03866705271724272,1202,-0.037207962775448467,0.03885065270191434
6767,146065,2,19,44239,0.13351257597264846,1258,-0.02790595381190361,0.03656290224978353
6767,146065,2,20,44238,-0.03696512215256026,1244,-0.037998674644135755,0.03713202679535122
6767,146065,2,21,44237,-0.03155408059940931,1288,-0.5069305310660609,0.0354529240948931
6767,146065,2,22,44236,-0.0398834481936107,1228,-0.03824180758194756,0.03777675958374139
6767,146065,2,23,44235,-0.43762109145715483,1266,-0.015686349594617732,0.036260246318601794
6767,146065,2,24,44234,0.21376475167262615,1000,0.1704154350464546,0.08467480726464685
6767,145804,0,5,45098,-0.3424994750161324,1000,-0.26555063526879874,0.27535236339120267
6767,145804,0,6,45097,0.2383491422453367,1000,0.6851249749004061,0.2891304272146453
6767,145804,0,7,45096,-0.3846997954478917,1000,-0.38615059028113063,0.2848919742181225
6767,145804,0,8,45095,-0.3250007711898054,1027,-0.21607526467617355,0.26582882988069806
6767,145804,0,9,45094,-0.17202492696209837,1049,-0.17677485741131616,0.25841681902746233
6767,145804,0,10,45093,0.6969499970110408,1051,0.6873500969878955,0.25754663330857014
6767,145804,0,11,45092,0.07740020133322922,1029,-0.17247590534809099,0.26515001602426874
6767,145804,0,12,45091,0.21257456591115015,1092,-0.26207484449747875,0.24481095398187808
6767,145804,0,13,45090,0.718925098405735,1162,-0.19464969589255698,0.22546456746565754
6767,145804,0,14,45089,0.2738242085772398,1306,-0.16762574417421172,0.19290695740448094
6767,145804,0,15,45088,-0.13779959526426244,1280,0.14132462722313488,0.1981774239583105
6767,145804,0,16,45087,-0.15502483805972045,1317,0.11964990665250375,0.19078595838302545
6767,145804,0,17,45086,-0.20399984537883897,1273,-0.12620070899645985,0.19956684775037192
6767,145804,0,18,45085,-0.07845071991765762,1274,-0.10765079203587968,0.19932427099882555
6767,145804,0,19,45084,-0.08230080119435712,1333,0.20664936135904177,0.18760720948658824
6767,145804,0,20,45083,-0.10165062400272185,1360,-0.0587754166915736,0.18267444857289453
6767,145804,0,21,45082,0.11560005847630539,1367,-0.12982566033007337,0.1815482249998848
6767,145804,0,22,45081,-0.10667435078272325,1375,-0.08015013963804407,0.18015130478524724
6767,145804,0,23,45080,-0.07022559744696888,1424,-0.123075689836465,0.1718620616531586
6767,145804,0,24,45079,-0.09279964029025078,1342,-0.07487505767158453,0.1860838335144003
6767,145804,1,5,45098,-0.13597518052547364,1000,-0.12235022056986355,0.20415454710060116
6767,145804,1,6,45097,-0.1391000799354989,1012,0.25392506870774345,0.2008948369665882
6767,145804,1,7,45096,0.36362490247562534,1149,0.38924986319763527,0.16966351274361988
6767,145804,1,8,45095,0.06100015557916172,1105,0.34760005732670646,0.1787463550556848
6767,145804,1,9,45094,0.36977502142087554,1143,0.36977502142087554,0.17079174529110847
6767,145804,1,10,45093,-0.16040005495086518,1110,-0.1906241330102184,0.17767657793708513
6767,145804,1,11,45092,-0.13932506617862228,1089,-0.13932506617862228,0.18217852846722993
6767,145804,1,12,45091,-0.1343000221489532,1106,0.2240010361725393,0.17859377392413095
6767,145804,1,13,45090,0.0839751452710844,1152,0.14467549482603603,0.1691227818644684
6767,145804,1,14,45089,-0.16117502885495172,1173,0.3295499527897729,0.16494693496823437
6767,145804,1,15,45088,0.36122501728231665,1264,0.35955000260576037,0.14944750661354544
6767,145804,1,16,45087,0.05882554402890339,1135,0.3552999803801659,0.1724392768952312
6767,145804,1,17,45086,0.3946499641324899,1181,0.39639989439010753,0.16350835316026582
6767,145804,1,18,45085,0.36337496033881106,1229,0.35602552149674926,0.15509532422315928
6767,145804,1,19,45084,-0.12487454993171299,1124,-0.09797501843191414,0.17471056230919338
6767,145804,1,20,45083,0.33314985242971745,1248,0.20765008790605832,0.15199513193645925
6767,145804,1,21,45082,0.20375045409188564,1306,0.24525090780057057,0.14307287237588542
6767,145804,1,22,45081,0.2925256571495143,1306,0.2994503667989473,0.1429619861023974
6767,145804,1,23,45080,0.2118499588443309,1388,0.234849952329932,0.13186554926397634
6767,145804,1,24,45079,-0.0648499734059258,1514,-0.03380007560534004,0.11740003277999263
6767,145804,2,5,45098,-0.24099949647532737,1000,-0.27060006039230466,0.14169101870351955
6767,145804,2,6,45097,0.21142525360169595,1000,-0.17894956476154988,0.17531127247351108
6767,145804,2,7,45096,-0.16472492090753987,1000,-0.18497579038812018,0.15471207627018996
6767,145804,2,8,45095,0.3699243256831309,1000,0.20239965048336883,0.166995372468517
6767,145804,2,9,45094,0.3078502523754566,1000,0.19192456978146877,0.17055465823862434
6767,145804,2,10,45093,0.345274321314652,1000,0.24542428180674192,0.16870796492187465
6767,145804,2,11,45092,-0.2105507674727657,1000,-0.20832588488521608,0.1623802320303304
6767,145804,2,12,45091,-0.1392002867101666,1000,0.0745505592036192,0.1545949958988392
6767,145804,2,13,45090,-0.14079995470577045,1000,-0.15660014891148133,0.17976804483554185
6767,145804,2,14,45089,-0.020249240880991337,1000,-0.12820036584094696,0.16390315548618406
6767,145804,2,15,45088,-0.16454955905187063,1000,-0.18597515178548119,0.16318431602297936
6767,145804,2,16,45087,-0.18540035193079052,1000,-0.13835054092498267,0.17181948180311538
6767,145804,2,17,45086,0.3179257513783704,1000,0.11039979629093166,0.17474959236672435
6767,145804,2,18,45085,-0.14415031935879863,1000,-0.13720034246575263,0.1673092831264322
6767,145804,2,19,45084,-0.1579001545828399,1000,0.2413503159866407,0.16601186067282764
6767,145804,2,20,45083,-0.14142512139772834,1000,-0.09239998674128269,0.17516115401012106
6767,145804,2,21,45082,-0.10490011128125099,1000,-0.1280753708225455,0.17980378945612044
6767,145804,2,22,45081,-0.16442504303334815,1000,-0.17960031004704102,0.1818756255476839
6767,145804,2,23,45080,0.030826133007154866,1000,0.34124981223204814,0.1860299420872144
6767,145804,2,24,45079,0.012650722101898104,1000,0.06460079766891857,0.17386321622943168
6767,146064,0,5,46061,-0.1129110280227636,1000,-0.1129110280227636,0.14200492864359746
6767,146064,0,6,46060,0.3060497781949201,1056,-0.11955285320057313,0.13201439475895202
6767,146064,0,7,46059,-0.11262434028078849,1003,-0.11262434028078849,0.14140707593563961
6767,146064,0,8,46058,-0.11917060287793985,1076,-0.1123376525388135,0.128761562018561
6767,146064,0,9,46057,-0.11271990286144684,1061,-0.11262434028078855,0.13124494223358116
6767,146064,0,10,46056,-0.11214652737749692,1209,-0.11869278997464822,0.11030103160162408
6767,146064,0,11,46055,-0.11166871447420518,1309,-0.11486943659469245,0.09912909528304426
6767,146064,0,12,46054,0.34021452989055156,1457,-0.07267782663327238,0.08593400184801119
6767,146064,0,13,46053,0.30719652916282003,1247,0.320671304679756,0.1057703514963708
6767,146064,0,14,46052,-0.02685374934750684,1363,0.31422060466326307,0.09398466573851569
6767,146064,0,15,46051,0.34542286322388494,1587,0.3664951428598151,0.07673656888009805
6767,146064,0,16,46050,-0.1112864641515719,1143,-0.542479280693521,0.1187935402328365
6767,146064,0,17,46049,-0.11138202673223008,1173,-0.542479280693521,0.114796568651359
6767,146064,0,18,46048,-0.11262434028078855,1153,-0.12060409472241618,0.11742489075582031
6767,146064,0,19,46047,-0.1021116062547498,1185,-0.11128646415157184,0.11322185749898335
6767,146064,0,20,46046,-0.112146607079399,1393,-0.016915719170453758,0.09125921919833982
6767,146064,0,21,46045,0.33811271102938334,1454,0.3009847223143226,0.0862341554594432
6767,146064,0,22,46044,0.3085342990228336,1191,0.38747119573256894,0.11254206132759877
6767,146064,0,23,46043,0.31020694970831253,1275,0.36047355788440977,0.10272604728931838
6767,146064,0,24,46042,-0.535120616607921,1000,-0.1291574371863995,0.14735733440783305
6767,146064,1,5,46061,-0.12113010070919822,1000,0.30036315374688216,0.18121090224717304
6767,146064,1,6,46060,0.2838303490815792,1063,-0.5729650988558631,0.16706040426228377
6767,146064,1,7,46059,0.29176246835303155,1052,-0.13460461055312678,0.16929350589735911
6767,146064,1,8,46058,0.3055236659389351,1016,0.29888189389572695,0.1774991294252851
6767,146064,1,9,46057,-0.5546165520234505,1001,-0.5467323601624813,0.18104669418584002
6767,146064,1,10,46056,0.4757267060032748,1000,-0.07024107381203765,0.23469683473912578
6767,146064,1,11,46055,0.534022643204127,1000,0.4863352151483773,0.23045999727554012
6767,146064,1,12,46054,-0.3084865310161544,1000,-0.41121975897294627,0.24303270263611623
6767,146064,1,13,46053,-0.23996592903087588,1000,0.21511917984829843,0.26836547398583593
6767,146064,1,14,46052,-0.22988363841096093,1000,-0.2702124023811102,0.2619395078964063
6767,146064,1,15,46051,0.11291113429196664,1000,-0.2135418792050724,0.26628927371703487
6767,146064,1,16,46050,0.07172233366319303,1000,0.08572319486881264,0.25843367333933964
6767,146064,1,17,46049,0.31756518871710115,1000,-0.2829227303873809,0.25088991749454326
6767,146064,1,18,46048,-0.24612975533428882,1000,0.4971814750675452,0.24178210977897358
6767,146064,1,19,46047,0.15515130927908682,1000,0.6121941359803718,0.22550075505602615
6767,146064,1,20,46046,-0.22477084109098522,1000,0.5798458703362699,0.22823021603666896
6767,146064,1,21,46045,-0.15027732542520444,1000,-0.2289757806110564,0.24161401859270773
6767,146064,1,22,46044,-0.20073532443562547,1000,-0.06985823900878929,0.23010882553711967
6767,146064,1,23,46043,0.571244627029104,1000,0.5335915356154854,0.23977754863394707
6767,146064,1,24,46042,0.5114198479415232,1000,0.09967469402971152,0.2376812915520398
6767,146064,2,5,46061,0.5272842193209317,1000,0.49990459682314625,0.29501755518737877
6767,146064,2,6,46060,-0.0609708127383618,1105,-0.06656219341334968,0.25810428892035603
6767,146064,2,7,46059,-0.17923448767192218,1168,0.19562300532706278,0.23971045287159165
6767,146064,2,8,46058,0.5946585485497231,1132,0.5946585485497231,0.25001835660283406
6767,146064,2,9,46057,-0.29802212291011,1114,0.5701936511802682,0.25540964428699897
6767,146064,2,10,46056,0.6420111754819091,1115,-0.2134466619993236,0.2550468105598806
6767,146064,2,11,46055,0.5822356521698471,1158,0.22921552393267464,0.2424876229066725
6767,146064,2,12,46054,0.2063263597357039,1290,-0.29123680774115923,0.2100369546805666
6767,146064,2,13,46053,-0.29114082008368936,1312,0.5700501080545253,0.2053246010945401
6767,146064,2,14,46052,0.5695723748531356,1474,-0.13589426703155272,0.17586760532060242
6767,146064,2,15,46051,-0.010703992023859077,1211,0.5645551666811193,0.22859899420073831
6767,146064,2,16,46050,0.5569097882862429,1304,-0.24163818120684422,0.20716488056178137
6767,146064,2,17,46049,0.5736338243820654,1559,-0.203124654625091,0.1631735296711557
6767,146064,2,18,46048,0.16064585214298177,1208,0.5534216876739623,0.22936857342467734
6767,146064,2,19,46047,0.20580061942192895,1318,-0.2085244850619511,0.20409545890198574
6767,146064,2,20,46046,-0.3157964706722506,1343,-0.21081804013235217,0.19906176302832868
6767,146064,2,21,46045,-0.2650521292947635,1335,-0.27613744178573074,0.20061614315105003
6767,146064,2,22,46044,-0.24469586498030216,1492,0.60899325445608,0.1730866060728805
6767,146064,2,23,46043,-0.2505262982270896,1360,0.6314510719587026,0.19587550450410163
6767,146064,2,24,46042,-0.05848581369903594,1321,-0.2467987199661983,0.2035089947416225
6767,9914,0,5,47405,-0.0020096521185474225,1000,-0.20067181349849428,0.19481008927158297
6767,9914,0,6,47404,-0.16919570502430964,1147,-0.15528840588099158,0.16233579955711108
6767,9914,0,7,47403,-0.11183180423709355,1074,-0.5113614986107902,0.17702405055643447
6767,9914,0,8,47402,-0.48325748147719366,1096,0.024006931581384117,0.1723038410227819
6767,9914,0,9,47401,0.4787794483676769,1000,0.501207961912479,0.23522273596198143
6767,9914,0,10,47400,-0.00644173998610742,1000,-0.3558712230840472,0.21239381003801966
6767,9914,0,11,47399,0.13980702998379307,1000,-0.23438947094234863,0.21331529832387572
6767,9914,0,12,47398,0.5344791907849029,1000,-0.43482034325075297,0.20035176758754702
6767,9914,0,13,47397,0.4376584568187071,1077,0.43683614551979544,0.17650011184458742
6767,9914,0,14,47396,-0.14511714227830463,1000,0.4961992069923587,0.20929394883616792
6767,9914,0,15,47395,-0.4700400845103039,1000,-0.40693158138458096,0.2100770161391561
6767,9914,0,16,47394,-0.2100120832368607,1000,-0.22570292602454223,0.2295470958704003
6767,9914,0,17,47393,0.5686479798564477,1000,-0.31571689048390916,0.25368935644271223
6767,9914,0,18,47392,-0.18846774426950663,1000,-0.08104921567492518,0.24106109176527443
6767,9914,0,19,47391,0.19482229682796903,1000,0.6087183809909691,0.23483279863123122
6767,9914,0,20,47390,0.5657328085204902,1000,0.6231509753415135,0.23389671428056016
6767,9914,0,21,47389,0.5130242098865472,1000,-0.042684938643204995,0.23765223176515549
6767,9914,0,22,47388,-0.27415815292891743,1000,-0.37612764818245004,0.24378878822437114
6767,9914,0,23,47387,-0.27094451840703815,1000,-0.3302167747163699,0.23752520360957582
6767,9914,0,24,47386,-0.2870188411669373,1000,-0.23647726614957176,0.2502662414783834
6767,9914,1,5,47405,-0.251643537277149,1000,-0.6727132293354934,0.11740956717506454
6767,9914,1,6,47404,-0.15027494790460688,1000,-0.23027429671220212,0.158565412846075
6767,9914,1,7,47403,-0.029827868140773095,1000,6.331037277046425e-05,0.16466076744634628
6767,9914,1,8,47402,0.34054323917573515,1000,0.3390480290576523,0.14948910562583972
6767,9914,1,9,47401,-0.07716449120166657,1000,-0.15782697094234766,0.12559473098009727
6767,9914,1,10,47400,0.01875361773558698,1000,0.3985608647835145,0.12543586446305954
6767,9914,1,11,47399,-0.10106976441305948,1000,-0.10107663811067435,0.14062170957817788
6767,9914,1,12,47398,-0.0843384608705724,1000,0.30354212491317395,0.12055573021851845
6767,9914,1,13,47397,0.3212603467237783,1015,-0.5157179758045839,0.11515456464344265
6767,9914,1,14,47396,0.33247351817550386,1135,-0.05922269333179003,0.09919148462799456
6767,9914,1,15,47395,-0.007703244385273811,1291,-0.1007702159064599,0.08351307228324299
6767,9914,1,16,47394,0.31101745195647124,1943,-0.10026735065987569,0.04843903716390418
6767,9914,1,17,47393,-0.45342961333641796,1284,0.4333989349386435,0.08409823315812154
6767,9914,1,18,47392,-0.29344068360731734,1025,-0.05793116172725188,0.11357621358666121
6767,9914,1,19,47391,-0.27699952245890225,1000,0.30180416473720617,0.126396059159537
6767,9914,1,20,47390,0.7356625520953914,1000,0.3500231535077559,0.15873280990458596
6767,9914,1,21,47389,0.305392958439452,1000,0.7361115130817306,0.1383691729563212
6767,9914,1,22,47388,-0.13561950104190945,1000,0.017949756888167356,0.12886177793367945
6767,9914,1,23,47387,0.3178202419541564,1000,0.7746157964806657,0.11782688030460986
6767,9914,1,24,47386,0.7204137965964335,1000,-0.1113249594813609,0.14909568892595398
6767,9914,2,5,47405,0.3222223026163466,1000,0.31519521301227155,0.1945017673469145
6767,9914,2,6,47404,0.2731795554526511,1175,0.2731795554526511,0.15687618063697728
6767,9914,2,7,47403,-0.5161539129428101,1614,0.2706370108821487,0.10276826571000952
6767,9914,2,8,47402,0.1994443158138447,1000,0.5491993951146094,0.22493168828695637
6767,9914,2,9,47401,-0.42270527031720273,1039,0.4294197875665672,0.18481667904615923
6767,9914,2,10,47400,0.023469697846725257,1000,0.60288116462144,0.19571255899682918
6767,9914,2,11,47399,0.15244016265339289,1000,-0.11543217469321565,0.2193825537524063
6767,9914,2,12,47398,0.06181516265339293,1000,-0.16800221405418003,0.20660511120782357
6767,9914,2,13,47397,0.6515378993980091,1930,0.6614237236628847,0.08095270116957241
6767,9914,2,14,47396,-0.1494584249826354,1196,-0.5320791849965265,0.15316283560927707
6767,9914,2,15,47395,-0.4351144651539709,1270,0.5296914795091449,0.14147038971917353
6767,9914,2,16,47394,-0.37583533514702494,1000,-0.17951095450335575,0.1996385231146956
6767,9914,2,17,47393,-0.18571681812919738,1000,-0.25301104132901187,0.20683639155991346
6767,9914,2,18,47392,-0.26726926082426483,1107,-0.06855500405186354,0.16994663673543656
6767,9914,2,19,47391,-0.17711637531836044,1000,-0.38025078143088664,0.2458449053584206
6767,9914,2,20,47390,-0.2009514644593654,1000,0.6404907820097242,0.24639993540175129
6767,9914,2,21,47389,-0.19969068360731612,1000,0.641236035540634,0.20104499557959737
6767,9914,2,22,47388,0.0017231274600617574,1000,0.4536539129428106,0.21750301482136672
6767,9914,2,23,47387,0.6365264673535532,1000,0.15915974473257766,0.2629750579176519
6767,9914,2,24,47386,-0.1914737207686973,1000,-0.1352504920120401,0.24995921364877297
6767,9967,0,5,48619,-0.08690476033284877,1000,0.5490434803562985,0.3551653878351548
6767,9967,0,6,48618,0.42755106015512123,1217,-0.20091315251233943,0.27340848964881154
6767,9967,0,7,48617,0.46692111192829644,1241,-0.19800293328509477,0.2663127427612642
6767,9967,0,8,48616,-0.21908897334361532,1198,-0.20631386645663397,0.2790010904943031
6767,9967,0,9,48615,-0.20584726748285453,1334,-0.23637450946864158,0.24181967879857164
6767,9967,0,10,48614,-0.19370764793184603,1285,-0.26324426415014623,0.25427340629220063
6767,9967,0,11,48613,-0.2038690083212077,1350,-0.23994315811086686,0.23802077907282393
6767,9967,0,12,48612,-0.14283581591936045,1324,-0.16651719929701547,0.24421030542986275
6767,9967,0,13,48611,-0.1974259977658709,1366,-0.23375688427421182,0.23443576513415135
6767,9967,0,14,48610,0.2001269324162661,1458,-0.10578118109123735,0.21487361606092586
6767,9967,0,15,48609,-0.15761014343585866,1591,-0.1578009423087584,0.19116979813364096
6767,9967,0,16,48608,-0.22591436563666079,1505,-0.13273800013732218,0.20583825495518068
6767,9967,0,17,48607,-0.2735757507836617,1720,-0.17246984354492467,0.17235807884447568
6767,9967,0,18,48606,0.13873425909298553,1717,-0.019663053481782322,0.17280201854279983
6767,9967,0,19,48605,-0.24776743862086126,1699,-0.07359732293996701,0.17514683440343756
6767,9967,0,20,48604,-0.24313363381405007,1764,-0.1530598956614052,0.166673179043273
6767,9967,0,21,48603,-0.11330820487969806,1570,-0.13214340416879022,0.19458894914742775
6767,9967,0,22,48602,0.17049199701059725,1629,-0.04315512344489025,0.18534728276267115
6767,9967,0,23,48601,0.1263178903982618,1670,-0.1357785270723132,0.179246614404826
6767,9967,0,24,48600,0.2631387553443494,1748,0.23762769990308208,0.16873363185696236
6767,9967,1,5,48619,0.5272961224915556,1000,0.5442806057237016,0.29329266862001785
6767,9967,1,6,48618,-0.2943665559945182,1000,0.15240373569668608,0.3462703907652071
6767,9967,1,7,48617,-0.16621849837986058,1000,-0.30021253608013343,0.3370752694698894
6767,9967,1,8,48616,-0.24874540663267075,1000,0.25025558136218506,0.3149989518796704
6767,9967,1,9,48615,-0.22684793494880828,1000,-0.24612910184566594,0.3031143803280232
6767,9967,1,10,48614,-0.15554779082633763,1090,0.6617971966429962,0.2613437776039696
6767,9967,1,11,48613,-0.19304905346593804,1261,-0.24542961601231728,0.2151823597045489
6767,9967,1,12,48612,0.6567806799966195,1274,0.5618422720514638,0.2123243618064505
6767,9967,1,13,48611,-0.1344180122718669,1339,-0.13471543404432862,0.19872582427464308
6767,9967,1,14,48610,-0.13743617480609893,1657,0.6611594811194942,0.14957716628345422
6767,9967,1,15,48609,-0.17104417489060442,1808,-0.16632512127942223,0.13312749859566042
6767,9967,1,16,48608,-0.20556907414351822,1546,-0.21326465619231472,0.1640451482757105
6767,9967,1,17,48607,-0.2453009175511197,1812,0.7230874971281138,0.13276971546303618
6767,9967,1,18,48606,-0.11160562203073388,1857,0.13020867718943396,0.12848080351918606
6767,9967,1,19,48605,0.23507506351159746,1753,0.44895841310794854,0.13876206517934436
6767,9967,1,20,48604,-0.11069371565290198,2129,-0.021067265515447353,0.10710847718270045
6767,9967,1,21,48603,0.4833765656731038,1926,-0.08429080752156903,0.12240263283190121
6767,9967,1,22,48602,0.10710109336336826,2354,0.7684313609307288,0.09363747239137321
6767,9967,1,23,48601,0.3339705674582947,2212,0.3342697635282342,0.10177749368086256
6767,9967,1,24,48600,-0.1260398208471205,1878,-0.16307440198747736,0.12658993845256294
6767,9967,2,5,48619,0.5124355146023852,1000,0.5232570787042043,0.3761070468777691
6767,9967,2,6,48618,0.012415295863691278,1010,-0.2910496512803995,0.37114235474528934
6767,9967,2,7,48617,-0.20848098514277602,1081,-0.2524878539022005,0.33881126429917857
6767,9967,2,8,48616,0.49130449816595356,1055,0.49538719792379093,0.350092713618333
6767,9967,2,9,48615,-0.06655984020429384,1128,0.495472487990894,0.3202571272490548
6767,9967,2,10,48614,0.6201090458471863,1128,0.429081783725186,0.32045484147640707
6767,9967,2,11,48613,0.19198521770877586,1059,-0.22208844386023807,0.3485490165206672
6767,9967,2,12,48612,-0.20310457494764633,1104,0.7346712664159649,0.3294335394189869
6767,9967,2,13,48611,0.16979292380456856,1127,0.03769193772430368,0.32077057236560286
6767,9967,2,14,48610,-0.2977448183911632,1129,0.13320645593404234,0.32008117324726554
6767,9967,2,15,48609,-0.21031123488463632,1123,-0.22315013395533345,0.32208879250152156
6767,9967,2,16,48608,-0.2164108157212996,1123,-0.24517444727745252,0.3221911043428016
6767,9967,2,17,48607,-0.1870966567944209,1156,-0.18860579995563476,0.3101679650768853
6767,9967,2,18,48606,-0.20488988957432752,1181,-0.2599920593998487,0.30136475028825677
6767,9967,2,19,48605,-0.19055979663084888,1276,-0.19761923113996094,0.27166987269782084
6767,9967,2,20,48604,-0.2852677934803567,1288,-0.23624535711739258,0.2684043251784108
6767,9967,2,21,48603,0.30065974156985853,1301,0.3487663928581803,0.26488765304897427
6767,9967,2,22,48602,0.1650079736103368,1321,-0.16889826524872564,0.25961264532419115
6767,9967,2,23,48601,-0.2323552717926649,1288,-0.2323552717926649,0.26846364827523406
6767,9967,2,24,48600,-0.24916909236514007,1217,-0.1873084583979231,0.2894990883909489
6767,31,0,5,68243,0.29713541666666726,1000,0.28658854166666703,0.1497968184467542
6767,31,0,6,68242,0.02994791666666674,1000,-0.09921874999999991,0.1977991060143691
6767,31,0,7,68241,-0.11679687500000036,1000,-0.14518229166666707,0.176100084194472
6767,31,0,8,68240,0.3515625000000002,1000,-0.15742187500000027,0.16767147298698115
6767,31,0,9,68239,-0.10794270833333341,1000,-0.21835937500000024,0.18116704052973875
6767,31,0,10,68238,-0.1170572916666669,1000,-0.1473958333333335,0.1578757952005425
6767,31,0,11,68237,-0.12382812500000029,1000,-0.10950520833333366,0.16143926512857432
6767,31,0,12,68236,0.09101562499999982,1000,-0.1687500000000003,0.1592471557263819
6767,31,0,13,68235,-0.17604166666666687,1018,0.2938802083333337,0.1463062549828145
6767,31,0,14,68234,0.10429687500000073,1000,0.4174479166666675,0.1601014227935841
6767,31,0,15,68233,0.48450520833333355,1000,0.4934895833333326,0.15039104625109945
6767,31,0,16,68232,-0.14192708333333315,1000,-0.25039062499999976,0.18394474656420565
6767,31,0,17,68231,0.2966145833333339,1000,-0.017838541666666652,0.17875641873567655
6767,31,0,18,68230,-0.12630208333333304,1000,-0.06861979166666698,0.1605067482652767
6767,31,0,19,68229,0.4416666666666671,1000,0.3464843750000006,0.16016986312291065
6767,31,0,20,68228,-0.028776041666666363,1000,-0.15143229166666672,0.16389123581043824
6767,31,0,21,68227,-0.09934895833333335,1000,0.2273437500000005,0.15617072062154524
6767,31,0,22,68226,0.3601562500000004,1000,-0.11705729166666667,0.16767925963728908
6767,31,0,23,68225,-0.1095052083333331,1000,0.37330729166666754,0.16085452529005503
6767,31,0,24,68224,-0.14049479166666679,1000,0.08020833333333366,0.16530792370473624
6767,31,1,5,68243,-0.09231770833333308,1000,-0.10208333333333297,0.180930985396994
6767,31,1,6,68242,-0.07708333333333306,1002,-0.1055989583333331,0.18041656241733167
6767,31,1,7,68241,0.3442708333333334,1217,0.2772135416666666,0.13917916995794202
6767,31,1,8,68240,0.37760416666666746,1312,0.37109375000000094,0.12597723185459234
6767,31,1,9,68239,0.36171875000000087,1254,0.19153645833333388,0.133733008373901
6767,31,1,10,68238,-0.13450520833333313,1281,-0.07669270833333286,0.13011876868094435
6767,31,1,11,68237,0.19179687500000075,1389,0.20533854166666726,0.11671798407858733
6767,31,1,12,68236,0.002083333333334103,1686,0.0578125000000006,0.09016240704321307
6767,31,1,13,68235,0.04205729166666705,1669,0.12955729166666674,0.0913752046114292
6767,31,1,14,68234,0.44843750000000127,1855,0.4243489583333341,0.07937831223645413
6767,31,1,15,68233,-0.14361979166666616,1055,0.36653645833333426,0.16847321127439968
6767,31,1,16,68232,-0.18307291666666636,1061,0.007942708333333659,0.1671193409977275
6767,31,1,17,68231,-0.083984375,1168,-0.05729166666666663,0.14707915387981085
6767,31,1,18,68230,0.4195312500000006,1149,-0.07122395833333273,0.1504019480724117
6767,31,1,19,68229,-0.14557291666666672,1060,-0.11614583333333361,0.1674302886615264
6767,31,1,20,68228,0.36627604166666694,1040,-0.08385416666666656,0.17167014215874296
6767,31,1,21,68227,0.17786458333333355,1034,-0.04036458333333348,0.17314495125184734
6767,31,1,22,68226,-0.13033854166666659,1128,-0.06653645833333321,0.15417688805106852
6767,31,1,23,68225,0.39179687500000027,1102,-0.16445312499999998,0.1589973112864757
6767,31,1,24,68224,-0.14348958333333373,1080,0.0751302083333335,0.16328881502282325
6767,31,2,5,68243,0.3179687499999996,1000,0.31640624999999967,0.2002991940284945
6767,31,2,6,68242,-0.010026041666667207,1000,0.2986979166666667,0.20490742393940273
6767,31,2,7,68241,-0.004166666666666874,1123,-0.11692708333333368,0.1715819477742657
6767,31,2,8,68240,0.10039062499999951,1087,0.04973958333333295,0.17919538916849603
6767,31,2,9,68239,-0.04531250000000042,1119,-0.14361979166666705,0.17232939524419275
6767,31,2,10,68238,0.0678385416666667,1135,0.3052083333333333,0.16911375856249417
6767,31,2,11,68237,0.26276041666666683,1244,0.08124999999999982,0.14968810619086856
6767,31,2,12,68236,0.0884114583333333,1215,0.31666666666666665,0.15450246305899545
6767,31,2,13,68235,0.2690104166666667,1166,0.03984375000000051,0.16316258053148508
6767,31,2,14,68234,-0.08085937500000051,1156,0.00846354166666663,0.16514167066256366
6767,31,2,15,68233,-0.201302083333333,1168,-0.1886718749999996,0.16283254832984975
6767,31,2,16,68232,-0.11536458333333344,1096,-0.16419270833333321,0.17718115015827557
6767,31,2,17,68231,-0.1257812500000003,1117,0.3130208333333336,0.17280418524779145
6767,31,2,18,68230,-0.11341145833333355,1118,-0.146484375,0.1726732323094654
6767,31,2,19,68229,-0.14544270833333361,1102,-0.2084635416666667,0.1760427388051166
6767,31,2,20,68228,-0.12265625000000047,1114,-0.163932291666667,0.17335460289096594
6767,31,2,21,68227,-0.09218750000000031,1088,-0.15039062500000022,0.17889637839236827
6767,31,2,22,68226,-0.10234375000000029,1124,-0.08958333333333357,0.17141490325666198
6767,31,2,23,68225,-0.11835937500000004,1175,-0.12708333333333355,0.16152418624768644
6767,31,2,24,68224,-0.19596354166666696,1157,-0.16263020833333386,0.16492927233892313
5965,145836,0,5,11223,-0.08830502351674485,1000,-0.1025106958689852,0.0979550001653149
5965,145836,0,6,11222,0.2466869368731237,1000,0.2315342196973995,0.10076497494432969
5965,145836,0,7,11221,-0.04710963619878605,1000,-0.16738273502578205,0.1094877145226662
5965,145836,0,8,11220,-0.06936359579531792,1000,0.20596666572221978,0.10541079959311007
5965,145836,0,9,11219,-0.16975034708448866,1000,-0.10629728140760375,0.10248966734154517
5965,145836,0,10,11218,-0.05136938998129925,1000,0.14323645662152285,0.10777615767447683
5965,145836,0,11,11217,0.13281524480081708,1000,-0.06865437468124858,0.10529307293774014
5965,145836,0,12,11216,0.02959833824446212,1018,0.02959833824446212,0.09566769083430093
5965,145836,0,13,11215,-0.06723664078880287,1047,0.08451808381027925,0.09208378399169365
5965,145836,0,14,11214,-0.14062694792315933,1037,-0.15648676120586957,0.09337648125140101
5965,145836,0,15,11213,0.03598203660678967,1032,-0.048058097693658985,0.09388156784841434
5965,145836,0,16,11212,0.0994342168640564,1090,0.09185537910126462,0.08730107112529752
5965,145836,0,17,11211,-0.14109852241174015,1059,-0.011370027483423528,0.0907044453433319
5965,145836,0,18,11210,-0.10393144018813327,1015,-0.0019004646682145854,0.09602730488235957
5965,145836,0,19,11209,0.2291678472261578,1007,0.22040803677678944,0.09708697422661902
5965,145836,0,20,11208,0.21093882812942732,1041,0.19483924321414492,0.09287649918315162
5965,145836,0,21,11207,-0.00875644585481894,1039,0.011842487391625411,0.09306381021451995
5965,145836,0,22,11206,0.09067210432368134,1070,-0.09872145407151323,0.08951415525756981
5965,145836,0,23,11205,0.04687606250354215,1105,0.1699796707655703,0.08570710997145449
5965,145836,0,24,11204,-0.07410076783589215,1213,-0.06675939961466537,0.07574386815921971
5965,145836,1,5,11223,0.1508082110273693,1000,0.1508082110273693,0.07499720789925747
5965,145836,1,6,11222,-0.03361725789085934,1000,-0.03361725789085934,0.07509426159323486
5965,145836,1,7,11221,0.028415063466878165,1052,0.028415063466878165,0.07011835237890462
5965,145836,1,8,11220,0.12902741967473197,1122,-0.11576294837649492,0.06432427286764836
5965,145836,1,9,11219,-0.08949254830849374,1306,-0.10156701564005177,0.0525520734947669
5965,145836,1,10,11218,0.10866631013770012,1173,0.0449780770102568,0.06065793825489616
5965,145836,1,11,11217,-0.048059337281125325,1317,-0.15908812404374695,0.05192819183781458
5965,145836,1,12,11216,-0.16027210715702378,1423,-0.1328092239474138,0.046844833460519604
5965,145836,1,13,11215,0.15032919901399722,1040,-0.12666122428741367,0.07118182440038917
5965,145836,1,14,11214,-0.05539680965603133,1104,-0.08806684563948486,0.06572825962170677
5965,145836,1,15,11213,-0.03787701167337221,1067,-0.0762335666118884,0.06879562421152062
5965,145836,1,16,11212,0.21662286790955954,1087,-0.05942157307190932,0.06706818278792163
5965,145836,1,17,11211,-0.08451631297104223,1000,-0.16146246529155028,0.07684917073006006
5965,145836,1,18,11210,0.031009874199581566,1000,-0.04616241429138024,0.07904655156185382
5965,145836,1,19,11209,-0.07244432481441543,1029,-0.03977127840426131,0.07217039298189067
5965,145836,1,20,11208,0.26018250269167564,1037,0.22869326231087495,0.07145878233001186
5965,145836,1,21,11207,-0.011605549101828871,1000,-0.08522695075650122,0.08983972521484723
5965,145836,1,22,11206,0.015621635405451806,1000,0.013964838216127817,0.08695090546594894
5965,145836,1,23,11205,-0.05184344364481208,1000,-0.008289298464327022,0.08623102892344525
5965,145836,1,24,11204,-0.016566555221849466,1000,0.06036844081147019,0.0861276017078018
5965,145836,2,5,11223,-0.06699509831699457,1000,-0.06155012183373976,0.06118841429621922
5965,145836,2,6,11222,-0.057763182127273605,1000,-0.10274798832662746,0.06629764327259381
5965,145836,2,7,11221,0.07126105003683403,1000,0.07883510653368864,0.06698769564950696
5965,145836,2,8,11220,-0.044271157987192056,1068,0.10913859296197737,0.05606551633914592
5965,145836,2,9,11219,-0.0104135972119902,1000,0.015393905479685777,0.062107348709058326
5965,145836,2,10,11218,-0.07433894571315192,1084,-0.044033511361703415,0.05492678566253619
5965,145836,2,11,11217,0.09966814472715002,1000,0.09966814472715002,0.0648523376425544
5965,145836,2,12,11216,0.2855141808806029,1127,0.18845253442511511,0.05214975980363955
5965,145836,2,13,11215,0.22774887374624608,1000,0.22774887374624608,0.0836589379853361
5965,145836,2,14,11214,0.21875230209100716,1000,0.226564359381198,0.07701000376749487
5965,145836,2,15,11213,0.15127447299824415,1000,-0.007343493228309184,0.07396349301239803
5965,145836,2,16,11212,-0.07102180965603133,1000,-0.03243132685442174,0.07483293126960733
5965,145836,2,17,11211,0.0018976313254385202,1000,0.011603069926900078,0.07024669255650484
5965,145836,2,18,11210,-0.017987830792768444,1000,0.12666140137133786,0.066989117480475
5965,145836,2,19,11209,-0.03361619538731764,1000,0.04735330367767987,0.06186178364515131
5965,145836,2,20,11208,-0.058948936079785685,1000,-0.058948936079785685,0.064987658162811
5965,145836,2,21,11207,0.007580962769877186,1000,-0.009467083640278151,0.06206370689371517
5965,145836,2,22,11206,0.08830272142573892,1000,0.04901098628662248,0.07055491686139634
5965,145836,2,23,11205,-0.005923634328780847,1022,0.058001891256304505,0.05940260080816348
5965,145836,2,24,11204,0.06462713209044135,1014,0.0835676743922481,0.06006913634991539
5965,9914,0,5,11315,-0.2682062370606876,1000,-0.2697398574493015,0.33143483963767745
5965,9914,0,6,11314,-0.07652356513930758,1066,-0.21736837756603755,0.30437632730215863
5965,9914,0,7,11313,-0.2367781266368998,1049,-0.2691649933900382,0.3107844943305287
5965,9914,0,8,11312,-0.08087109638073264,1126,-0.23035601818363172,0.2827893793280777
5965,9914,0,9,11311,0.6604431948567017,1407,0.06066121448704276,0.2101212051545288
5965,9914,0,10,11310,-0.03244805567334286,1382,0.08682707777306586,0.21521047781244626
5965,9914,0,11,11309,-0.16156369259933645,1324,-0.1594606644882901,0.22802209338573162
5965,9914,0,12,11308,-0.0920519100296826,1564,0.20642140692424849,0.18249842515828513
5965,9914,0,13,11307,0.09230329126237835,1764,0.18790961500087272,0.15546876455098688
5965,9914,0,14,11306,-0.08981013506772084,1872,0.21697240340724955,0.14363515146930939
5965,9914,0,15,11305,-0.038510435633933415,1888,0.012483708937168436,0.1419933541238559
5965,9914,0,16,11304,0.17115632249133284,2248,0.17115632249133284,0.11256555693578364
5965,9914,0,17,11303,-0.10615186388466208,2242,0.030675135940734788,0.11296402076739026
5965,9914,0,18,11302,0.004506934224638104,1833,0.004506934224638104,0.1477947787527088
5965,9914,0,19,11301,-0.04728578421590912,2225,-0.0586357443067026,0.11413469905582539
5965,9914,0,20,11300,-0.07362118368212445,2504,-0.0009591460676945385,0.0974784056652516
5965,9914,0,21,11299,-0.07369367501434199,1897,-0.0678031696640149,0.14116693058009797
5965,9914,0,22,11298,0.016039291861015714,2181,-0.025773007033999096,0.11715566449523897
5965,9914,0,23,11297,-0.06766403307475555,2549,0.002510694420193804,0.09520875980399784
5965,9914,0,24,11296,-0.06160243259085607,2331,-0.08198146092639325,0.10725005405925656
5965,9914,1,5,11315,-0.22704402172557459,1000,-0.22397288356488976,0.3795429235669261
5965,9914,1,6,11314,-0.09204957159960991,1010,-0.26369384649921346,0.37469849349219864
5965,9914,1,7,11313,-0.17806482439949078,1142,-0.13683362537726595,0.3179253985218066
5965,9914,1,8,11312,-0.1771072372851743,1316,-0.2016007333316704,0.26324292953753214
5965,9914,1,9,11311,0.15641797722681017,1247,-0.020228589334263747,0.2828584386192267
5965,9914,1,10,11310,0.01988600932877782,1353,-0.07612291412037664,0.25360633455811654
5965,9914,1,11,11309,-0.06572235663864678,1771,-0.04495008231273989,0.17707397738933559
5965,9914,1,12,11308,-0.02191498715422424,1657,-0.00828856538874101,0.193583197437374
5965,9914,1,13,11307,0.06603258836147863,2134,0.15866053166546246,0.13817508804812187
5965,9914,1,14,11306,-0.10977720997231233,1921,-0.038175260657003496,0.15893529292434344
5965,9914,1,15,11305,0.06692275074206344,1661,-0.08087187585742328,0.19298437684694258
5965,9914,1,16,11304,0.13417171247911075,2199,-0.07522417749619681,0.13270050760196436
5965,9914,1,17,11303,-0.07344580142675272,1903,-0.05485684131101731,0.16091623999940646
5965,9914,1,18,11302,-0.09930572011174488,1845,-0.041651726696764535,0.16771905131893017
5965,9914,1,19,11301,-0.041794370931132696,1986,-0.07015874822279211,0.15201651430070562
5965,9914,1,20,11300,-0.10849341186301265,2211,-0.10849341186301265,0.13179130055593943
5965,9914,1,21,11299,-0.052034745952956984,2068,-0.016282488588461153,0.1440884772078232
5965,9914,1,22,11298,-0.1485090169863571,2226,-0.14981308148961148,0.1305479654011404
5965,9914,1,23,11297,-0.006119671497343604,2085,-0.006119671497343604,0.14249731259814258
5965,9914,1,24,11296,-0.034146535382006515,2357,0.17711464231373597,0.12097592579953609
5965,9914,2,5,11315,-0.31506525778853234,1000,-0.3202285113865957,0.3778143289138467
5965,9914,2,6,11314,-0.21070541081539518,1000,-0.2354970566960155,0.3882586773317342
5965,9914,2,7,11313,0.03625346087650705,1037,-0.2172078053677865,0.35981684235961753
5965,9914,2,8,11312,-0.16124527637125363,1147,-0.21005532725549414,0.3146334537657219
5965,9914,2,9,11311,-0.002578119153923142,1144,0.03615290838342822,0.31585452524934493
5965,9914,2,10,11310,-0.22051746339577427,1278,-0.19377439762041404,0.2725256006021587
5965,9914,2,11,11309,-0.06016351862014002,1497,-0.06016351862014002,0.22055347014792392
5965,9914,2,12,11308,0.4713382523509012,1447,0.7750527705719495,0.23077496105889977
5965,9914,2,13,11307,-0.10445845077448623,1397,-0.0960989530069093,0.24201348575210221
5965,9914,2,14,11306,0.05227287608191333,1614,0.04638470916165793,0.19952578559588577
5965,9914,2,15,11305,-0.01708651879474199,1662,-0.13579458294879232,0.19193097497384845
5965,9914,2,16,11304,-0.10235737135516765,1726,-0.055166683295502894,0.1825361277096318
5965,9914,2,17,11303,-0.08094085954453711,1750,-0.10494172632261689,0.17914940893375852
5965,9914,2,18,11302,-0.16206060898954977,1754,-0.07516181936095456,0.1785743611412658
5965,9914,2,19,11301,0.09414090756030191,1855,0.11695073395525324,0.16578007556261457
5965,9914,2,20,11300,-0.09680983574867286,1813,-0.016913085231097802,0.17095244866071882
5965,9914,2,21,11299,-0.0030723073757193964,1952,-0.03301629418073959,0.15490706969820306
5965,9914,2,22,11298,-0.1677757320845069,1970,-0.08538660484896954,0.15299217197869822
5965,9914,2,23,11297,-0.13731378301863317,2036,-0.10300862413010614,0.14638640768354927
5965,9914,2,24,11296,-0.04188440048888664,2116,-0.06420315656880704,0.13905566263924946
5965,3903,0,5,11531,0.05191953219974943,1000,0.05302420309761646,0.030836315725752902
5965,3903,0,6,11530,0.014994217622632755,1128,0.004889858538972169,0.026258747793665663
5965,3903,0,7,11529,0.05192397259192438,1165,0.0052051263834284045,0.02514765020921548
5965,3903,0,8,11528,-0.014842504223305797,1124,0.2675274613587211,0.026388670020260813
5965,3903,0,9,11527,-0.039771112584663704,1242,0.04040090820821163,0.023104322842354287
5965,3903,0,10,11526,-0.021618542683023545,1182,-0.025567778146166176,0.02467224185541329
5965,3903,0,11,11525,0.07086767236615654,1229,0.01594273472899721,0.023429179959643682
5965,3903,0,12,11524,0.07355065599393706,1293,0.05918475386412614,0.021890479160194678
5965,3903,0,13,11523,-0.01642353052621759,1122,0.038504860749300374,0.026458592490985856
5965,3903,0,14,11522,-0.02667590268239306,1147,0.04024475441670894,0.02567028169083152
5965,3903,0,15,11521,0.0517673254235137,1100,0.0009462969102759233,0.027148754954218594
5965,3903,0,16,11520,0.07544250974912725,1170,0.07544250974912725,0.025020554708858878
5965,3903,0,17,11519,-0.013729692606450294,1204,0.0443553241288932,0.024076132469607502
5965,3903,0,18,11518,-0.008676032933895517,1205,-0.028728103932807225,0.024037347285644287
5965,3903,0,19,11517,-0.06787114771309899,1279,-0.06787114771309899,0.022206808421675273
5965,3903,0,20,11516,0.008520865896210927,1253,-0.01988086921170129,0.02282707126198734
5965,3903,0,21,11515,0.22601571504128648,1201,0.009469629691027714,0.024159900715303852
5965,3903,0,22,11514,0.2929272446675809,1000,0.6373159210754831,0.04629237361516143
5965,3903,0,23,11513,-0.10937944039217584,1000,-0.03141355444512861,0.07587883862791238
5965,3903,0,24,11512,-0.034401445002290365,1000,-0.058715305735803525,0.07902759152061735
5965,3903,1,5,11531,-0.008835146986849729,1000,0.10149207044632702,0.02619245243647
5965,3903,1,6,11530,0.05003705260581903,1003,0.028565782929946826,0.026071248297153467
5965,3903,1,7,11529,0.03630316629564534,1033,0.029041891646535145,0.02508756570288275
5965,3903,1,8,11528,-0.026044133551209048,1121,-0.05539463245393872,0.02249511609020547
5965,3903,1,9,11527,-0.021309935426830795,1046,0.05935151525916005,0.024664769647831205
5965,3903,1,10,11526,-0.026046600435752465,1066,-0.03534552171647909,0.02405932665703815
5965,3903,1,11,11525,-0.0175217875242758,1006,0.06693027794881501,0.025969746343710368
5965,3903,1,12,11524,-0.0017322463253289788,1035,0.04419423656830668,0.02501207083666893
5965,3903,1,13,11523,0.041510266186709166,1037,-0.05871061865517424,0.02494462554100734
5965,3903,1,14,11522,0.004266230126777959,1049,-0.00962578348253107,0.024560904410903046
5965,3903,1,15,11521,0.05982614384502416,1076,-0.007732202908161567,0.02375542480853775
5965,3903,1,16,11520,-0.02839976160027813,1085,0.0036334742417777344,0.023493821691294048
5965,3903,1,17,11519,0.02461630077835042,1028,0.04277232431834932,0.025229554118125136
5965,3903,1,18,11518,-0.018626705110596053,1017,-0.028098801686164965,0.02560728478983249
5965,3903,1,19,11517,-0.02226264623691676,1025,-0.04434841685217672,0.02534857466003562
5965,3903,1,20,11516,-0.037242555929206445,1017,-0.06281625459827378,0.025604984148456397
5965,3903,1,21,11515,0.06866227758568955,1014,0.06471748251472242,0.025722755204049843
5965,3903,1,22,11514,0.009631950693884006,1028,0.013101130425171914,0.025251274015359173
5965,3903,1,23,11513,0.012942756437580916,1062,0.012942756437580916,0.02418398453749951
5965,3903,1,24,11512,-0.05224935466300484,1054,0.07671394204202775,0.024419505009690205
5965,3903,2,5,11531,-0.06707385062915483,1000,-0.06723173123983706,0.06108396934033017
5965,3903,2,6,11530,-0.014680429908903392,1217,-0.032517731966087426,0.047022336898127716
5965,3903,2,7,11529,-0.017674734365871525,1285,0.03125370032681285,0.043702629491331024
5965,3903,2,8,11528,0.31187316463790105,1275,0.15277884676108,0.044166058851145086
5965,3903,2,9,11527,-0.1115848351726424,1000,-0.07986736055195043,0.10510460948349985
5965,3903,2,10,11526,-0.09138845142802954,1000,-0.04276763723772148,0.08664623388011375
5965,3903,2,11,11525,-0.1264204321192307,1000,-0.09801351655378177,0.07510938030243224
5965,3903,2,12,11524,0.15957190672413446,1000,-0.05682394535752089,0.07800142020169776
5965,3903,2,13,11523,-0.009781443897125985,1000,-0.05286780261766133,0.07792582373493487
5965,3903,2,14,11522,0.05051069443786527,1000,-0.06959722682707403,0.07293947468099174
5965,3903,2,15,11521,-0.1016489643031947,1000,-0.0396216193814235,0.07500058131444687
5965,3903,2,16,11520,-0.13889028679012871,1000,0.13763118891993842,0.0690152255441904
5965,3903,2,17,11519,0.21449462416520548,1000,0.12578422259587274,0.0720389410940626
5965,3903,2,18,11518,-0.08633207818247834,1000,-0.05160525110911207,0.07006446463459366
5965,3903,2,19,11517,0.021788511027960755,1000,-0.027459631901356363,0.06889200847751126
5965,3903,2,20,11516,-0.027304711552124883,1000,-0.07971268689117206,0.06506873047711695
5965,3903,2,21,11515,-0.01295040377966128,1000,-0.03819279985474977,0.0714286852573755
5965,3903,2,22,11514,-0.07702501618276225,1000,-0.11552839680133953,0.07665416382940024
5965,3903,2,23,11513,0.16855679360267684,1000,-0.1302169674292295,0.07002579715167784
5965,3903,2,24,11512,-0.12611281161685506,1000,-0.08759857670629478,0.07289468852820291
5965,10101,0,5,11643,-0.16607550249511116,1000,-0.10892837107166986,0.1024324018950114
5965,10101,0,6,11642,-0.00959475812914834,1000,0.010272465351612414,0.1163177266069392
5965,10101,0,7,11641,-0.0656215605398417,1000,0.012276034375900857,0.11348213707876682
5965,10101,0,8,11640,0.04084742955451226,1000,-0.017181940095958304,0.11327691667517739
5965,10101,0,9,11639,-0.07321375142921283,1000,-0.030798863041365476,0.10645136815013762
5965,10101,0,10,11638,0.0207634866909584,1000,-0.1466542400863411,0.10272360216312978
5965,10101,0,11,11637,-0.06182863741277911,1051,0.008262384727995342,0.09587283940187949
5965,10101,0,12,11636,0.18727342973616945,1091,0.17856892411014802,0.09124956805321414
5965,10101,0,13,11635,-0.04954993161151078,1110,-0.040176233931376926,0.08910682663370785
5965,10101,0,14,11634,-0.11361705651667553,1095,-0.07990984607247142,0.09079540925199484
5965,10101,0,15,11633,-0.029461981609907983,1084,-0.03638297687614245,0.09201266881383238
5965,10101,0,16,11632,0.0026816101749251864,1122,0.0026816101749251864,0.08790869469218884
5965,10101,0,17,11631,-0.04955260303687725,1141,0.02210420829637849,0.08586468828241615
5965,10101,0,18,11630,-0.05870590812433818,1165,-0.04843611419809157,0.08359730579834206
5965,10101,0,19,11629,-0.034822196606221434,1146,0.0031277382109999863,0.08539246249949148
5965,10101,0,20,11628,-0.05290273740957241,1183,0.12857420017524468,0.0818541819499958
5965,10101,0,21,11627,-0.07499776268125624,1130,-0.16451288562025146,0.08707919490915987
5965,10101,0,22,11626,-0.06852773740957208,1145,0.12901999428314903,0.08552335515922846
5965,10101,0,23,11625,-0.060938718837823314,1176,0.12321916106557795,0.08249942612767126
5965,10101,0,24,11624,-0.06740740839682413,1146,0.11741181624867825,0.08538430728105512
5965,10101,1,5,11643,-0.028578574634280707,1000,-0.1372803754421208,0.10376261537946879
5965,10101,1,6,11642,0.13436868875757446,1052,0.10580580874731582,0.09703400771901255
5965,10101,1,7,11641,-0.11317042758834406,1098,-0.15513785222743437,0.09165634525467851
5965,10101,1,8,11640,0.07143224463844866,1043,0.09531829365376199,0.09806566818197428
5965,10101,1,9,11639,0.17745594151715538,1165,0.17276842482074684,0.0846421489607165
5965,10101,1,10,11638,0.19709843133902571,1192,0.16160554000192295,0.08208372466891628
5965,10101,1,11,11637,-0.03660236768430114,1092,-0.1308053412478768,0.09225777252818675
5965,10101,1,12,11636,-0.05557816991333908,1161,-0.06339259000032005,0.08504965047615445
5965,10101,1,13,11635,-0.11183137562377754,1146,-0.04218514580639632,0.08653539125441706
5965,10101,1,14,11634,-0.07812767142536503,1106,-0.04062503339281631,0.09072572457978363
5965,10101,1,15,11633,-0.0959838124979967,1097,-0.06517827089321848,0.09165769342709673
5965,10101,1,16,11632,0.12522924168919503,1130,0.12522924168919503,0.08813999291348047
5965,10101,1,17,11631,-0.07053681624867836,1077,-0.03995350384151042,0.09403581752665834
5965,10101,1,18,11630,0.008931743746191212,1094,0.000228239904682348,0.0920845495587943
5965,10101,1,19,11629,-0.05982373267580754,1175,-0.04620514008954646,0.08369340128701715
5965,10101,1,20,11628,-0.03928397785922788,1122,-0.04307756884263292,0.08894588706383591
5965,10101,1,21,11627,-0.03437556767789085,1190,-0.03437556767789085,0.08225993867178451
5965,10101,1,22,11626,-0.038616455445968256,1156,-0.038616455445968256,0.08548457349068873
5965,10101,1,23,11625,0.05826512293899533,1205,-0.014731074286997159,0.08096265286264732
5965,10101,1,24,11624,-0.027455240267997616,1299,-0.02790153526815864,0.07320368599391633
5965,10101,2,5,11643,-0.13750005999992965,1000,-0.10914972527033062,0.12116558931113129
5965,10101,2,6,11642,-0.052899899912977943,1170,0.09598607588813601,0.09826368521107354
5965,10101,2,7,11641,0.045531721254791546,1146,0.09620565508892698,0.10104340748477464
5965,10101,2,8,11640,-0.06093495277091532,1170,-0.10133909267880403,0.09827586429740708
5965,10101,2,9,11639,-0.02968626705505162,1380,-0.03928539750038007,0.07883748493752436
5965,10101,2,10,11638,0.19218679616155776,1315,0.14777468338466493,0.08413980566929692
5965,10101,2,11,11637,0.04776514803896492,1174,0.0453096072356145,0.09779264128501738
5965,10101,2,12,11636,-0.07432897866236987,1203,-0.08370507633962332,0.09466602956932188
5965,10101,2,13,11635,0.029470329814175966,1218,0.2656278383894507,0.09310380722303555
5965,10101,2,14,11634,-0.033258129733102715,1188,0.2247765472324278,0.09625249931312063
5965,10101,2,15,11633,-0.005801177860016327,1289,-0.021427346608614006,0.08635392143615389
5965,10101,2,16,11632,-0.023659311787397663,1202,-0.02722897268237645,0.09485950737236198
5965,10101,2,17,11631,0.2354906433040841,1278,-0.0004424342905076095,0.08733976025945836
5965,10101,2,18,11630,0.23058107508842374,1150,0.21651869196328366,0.10057163878258119
5965,10101,2,19,11629,-0.09151750267899705,1103,-0.07723005196679544,0.10629773224254982
5965,10101,2,20,11628,0.17678407803767793,1131,-0.0933053746406931,0.10277729559159286
5965,10101,2,21,11627,-0.08258978660654215,1076,-0.0975462624087704,0.10988938007412316
5965,10101,2,22,11626,-0.09553543089319794,1086,-0.05155898991492647,0.1084898445840734
5965,10101,2,23,11625,0.021424528754852123,1127,-0.01383831732259011,0.10333074838363253
5965,10101,2,24,11624,-0.05312660499807398,1123,-0.017853157147639798,0.10384072569124944
5965,9889,0,5,12314,0.0641101381506366,1000,0.08484527003309617,0.13877097078899367
5965,9889,0,6,12313,-0.06203419604352611,1000,-0.05586966330730114,0.14353243850668015
5965,9889,0,7,12312,-0.14070178517701415,1064,-0.10944982637147649,0.12775099244195573
5965,9889,0,8,12311,-0.12580546083642485,1029,-0.1290617791595624,0.13356941004005404
5965,9889,0,9,12310,-0.1272753485106809,1028,-0.09910929194664542,0.13378320391305373
5965,9889,0,10,12309,-0.07562556413599342,1029,-0.08638802527329337,0.13360382674177243
5965,9889,0,11,12308,-0.061931162872328804,1041,0.01496762486210168,0.13157477156446074
5965,9889,0,12,12307,-0.03415882622104116,1187,-0.03415882622104116,0.11044173050170525
5965,9889,0,13,12306,0.16370560563133063,1175,0.11365499009628077,0.11192263081054125
5965,9889,0,14,12305,-0.12987272465149047,1127,-0.14346448450506566,0.11838562710452252
5965,9889,0,15,12304,-0.08338870223648498,1107,-0.11349906917560881,0.12116090526324115
5965,9889,0,16,12303,0.0820853130327962,1076,0.04217229966903946,0.12581772430988225
5965,9889,0,17,12302,-0.09360113077925791,1193,0.03691995850466423,0.10971257712470403
5965,9889,0,18,12301,-0.0681589891936617,1194,0.029724090487414756,0.10952126772659401
5965,9889,0,19,12300,0.03990282757496777,1285,-0.04566837578979266,0.09935141331190855
5965,9889,0,20,12299,-0.06557101531942611,1332,-0.03618305586199888,0.09471583266162847
5965,9889,0,21,12298,-0.059988419541670224,1278,-0.06162519744759942,0.10005007877906193
5965,9889,0,22,12297,-0.07941467756493836,1322,0.0531020427991159,0.09567997198988001
5965,9889,0,23,12296,-0.07335961789188594,1324,-0.05425225340988915,0.09542522152470924
5965,9889,0,24,12295,-0.02776371790692922,1401,0.13081491011433188,0.08854739581998555
5965,9889,1,5,12314,0.1774650392387923,1000,0.20175109379700984,0.15248104162389298
5965,9889,1,6,12313,-0.05496643390833433,1135,-0.04831863968007344,0.12872251861138836
5965,9889,1,7,12312,-0.06655668626516897,1213,0.12395203903820984,0.11790051514672108
5965,9889,1,8,12311,-0.10442666545481982,1326,-0.11010093333166171,0.10462338674117198
5965,9889,1,9,12310,-0.0549578151639758,1378,-0.06444313509176736,0.0994289194928722
5965,9889,1,10,12309,-0.003480405676461684,1380,0.17057827073513165,0.09926324483134297
5965,9889,1,11,12308,0.19462652630127164,1441,0.19462652630127164,0.09370393834318493
5965,9889,1,12,12307,-0.1148796353174204,1258,-0.1148796353174204,0.11233821731042301
5965,9889,1,13,12306,-0.07155594975428936,1233,0.11367653695717406,0.11534497013894249
5965,9889,1,14,12305,0.09036361698926765,1297,-0.014253052602548832,0.10782445872894703
5965,9889,1,15,12304,-0.07852968922374848,1285,-0.07852968922374848,0.10909564794133109
5965,9889,1,16,12303,-0.06518082125664393,1325,-0.06354443511182517,0.10476385072504933
5965,9889,1,17,12302,-0.12168060813860337,1311,-0.1483113529234773,0.1062907623484167
5965,9889,1,18,12301,-0.07414666595627284,1371,-0.10321259778357217,0.10013161502654318
5965,9889,1,19,12300,-0.03991693097482574,1472,0.00972272715875988,0.09110029470544757
5965,9889,1,20,12299,-0.06340183406880062,1451,-0.05820003008725372,0.09279687616669804
5965,9889,1,21,12298,-0.08314502682779934,1588,-0.08314502682779934,0.08228922081309162
5965,9889,1,22,12297,-0.053338274746764114,1591,-0.053338274746764114,0.08209258713032347
5965,9889,1,23,12296,-0.07764783497141803,1631,-0.07764783497141803,0.07942421857061621
5965,9889,1,24,12295,0.05278941743556498,1661,0.05278941743556498,0.07751271175119065
5965,9889,2,5,12314,-0.2750285803774113,1000,-0.2335583166124947,0.3540049941835914
5965,9889,2,6,12313,-0.030284097162665335,1010,-0.2668333079976678,0.34938476401648433
5965,9889,2,7,12312,-0.233717471525557,1150,-0.2182523100572975,0.2938894468202153
5965,9889,2,8,12311,0.002258804517655033,1283,0.06541368069087317,0.2538211824300446
5965,9889,2,9,12310,0.044694367650741196,1212,-0.0007326199869899241,0.273973323012408
5965,9889,2,10,12309,-0.036107837729415615,1433,-0.015876902391937064,0.21904101039884624
5965,9889,2,11,12308,-0.12393907432815832,1504,-0.05876217068258638,0.20537012643981883
5965,9889,2,12,12307,-0.10662926314258736,1490,-0.07585850865824084,0.20800440828364813
5965,9889,2,13,12306,-0.055789370658040904,1502,-0.06897526600454496,0.20588218022746652
5965,9889,2,14,12305,-0.0743973930648878,1696,-0.11067760568147544,0.17499189644767366
5965,9889,2,15,12304,-0.021949983075920887,1731,0.05601792072008693,0.17035448712465837
5965,9889,2,16,12303,-0.060072134737080285,1781,0.06833645697522772,0.16392212521033298
5965,9889,2,17,12302,-0.0670296903196137,1826,-0.0670296903196137,0.15857867137496356
5965,9889,2,18,12301,0.5520653528829129,1851,-0.10499550258248835,0.15572638171172887
5965,9889,2,19,12300,-0.005572981803124599,1871,-0.001693249876880798,0.1535015876128267
5965,9889,2,20,12299,-0.030519752357652807,2034,-0.030519752357652807,0.1373896205677077
5965,9889,2,21,12298,-0.05188375578221627,2098,-0.08346214161658383,0.13183491586859755
5965,9889,2,22,12297,-0.07707625057749212,1900,-0.07707625057749212,0.15043275008159043
5965,9889,2,23,12296,0.002761132283622958,2053,-0.08266825356032459,0.1357089557325269
5965,9889,2,24,12295,-0.007517112125162928,2096,-0.08774939512085012,0.1319710317367251
5965,49,0,5,12401,-0.15677532548573847,1000,-0.13512936117198304,0.3132257957752392
5965,49,0,6,12400,-0.20154852000667944,1079,-0.13121313200189821,0.28297721456473135
5965,49,0,7,12399,-0.15825759845137932,1111,-0.1731175440035625,0.2723545425163824
5965,49,0,8,12398,-0.11993612049417557,1261,-0.11477464653596448,0.2299539341478207
5965,49,0,9,12397,-0.0203074737941501,1338,-0.12447366744205135,0.21246639972120995
5965,49,0,10,12396,-0.2914760401041787,1475,-0.35106070338317674,0.186614094460745
5965,49,0,11,12395,-0.20580047043089578,1589,-0.19753556612839007,0.1689634641872736
5965,49,0,12,12394,-0.26127806435594214,1642,-0.26600837408008504,0.1617344886327351
5965,49,0,13,12393,-0.17082517299669508,1845,-0.23996475430367725,0.13843919770523042
5965,49,0,14,12392,-0.06211699212799082,1788,-0.06211699212799082,0.14438209525395312
5965,49,0,15,12391,-0.07865018815771008,1708,-0.10000812981929841,0.15338191242519725
5965,49,0,16,12390,-0.14224922437129428,1978,0.21406656490964882,0.12613925470831355
5965,49,0,17,12389,-0.12170275403121888,1881,-0.07368001214345976,0.13493811994033883
5965,49,0,18,12388,0.4930723044888321,2214,0.4930723044888321,0.10853417489063155
5965,49,0,19,12387,-0.11888295184217257,1758,-0.15357356827290403,0.14767374302198197
5965,49,0,20,12386,0.1623675059179226,2061,0.5989593556642135,0.11940677223689365
5965,49,0,21,12385,0.12791506206494463,2099,-0.02145425438570725,0.11657245843301196
5965,49,0,22,12384,0.4436159495335977,2171,0.45460667787751713,0.1114337886607836
5965,49,0,23,12383,-0.15926096280497792,1756,-0.17722703948601914,0.14785205945554414
5965,49,0,24,12382,-0.13302714370883795,2125,-0.12284935151873788,0.11467602817107125
5965,49,1,5,12401,0.4030969484613395,1000,0.3824066041232091,0.3480892127440447
5965,49,1,6,12400,0.5862000711908497,1000,-0.07502028792743853,0.35234454741115184
5965,49,1,7,12399,0.10110803577706362,1017,-0.25133876517566334,0.3405453805296852
5965,49,1,8,12398,-0.20097558747099664,1101,-0.2704523090884061,0.30634663758480823
5965,49,1,9,12397,0.0012418573634189745,1066,-0.1471706031593506,0.3195910820617147
5965,49,1,10,12396,0.13403142358262843,1092,0.10961431697799251,0.309554512747194
5965,49,1,11,12395,-0.25535084930977126,1143,-0.24216236897075039,0.29112763177063306
5965,49,1,12,12394,0.41241483831181036,1204,0.2289293027984156,0.271790761484008
5965,49,1,13,12393,-0.24144771390946196,1265,-0.24144771390946196,0.25443694297632524
5965,49,1,14,12392,-0.14148330017929478,1336,-0.13603604659338486,0.23646415169505638
5965,49,1,15,12391,0.04458203390500892,1365,0.25057183391145366,0.2298682591529947
5965,49,1,16,12390,-0.13469989065026777,1452,-0.12533494306196769,0.21174449826392758
5965,49,1,17,12389,-0.14994417157873774,1557,-0.04114242454648798,0.19286556302569285
5965,49,1,18,12388,-0.060923382678650495,1567,-0.08467009962324434,0.19130933791892246
5965,49,1,19,12387,0.15457684107448377,1570,0.16356139002332015,0.19081573270880636
5965,49,1,20,12386,-0.07019220064686937,1621,0.094944204537465,0.1827841528568904
5965,49,1,21,12385,0.3086777947535565,1659,-0.11616069832950482,0.17726187092221363
5965,49,1,22,12384,0.17230588957801074,1774,0.29916860695912517,0.16213673746065796
5965,49,1,23,12383,0.13106921222783463,1764,-0.0812789212828412,0.16329607069713042
5965,49,1,24,12382,-0.12151113565519,1668,-0.13408008348079314,0.17591695342458707
5965,49,2,5,12401,-0.19566936977054838,1000,-0.05671766602409345,0.27904070623120364
5965,49,2,6,12400,0.01189764264537052,1000,0.22252482707654708,0.2816709997433025
5965,49,2,7,12399,0.4840404689221186,1056,0.4840404689221186,0.25948841578344267
5965,49,2,8,12398,0.18401333290364952,1263,-0.1153468924315042,0.2044095172720627
5965,49,2,9,12397,-0.21101055851126127,1178,-0.11439379013640483,0.2241656153632318
5965,49,2,10,12396,-0.2292130682816924,1331,0.10502856789204829,0.19065134110938103
5965,49,2,11,12395,-0.06426745750521445,1352,0.0983359779659928,0.18664288894109549
5965,49,2,12,12394,-0.1381407359610467,1358,0.3989391592887951,0.1854773118680714
5965,49,2,13,12393,-0.12624286443562993,1314,-0.13813950000878883,0.1937871188507251
5965,49,2,14,12392,-0.1347468110600697,1515,-0.12509699936426288,0.1604080373081213
5965,49,2,15,12391,0.2941997584491527,1404,-0.09136264377329095,0.17750731222045102
5965,49,2,16,12390,-0.1172111661969445,1336,-0.0996262205715196,0.18959971772951942
5965,49,2,17,12389,-0.14053161694049277,1410,0.15175749664553406,0.17643822699589543
5965,49,2,18,12388,-0.14784035195525747,1235,-0.16002496440457414,0.21055418108110976
5965,49,2,19,12387,-0.13947872294454655,1508,-0.12672085752747964,0.16132360186426659
5965,49,2,20,12386,-0.1310204150016402,1575,-0.12863044954238634,0.15221120923447568
5965,49,2,21,12385,-0.13537032608631916,1580,-0.1022089945830501,0.1516671705823782
5965,49,2,22,12384,-0.061976002018539034,1476,-0.061976002018539034,0.1659916943770667
5965,49,2,23,12383,-0.13183211520320104,1677,-0.18735557668982994,0.1400820312714983
5965,49,2,24,12382,-0.16246157561757257,1624,-0.16246157561757257,0.14615130721133457
5965,9946,0,5,13135,-0.14230681830122383,1000,-0.186377877329038,0.3444647910958206
5965,9946,0,6,13134,-0.22644190860574254,1071,-0.14110521605765536,0.3141651530000232
5965,9946,0,7,13133,0.6349347410469316,1273,0.6196303269657398,0.24976990885757708
5965,9946,0,8,13132,-0.22307632809290867,1375,-0.16770756358435013,0.22521591159192797
5965,9946,0,9,13131,-0.20953608768702126,1435,-0.2278041348183527,0.21288332482020866
5965,9946,0,10,13130,-0.1503992024945615,1675,-0.1540853926441541,0.1731467889086661
5965,9946,0,11,13129,-0.20112076861638417,1298,-0.19663496927886925,0.24324798947507734
5965,9946,0,12,13128,0.6302873146954369,1899,0.7170660667146614,0.1464290934846098
5965,9946,0,13,13127,-0.29150761005884007,1704,-0.2556884649625639,0.1692722193966982
5965,9946,0,14,13126,-0.2649835912232644,2454,-0.10512758986106985,0.10407945032583255
5965,9946,0,15,13125,0.6897430769924872,2077,0.6897430769924872,0.12998841148950113
5965,9946,0,16,13124,-0.2495184163941765,1893,-0.26474459297015185,0.14712471570245797
5965,9946,0,17,13123,-0.13205100295404104,1849,0.6990376105448155,0.15183727645948844
5965,9946,0,18,13122,-0.07451835136212082,2443,-0.08181003213669424,0.10468499221675945
5965,9946,0,19,13121,0.6731561787713095,3322,0.671232931287324,0.06949434705865826
5965,9946,0,20,13120,-0.21466333426281148,3314,-0.21466333426281148,0.06972869674051699
5965,9946,0,21,13119,0.6547264134400947,3641,-0.01867076967420489,0.0615077669273807
5965,9946,0,22,13118,-0.10488722381940407,1992,-0.09976043317313066,0.13741452955447714
5965,9946,0,23,13117,-0.09439044972218358,2902,-0.08998480279385834,0.08322514398973559
5965,9946,0,24,13116,0.6346146785255944,4412,0.6346146785255944,0.04760543971860577
5965,9946,1,5,13135,0.007371240475390173,1000,0.009614778445472205,0.008201637241662434
5965,9946,1,6,13134,-0.016906687184805258,1037,0.010175571752088719,0.00781066554240148
5965,9946,1,7,13133,0.02171437276172683,1000,0.05857249004265286,0.010114067049595098
5965,9946,1,8,13132,-0.0066516013248510975,1000,-0.0026436161217547882,0.00934014990115301
5965,9946,1,9,13131,-0.010175845309800535,1000,-0.010175845309800535,0.009392315654749581
5965,9946,1,10,13130,0.0011223616934126213,1000,-0.0040862227083129365,0.009777045249700014
5965,9946,1,11,13129,-0.007532867489371209,1000,-0.002803601789471477,0.009523848618293487
5965,9946,1,12,13128,-0.008012505341860154,1000,-0.008012505341860154,0.009350470937622236
5965,9946,1,13,13127,0.044071742922089485,1000,0.003526067703018554,0.009178035994364767
5965,9946,1,14,13126,-0.006251523173179563,1000,-0.0016024554754212605,0.01205824738537264
5965,9946,1,15,13125,-0.02139563243599185,1000,0.02644354727572351,0.011973704360580224
5965,9946,1,16,13124,-0.016505469209339263,1000,-0.005287323429411184,0.012360948882663307
5965,9946,1,17,13123,-0.00296554795411319,1000,-0.004167378162440394,0.01319590826253055
5965,9946,1,18,13122,0.010175526159137749,1000,0.015705996800271516,0.012649544957815121
5965,9946,1,19,13121,0.02275749390498727,1000,0.02275749390498727,0.012808835744939406
5965,9946,1,20,13120,0.0008007034187649253,1000,-0.003204409428370747,0.011270013630115809
5965,9946,1,21,13119,0.011138768450917769,1000,-0.0008805822702436794,0.010880613544277197
5965,9946,1,22,13118,-0.011057157067271617,1000,-0.017387419268135695,0.010994676323361546
5965,9946,1,23,13117,-0.012660068472209685,1000,-0.012660068472209685,0.010697430182609987
5965,9946,1,24,13116,-0.003526614818440743,1000,0.0021641150481208626,0.010996885364946644
5965,9946,2,5,13135,-0.23613642912383903,1000,-0.19070455726491908,0.34190470284511254
5965,9946,2,6,13134,-0.18589869540606652,1190,-0.18589869540606652,0.2710126284067802
5965,9946,2,7,13133,-0.24046538870730771,1189,-0.24046538870730771,0.2714038014829461
5965,9946,2,8,13132,-0.16370167565703475,1387,-0.1566491755073809,0.2209779957470984
5965,9946,2,9,13131,0.7268416970939339,1780,0.7677068421259692,0.1584908607189431
5965,9946,2,10,13130,0.6874985359774668,1938,-0.261457842670907,0.1415474715427438
5965,9946,2,11,13129,-0.24575243857900875,1304,-0.24334987239319672,0.23995533457737162
5965,9946,2,12,13128,-0.26330175841883474,1305,-0.26330175841883474,0.23979463027380263
5965,9946,2,13,13127,-0.30055968029372193,1777,-0.29695519271367943,0.15886868923103378
5965,9946,2,14,13126,-0.2544870906837553,1895,-0.2544870906837553,0.14576438723497748
5965,9946,2,15,13125,-0.24543169216339444,1610,-0.24278748333326772,0.18115167458588846
5965,9946,2,16,13124,0.744229754663394,1745,0.6717132530340891,0.16280439227298096
5965,9946,2,17,13123,-0.18092924603630867,1920,-0.18092924603630867,0.1432425023591625
5965,9946,2,18,13122,-0.2637023836859278,2031,-0.26618633329062713,0.13296912791502
5965,9946,2,19,13121,-0.23774066272437744,2121,-0.23958330186965593,0.12548036746797536
5965,9946,2,20,13120,-0.2551280363995613,1981,-0.2616970232958271,0.13746280524290094
5965,9946,2,21,13119,-0.24046315465267176,2084,-0.24046315465267176,0.12847015817674942
5965,9946,2,22,13118,-0.20785115456187164,1940,-0.18709920341879305,0.14126584612547938
5965,9946,2,23,13117,-0.23197146738784113,2151,-0.2531256395513245,0.12314572842288295
5965,9946,2,24,13116,0.6955117252136023,2416,0.7322903283866629,0.10544817322974695
6794,145804,0,5,52443,0.09396583063703068,1000,-0.12775450036156044,0.08700414320212914
6794,145804,0,6,52442,-0.18569422250167622,1131,0.09194084112753786,0.07384882653431428
6794,145804,0,7,52441,-0.04119268323419112,1000,-0.026126599637385395,0.09612565641655287
6794,145804,0,8,52440,-0.11759507929239876,1000,-0.10649221360255923,0.09822822812159203
6794,145804,0,9,52439,-0.051910814525196636,1000,-0.04812462392521866,0.10324012694459914
6794,145804,0,10,52438,-0.029659104704498396,1000,-0.1401947407591173,0.10385787434852105
6794,145804,0,11,52437,0.4200684802488157,1000,0.4200684802488157,0.10198490030676294
6794,145804,0,12,52436,0.3525306039101223,1000,-0.06336175556986601,0.12523914216684398
6794,145804,0,13,52435,-0.10395127588318265,1000,-0.10244458505096199,0.11083219874303321
6794,145804,0,14,52434,-0.12865967772370568,1000,-0.07317545175158569,0.10237660934930343
6794,145804,0,15,52433,-0.1141104495347236,1000,-0.09934576183513999,0.11856914792982776
6794,145804,0,16,52432,-0.09714988922288492,1000,-0.07080774760235886,0.11683161191117962
6794,145804,0,17,52431,-0.07859962946737287,1000,-0.08161317607689367,0.1252851389649713
6794,145804,0,18,52430,-0.05432235282940223,1000,-0.12878800499585663,0.10587323961632457
6794,145804,0,19,52429,-0.01945634431559784,1000,-0.12779866440669896,0.1085787283358701
6794,145804,0,20,52428,-0.1122593946119701,1000,-0.11165598427347634,0.11123158221503186
6794,145804,0,21,52427,-0.09650429418020967,1000,-0.06771012023836576,0.11857423901833582
6794,145804,0,22,52426,-0.06004615328280338,1000,0.21014196987970868,0.10460254001977896
6794,145804,0,23,52425,0.28176615439123376,1118,0.4746902083982119,0.07498038122400738
6794,145804,0,24,52424,-0.06495504256902662,1000,0.06374851054592867,0.10872206659251882
6794,145804,1,5,52443,-0.16649428531276156,1000,-0.21780177197200334,0.28064269255444857
6794,145804,1,6,52442,-0.2020472488480225,1202,-0.20574952363860854,0.219554980327463
6794,145804,1,7,52441,-0.1628348137704071,1176,-0.11092482397061088,0.22598374032484528
6794,145804,1,8,52440,-0.19761459724370145,1187,-0.20097242547121574,0.22342330142170533
6794,145804,1,9,52439,0.6765665329072028,1183,0.688532679908897,0.22425000959183536
6794,145804,1,10,52438,0.6017128474403161,1162,-0.21655437480536532,0.22959920237146125
6794,145804,1,11,52437,0.6446278047261383,1164,0.5408492675778673,0.22928079714703165
6794,145804,1,12,52436,0.6043835969375632,1315,0.4832134155111711,0.19476137171069846
6794,145804,1,13,52435,0.2133686255324429,1453,0.08406483727178238,0.17054914506345212
6794,145804,1,14,52434,0.2971323143246221,1389,-0.11157149115630516,0.1811647741323719
6794,145804,1,15,52433,-0.0188977165662928,1371,0.19869012163709943,0.18432994498740848
6794,145804,1,16,52432,-0.13894701370231777,1513,0.09706399407253419,0.16151949664995197
6794,145804,1,17,52431,0.16825870283230493,1508,0.4400405665929476,0.16229843726431187
6794,145804,1,18,52430,-0.10700651236164416,1807,-0.01157757762975209,0.1274744329829032
6794,145804,1,19,52429,-0.09585973004428427,1736,-0.0939210892841118,0.13448765260881948
6794,145804,1,20,52428,-0.1286146889531662,1811,0.040806175675746625,0.1270899408618387
6794,145804,1,21,52427,0.24565406827142855,1914,0.2621815652760259,0.118072320828955
6794,145804,1,22,52426,-0.07967342193743132,1921,-0.07459608248837435,0.11748310274483428
6794,145804,1,23,52425,0.15073939106235168,1776,-0.09865662129137487,0.1304642008299201
6794,145804,1,24,52424,0.014849551943184935,1841,-0.04838140217833098,0.12435611244826361
6794,145804,2,5,52443,0.7018769842893114,1000,0.626893940643524,0.22330590186442142
6794,145804,2,6,52442,0.045153303256148525,1000,0.39363937133492133,0.23972341995501648
6794,145804,2,7,52441,0.3440519319687325,1000,-0.14105608396628166,0.23522009768398114
6794,145804,2,8,52440,-0.2894285956048067,1000,-0.1786330885768267,0.2524613453539101
6794,145804,2,9,52439,-0.15383957507508206,1000,-0.15659481768950123,0.25375956125678467
6794,145804,2,10,52438,-0.1897384696791351,1000,-0.08983309042421161,0.22672562699258664
6794,145804,2,11,52437,-0.17045403937305004,1076,-0.2456080073578698,0.20251705059429229
6794,145804,2,12,52436,-0.23811962443984602,1045,-0.2408748670542653,0.21065822038506582
6794,145804,2,13,52435,0.12409742052286288,1093,-0.18242014513847427,0.1982234286821335
6794,145804,2,14,52434,0.13563347322875408,1188,-0.1951620700871438,0.17749234694610666
6794,145804,2,15,52433,-0.1321886777078699,1149,-0.14122799797579344,0.1856190809108322
6794,145804,2,16,52432,-0.10382109297888076,1137,-0.140108474482336,0.1880924209490587
6794,145804,2,17,52431,-0.07528505808705988,1246,-0.13205886593000005,0.16662387438687576
6794,145804,2,18,52430,-0.08867154717165349,1270,-0.08578645154309406,0.1623420489199792
6794,145804,2,19,52429,0.06981832454066117,1314,-0.07059265921818658,0.15519306482080147
6794,145804,2,20,52428,-0.10438128770644484,1320,-0.09267451684287153,0.15423095296156078
6794,145804,2,21,52427,-0.09344934635563729,1409,-0.024836110568625003,0.1413346664588821
6794,145804,2,22,52426,0.2256815695645975,1422,0.5094266937880361,0.1396107678412717
6794,145804,2,23,52425,-0.12792645560734095,1400,0.1688181965432788,0.14261919051133995
6794,145804,2,24,52424,-0.1736414380967719,1420,-0.17105876927218389,0.13986580545743205
6794,3,0,5,55455,-0.028864531169866425,1000,-0.034949317175428374,0.03507170534854403
6794,3,0,6,55454,-0.014737623837201896,1116,-0.02105828557400835,0.030295953214560113
6794,3,0,7,55453,-0.008643163050231828,1231,-0.008643163050231828,0.026588538986053453
6794,3,0,8,55452,-0.030648730251719214,1091,-0.009520668981491398,0.03124457953964572
6794,3,0,9,55451,-0.00860224882313032,1222,-0.011284020049535104,0.026851761693809595
6794,3,0,10,55450,-0.02319908341707344,1198,-0.018947261300666374,0.027565341310180812
6794,3,0,11,55449,0.023401667476264265,1239,-0.016337643747055375,0.026363559579889367
6794,3,0,12,55448,0.01297580379517227,1433,0.008000555599567694,0.02170950643129886
6794,3,0,13,55447,0.011394547097747565,1533,-0.011730656170386933,0.01983835023290734
6794,3,0,14,55446,-0.018693501882575903,1489,-0.012240976458423258,0.020619559826690878
6794,3,0,15,55445,-0.012983947550567088,1591,-0.013770666896690154,0.018883509846194756
6794,3,0,16,55444,-0.010926932663000155,1583,-0.010711839795522482,0.019007068811382127
6794,3,0,17,55443,-0.007196115441707285,1626,0.02897763164478273,0.018343413128538946
6794,3,0,18,55442,0.013261291284279553,1639,-0.011661206224383158,0.018150878631208373
6794,3,0,19,55441,-0.010252369116168891,1680,-0.009652760693989126,0.017557094407088428
6794,3,0,20,55440,-0.009051881845966281,1655,-0.011578367944510726,0.017913755085989854
6794,3,0,21,55439,-0.0013353804345554998,1670,-0.007124352669170553,0.017701920341672724
6794,3,0,22,55438,-0.007838950917520626,1662,0.2005963313750101,0.017819384655530745
6794,3,0,23,55437,-0.006981250599379596,1862,-0.005850995075698862,0.015310127472233002
6794,3,0,24,55436,-0.006676674147628625,1678,-0.003853527327576267,0.017587677539286983
6794,3,1,5,55455,-0.27152550910849726,1000,-0.27739630979731544,0.41848284862152724
6794,3,1,6,55454,-0.30370308284792213,1059,-0.3116741906279842,0.38754089365864125
6794,3,1,7,55453,-0.2818916627750375,1060,-0.25711402638733116,0.38744319062802396
6794,3,1,8,55452,-0.2725960871926483,1068,-0.27148674483282,0.38332332601728075
6794,3,1,9,55451,-0.2528130159883415,1223,-0.25400568525336575,0.3198166007264904
6794,3,1,10,55450,-0.22845393605288722,1196,-0.23676160895588927,0.3296394413871802
6794,3,1,11,55449,-0.24937892463859945,1419,-0.22007586852825511,0.2623370841584137
6794,3,1,12,55448,-0.16484312781708776,1851,-0.12145381800100907,0.18412493734939794
6794,3,1,13,55447,-0.12707988255271474,3649,-0.1116486387810588,0.0744804247504059
6794,3,1,14,55446,0.7214520654648481,2946,0.7214520654648481,0.0990693658301586
6794,3,1,15,55445,-0.0847392278312642,2041,-0.11226990959258765,0.1616539677073433
6794,3,1,16,55444,-0.09780575306153094,2716,-0.0990593701919269,0.11043985056665401
6794,3,1,17,55443,-0.22847217806497122,3722,-0.22968628169419347,0.07255508615338843
6794,3,1,18,55442,-0.05335759216906899,3328,-0.17729701461654257,0.08423691375610098
6794,3,1,19,55441,-0.25905158867077294,4656,-0.2615592138318237,0.05382885318891191
6794,3,1,20,55440,-0.20289042726961926,4280,-0.16573978786103571,0.06021698833439836
6794,3,1,21,55439,-0.1846978314938441,4039,-0.18936602753605702,0.06505416094232445
6794,3,1,22,55438,-0.2858371819635497,3896,-0.2354752539288083,0.0682591230077181
6794,3,1,23,55437,-0.15611663786166163,4294,0.004067838394535284,0.0599546279618644
6794,3,1,24,55436,-0.1648724453365078,6218,-0.08305760749235946,0.03659900212459906
6794,3,2,5,55455,0.6927806064478736,1000,-0.2963443854735214,0.38842847268164016
6794,3,2,6,55454,-0.2808110515842406,1000,-0.27998610746839836,0.4223739506407033
6794,3,2,7,55453,0.7233370190884414,1212,-0.19249521668383174,0.30063734458879976
6794,3,2,8,55452,-0.22124671252882244,1166,-0.14851519142646308,0.3165461376078479
6794,3,2,9,55451,-0.1235935408683616,1299,-0.22040060891836355,0.27399926085267107
6794,3,2,10,55450,-0.07622884056898394,1890,-0.13721188696415398,0.16625974296451784
6794,3,2,11,55449,-0.2160994682192875,2055,-0.08090794924342593,0.1486631942823644
6794,3,2,12,55448,-0.15085814985343826,1759,-0.15226441353494746,0.18299469534562715
6794,3,2,13,55447,-0.19448333540076113,2760,-0.20289212117074074,0.10034068662597358
6794,3,2,14,55446,-0.21585499268234698,2518,-0.09471894401682834,0.11339446029025896
6794,3,2,15,55445,-0.20241203050272916,3161,-0.2084363572682435,0.08374126441797354
6794,3,2,16,55444,-0.08284417595098226,2221,-0.0842097534305406,0.1340362274046697
6794,3,2,17,55443,-0.01858121578319749,2701,-0.05341824685924701,0.10327770112170909
6794,3,2,18,55442,0.6651178981240957,3282,-0.10620473375001593,0.07963475272701064
6794,3,2,19,55441,-0.2289128529568738,4938,-0.23443721829121367,0.046197943331927616
6794,3,2,20,55440,-0.2724855927194568,3717,-0.17492333794421921,0.06746031778892525
6794,3,2,21,55439,-0.30151352019755584,3891,-0.13614143918009003,0.06345902325831583
6794,3,2,22,55438,-0.2329573024859174,4290,-0.012230845626712172,0.05572489908689875
6794,3,2,23,55437,-0.12724171525991257,3336,-0.01758292167192743,0.07792139973959826
6794,3,2,24,55436,-0.02378960340823366,4399,-0.02395260881620831,0.05389666895685226
6794,146065,0,5,60774,0.5051229053218875,1000,0.5051229053218875,0.25452759496993815
6794,146065,0,6,60773,-0.24784913025387967,1009,-0.30048160564209603,0.25134200792340194
6794,146065,0,7,60772,0.531438724810332,1031,0.531438724810332,0.24449171759216465
6794,146065,0,8,60771,-0.24569864069472647,1000,-0.25695875214729613,0.26306732891263146
6794,146065,0,9,60770,-0.1919920991065306,1017,-0.14233386437848894,0.24897391243604214
6794,146065,0,10,60769,-0.1558065499218948,1039,-0.173266674392066,0.24187183274242735
6794,146065,0,11,60768,-0.10621233867906676,1055,-0.1398028456842395,0.23687262757944708
6794,146065,0,12,60767,-0.08141532810439445,1071,-0.10924942424485828,0.23226750898312934
6794,146065,0,13,60766,-0.18003491485028578,1064,-0.20129132024030283,0.23426088342366755
6794,146065,0,14,60765,-0.15245261653795072,1067,-0.14442063460200194,0.2333147116638397
6794,146065,0,15,60764,-0.2710022123839976,1196,-0.2771385440846559,0.20053047816596808
6794,146065,0,16,60763,-0.21387874043145494,1171,-0.2534154856538734,0.2061929066470849
6794,146065,0,17,60762,-0.13411053434213682,1252,-0.10248103171185152,0.18870268402264206
6794,146065,0,18,60761,-0.06616960262249971,1344,-0.09343311416315148,0.17153820708369708
6794,146065,0,19,60760,-0.03738606556978219,1470,-0.03738606556978219,0.15223907463210204
6794,146065,0,20,60759,-0.036689715121344224,1352,-0.11525816519944965,0.17020484822519572
6794,146065,0,21,60758,-0.04491319723248255,1557,-0.029605577312388887,0.1410866981313553
6794,146065,0,22,60757,-0.029416396277696544,1535,-0.05098653195273839,0.14369020422449758
6794,146065,0,23,60756,-0.0721162970641056,1650,-0.047570247906234986,0.13053367580491357
6794,146065,0,24,60755,-0.08811969715218748,1773,-0.045039571380255605,0.11863205245074808
6794,146065,1,5,60774,-0.23886637675129285,1000,-0.24696162179852144,0.26242794813215575
6794,146065,1,6,60773,0.2043908705247432,1064,0.17605142986797484,0.24159779944839715
6794,146065,1,7,60772,-0.004996645230204155,1189,0.5941926136667792,0.2083965396673923
6794,146065,1,8,60771,-0.046431397847106926,1439,-0.08255216317259562,0.16146886142332642
6794,146065,1,9,60770,0.5922947583470812,1335,0.5897010468220021,0.1785306767448956
6794,146065,1,10,60769,-0.02815090593991909,1139,0.06047675901864347,0.22073930752512178
6794,146065,1,11,60768,-0.0841959395423637,1319,-0.11399161033816507,0.18141961186882907
6794,146065,1,12,60767,0.004175403363165242,1333,-0.03131257877473881,0.17882806587462347
6794,146065,1,13,60766,0.13012317145276442,1479,0.0336535800229697,0.15573201560088978
6794,146065,1,14,60765,-0.06256409952260644,1493,-0.0544664212787902,0.15373449284338625
6794,146065,1,15,60764,-0.01593998490201487,1644,-0.01986419873619727,0.1352177322235324
6794,146065,1,16,60763,-0.026947081928161754,1553,-0.006705129421726075,0.14597906285437387
6794,146065,1,17,60762,-0.006135381233240644,1622,-0.010628772975457834,0.13771046069289963
6794,146065,1,18,60761,-0.09014449690010717,1684,-0.07957932920419841,0.13102122900727292
6794,146065,1,19,60760,-0.030553687570259114,1663,-0.04890006587879803,0.1331859977803922
6794,146065,1,20,60759,-0.05345322301220001,1772,-0.006833366485636594,0.12234747531290671
6794,146065,1,21,60758,-0.04915133144517214,1586,-0.04175186656593144,0.14189951843772755
6794,146065,1,22,60757,-0.02694997134910959,1633,-0.021889150558904613,0.13650387766152217
6794,146065,1,23,60756,-0.031819406020215046,1722,-0.026568453727900954,0.1271815470953586
6794,146065,1,24,60755,-0.05655357168927033,1655,-0.02675888937958293,0.13407522051574366
6794,146065,2,5,60774,-0.19698946669197226,1000,-0.19698946669197226,0.22881815410106524
6794,146065,2,6,60773,-0.28909226863950255,1018,-0.285045862714182,0.22332171946684806
6794,146065,2,7,60772,-0.05762839826318522,1219,-0.06654800271058159,0.17571973133329255
6794,146065,2,8,60771,-0.0732533222257914,1210,-0.1501771975414986,0.1775424110125239
6794,146065,2,9,60770,-0.08154037159778271,1483,-0.04016918624173327,0.13524312327402316
6794,146065,2,10,60769,-0.015942494135996355,1465,-0.03567735326607957,0.13749923107281906
6794,146065,2,11,60768,-0.06395383496114182,1595,-0.13113606556978186,0.12277344811069116
6794,146065,2,12,60767,0.008603060778817673,1700,0.37000350684458194,0.11278677143179738
6794,146065,2,13,60766,-0.0149936235041922,1695,0.17990812249684873,0.11321926109156517
6794,146065,2,14,60765,-0.015372593872724605,1709,0.06357573902263358,0.11195145593865514
6794,146065,2,15,60764,-0.020116110620417293,1630,-0.020116110620417293,0.11923536389722138
6794,146065,2,16,60763,0.026759231547853535,1697,0.3433058655853539,0.113011721122041
6794,146065,2,17,60762,-0.026378398263184,1791,-0.03447607650700002,0.10523472135418672
6794,146065,2,18,60761,-0.0906503736781662,1777,-0.07445501719053416,0.10634440167476633
6794,146065,2,19,60760,0.09248401541916662,1839,0.0401072157661404,0.10156005981599109
6794,146065,2,20,60759,0.23538816024789394,2030,0.37291273553342963,0.08904288853722596
6794,146065,2,21,60758,-0.02163450132852629,1869,0.7181802518115146,0.09941992243462454
6794,146065,2,22,60757,0.031944943756661015,1975,-0.019990686940060676,0.0923415319237269
6794,146065,2,23,60756,0.7162186771561772,2222,0.002910217174961427,0.07891281611054173
6794,146065,2,24,60755,0.49177518723447694,1297,-0.14435699130375557,0.16185477982747568
6794,10101,0,5,65947,0.01143109732952352,1000,0.062262935124815955,0.05740509194080846
6794,10101,0,6,65946,0.02425824336846394,1068,0.02425824336846394,0.05259712545744477
6794,10101,0,7,65945,-0.12710532448756295,1088,-0.052472626769525466,0.05129195053053659
6794,10101,0,8,65944,0.008631150080382954,1000,0.003733902614656892,0.062195740882402005
6794,10101,0,9,65943,0.03242067135935334,1000,-0.039180247454560946,0.06414526149281467
6794,10101,0,10,65942,0.22295489243290334,1000,0.0039655598289646266,0.06037089613676147
6794,10101,0,11,65941,-0.05340623325369431,1000,-0.023785858024828355,0.07671592887229418
6794,10101,0,12,65940,-0.0478091298061889,1000,0.015396308277140336,0.07153382965939639
6794,10101,0,13,65939,-0.0778952616330999,1000,-0.11146828808109766,0.06516354903557038
6794,10101,0,14,65938,0.08232274036529197,1000,-0.028218221095878904,0.06515428363171633
6794,10101,0,15,65937,-0.0006979371343724949,1000,-0.07205446456481956,0.06319923687249594
6794,10101,0,16,65936,-0.00932838945206016,1000,0.014694010125932522,0.057661582673000575
6794,10101,0,17,65935,0.010964817409457761,1000,0.10820938742017616,0.05928648322797253
6794,10101,0,18,65934,0.03545105473808807,1040,-0.028220314383959,0.0545006966406617
6794,10101,0,19,65933,0.04617967947572954,1045,-0.013293600399677752,0.05411033301883845
6794,10101,0,20,65932,-0.04313568972446702,1079,0.03545070585674137,0.05189088564178301
6794,10101,0,21,65931,0.020286578115929488,1117,0.005597103447506524,0.049558457026017036
6794,10101,0,22,65930,-0.002335411735809867,1092,-0.019360123699369347,0.05104971685377924
6794,10101,0,23,65929,0.02705191075336122,1119,0.03988184784307636,0.04939354182087721
6794,10101,0,24,65928,-0.032642559895948886,1138,-0.0074648397378636044,0.048300649328605484
6794,10101,1,5,65947,-0.016566456314473177,1000,0.013286622772742285,0.04801238429123107
6794,10101,1,6,65946,0.005126636951280017,1103,-0.08162183773947185,0.0421286605324658
6794,10101,1,7,65945,-0.1264030263363548,1131,-0.0666968681619251,0.04072346043281047
6794,10101,1,8,65944,-0.027284265730361912,1000,-0.0018630263921755041,0.0494386721716166
6794,10101,1,9,65943,-0.13222637933729264,1068,-0.11707777681641562,0.04398127398666565
6794,10101,1,10,65942,0.15811302639217684,1000,0.15811302639217684,0.05910854860903528
6794,10101,1,11,65941,-0.040118389396238685,1000,-0.01119821903049989,0.06523354319323889
6794,10101,1,12,65940,-2.965491447626256e-06,1000,-0.05107448477202692,0.062250049383797405
6794,10101,1,13,65939,0.013524210969946382,1000,0.2348372677845766,0.06187053990048767
6794,10101,1,14,65938,0.008857748515161745,1000,0.1616124807417505,0.05707170634421288
6794,10101,1,15,65937,0.22854885594828822,1000,-0.08582533464698683,0.06111240825279752
6794,10101,1,16,65936,-0.08768417446300192,1000,0.29524188641539717,0.07166068040868512
6794,10101,1,17,65935,-0.06296523327602344,1000,-0.03358506285446272,0.06810054605607577
6794,10101,1,18,65934,-0.04478275856294256,1000,-0.019126896519001013,0.07363864396877276
6794,10101,1,19,65933,-0.04407522719153256,1000,-0.05061151922475715,0.07075943985645328
6794,10101,1,20,65932,-0.027294906611440406,1000,0.062264330650203537,0.07496409010895873
6794,10101,1,21,65931,-0.022628269715982197,1000,-0.030089097318358182,0.06718836704701972
6794,10101,1,22,65930,0.07019876468092734,1000,0.06902791888090143,0.05834596580583264
6794,10101,1,23,65929,0.01725898578797047,1000,0.05480664297994897,0.05731140284059493
6794,10101,1,24,65928,0.03405116833385413,1000,0.03684849897289322,0.057525254326678155
6794,10101,2,5,65947,-0.1016800730138876,1000,-0.1016800730138876,0.11444384001810057
6794,10101,2,6,65946,0.12570369367659506,1085,0.044773513207251425,0.10260099150041412
6794,10101,2,7,65945,-0.032183257602821924,1296,0.05271213381413864,0.08096436773471918
6794,10101,2,8,65944,0.018186486848569494,1366,-0.005824922966998547,0.07553228975547156
6794,10101,2,9,65943,-0.00909359230563156,1208,-0.010959409748582338,0.08896741854164954
6794,10101,2,10,65942,0.012829064886348496,1457,-0.002097823538605992,0.06925518621132143
6794,10101,2,11,65941,-0.03218133875541529,1542,0.011198916793193292,0.06426842242273646
6794,10101,2,12,65940,-0.05783824744339772,1567,-0.0009308154333943497,0.06285153929831966
6794,10101,2,13,65939,0.038951032409680786,1575,0.0627381115192247,0.06245667124246215
6794,10101,2,14,65938,0.135494002031885,1531,0.07183414599428417,0.06483506747444388
6794,10101,2,15,65937,0.1019124279908904,1489,0.02822345431608042,0.06732919984531242
6794,10101,2,16,65936,-0.01259217445183669,1452,-0.03241665922386394,0.06958605175552852
6794,10101,2,17,65935,0.04595028999017625,1549,0.03172168758094018,0.06384817486514241
6794,10101,2,18,65934,-0.040579610536774835,1485,0.027990750457732694,0.06752857298133057
6794,10101,2,19,65933,0.006531931016389492,1592,0.07579028602688431,0.061573091350629716
6794,10101,2,20,65932,-0.020288496963336566,1538,-0.033584016210422396,0.06444501739598807
6794,10101,2,21,65931,-0.05900473222658853,1601,-0.021922657191978945,0.06110451821470391
6794,10101,2,22,65930,-0.04011507502344469,1487,-0.018191720068770678,0.06743847823203528
6794,10101,2,23,65929,0.08769341981869361,1601,-0.02075704461215544,0.06110010381039038
6794,10101,2,24,65928,0.020526782923235287,1558,0.036617016199257946,0.06336631753917989
6794,9914,0,5,69195,-0.067580370271357,1000,-0.067580370271357,0.09290984039254696
6794,9914,0,6,69194,0.08986139887715461,1000,0.11093311388851779,0.09841600625178462
6794,9914,0,7,69193,-0.09867664750701721,1000,-0.10421066702312354,0.09540053656035204
6794,9914,0,8,69192,-0.05757042841866222,1000,-0.08521379160540132,0.09570942915025007
6794,9914,0,9,69191,-0.08191543577061777,1059,-0.07640815064830975,0.08606036705981814
6794,9914,0,10,69190,-0.03540636278572362,1035,-0.029872343269617296,0.08874223060546432
6794,9914,0,11,69189,-0.07683673639887778,1175,-0.07683673639887778,0.0748985791976816
6794,9914,0,12,69188,0.12448828699371528,1284,0.025036342066568018,0.06654780639792185
6794,9914,0,13,69187,-0.04496975671701664,1056,-0.038255246624784855,0.0863756086619333
6794,9914,0,14,69186,-0.05361081406229251,1194,-0.058790602860581576,0.0733230361758413
6794,9914,0,15,69185,-0.04489916120839599,1200,-0.06440023058414768,0.07281993085406616
6794,9914,0,16,69184,-0.04256658534955182,1406,-0.01735814062291241,0.05899388960337901
6794,9914,0,17,69183,-0.014574839593638811,1421,-0.014066050661676766,0.058179676199612756
6794,9914,0,18,69182,-0.010189145836119518,1569,-0.0046551263200103055,0.05098100997281623
6794,9914,0,19,69181,-0.008729197299825353,1712,-0.0021504478010963,0.04536171809566368
6794,9914,0,20,69180,-0.03850629929153748,1719,-0.03383571715011369,0.0451144822654351
6794,9914,0,21,69179,-0.016568640556075542,1820,-0.01700098583077181,0.04180463759135601
6794,9914,0,22,69178,-0.0099999164550173,1731,0.010352058548323884,0.044711723144271416
6794,9914,0,23,69177,-0.021320261328700685,1871,-0.010624415185137126,0.040299424578212256
6794,9914,0,24,69176,-0.01675160406362819,1830,-0.03427641692287353,0.0415004617343053
6794,9914,1,5,69195,0.10161492447533593,1000,0.0448870471862024,0.1104663103207112
6794,9914,1,6,69194,-0.09857889987969526,1092,-0.04375083544980862,0.09819881714735601
6794,9914,1,7,69193,-0.06740910306108816,1145,-0.061901817938780135,0.09226210843283732
6794,9914,1,8,69192,-0.03566409905092882,1149,-0.049381349418526566,0.09177671751125759
6794,9914,1,9,69191,-0.006225354230719127,1234,-0.0076055173105213925,0.08343543848066341
6794,9914,1,10,69190,-0.05748270618901252,1225,-0.07596661542574601,0.08425914893514214
6794,9914,1,11,69189,-0.03952345943055957,1271,-0.03728654257452413,0.08021941927006784
6794,9914,1,12,69188,-0.02935812391391701,1279,-0.02018822684133248,0.07953771077511557
6794,9914,1,13,69187,-0.04763985429755557,1325,-0.0612898509557549,0.07592648195507042
6794,9914,1,14,69186,-0.005438778238204378,1431,0.10712722229648386,0.06853045743393665
6794,9914,1,15,69185,-0.0022473599786128062,1599,-0.002849719288865793,0.0590751825078577
6794,9914,1,16,69184,-0.015627088624514562,1565,-0.03090746557946844,0.060780511737163576
6794,9914,1,17,69183,-0.010438945328165361,1620,-0.010870037428152068,0.05806570726165844
6794,9914,1,18,69182,-0.02942871942253844,1868,-0.0266834313594444,0.048002099270001514
6794,9914,1,19,69181,-0.040227743617162304,1843,-0.045761763133271516,0.048881216920505115
6794,9914,1,20,69180,0.004404909103060128,1954,-0.027185118968051647,0.0452191633460576
6794,9914,1,21,69179,0.10938084814864302,2104,0.06518889520117865,0.04096490815788848
6794,9914,1,22,69178,-0.02953398609811586,1979,-0.035041271220423775,0.044457801405686344
6794,9914,1,23,69177,-0.023578064429889856,1909,-0.024527553134608415,0.046632569710443536
6794,9914,1,24,69176,-0.017860663681326217,1789,-0.03048180390322075,0.05087393579468839
6794,9914,2,5,69195,0.0816597881299278,1000,-0.012258137281113135,0.07826065658869313
6794,9914,2,6,69194,-0.07397699171233596,1005,-0.051534721293942765,0.07773294098610967
6794,9914,2,7,69193,-0.0426309149846289,1094,-0.01353888183398011,0.06943602732687536
6794,9914,2,8,69192,-0.00628926614089087,1194,-0.000781981018579958,0.06180407306667648
6794,9914,2,9,69191,0.1842981386178335,1195,0.1495910473198765,0.06171182034254267
6794,9914,2,10,69190,-0.05273985763935418,1000,-0.058435536692955314,0.07829042980156828
6794,9914,2,11,69189,-0.033836970324823246,1000,-0.04723090161743082,0.07999018907171862
6794,9914,2,12,69188,0.009839092367331492,1144,0.009579685202513843,0.06541501293426466
6794,9914,2,13,69187,-0.09022273091832511,1115,-0.06715721494452587,0.0676982941978952
6794,9914,2,14,69186,-0.05264503408635057,1194,-0.053096176981686116,0.061809266088683486
6794,9914,2,15,69185,-0.053435787327897444,1201,-0.04152519716615477,0.06128420493680892
6794,9914,2,16,69184,-0.01477117029808972,1276,-0.021920949739339002,0.056545068341818265
6794,9914,2,17,69183,0.010116879427884307,1299,-0.012351707659404076,0.055212183417036695
6794,9914,2,18,69182,0.0032841531880752894,1286,0.02080896604732052,0.05597324113906194
6794,9914,2,19,69181,0.0009428051062698728,1754,-0.006895384975270424,0.03701108786908308
6794,9914,2,20,69180,0.011743500200508294,1632,0.00732564162545124,0.040723169331346634
6794,9914,2,21,69179,-0.021486933565030286,1596,-0.021832392059883854,0.041958490238785666
6794,9914,2,22,69178,-0.015203933297686656,1789,0.001371390856836907,0.03603306588485414
6794,9914,2,23,69177,-0.006728712738936937,1630,-0.0011278572383375263,0.04079978722604932
6794,9914,2,24,69176,-0.027624983291003713,1533,-0.01268045715813304,0.044275875886038374
6794,31,0,5,102301,0.33642578125000006,1000,-0.004785156250000089,0.15135218512480977
6794,31,0,6,102300,-0.07294921875000016,1029,-0.016699218750000133,0.14573112799621266
6794,31,0,7,102299,-0.16181640625000038,1257,-0.1555664062500004,0.11155562807248896
6794,31,0,8,102298,-0.04169921874999982,1102,-0.07353515624999973,0.13302487564375542
6794,31,0,9,102297,0.3205078125000002,1233,-0.0393554687499994,0.11448452181529346
6794,31,0,10,102296,0.1512695312500001,1253,0.09863281250000033,0.11201099089257341
6794,31,0,11,102295,-0.02568359375000029,1187,-0.08720703125000018,0.12047164305079586
6794,31,0,12,102294,0.02529296875000031,1892,-0.0088867187499998,0.0646925505937347
6794,31,0,13,102293,0.023046875000000244,1975,0.034277343750000466,0.06106653429444761
6794,31,0,14,102292,-0.07978515624999982,1722,-0.06357421874999991,0.07333796450829579
6794,31,0,15,102291,0.04003906249999967,1988,0.04003906249999967,0.06053197369724322
6794,31,0,16,102290,0.04287109375000053,1665,0.007324218750000444,0.07669798695229699
6794,31,0,17,102289,0.04755859374999971,2042,0.015722656250000466,0.058435409028505816
6794,31,0,18,102288,-0.01923828124999971,1883,-0.03369140624999967,0.06508816089959457
6794,31,0,19,102287,0.040625000000000466,2440,0.01894531250000031,0.04606296811593618
6794,31,0,20,102286,-0.0207031249999996,2059,-0.031640624999999645,0.05776938999366035
6794,31,0,21,102285,0.03789062500000029,2375,0.012890625000000377,0.04776897930537688
6794,31,0,22,102284,-0.023437499999999445,2420,-0.012207031249999667,0.04659313154157475
6794,31,0,23,102283,0.016894531250000733,2412,-0.019921874999999978,0.04679500747143529
6794,31,0,24,102282,-0.003515624999999467,2724,0.1526367187500004,0.0397872741740567
6794,31,1,5,102301,0.06337890624999987,1000,0.2405273437499999,0.12511985024771058
6794,31,1,6,102300,-0.07783203125000082,1000,-0.09501953125000062,0.13023026717678293
6794,31,1,7,102299,-0.08671875000000073,1089,0.18417968749999958,0.11165456312218174
6794,31,1,8,102298,-0.06298828125000044,1285,0.18242187499999984,0.08954835414387925
6794,31,1,9,102297,0.008300781249999889,1175,-0.06953125000000049,0.10096702989702637
6794,31,1,10,102296,-0.08486328125000009,1098,-0.0541015625000002,0.11042832601593326
6794,31,1,11,102295,-0.04296874999999989,1366,-0.058300781250000266,0.0825676071136071
6794,31,1,12,102294,-0.08935546874999944,1341,-0.06650390624999925,0.08460509459935539
6794,31,1,13,102293,-0.022167968749999822,1511,0.07529296875000002,0.07213578638060858
6794,31,1,14,102292,-0.07890624999999984,1613,-0.06923828124999976,0.0661414195530559
6794,31,1,15,102291,0.0031249999999991562,1552,0.009472656249999156,0.06961431100657259
6794,31,1,16,102290,0.2500000000000003,1728,0.008203124999999756,0.06035853638520855
6794,31,1,17,102289,0.01816406249999991,1671,0.029980468750000377,0.06307775196869787
6794,31,1,18,102288,-0.03076171875,1841,-0.014648437499999556,0.05545941012236433
6794,31,1,19,102287,0.06464843749999982,1677,0.0137695312499998,0.06280743696418682
6794,31,1,20,102286,-0.004589843750000155,1760,-0.0240234374999998,0.05888153475996826
6794,31,1,21,102285,0.030468750000000155,1816,-0.007031250000000155,0.05648188361863172
6794,31,1,22,102284,0.0012695312499998446,1942,0.005468750000000022,0.05164938516241166
6794,31,1,23,102283,0.048925781250000466,1887,0.21347656250000047,0.05365849071270385
6794,31,1,24,102282,0.009472656249999933,1730,-0.0127929687499998,0.06025399328676228
6794,31,2,5,102301,-0.053808593750000355,1000,0.02744140624999969,0.1247678706548268
6794,31,2,6,102300,0.21611328125000018,1211,0.22822265625000016,0.09664207320303911
6794,31,2,7,102299,0.04150390625,1133,-0.0022460937500000666,0.10566914295970717
6794,31,2,8,102298,0.003027343749999911,1266,0.09960937499999956,0.09109625673289262
6794,31,2,9,102297,-0.032714843749999556,1547,0.0173828125000004,0.0697197429893915
6794,31,2,10,102296,-0.018359374999999845,1577,-0.05761718749999978,0.06794715398251464
6794,31,2,11,102295,0.40566406250000003,1487,0.39003906250000014,0.07352551793156298
6794,31,2,12,102294,0.16650390625,1212,-0.04257812500000002,0.09657049975308059
6794,31,2,13,102293,-0.01318359375,1315,-0.010449218750000044,0.0866465265069116
6794,31,2,14,102292,0.040917968749999645,1256,-0.05820312500000013,0.09203379417805824
6794,31,2,15,102291,-0.0910156249999996,1398,-0.06445312499999922,0.07980634532364972
6794,31,2,16,102290,-0.03544921875000018,1343,-0.08583984375000031,0.084216190292543
6794,31,2,17,102289,0.0008789062499998668,1423,-0.10986328125,0.07792973024641436
6794,31,2,18,102288,-0.04218749999999993,1343,-0.06826171874999931,0.08419444920433711
6794,31,2,19,102287,-0.07353515625000029,1484,0.0032226562499999556,0.07370431539937491
6794,31,2,20,102286,-0.006933593750000022,1633,-0.015722656250000022,0.06485610100209052
6794,31,2,21,102285,-0.007226562500000422,1573,-0.0140625000000002,0.06822305191337835
6794,31,2,22,102284,-0.13330078125,1683,-0.12304687499999989,0.06231231979849424
6794,31,2,23,102283,-0.09091796874999991,1643,-0.11542968749999993,0.06437917911903619
6794,31,2,24,102282,-0.0334960937499994,1780,0.03525390625000013,0.05782270782146409
5527,146064,0,5,44785,-0.18263876447530558,1000,-0.18263876447530558,0.22999038958915097
5527,146064,0,6,44784,0.5085938923784757,1099,0.5085938923784757,0.20272583890736154
5527,146064,0,7,44783,0.48246558398534667,1068,0.13524357626930206,0.21076704366533883
5527,146064,0,8,44782,-0.24579083376062938,1123,-0.24579083376062938,0.1970357997124697
5527,146064,0,9,44781,0.05985279803145116,1126,0.02374214167343658,0.19625852655190906
5527,146064,0,10,44780,-0.1105032166917378,1327,-0.1105032166917378,0.15770414116841996
5527,146064,0,11,44779,0.3140623986458311,1225,-0.17204841215663147,0.17549252568444876
5527,146064,0,12,44778,-0.23407091336129837,1360,-0.23407091336129837,0.15266032483513403
5527,146064,0,13,44777,-0.1445310690104129,1648,-0.1445310690104129,0.1181282702053273
5527,146064,0,14,44776,0.3699216976302041,1644,-0.11618911317225844,0.11857727894479414
5527,146064,0,15,44775,0.1483511076369688,1484,-0.08311681347898492,0.13588967307366573
5527,146064,0,16,44774,-0.13784717181327077,1657,-0.016318889945975523,0.11731194721302349
5527,146064,0,17,44773,-0.11232631273919602,1631,-0.10095476109760593,0.11977164879222993
5527,146064,0,18,44772,-0.1098520885522688,1612,-0.1098520885522688,0.12163637696496778
5527,146064,0,19,44771,-0.20381937258487526,1538,-0.20381937258487526,0.12949682471122945
5527,146064,0,20,44770,-0.09947911679398058,1487,-0.09457461269193601,0.1355517756075449
5527,146064,0,21,44769,-0.07855903716242307,1663,0.06358555141301236,0.11673213028785835
5527,146064,0,22,44768,-0.07825593993346502,1594,-0.05872412283275774,0.12346768168353668
5527,146064,0,23,44767,-0.08515581803818517,1665,-0.08003465733410331,0.11650552416928474
5527,146064,0,24,44766,-0.05408041266011998,1696,0.3523438682465303,0.11373786731692599
5527,146064,1,5,44785,-0.16601571549479288,1000,-0.16601571549479288,0.1738917556021673
5527,146064,1,6,44784,-0.021962386599163608,1000,-0.021962386599163608,0.21598831189829854
5527,146064,1,7,44783,-0.3460073503973847,1000,-0.3460073503973847,0.18103441769443654
5527,146064,1,8,44782,-0.13888829631557287,1000,-0.1222221959452151,0.17528461684833493
5527,146064,1,9,44781,-0.1037763646325297,1026,-0.1037763646325297,0.16812321686155296
5527,146064,1,10,44780,-0.11306434001254062,1000,-0.08732682433642891,0.1852214015787751
5527,146064,1,11,44779,-0.13315975868827212,1068,-0.13315975868827212,0.15934836831367202
5527,146064,1,12,44778,-0.05655439552759689,1000,-0.05655439552759689,0.1999305434041643
5527,146064,1,13,44777,-0.10533844956307614,1004,0.30894075530285026,0.17290455681793743
5527,146064,1,14,44776,-0.11666678089120541,1044,-0.050781286197917,0.16419166971818017
5527,146064,1,15,44775,-0.10464414937403577,1033,-0.193880389725119,0.16651606331654678
5527,146064,1,16,44774,-0.10607647683642107,1009,-0.10607647683642107,0.17191097357489693
5527,146064,1,17,44773,-0.08355034387056282,1122,-0.2546440480198672,0.14914724828901604
5527,146064,1,18,44772,-0.11614586872685251,1041,-0.2835503535233408,0.16474896676009151
5527,146064,1,19,44771,-0.10156249999999978,1053,-0.2736549046923308,0.16237166917705895
5527,146064,1,20,44770,-0.10590279922839507,1087,0.30755184120948564,0.15549919056053907
5527,146064,1,21,44769,-0.24448773286361603,1026,-0.24605054175251173,0.1680379642361358
5527,146064,1,22,44768,0.03402780405478523,1000,0.04791699325232268,0.17885946192642904
5527,146064,1,23,44767,-0.09830729367766189,1048,-0.09830729367766189,0.16330462299715126
5527,146064,1,24,44766,-0.13315995174383155,1026,-0.13315995174383155,0.16802347218588626
5527,146064,2,5,44785,-0.15894083252507396,1000,-0.17838538851273078,0.2750370959208387
5527,146064,2,6,44784,-0.16801217543499236,1098,-0.16801217543499236,0.24291175760656417
5527,146064,2,7,44783,0.23424449444154472,1144,0.23424449444154472,0.229926958526388
5527,146064,2,8,44782,-0.003341260838138793,1087,-0.0005643496653185975,0.24597118947183003
5527,146064,2,9,44781,-0.13719614020158066,1310,-0.13719614020158066,0.19182887882252356
5527,146064,2,10,44780,-0.06948781491222922,1279,-0.06948781491222922,0.19800858611999994
5527,146064,2,11,44779,0.22712663247781395,1298,0.22712663247781395,0.1941611294647615
5527,146064,2,12,44778,-0.216884455861321,1402,-0.21410600024402193,0.1753594536795692
5527,146064,2,13,44777,-0.04075511462094705,1305,-0.037976659003648106,0.1927858333022499
5527,146064,2,14,44776,0.03541683880787472,1436,0.021527649610337152,0.16984250428701317
5527,146064,2,15,44775,-0.1745217675935391,1477,-0.1745217675935391,0.1635723760385782
5527,146064,2,16,44774,-0.1455299143451093,1445,-0.1098524505314431,0.1682840679409078
5527,146064,2,17,44773,-0.08775994448494384,1523,-0.08775994448494384,0.15695838330656348
5527,146064,2,18,44772,-0.14795988054494202,1411,-0.0692708445949074,0.17371003567120463
5527,146064,2,19,44771,-0.12300440880982033,1544,0.5204851737191151,0.15405574522357587
5527,146064,2,20,44770,-0.15399351835263408,1449,-0.032291245162027415,0.16781161384888083
5527,146064,2,21,44769,-0.15703148890625462,1565,-0.023003462837577038,0.1513193171536965
5527,146064,2,22,44768,-0.17855921091242632,1517,-0.07526044160300949,0.1578555693523304
5527,146064,2,23,44767,-0.1686199626012762,1581,-0.1686199626012762,0.14928323243183178
5527,146064,2,24,44766,-0.03671873310763851,1495,-0.07118057432484604,0.16089390337477447
5527,146065,0,5,55622,0.20805688717702409,1000,0.4252691337840834,0.14510072902646112
5527,146065,0,6,55621,-0.15311237653636822,1294,-0.15311237653636822,0.10292466097646367
5527,146065,0,7,55620,0.3673153895416142,1128,0.3673153895416142,0.12360071028595973
5527,146065,0,8,55619,-0.09970581171950044,1363,-0.06474205029680569,0.09604313551669824
5527,146065,0,9,55618,0.40087198114485567,1484,0.34759234371536246,0.0856855931681974
5527,146065,0,10,55617,-0.12090203114608761,1542,-0.19467232105470617,0.08144215132019235
5527,146065,0,11,55616,0.03470752050543119,1557,0.0142808320401977,0.08037248464508369
5527,146065,0,12,55615,-0.038486092637749714,1741,-0.038486092637749714,0.06929062185566444
5527,146065,0,13,55614,-0.1661109263774972,1816,-0.1658547624325724,0.0654759498873127
5527,146065,0,14,55613,-0.10239476341781811,2141,-0.10239476341781811,0.052576544037406185
5527,146065,0,15,55612,-0.0722334986699178,1834,-0.07710026724796165,0.06461824060830389
5527,146065,0,16,55611,-0.07870156130692846,1899,0.35854315993004726,0.06172105164255417
5527,146065,0,17,55610,-0.15708264827951424,1935,0.3831967459173872,0.06017516963077744
5527,146065,0,18,55609,-0.08984330740904939,1946,-0.07357789754673744,0.05973205857658361
5527,146065,0,19,55608,0.2947610316756568,2005,0.2988596547944528,0.05739206368218595
5527,146065,0,20,55607,-0.09330148217936396,2153,-0.028240189105642965,0.05218643037528214
5527,146065,0,21,55606,-0.0779973798615729,2010,-0.020619812064336385,0.057201013042595256
5527,146065,0,22,55605,0.31089901383038976,1836,-0.05244610396807825,0.06453361450141008
5527,146065,0,23,55604,-0.05846549483977437,2069,-0.027663897201901433,0.055047879706622185
5527,146065,0,24,55603,-0.01440825974777693,2430,-0.01440825974777693,0.044421223027828464
5527,146065,1,5,55622,-0.014600382706470488,1000,-0.014600382706470488,0.012461465051239212
5527,146065,1,6,55621,-0.008644955848666147,1073,-0.008644955848666147,0.011349361057080067
5527,146065,1,7,55620,-0.008644955848666175,1192,-0.008644955848666175,0.009854859838467112
5527,146065,1,8,55619,-0.007492295068843996,1174,-0.007492295068843996,0.010062802163654414
5527,146065,1,9,55618,0.014153481304958276,1144,-0.006339634289021873,0.010418908023585274
5527,146065,1,10,55617,0.027599548326313436,1274,-0.037973495344712754,0.009025145046932295
5527,146065,1,11,55616,-0.0030095414911696927,1184,0.0010890816276263315,0.009943818097803314
5527,146065,1,12,55615,-0.008645032821005427,1304,-0.008645032821005427,0.008744307948745745
5527,146065,1,13,55614,0.004804113093918705,1505,-0.015689002500061444,0.007226231152605466
5527,146065,1,14,55613,0.01600843770782523,1361,0.03240293018300934,0.008261908630709682
5527,146065,1,15,55612,-0.00044809447277016634,1410,-0.004738879036429389,0.007884361048414407
5527,146065,1,16,55611,-0.0076205309859847525,1337,-0.007108203096135274,0.008456452465712307
5527,146065,1,17,55610,0.014471377065937596,1444,0.06954393119288668,0.007636138869966367
5527,146065,1,18,55609,-0.007428292568782496,1440,-0.008068702431094366,0.007663898559902728
5527,146065,1,19,55608,0.02932923224709967,1481,0.02151623192689474,0.007380883453190613
5527,146065,1,20,55607,-0.010694305894233674,1503,-0.010694305894233674,0.0072364487175426125
5527,146065,1,21,55606,-0.008196784403556645,1572,-0.008196784403556645,0.006817379171311882
5527,146065,1,22,55605,0.021259837064952367,1645,0.03707799915022539,0.00641477097456642
5527,146065,1,23,55604,0.03477275456292031,1561,-0.7474393227049927,0.006883070188413418
5527,146065,1,24,55603,0.04565722062119777,1598,0.019018748922387266,0.006668619142929992
5527,146065,2,5,55622,0.44672294114387107,1000,0.454917724266608,0.2315602919713086
5527,146065,2,6,55621,0.5804312067415456,1107,0.5763325836227495,0.20224011901772979
5527,146065,2,7,55620,-0.1489493275696443,1684,-0.23501548683465057,0.11561599362222093
5527,146065,2,8,55619,0.12724116511490513,1414,0.6190439188773129,0.14596006344603576
5527,146065,2,9,55618,0.4604895594719081,1570,0.4685582234168328,0.126905744250222
5527,146065,2,10,55617,-0.28387417947486415,1485,-0.2879728025936601,0.13673167028844266
5527,146065,2,11,55616,-0.12839567323086798,2005,-0.12634555346190834,0.09158868153626545
5527,146065,2,12,55615,-0.143378762407941,1243,-0.143378762407941,0.1731774506711299
5527,146065,2,13,55614,0.022860553831374864,1846,0.059745698785684254,0.10224353196832885
5527,146065,2,14,55613,-0.11616349848518437,1918,-0.07127388451686023,0.09715936159928378
5527,146065,2,15,55612,-0.08779403433582045,1888,-0.15388017562008893,0.09926561087722735
5527,146065,2,16,55611,-0.07101702782088237,1777,-0.07101702782088237,0.10761001156602165
5527,146065,2,17,55610,0.4259101594251091,1924,0.6636155216261486,0.09677455252095801
5527,146065,2,18,55609,-0.15189532839478792,1619,-0.13345275591763328,0.12177149045009321
5527,146065,2,19,55608,-0.08299180706421327,1661,-0.06352457880735962,0.11771802862214804
5527,146065,2,20,55607,-0.07287390853222997,1835,-0.11302495135348178,0.1031080948685623
5527,146065,2,21,55606,-0.05532779440380309,2105,-0.05532779440380309,0.08584545259090874
5527,146065,2,22,55605,0.2711322554126948,2012,0.2711322554126948,0.0911789926732849
5527,146065,2,23,55604,-0.043416902202024654,1805,0.005634837064951936,0.10539362999493701
5527,146065,2,24,55603,-0.029456929357866035,1988,-0.029456929357866035,0.09260809463620619
5527,9914,0,5,59350,0.08609483568579646,1000,0.08609483568579646,0.042865499939629965
5527,9914,0,6,59349,0.05448842562030498,1000,0.07035335114696073,0.045556924224680655
5527,9914,0,7,59348,-0.03502711192034025,1000,-0.05049489617331904,0.0498465341765131
5527,9914,0,8,59347,-0.0222594853340774,1000,-0.020612869871992734,0.047319357810334244
5527,9914,0,9,59346,0.014325487354423183,1000,0.016229155600316014,0.048564177667782545
5527,9914,0,10,59345,-0.03642516626392711,1000,-0.0378026870891367,0.0464233403243346
5527,9914,0,11,59344,-0.024983822657949517,1000,-0.03375868740539112,0.04843841152563041
5527,9914,0,12,59343,-0.037336652982772,1000,-0.027185802626448208,0.046099309007158265
5527,9914,0,13,59342,-0.03488894245087992,1000,-0.03251146806596439,0.04556796565989454
5527,9914,0,14,59341,-0.011214947173205148,1076,-0.003351329267056058,0.0388756080110304
5527,9914,0,15,59340,0.047894863396451104,1067,0.04587226386070031,0.03932838540879755
5527,9914,0,16,59339,-0.008724394510679634,1270,0.005413604549767914,0.0311730515555725
5527,9914,0,17,59338,0.0016951666784372765,1279,0.004619130100372848,0.03087287218728229
5527,9914,0,18,59337,-0.02078937177412621,1394,-0.006722568370858273,0.027526307111064848
5527,9914,0,19,59336,-0.008884968543416472,1383,-0.010945084928167703,0.02782372238357102
5527,9914,0,20,59335,-0.0025094070380453637,1550,-0.010180835050217052,0.02390064242325473
5527,9914,0,21,59334,0.004998568410775617,1586,0.004998568410775617,0.02318288529719532
5527,9914,0,22,59333,-0.0035208747202069013,1422,-0.005829600198963836,0.026803874434845932
5527,9914,0,23,59332,0.01216702117370394,1631,0.011462021050886673,0.022328632670531975
5527,9914,0,24,59331,-0.003381265985439641,1645,-0.00715866575884172,0.022071662711730326
5527,9914,1,5,59350,-0.02018502427176916,1000,-0.029067785941716218,0.023016490590081384
5527,9914,1,6,59349,-0.021483961211223535,1000,-0.019580292965331147,0.024572549625757376
5527,9914,1,7,59348,0.024150248167719823,1000,0.012728238692364835,0.02302466576736017
5527,9914,1,8,59347,-0.03827879605265161,1070,-0.03827879605265161,0.021025129596879126
5527,9914,1,9,59346,-0.005781240884653482,1181,-0.0007058157064916415,0.018439275255209494
5527,9914,1,10,59345,-0.0022013083113550103,1050,-0.009220077482368971,0.021568304321336804
5527,9914,1,11,59344,0.008694217914745783,1112,0.009329797474261436,0.019973041139286725
5527,9914,1,12,59343,0.006363567627813871,1320,0.0025562311360287637,0.01589946079853424
5527,9914,1,13,59342,-0.0028277245484169544,1368,-0.005583150002917758,0.015156497395382891
5527,9914,1,14,59341,-0.009903536601093554,1312,-0.00709850446901561,0.01602809744825437
5527,9914,1,15,59340,0.0016149036498231961,1568,0.0020810337072101337,0.012631745864905067
5527,9914,1,16,59339,-0.004809161096390624,1528,0.015187991077322271,0.013076768800139896
5527,9914,1,17,59338,-0.002629057960557568,1476,-0.0027678511116505655,0.013696303864103334
5527,9914,1,18,59337,0.0008115057555254657,1597,0.016802894727145357,0.012329255507756709
5527,9914,1,19,59336,0.013642220137739303,1420,0.01554588838363169,0.01442034783636493
5527,9914,1,20,59335,0.0013756977558208039,1485,0.0013756977558208039,0.013583269040682395
5527,9914,1,21,59334,0.0213151833662375,1540,-0.0006750634044349058,0.012938791065159235
5527,9914,1,22,59333,-0.002923771519895202,1614,-0.00393739810001692,0.012157675763755928
5527,9914,1,23,59332,-0.0011986681230758967,1559,-0.002150166417450139,0.012735675966500996
5527,9914,1,24,59331,0.014305337640126647,1690,0.013156372145648687,0.011438272407071914
5527,9914,2,5,59350,-0.024419630657656288,1000,0.02380458461651802,0.03594008034749878
5527,9914,2,6,59349,-0.02424912569430182,1034,-0.021712948321548242,0.03435915405523478
5527,9914,2,7,59348,-0.03165697625327324,1093,-0.02531039195608009,0.03192705999387434
5527,9914,2,8,59347,0.05221736091707807,1042,0.06046761346016383,0.03403188735103728
5527,9914,2,9,59346,-0.035997464590234896,1084,-0.011888427385802092,0.03228529908710889
5527,9914,2,10,59345,0.006860210109705944,1108,0.004956541863813557,0.0313504986062152
5527,9914,2,11,59344,0.0535169215381639,1083,0.05288441241130304,0.03232470344292318
5527,9914,2,12,59343,-0.006770447930067536,1176,-0.005502359243690691,0.028964969518109313
5527,9914,2,13,59342,0.02772965301040542,1309,0.03353013207466082,0.025095765897108366
5527,9914,2,14,59341,-0.009052738902689428,1338,0.020156286941143575,0.024378449031778243
5527,9914,2,15,59340,0.02793988169622974,1386,0.0228644565180679,0.023246516346513396
5527,9914,2,16,59339,0.008010039163368843,1306,0.008645618722884718,0.025167500315278393
5527,9914,2,17,59338,0.010428676536061499,1495,0.006136835366470472,0.021019408801031925
5527,9914,2,18,59337,-0.00022922698787608553,1456,-0.006771023636191753,0.021775265452575215
5527,9914,2,19,59336,-0.010955351687356951,1481,-0.029356454586766167,0.021284639906605035
5527,9914,2,20,59335,0.00041474828593113244,1782,-0.0016473350947381338,0.016633780911011947
5527,9914,2,21,59334,0.005491852606950953,1709,-0.013810278350071314,0.017587609565923885
5527,9914,2,22,59333,-0.003736620589706474,1578,-0.01081679841381411,0.01955623473149115
5527,9914,2,23,59332,0.0056017645008863415,1978,-0.013841078627638503,0.01447226117505173
5527,9914,2,24,59331,-0.01616971394314093,1721,-0.016268879322784535,0.01742294920854285
5527,145804,0,5,59434,-0.027579226241145283,1000,-0.030591735078126514,0.05406785895863319
5527,145804,0,6,59433,-0.033131916290343955,1000,0.7861435233945546,0.059712994646713285
5527,145804,0,7,59432,0.9352399871593252,1000,-0.028615677886627,0.05429288153137239
5527,145804,0,8,59431,0.6786043611403672,1000,0.702606774177259,0.12182425822328374
5527,145804,0,9,59430,0.497975745191961,1000,-0.1384125986495649,0.13012585521844658
5527,145804,0,10,59429,-0.16227515293387762,1000,-0.13808481878778234,0.110928943362216
5527,145804,0,11,59428,-0.18378328295652924,1000,-0.24708330026979863,0.11021843425071266
5527,145804,0,12,59427,0.08137281600323198,1000,-0.03063993269466625,0.10630413612225152
5527,145804,0,13,59426,-0.059911530997965645,1000,-0.059911530997965645,0.09124357224122702
5527,145804,0,14,59425,0.22293818802210263,1000,0.11582157774379176,0.06114126376234719
5527,145804,0,15,59424,0.0732766083305677,1000,-0.05722959739435263,0.0776690740540677
5527,145804,0,16,59423,-0.027862505590742992,1000,-0.000330439973452612,0.0658386576189764
5527,145804,0,17,59422,-0.028990933978733424,1000,-0.015766166265095083,0.07303527225301819
5527,145804,0,18,59421,-0.06593488046630436,1000,0.12556448471382586,0.07207057015073878
5527,145804,0,19,59420,-0.08052581841266193,1000,-0.08603197905094462,0.05731521485713874
5527,145804,0,20,59419,-0.027297074057508586,1000,-0.0753013590916305,0.05669570282484242
5527,145804,0,21,59418,-0.0027307173464532486,1000,-0.01779037598649591,0.061737092178808003
5527,145804,0,22,59417,-0.01694337839592608,1000,0.07417243475061652,0.058502730736355105
5527,145804,0,23,59416,-0.012848519715484508,1086,-0.007530054753213666,0.0484445039390121
5527,145804,0,24,59415,-0.024613878028018066,1000,-0.00621230757022706,0.05709065766530834
5527,145804,1,5,59434,0.39025023986091634,1000,0.3751905812208738,0.2514247366569128
5527,145804,1,6,59433,-0.10048053339296825,1000,-0.10048053339296825,0.2971205707747837
5527,145804,1,7,59432,-0.19295936070753572,1000,-0.1899468518705545,0.2732973744217516
5527,145804,1,8,59431,-0.3768833139761365,1000,-0.39796510474527835,0.2846335295436626
5527,145804,1,9,59430,-0.258470201338893,1006,-0.23173869407453396,0.24937875546320906
5527,145804,1,10,59429,-0.33052491667989214,1000,-0.33052491667989214,0.27014734193486506
5527,145804,1,11,59428,-0.27423650286390333,1000,0.42342800926259916,0.2628154663676712
5527,145804,1,12,59427,0.7379985229617231,1076,0.7076906533594953,0.2279828462190358
5527,145804,1,13,59426,-0.24854054551225657,1247,-0.2733437874219101,0.18734078397516146
5527,145804,1,14,59425,-0.04221660342514144,1296,0.20557194204383156,0.17793321868924258
5527,145804,1,15,59424,-0.21404200812280905,1369,-0.22307953463375252,0.16547689811209848
5527,145804,1,16,59423,-0.14415510344678373,1430,-0.14716761228376496,0.15604958872648808
5527,145804,1,17,59422,0.4578302415922435,1526,-0.09647895896755221,0.14310061977575492
5527,145804,1,18,59421,-0.12961254346351958,1847,-0.12961254346351958,0.11095655326511705
5527,145804,1,19,59420,-0.09577321781535375,1827,-0.09577321781535375,0.11259877713865418
5527,145804,1,20,59419,-0.19460655595792864,2195,0.37989586789975643,0.08814042435156819
5527,145804,1,21,59418,-0.14095435789412925,2211,-0.13577660833056793,0.08729710273339326
5527,145804,1,22,59417,-0.12339978502690763,2496,0.08005403182755966,0.07427585161112588
5527,145804,1,23,59416,-0.14961396820129547,2494,0.3673749927861375,0.07431963160424311
5527,145804,1,24,59415,-0.1411897101470183,2000,-0.09351600034626528,0.09980345896571116
5527,145804,2,5,59434,0.7226570277445138,1000,0.7226570277445138,0.30832582085509264
5527,145804,2,6,59433,-0.1663206868318161,1000,-0.1663206868318161,0.32065699323031926
5527,145804,2,7,59432,-0.46432700076466926,1083,-0.46432700076466926,0.2772854361095155
5527,145804,2,8,59431,-0.2133370334434651,1080,-0.1977120334434651,0.2781942893637553
5527,145804,2,9,59430,-0.2315977983292694,1100,-0.2315977983292694,0.2715107792358802
5527,145804,2,10,59429,-0.23555122022478392,1193,-0.23555122022478392,0.2435986467989162
5527,145804,2,11,59428,-0.2470354633463664,1200,-0.22162179343827115,0.24178719068078974
5527,145804,2,12,59427,0.6609571352310601,1325,0.7871798848667602,0.21190562731379817
5527,145804,2,13,59426,-0.2824268063510841,1352,-0.28327245134249934,0.20620525339454612
5527,145804,2,14,59425,-0.1764405631862188,1327,-0.18208843112925832,0.2114058412898981
5527,145804,2,15,59424,-0.18731248467054284,1437,0.430724334881909,0.1901290830001646
5527,145804,2,16,59423,-0.27381390580138787,1285,-0.19526576769921078,0.22074384082314452
5527,145804,2,17,59422,-0.2408704065732712,1444,0.41142765939028436,0.18891674078714762
5527,145804,2,18,59421,0.32191233173666556,1618,0.32191233173666556,0.1623521362175512
5527,145804,2,19,59420,0.015200915078415034,1654,0.11055333929679334,0.15767940538361583
5527,145804,2,20,59419,-0.06362829312807472,2282,0.4303481319703944,0.10264235965871897
5527,145804,2,21,59418,0.49835424752203833,1973,0.3909082342629595,0.1245868032870534
5527,145804,2,22,59417,0.4164644681219425,1845,0.4556213119129712,0.13627151234932844
5527,145804,2,23,59416,-0.22585587965835086,1555,-0.14039009861349516,0.17110427387137378
5527,145804,2,24,59415,-0.05897124915237184,1562,-0.05930074230641669,0.17016926843290814
5527,31,0,5,60569,-0.18621575342465746,1000,-0.10402397260273966,0.22753952904207025
5527,31,0,6,60568,-0.12885273972602718,1079,-0.12885273972602718,0.2056690371311477
5527,31,0,7,60567,-0.10295376712328796,1135,-0.07555650684931536,0.19214041130662396
5527,31,0,8,60566,-0.2041952054794519,1166,-0.12200342465753411,0.1853121290705089
5527,31,0,9,60565,0.032106164383561286,1152,-0.008989726027397671,0.18850217441532904
5527,31,0,10,60564,-0.05864726027397282,1236,-0.07234589041095907,0.17155193950040357
5527,31,0,11,60563,-0.06528253424657593,1248,-0.06528253424657593,0.1693216905169955
5527,31,0,12,60562,-0.13142123287671253,1347,-0.02183219178082213,0.15297463135528191
5527,31,0,13,60561,0.08946917808219113,1340,0.062071917808218524,0.15406550258354393
5527,31,0,14,60560,0.35488013698630144,1528,0.32020547945205496,0.12926483021446397
5527,31,0,15,60559,-0.29922945205479434,1489,-0.2414383561643832,0.1338465446552507
5527,31,0,16,60558,-0.1243578767123289,1394,0.09482020547945191,0.1461309066818385
5527,31,0,17,60557,0.31720890410958924,1375,-0.08454623287671226,0.14879446006099867
5527,31,0,18,60556,0.03167808219178103,1509,0.05907534246575363,0.13144354310921946
5527,31,0,19,60555,-0.09310787671232856,1582,-0.03082191780821908,0.12344442457604676
5527,31,0,20,60554,-0.04880136986301353,1732,0.0059931506849315586,0.10941094733246784
5527,31,0,21,60553,0.005779109589040932,1661,-0.0044948630136988355,0.11565963067372176
5527,31,0,22,60552,0.08797089041095874,1571,-0.07341609589041109,0.12457415710601072
5527,31,0,23,60551,0.04238013698630139,1901,-0.03831335616438414,0.09663836060953271
5527,31,0,24,60550,0.06421232876712313,1820,0.11879280821917793,0.10239307299915366
5527,31,1,5,60569,-0.09974315068493189,1000,-0.05008561643835663,0.19633622452716729
5527,31,1,6,60568,0.421232876712328,1133,0.421232876712328,0.16616065540364833
5527,31,1,7,60567,-0.2324486301369867,1000,-0.2482876712328771,0.19842301976558535
5527,31,1,8,60566,-0.13655821917808242,1210,-0.10723458904109595,0.15222269167128474
5527,31,1,9,60565,0.46083047945205446,1109,0.46083047945205446,0.1710356096951192
5527,31,1,10,60564,-0.1588184931506853,1079,-0.17636986301369895,0.17740422423224936
5527,31,1,11,60563,-0.17465753424657593,1171,-0.15946061643835663,0.15903459782658005
5527,31,1,12,60562,-0.13976883561643838,1156,-0.2810359589041098,0.16177972533522483
5527,31,1,13,60561,0.46703767123287643,1143,0.4803082191780819,0.1642436576937646
5527,31,1,14,60560,0.3326198630136984,1218,0.4537671232876712,0.15090668096879065
5527,31,1,15,60559,0.1924229452054791,1318,0.1924229452054791,0.13593409023748526
5527,31,1,16,60558,0.3638698630136987,1287,0.3638698630136987,0.14025183451335674
5527,31,1,17,60557,-0.10552226027397271,1064,-0.10273972602739734,0.18076560190621455
5527,31,1,18,60556,-0.15475171232876694,1175,-0.1838613013698629,0.1583508338765556
5527,31,1,19,60555,0.4071061643835617,1306,0.37585616438356173,0.1374898830839639
5527,31,1,20,60554,0.03638698630136972,1356,-0.020976027397260566,0.13078674322192999
5527,31,1,21,60553,-0.02033390410958913,1410,-0.011986301369863228,0.12419173933292359
5527,31,1,22,60552,-0.023544520547945313,1451,-0.035744863013698946,0.11948226960300139
5527,31,1,23,60551,0.018407534246575152,1694,-0.027397260273973045,0.09724266178607796
5527,31,1,24,60550,-0.07940924657534276,1425,-0.02461472602739756,0.1224792714129541
5527,31,2,5,60569,-0.008561643835616362,1000,0.14554794520547976,0.23670845397564041
5527,31,2,6,60568,-0.0839041095890416,1099,-0.084118150684932,0.20867251944226062
5527,31,2,7,60567,-0.05950342465753433,1087,-0.1288527397260275,0.2117999174860305
5527,31,2,8,60566,0.020761986301370272,1191,0.14212328767123317,0.18742451709366675
5527,31,2,9,60565,0.31742294520547937,1228,0.057148972602739656,0.17999937032765173
5527,31,2,10,60564,-0.17337328767123295,1252,-0.050085616438356184,0.17539522611439542
5527,31,2,11,60563,-0.10295376712328752,1256,-0.11665239726027377,0.17466815758322696
5527,31,2,12,60562,-0.01541095890410954,1352,0.03938356164383566,0.15836118535471544
5527,31,2,13,60561,-0.012414383561643483,1437,-0.012414383561643483,0.1459243232815903
5527,31,2,14,60560,-0.03467465753424637,1524,0.03381849315068519,0.13495873452246276
5527,31,2,15,60559,0.007491438356164615,1502,-0.03360445205479423,0.13764361192856073
5527,31,2,16,60558,-0.036601027397260455,1497,-0.050941780821917915,0.1381991693635222
5527,31,2,17,60557,0.08154965753424681,1624,-0.014340753424657238,0.12401135919327202
5527,31,2,18,60556,-0.23501712328767121,1529,-0.3169948630136985,0.1343478702682471
5527,31,2,19,60555,-0.09417808219178125,1486,-0.09396404109589052,0.1395834608873281
5527,31,2,20,60554,0.08989726027397227,1680,0.08989726027397227,0.11856862541938146
5527,31,2,21,60553,-0.09803082191780876,1502,-0.04537671232876761,0.13757546313345936
5527,31,2,22,60552,-0.01969178082191836,1678,-0.025684931506849917,0.11873458657490565
5527,31,2,23,60551,0.0027825342465751524,1718,0.0027825342465751524,0.115071324757009
5527,31,2,24,60550,0.037243150684931225,1709,-0.11643835616438347,0.11586939290197715
5527,10101,0,5,74526,0.005952804986642191,1000,-0.009921341644405945,0.017778895024651593
5527,10101,0,6,74525,-0.01339381121994676,1013,0.002480335411100043,0.01747700224152033
5527,10101,0,7,74524,0.011409542891064772,1101,0.011409542891064772,0.01564022003889684
5527,10101,0,8,74523,0.02033875037102917,1089,-0.011409542891065771,0.01586994098023947
5527,10101,0,9,74522,-0.008929207479964618,1176,-0.08828806767586872,0.014323907020451792
5527,10101,0,10,74521,-0.009921341644405168,1123,0.0059528049866416355,0.01522421963780117
5527,10101,0,11,74520,-0.0391892994954004,1128,-0.007441006233304015,0.015139865637143257
5527,10101,0,12,74519,-0.03174829326209494,1130,0.03174829326209516,0.015112382504370612
5527,10101,0,13,74518,-0.0377010982487378,1033,0.04067750074205989,0.017018301240262376
5527,10101,0,14,74517,0.017610381418818433,1000,0.06523282131196162,0.01887093141305292
5527,10101,0,15,74516,-0.027531723063222935,1000,0.038197165330958516,0.020207264714431742
5527,10101,0,16,74515,0.011409542891065882,1000,-0.036212897002077304,0.02124523453562331
5527,10101,0,17,74514,0.031004192638765526,1000,0.06944939151083429,0.01979659498231889
5527,10101,0,18,74513,-0.00620083852775255,1000,-0.08357543039477655,0.02065575700913518
5527,10101,0,19,74512,0.005456737904422693,1000,0.027035655981004214,0.020540404542407343
5527,10101,0,20,74511,-0.04711449985158789,1000,-0.06298864648263613,0.022619614060735798
5527,10101,0,21,74510,-0.038936628079549784,1000,-0.007200022261799166,0.02500537373291554
5527,10101,0,22,74509,0.07787455476402438,1000,0.09374870139507252,0.028502993546575393
5527,10101,0,23,74508,0.08556433659839702,1000,0.08556433659839702,0.021045985856921415
5527,10101,0,24,74507,-0.03918521816562781,1000,0.04339919115464619,0.02271947751271023
5527,10101,1,5,74526,-0.022571052241020628,1000,-0.0066969056099738244,0.01043377749819947
5527,10101,1,6,74525,0.03472469575541659,1000,0.018850549124368343,0.012636865269644523
5527,10101,1,7,74524,-0.014137911843277395,1000,-0.014137911843277395,0.013984803306867246
5527,10101,1,8,74523,0.0027283689522099586,1000,0.03447666221430634,0.013231324294642305
5527,10101,1,9,74522,-0.008681173938854592,1000,-0.021330884535470496,0.01257875849027819
5527,10101,1,10,74521,-0.008681173938854703,1000,0.03125222617987522,0.012125233609333812
5527,10101,1,11,74520,-0.012401677055506322,1000,-0.008929207479965395,0.011756880931098293
5527,10101,1,12,74519,-0.022571052241021294,1000,-0.006696905609974491,0.012626725237302324
5527,10101,1,13,74518,-0.012649710596616681,1000,-0.012649710596616681,0.013018496211565015
5527,10101,1,14,74517,-0.012401677055506544,1000,-0.016122180172158274,0.013405453287979152
5527,10101,1,15,74516,-0.012401677055506544,1000,-0.012401677055506544,0.013264045462247999
5527,10101,1,16,74515,-0.009673308103295253,1000,0.022074985158799687,0.013372230477007674
5527,10101,1,17,74514,-0.012401677055506544,1000,-0.012401677055506544,0.012811237202994683
5527,10101,1,18,74513,-0.028771890768774955,1000,-0.028771890768774955,0.013209723497862346
5527,10101,1,19,74512,-0.008185106856634983,1000,-0.008185106856634983,0.01596968209253455
5527,10101,1,20,74511,-0.0019842683288811003,1000,-0.016866280795488797,0.01536951534578466
5527,10101,1,21,74510,0.023067119323240237,1000,-0.02455532056990295,0.016993355933007066
5527,10101,1,22,74509,-0.058535915701988905,1000,-0.058535915701988905,0.013709836878204838
5527,10101,1,23,74508,-0.03744119174829308,1000,-0.03744119174829308,0.023401058850250293
5527,10101,1,24,74507,0.04042445829622965,1000,0.07217275155832603,0.02846512525625159
5527,10101,2,5,74526,-0.024800014841199647,1000,0.006936405461561268,0.05677534138168572
5527,10101,2,6,74525,-0.03943417928168669,1048,-0.03943417928168669,0.053366533291992355
5527,10101,2,7,74524,-0.018846467794597865,1044,0.012889952508162938,0.053577950253860376
5527,10101,2,8,74523,0.09498757049569573,1034,0.09573296972395373,0.054328026225640556
5527,10101,2,9,74522,0.09548382309290515,1078,-0.0426580587711497,0.0513391489539936
5527,10101,2,10,74521,-0.04166592460670926,1116,-0.04588212377560219,0.049041251579610305
5527,10101,2,11,74520,0.08085132828732489,1056,0.08085132828732489,0.05279021442994999
5527,10101,2,12,74519,-0.03645759127337567,1129,-0.035713490650045365,0.04827908106514907
5527,10101,2,13,74518,0.05728665776194741,1094,0.009664217868804115,0.05036102579787319
5527,10101,2,14,74517,-0.021328843870585645,1279,-0.019840828138914524,0.040912539801864475
5527,10101,2,15,74516,0.04860975066785378,1185,0.06448389729890203,0.04529228701238199
5527,10101,2,16,74515,-0.015128747402791132,1282,0.0007453992282570043,0.040759869150121246
5527,10101,2,17,74514,0.005705699020480459,1324,0.005705699020480459,0.03905443269473324
5527,10101,2,18,74513,0.0044659023449095114,1321,-0.011408244286138736,0.03915929715205475
5527,10101,2,19,74512,0.0347165330958733,1548,0.0029682398337782523,0.031702605988039964
5527,10101,2,20,74511,-0.004712266251113872,1465,-0.004712266251113872,0.03413812313019077
5527,10101,2,21,74510,0.0047137503710295015,1455,0.0047137503710295015,0.034430481953094595
5527,10101,2,22,74509,0.025785099436034575,1538,-0.021825467497774476,0.03197171407036049
5527,10101,2,23,74508,0.014883496586524325,1740,0.01438742950430405,0.02712913844007988
5527,10101,2,24,74507,-0.0029760314633430207,1537,-0.0029760314633430207,0.031998521294393414
5636,146064,0,5,43836,-0.15656229844987068,1000,0.029937943410284218,0.2540457364575314
5636,146064,0,6,43835,-0.059124904089938535,1093,-0.10112489296993177,0.22566511397253045
5636,146064,0,7,43834,-0.04724984848990299,1074,-0.049249851269904776,0.23103827214876438
5636,146064,0,8,43833,0.0935001820901169,1181,0.48412542534027275,0.20351283994846633
5636,146064,0,9,43832,-0.2523744690196602,1180,-0.04543756533004195,0.20378572369272813
5636,146064,0,10,43831,0.05575088543056739,1109,0.3071262565608043,0.22131142531115586
5636,146064,0,11,43830,0.2504387190307802,1163,0.4228126946001248,0.20762773889757258
5636,146064,0,12,43829,-0.19624953434970183,1276,0.028187202539809775,0.183589938835621
5636,146064,0,13,43828,0.030249303609554468,1293,0.06562420074948838,0.18040940714554435
5636,146064,0,14,43827,-0.05193773074014696,1537,-0.05193773074014696,0.14322610341674705
5636,146064,0,15,43826,0.1057497734298557,1204,0.10643671186949588,0.19839549902263398
5636,146064,0,16,43825,-0.09174912846944228,1387,0.005499851269905043,0.16422329951658496
5636,146064,0,17,43824,-0.05131195233964958,1223,0.10456354667066947,0.1943174981935798
5636,146064,0,18,43823,-0.21993657425940694,1328,0.009999840149898076,0.17407767239241756
5636,146064,0,19,43822,0.06999929804955052,1311,0.11549948291966872,0.17706365397983492
5636,146064,0,20,43821,0.009999874899919714,1546,-0.013937955920292233,0.14205530396198374
5636,146064,0,21,43820,-0.06412536279023218,1562,0.027625989680633012,0.14011725306977177
5636,146064,0,22,43819,0.2774374013099371,1664,0.06399883795925598,0.128870462941579
5636,146064,0,23,43818,-0.0894374874899917,1655,0.08843696484965702,0.12975796907557968
5636,146064,0,24,43817,-0.03768771962014106,1466,-0.02887414097945029,0.1524943299078017
5636,146064,1,5,43836,-0.1476875945200602,1000,-0.1476875945200602,0.23128995559449975
5636,146064,1,6,43835,-0.1476875945200602,1041,-0.15637510008006378,0.21910410166134286
5636,146064,1,7,43834,-0.1476875945200602,1030,-0.1476875945200602,0.2223351524886928
5636,146064,1,8,43833,-0.075687772440174,1116,-0.15568732763988935,0.19974588110245525
5636,146064,1,9,43832,-0.34006198013966715,1163,-0.34406295870029335,0.18908470635097122
5636,146064,1,10,43831,-0.10881316164042298,1082,-0.3060006338404053,0.2082791951338672
5636,146064,1,11,43830,-0.26431308241037244,1123,-0.25675057407036705,0.1981439282662087
5636,146064,1,12,43829,-0.015437523630015382,1097,-0.2701872956698693,0.20441507677457577
5636,146064,1,13,43828,-0.18668733597989517,1192,-0.1523112934792279,0.18293865643129978
5636,146064,1,14,43827,-0.08212583956053798,1344,-0.09662552959033954,0.15587891556204844
5636,146064,1,15,43826,0.11581271962014061,1678,0.08443768904012111,0.11602465860607811
5636,146064,1,16,43825,-0.045750767280491655,1686,-0.10587379625922966,0.11529441192575011
5636,146064,1,17,43824,-0.04424991381994481,2016,0.038500348890223135,0.09080807279484632
5636,146064,1,18,43823,-0.03900008896005758,1729,-0.03487498331998984,0.11145076510265749
5636,146064,1,19,43822,-0.05549967751979379,1610,0.15325023908015256,0.12255675035721804
5636,146064,1,20,43821,-0.04706233736989596,1749,-0.046312431889956485,0.10977811174794982
5636,146064,1,21,43820,-0.10943702878969874,1580,-0.25006150753936496,0.1256351713485995
5636,146064,1,22,43819,-0.02012509313005939,1656,-0.023625115370073613,0.11805978658127649
5636,146064,1,23,43818,-0.008811910639622611,1887,-0.024875004170002546,0.09919356667403507
5636,146064,1,24,43817,0.1265625695000442,1795,0.050813254770483596,0.10604479924690655
5636,146064,2,5,43836,-0.22062535445022657,1000,-0.09837519321012334,0.23150018447626647
5636,146064,2,6,43835,0.6005004350702784,1000,0.6393754587002936,0.277595685755785
5636,146064,2,7,43834,-0.2684987573392046,1000,-0.32587396305933636,0.25310823655543996
5636,146064,2,8,43833,0.5868749165999465,1000,0.09449959272973885,0.24037085270365777
5636,146064,2,9,43832,0.04799968446979774,1000,0.04687482624988837,0.24270219010963007
5636,146064,2,10,43831,-0.20168798233030938,1107,-0.17937422854950635,0.20215511312030843
5636,146064,2,11,43830,0.03018734431990011,1318,0.08962593686059961,0.1601618551347389
5636,146064,2,12,43829,0.3367511370207277,1441,-0.039812752980161736,0.14224037161030811
5636,146064,2,13,43828,0.12575032248020646,1372,0.04112453156970031,0.15180332895456589
5636,146064,2,14,43827,-0.06375023630015114,1613,0.09537491103994267,0.12241668449518353
5636,146064,2,15,43826,0.2463122233898225,1923,0.025374431489635807,0.09681268849794034
5636,146064,2,16,43825,0.033813370140557075,1711,-0.06831162846944194,0.11308519879874149
5636,146064,2,17,43824,-0.09493761676007473,1808,-0.034312866960234834,0.10511164403233944
5636,146064,2,18,43823,-0.1556249513499688,1869,0.028562329029890976,0.10054986464915926
5636,146064,2,19,43822,-0.09237494161996207,1640,-0.09237494161996207,0.11970726322547688
5636,146064,2,20,43821,0.0013749193799484916,1786,-0.011187595910061132,0.10682225320433636
5636,146064,2,21,43820,0.09881293924028145,2081,0.09881293924028145,0.08713541407705251
5636,146064,2,22,43819,0.2542496844697981,2233,0.08243761676007488,0.07932692832836766
5636,146064,2,23,43818,-0.08562478454986155,1847,0.004499676129793295,0.10215443122050283
5636,146064,2,24,43817,-0.028623975569343707,2061,0.05575012093007681,0.08824296692313752
5636,145804,0,5,46491,-0.04138926682361574,1000,-0.054245470303672744,0.044288442703588775
5636,145804,0,6,46490,-0.03911757124706572,1077,-0.04737496730227654,0.040101820106582746
5636,145804,0,7,46489,-0.05225085608585328,1023,-0.052029190998868824,0.0429927070467417
5636,145804,0,8,46488,-0.04737385260715517,1005,-0.04737385260715517,0.04398117739715406
5636,145804,0,9,46487,-0.03435288657202165,1018,-0.03435288657202165,0.04323619908300961
5636,145804,0,10,46486,0.08217166177474777,1018,0.05912263302453091,0.043268153176771455
5636,145804,0,11,46485,-0.03612604802573699,1027,-0.0427749921015889,0.04272121070081937
5636,145804,0,12,46484,-0.03756671184897567,1186,-0.034907102370202836,0.03529403330112988
5636,145804,0,13,46483,-0.010249250075586872,1361,-0.013629642652099552,0.029371799731225022
5636,145804,0,14,46482,0.014074724489830714,2655,0.015625902372241207,0.012044478115966142
5636,145804,0,15,46481,0.05175226888229831,1813,0.049203491947017744,0.02003322811900739
5636,145804,0,16,46480,-0.013076700791199991,2092,-0.014628356400091053,0.01655128663224818
5636,145804,0,17,46479,0.02526668815374228,2069,-0.008532725750179104,0.0167977028892958
5636,145804,0,18,46478,-0.007258735387939336,1947,-0.008422742498207958,0.01822265313669524
5636,145804,0,19,46477,-0.0057073451826485655,2083,-0.0042112650876638125,0.016646319018937004
5636,145804,0,20,46476,-0.00764617156368147,2143,-0.0077016409161476534,0.01602517862901727
5636,145804,0,21,46475,-0.02232951958975818,1855,-0.010084275197630055,0.019437313503598865
5636,145804,0,22,46474,-0.022828159874033013,1873,0.012301085309634863,0.019178665078579054
5636,145804,0,23,46473,-0.0029368500796634334,1984,-0.0029368500796634334,0.017759802876017448
5636,145804,0,24,46472,-0.02061182748850901,1953,-0.019171269826710483,0.018144805919890906
5636,145804,1,5,46491,-0.12034768720932998,1000,-0.08843131184965486,0.015150300777267091
5636,145804,1,6,46490,-0.04199974818506405,1000,-0.04199974818506405,0.043369965037724494
5636,145804,1,7,46489,-0.2626334236979511,1000,-0.036791043286690306,0.05034122704916064
5636,145804,1,8,46488,-0.6648395752013666,1000,-0.6081001072655187,0.061748393795095155
5636,145804,1,9,46487,-0.14871519178701165,1000,-0.31133588672829127,0.17116965447785537
5636,145804,1,10,46486,0.5679306884696779,1000,0.5446038352306499,0.19294215989583452
5636,145804,1,11,46485,-0.11436060663194803,1000,0.29249992781022066,0.15399971868831477
5636,145804,1,12,46484,-0.15508434738740973,1000,-0.09175543886290038,0.1189029743949556
5636,145804,1,13,46483,-0.14455902448677282,1000,-0.016733272354201745,0.10018851568997957
5636,145804,1,14,46482,0.06643444913253371,1000,0.007037176462395545,0.11721216881240676
5636,145804,1,15,46481,0.05136196634767265,1000,0.05136196634767265,0.10601825777754273
5636,145804,1,16,46480,-0.08776408719845907,1000,-0.006925760030981998,0.09014308608806323
5636,145804,1,17,46479,-0.19702905086576772,1000,-0.007922987518811708,0.10688309653517405
5636,145804,1,18,46478,-0.044160505056681676,1000,-0.02332547314030653,0.06500169515495208
5636,145804,1,19,46477,0.01955997993973413,1000,0.0955773568688999,0.08598163431423828
5636,145804,1,20,46476,0.00365503222212038,1000,-0.06105928309604158,0.09594884762588447
5636,145804,1,21,46475,0.22373735829570973,1000,0.14129057914887422,0.08037849107478141
5636,145804,1,22,46474,0.27426892985871143,1000,-0.10638352985939159,0.08214664941812433
5636,145804,1,23,46473,0.12477684865285399,1000,-0.020834235705574855,0.0808551045210598
5636,145804,1,24,46472,-0.05784620094916881,1000,0.07175366809007877,0.07438702753970729
5636,145804,2,5,46491,-6.071532165918825e-18,1000,-6.071532165918825e-18,6.071532165918825e-18
5636,145804,2,6,46490,-6.071532165918825e-18,1000,-6.071532165918825e-18,6.071532165918825e-18
5636,145804,2,7,46489,-6.071532165918825e-18,1000,-6.071532165918825e-18,5.654506728474751e-18
5636,145804,2,8,46488,-0.15602844107445568,1000,-6.071532165918825e-18,5.814397434786258e-18
5636,145804,2,9,46487,-0.039007110268613934,1000,-0.039007110268613934,0.021576087853163093
5636,145804,2,10,46486,-0.04144505466040234,1000,-0.04144505466040235,0.026277042466563
5636,145804,2,11,46485,0.06494059842779155,1000,-0.039007110268613934,0.026224424708514302
5636,145804,2,12,46484,-0.044880545024340704,1000,-0.044880545024340704,0.015828447798226963
5636,145804,2,13,46483,-0.010415286567944881,1000,-0.012077562397447908,0.017003343648042932
5636,145804,2,14,46482,-0.008365786885579901,1000,-0.18306738830967165,0.018154299745057292
5636,145804,2,15,46481,-0.004764260029283429,1000,-0.01795174028325558,0.01637402316540093
5636,145804,2,16,46480,-0.015569318324653456,1000,-0.016068011689648373,0.007136568887968793
5636,145804,2,17,46479,0.036182313589004214,1000,-0.008477787204913628,0.006587056031310838
5636,145804,2,18,46478,-0.17724867977633021,1000,0.00210677377931337,0.011439976033830956
5636,145804,2,19,46477,-0.06111358467266592,1000,0.0005538442331407545,0.024486863510641606
5636,145804,2,20,46476,-0.06344382828344586,1000,0.03994923996901767,0.01661520545841683
5636,145804,2,21,46475,0.09940161042658252,1000,-0.047539623695912636,0.03391109397338125
5636,145804,2,22,46474,0.02249587456643698,1000,-0.08211199904539618,0.010271051758993541
5636,145804,2,23,46473,0.015071102686139148,1000,-0.00620534849828247,0.016099154602221284
5636,145804,2,24,46472,-0.11790655797433774,1000,-0.09053728941816735,0.012642711706638018
5636,9914,0,5,49663,0.0,1000,-0.6333405021775352,0.0
5636,9914,0,6,49662,0.0,1000,0.0,0.0
5636,9914,0,7,49661,0.0,1000,0.0,0.0
5636,9914,0,8,49660,0.0,1000,-0.6333405021775352,0.0
5636,9914,0,9,49659,-0.6333405021775352,1000,0.0,0.0
5636,9914,0,10,49658,-0.1781270162374316,1000,-0.1781270162374316,0.1362827375804611
5636,9914,0,11,49657,-0.1682310708909076,1000,-0.1682310708909076,0.15647048496099952
5636,9914,0,12,49656,-0.27933919498360205,1000,-0.1682310708909076,0.15201219299420812
5636,9914,0,13,49655,-0.176045251088767,1000,-0.176045251088767,0.09450883100986476
5636,9914,0,14,49654,-0.13003765323404382,1000,-0.18177388569277825,0.11979310696147169
5636,9914,0,15,49653,-0.12934247136942767,1000,-0.12118259046185209,0.11860128918897558
5636,9914,0,16,49652,-0.14444661003279674,1000,-0.14444661003279674,0.05975652700386333
5636,9914,0,17,49651,-0.1350711059734389,1000,-0.1350711059734389,0.07282282283498911
5636,9914,0,18,49650,0.32431347115436127,1000,0.3144175258078373,0.06633740835730535
5636,9914,0,19,49649,-0.04861778523038729,1000,-0.04861778523038729,0.027804230532731643
5636,9914,0,20,49648,-0.054332138152587806,1000,-0.05797774745953982,0.03149452959756251
5636,9914,0,21,49647,0.026924750658638086,1000,-0.2119859434647009,0.04492064909483238
5636,9914,0,22,49646,0.13655136028818576,1000,0.13090799572557493,0.024710319340648518
5636,9914,0,23,49645,0.08279973049626355,1000,0.07204394389483337,0.03494510108984177
5636,9914,0,24,49644,-0.05415613742674397,1000,-0.057281305446529984,0.03226271818000105
5636,9914,1,5,49663,0.0,1000,0.0,0.0
5636,9914,1,6,49662,0.0,1000,0.0,0.0
5636,9914,1,7,49661,0.0,1000,-0.6333405021775352,0.0
5636,9914,1,8,49660,0.0,1000,0.0,0.0
5636,9914,1,9,49659,-0.6333405021775352,1000,0.0,0.0
5636,9914,1,10,49658,-0.27708646970267153,1000,-0.6215135894402926,0.10585460700642194
5636,9914,1,11,49657,-0.1682310708909076,1000,-0.1682310708909076,0.11023351336380544
5636,9914,1,12,49656,-0.15833512554438361,1000,-0.15833512554438361,0.08851989786157077
5636,9914,1,13,49655,-0.1781270162374316,1000,-0.1880229615839556,0.06171994405998604
5636,9914,1,14,49654,-0.1682310708909076,1000,-0.1781270162374316,0.05707741922192279
5636,9914,1,15,49653,-0.1979189069304796,1000,-0.1979189069304796,0.07548165550254197
5636,9914,1,16,49652,-0.1682310708909076,1000,-0.1979189069304796,0.06652733027182985
5636,9914,1,17,49651,-0.06770273267379856,1000,-0.1399377990752177,0.028281369342860782
5636,9914,1,18,49650,0.34853100301091233,1000,0.2598161359481674,0.04054966817218011
5636,9914,1,19,49649,-0.02143680439808493,1000,-0.009804794612612577,0.032937015514673706
5636,9914,1,20,49648,-0.04444627399322576,1000,-0.056165654067423354,0.030728223994342503
5636,9914,1,21,49647,0.08350877399322415,1000,-0.032814264207753685,0.02466489990145924
5636,9914,1,22,49646,-0.061808178531103986,1000,-0.03020953747513333,0.0403245835773466
5636,9914,1,23,49645,-0.03984589225227175,1000,0.040270982310877446,0.03874203300491898
5636,9914,1,24,49644,0.037927106296037905,1000,0.040270982310877335,0.02095383890027793
5636,9914,2,5,49663,-0.1682310708909076,1000,-0.1682310708909076,0.27317469041578774
5636,9914,2,6,49662,-0.32934188330017733,1016,-0.1682310708909076,0.2673775069883775
5636,9914,2,7,49661,-0.18870722216248337,1000,-0.17934137924081983,0.28458258828311084
5636,9914,2,8,49660,-0.19747827504166948,1000,-0.19747827504166948,0.287621415851634
5636,9914,2,9,49659,-0.1043474279531128,1000,0.5022594460723693,0.290648475273764
5636,9914,2,10,49658,-0.2411319156943914,1005,-0.2452975462390452,0.27124427858480765
5636,9914,2,11,49657,-0.12924333969568258,1070,-0.12327443679767736,0.24962463547642968
5636,9914,2,12,49656,-0.13282510148395044,1011,-0.07804855099736474,0.2693708583216073
5636,9914,2,13,49655,-0.11780119226840091,1229,-0.11658430896822314,0.2074845191920767
5636,9914,2,14,49654,-0.16849234165815308,1496,-0.16093985227700358,0.15962123879690127
5636,9914,2,15,49653,-0.011628229340286511,1310,0.472573710280122,0.19051765471854806
5636,9914,2,16,49652,0.5291711751975905,1658,0.5285625235227693,0.1391548782781779
5636,9914,2,17,49651,-0.09409948115490041,2373,-0.09409948115490041,0.08632223940790318
5636,9914,2,18,49650,0.41448969030592875,2503,0.4136214480617221,0.08036663541840024
5636,9914,2,19,49649,0.2293499482499049,2564,0.22848170600569812,0.07783179363585374
5636,9914,2,20,49648,0.036203223291575826,2256,0.036203223291575826,0.09230675824954475
5636,9914,2,21,49647,0.0012202436958985707,2357,0.0029567281843119186,0.08710048721797703
5636,9914,2,22,49646,-0.01605345045432638,2226,0.03637712377009672,0.09396959104734068
5636,9914,2,23,49645,0.057972706865961565,2123,0.05581449271466343,0.1001183756161335
5636,9914,2,24,49644,0.7706626532340437,2364,0.0129383636216992,0.08672428872657721
5636,146065,0,5,50504,-8.326672684688674e-17,1000,-8.326672684688674e-17,8.326672684688674e-17
5636,146065,0,6,50503,-8.326672684688674e-17,1000,-8.326672684688674e-17,8.326672684688674e-17
5636,146065,0,7,50502,-1.1102230246251565e-16,1000,-1.1102230246251565e-16,8.326672684688674e-17
5636,146065,0,8,50501,-8.326672684688674e-17,1000,-8.326672684688674e-17,8.326672684688674e-17
5636,146065,0,9,50500,-8.326672684688674e-17,1000,-8.326672684688674e-17,8.326672684688674e-17
5636,146065,0,10,50499,-8.326672684688674e-17,1000,-8.326672684688674e-17,8.980440769874026e-17
5636,146065,0,11,50498,-8.326672684688674e-17,1000,-8.326672684688674e-17,9.007208163871445e-17
5636,146065,0,12,50497,-8.326672684688674e-17,1000,-8.326672684688674e-17,8.824952811554228e-17
5636,146065,0,13,50496,-8.326672684688674e-17,1000,-8.326672684688674e-17,8.631883613874853e-17
5636,146065,0,14,50495,-8.326672684688674e-17,1000,-8.326672684688674e-17,9.880312447292747e-17
5636,146065,0,15,50494,-8.326672684688674e-17,1000,-8.326672684688674e-17,9.843695968841318e-17
5636,146065,0,16,50493,-8.326672684688674e-17,1000,-8.326672684688674e-17,9.198942707263384e-17
5636,146065,0,17,50492,-8.326672684688674e-17,1000,-8.326672684688674e-17,8.993834424997152e-17
5636,146065,0,18,50491,-8.326672684688674e-17,1000,-8.326672684688674e-17,8.858986693396703e-17
5636,146065,0,19,50490,-8.326672684688674e-17,1000,-8.326672684688674e-17,1.0603120319208154e-16
5636,146065,0,20,50489,-8.326672684688674e-17,1000,-8.326672684688674e-17,1.087769832999108e-16
5636,146065,0,21,50488,-8.326672684688674e-17,1000,-8.326672684688674e-17,1.0822227808683795e-16
5636,146065,0,22,50487,-8.326672684688674e-17,1000,-8.326672684688674e-17,1.063146338051474e-16
5636,146065,0,23,50486,-8.326672684688674e-17,1000,-8.326672684688674e-17,1.1258341994493904e-16
5636,146065,0,24,50485,-8.326672684688674e-17,1000,-8.326672684688674e-17,1.0760879978249112e-16
5636,146065,1,5,50504,-8.326672684688674e-17,1000,-8.326672684688674e-17,8.326672684688674e-17
5636,146065,1,6,50503,-8.326672684688674e-17,1000,-8.326672684688674e-17,8.326672684688674e-17
5636,146065,1,7,50502,-1.1102230246251565e-16,1000,-1.1102230246251565e-16,8.326672684688674e-17
5636,146065,1,8,50501,-8.326672684688674e-17,1000,-8.326672684688674e-17,8.326672684688674e-17
5636,146065,1,9,50500,-8.326672684688674e-17,1000,-8.326672684688674e-17,8.326672684688674e-17
5636,146065,1,10,50499,-8.326672684688674e-17,1000,-8.326672684688674e-17,8.333897564733122e-17
5636,146065,1,11,50498,-8.326672684688674e-17,1000,-8.326672684688674e-17,8.913170603436999e-17
5636,146065,1,12,50497,-8.326672684688674e-17,1000,-8.326672684688674e-17,8.913170603437e-17
5636,146065,1,13,50496,-8.326672684688674e-17,1000,-8.326672684688674e-17,8.547804821425838e-17
5636,146065,1,14,50495,-8.326672684688674e-17,1000,-8.326672684688674e-17,9.639819490876592e-17
5636,146065,1,15,50494,-8.326672684688674e-17,1000,-8.326672684688674e-17,9.733020042080831e-17
5636,146065,1,16,50493,-8.326672684688674e-17,1000,-8.326672684688674e-17,9.825336557208111e-17
5636,146065,1,17,50492,-8.326672684688674e-17,1000,-8.326672684688674e-17,8.892890325501649e-17
5636,146065,1,18,50491,-8.326672684688674e-17,1000,-8.326672684688674e-17,8.886119947416683e-17
5636,146065,1,19,50490,-8.326672684688674e-17,1000,-8.326672684688674e-17,1.0844450065777686e-16
5636,146065,1,20,50489,-8.326672684688674e-17,1000,-8.326672684688674e-17,1.0844450065777686e-16
5636,146065,1,21,50488,-8.326672684688674e-17,1000,-8.326672684688674e-17,1.055761315503704e-16
5636,146065,1,22,50487,-8.326672684688674e-17,1000,-8.326672684688674e-17,1.0642779470339232e-16
5636,146065,1,23,50486,-8.326672684688674e-17,1000,-8.326672684688674e-17,1.0687924018557953e-16
5636,146065,1,24,50485,-8.326672684688674e-17,1000,-8.326672684688674e-17,1.0693553686590447e-16
5636,146065,2,5,50504,0.036972274343274575,1000,0.013499460370756944,0.018387840037173486
5636,146065,2,6,50503,0.04518857044101443,1358,0.04049344332834831,0.012225030958579217
5636,146065,2,7,50502,0.06763476623120095,2282,0.04416195225868333,0.006120641315916387
5636,146065,2,8,50501,-0.03234830422392165,1167,0.015772207683191736,0.014970914157957859
5636,146065,2,9,50500,0.06756069947236255,1058,0.10240558251742342,0.017050311863181206
5636,146065,2,10,50499,0.012911819996614254,1032,-0.00850863935837004,0.017624419625768863
5636,146065,2,11,50498,0.02149143999887157,1147,0.006676104300104485,0.015311913009999878
5636,146065,2,12,50497,-0.005795459354984128,1000,0.023254008422448513,0.018574773950650488
5636,146065,2,13,50496,0.03880586749809553,1183,0.0034490420699190283,0.01468948248215681
5636,146065,2,14,50495,-0.011956799681160174,1278,0.06404072084591277,0.013262158790662998
5636,146065,2,15,50494,-0.0035212571597866005,1334,-0.014451085959764187,0.012526931199994429
5636,146065,2,16,50493,0.09925263113343291,1270,0.017679426723286512,0.013374426509680248
5636,146065,2,17,50492,-0.06139887418526557,1000,-0.06697372040856642,0.020191158707344888
5636,146065,2,18,50491,-0.5981509321830647,1000,0.013129082489207355,0.02504823109625172
5636,146065,2,19,50490,0.39216457457464504,1000,0.3924580200191866,0.13813884578542476
5636,146065,2,20,50489,0.3877633337800851,1000,0.38321523800118495,0.09816198753135237
5636,146065,2,21,50488,0.31543348452357445,1000,0.27017261081797933,0.08490746380265979
5636,146065,2,22,50487,-0.2461115833356845,1000,0.1701140628086114,0.06500710527406839
5636,146065,2,23,50486,-0.297239955136706,1000,0.2439843242995402,0.08256118487828781
5636,146065,2,24,50485,-0.36421535086481793,1000,0.3281238978160888,0.10764618346527877
5636,10101,0,5,69153,2.7755575615628914e-16,1000,2.7755575615628914e-16,2.5730107236137053e-16
5636,10101,0,6,69152,2.7755575615628914e-16,1000,2.7755575615628914e-16,2.7755575615628914e-16
5636,10101,0,7,69151,-0.37209059597119165,1000,2.7755575615628914e-16,2.7755575615628914e-16
5636,10101,0,8,69150,-0.08140786452353688,1000,-0.19767965243711638,0.08827199931081404
5636,10101,0,9,69149,0.2514530711825483,1000,-0.1715124117176362,0.09364863791442872
5636,10101,0,10,69148,-0.02907610113766912,1000,-0.19259009802386728,0.038546160479101206
5636,10101,0,11,69147,-0.13771831402428492,1000,-0.1653353642626043,0.05134906238799569
5636,10101,0,12,69146,-0.21149062380405736,1000,-0.11446210816546676,0.060357328962767756
5636,10101,0,13,69145,0.04578397348919716,1000,-0.048700988066658346,0.03873409860038442
5636,10101,0,14,69144,-0.07521994485613892,1000,-0.07122331959085682,0.038417181989988065
5636,10101,0,15,69143,-0.05814078645235343,1000,-0.0701328366906726,0.014734417540691842
5636,10101,0,16,69142,0.09774200457502857,1000,-0.0614119633475978,0.01501295869031397
5636,10101,0,17,69141,-0.06032093683679496,1000,-0.05995780494381231,0.015274928035737264
5636,10101,0,18,69140,-0.04651213991232628,1000,-0.033067018491458544,0.0138099265786867
5636,10101,0,19,69139,-0.07231271526980476,1000,-0.07231271526980476,0.011018747873454268
5636,10101,0,20,69138,-0.06322816642312912,1000,-0.05632376796089489,0.03355768733533744
5636,10101,0,21,69137,-0.050510396009463054,1000,-0.043243137459555325,0.023914098473300005
5636,10101,0,22,69136,0.1137374752113558,1000,0.10537946195595427,0.013299609247770327
5636,10101,0,23,69135,-0.05959494485613881,1000,-0.06395551743033068,0.012868363141453221
5636,10101,0,24,69134,-0.08394054639390447,1000,-0.03016060432105172,0.017391875506539086
5636,10101,1,5,69153,2.7755575615628914e-16,1000,2.7755575615628914e-16,2.5730107236137053e-16
5636,10101,1,6,69152,2.7755575615628914e-16,1000,2.7755575615628914e-16,2.7755575615628914e-16
5636,10101,1,7,69151,-0.37209059597119165,1000,2.7755575615628914e-16,2.7755575615628914e-16
5636,10101,1,8,69150,-0.08722178008558679,1000,0.052325240058447964,0.10738732793271379
5636,10101,1,9,69149,0.25726698674459797,1000,-0.08504108609052574,0.1037970348295524
5636,10101,1,10,69148,-0.12719319703927845,1000,0.202762139912326,0.0813748381111635
5636,10101,1,11,69147,-0.06796111227081458,1000,-0.16533563606791346,0.10664482157307603
5636,10101,1,12,69146,0.01380879692446757,1000,0.20385588447621955,0.10808966153808491
5636,10101,1,13,69145,-0.20130662248199627,1000,-0.3386702305778807,0.07684023436061842
5636,10101,1,14,69144,-0.2565491489232168,1000,-0.26054577418849867,0.08270014832523961
5636,10101,1,15,69143,-0.1133757023449189,1000,-0.012362520874646288,0.08603327792676396
5636,10101,1,16,69142,0.23764264342622743,1000,0.06685513646801144,0.029664838139632135
5636,10101,1,17,69141,0.015982152176183595,1000,-0.07376578645235343,0.04581376547670103
5636,10101,1,18,69140,0.09847615071495619,1000,-0.0014590508993482798,0.020032865705131183
5636,10101,1,19,69139,0.1388169510837418,1000,-0.05777711094875271,0.025546574514101705
5636,10101,1,20,69138,-0.07812581541592756,1000,-0.07849057814076488,0.022396550708458172
5636,10101,1,21,69137,0.038875497947327475,1000,-0.04360491032599234,0.020588230866925447
5636,10101,1,22,69136,-0.05232578366906726,1000,-0.06722533529902963,0.026854641681289752
5636,10101,1,23,69135,-0.05959331402428425,1000,-0.049055422189750564,0.02000072413980352
5636,10101,1,24,69134,0.09266250695821521,1000,0.47348267404237626,0.022511773732403484
5636,10101,2,5,69153,2.7755575615628914e-16,1000,2.7755575615628914e-16,2.564576136534537e-16
5636,10101,2,6,69152,2.7755575615628914e-16,1000,2.7755575615628914e-16,2.7755575615628914e-16
5636,10101,2,7,69151,-0.37209059597119165,1000,2.7755575615628914e-16,2.7755575615628914e-16
5636,10101,2,8,69150,-0.05233828671328755,1000,-0.16279615906481715,0.10002850001952919
5636,10101,2,9,69149,0.24491262002922404,1000,0.05741425086107832,0.07141809832966778
5636,10101,2,10,69148,-0.017448270013569522,1000,-0.27472014925373245,0.043144043460367654
5636,10101,2,11,69147,-0.11482279381066629,1000,-0.1613384671920125,0.0513018054369476
5636,10101,2,12,69146,-0.21112993815885717,1000,-0.21112993815885717,0.049396513432030095
5636,10101,2,13,69145,0.07122168875900237,1000,-0.06395633284625812,0.04382984438726588
5636,10101,2,14,69144,-0.09593368385346035,1000,-0.09593368385346035,0.03622181860395722
5636,10101,2,15,69143,0.38300086107921966,1000,-0.07558416397035805,0.016894920093537234
5636,10101,2,16,69142,0.35502067894791806,1000,-0.11083133284625846,0.046911358203080185
5636,10101,2,17,69141,-0.059958348554430385,1000,0.4516792675607982,0.07003053439120811
5636,10101,2,18,69140,-0.11083296367811302,1000,-0.07667437506523311,0.07922671489107362
5636,10101,2,19,69139,-0.11628157290470698,1000,0.44259390329819476,0.054552241608935875
5636,10101,2,20,69138,-0.14789524840830792,1000,-0.02398083881292834,0.05897230893782561
5636,10101,2,21,69137,-0.1279094040288068,1000,-0.12791185027658925,0.060637293942173515
5636,10101,2,22,69136,-0.15916021944473446,1000,-0.08321645705041214,0.0567867519612461
5636,10101,2,23,69135,-0.14389807953240785,1000,-0.030524279824652556,0.046370682272067705
5636,10101,2,24,69134,-0.10792355964930578,1000,-0.049057053021605124,0.06680172343148748
5636,31,0,5,79624,1.3877787807814457e-17,1000,1.3877787807814457e-17,1.3877787807814457e-17
5636,31,0,6,79623,1.3877787807814457e-17,1000,1.3877787807814457e-17,9.501471788262684e-18
5636,31,0,7,79622,1.3877787807814457e-17,1000,1.3877787807814457e-17,1.124229303124644e-17
5636,31,0,8,79621,1.3877787807814457e-17,1000,1.3877787807814457e-17,1.2628977532625835e-17
5636,31,0,9,79620,1.3877787807814457e-17,1000,-0.7068965517241379,1.6087163711389106e-17
5636,31,0,10,79619,1.3877787807814457e-17,1000,1.3877787807814457e-17,1.3437110265466438e-17
5636,31,0,11,79618,1.3877787807814457e-17,1000,1.3877787807814457e-17,8.673617379884035e-18
5636,31,0,12,79617,1.3877787807814457e-17,1000,1.3877787807814457e-17,9.341771812940334e-18
5636,31,0,13,79616,1.3877787807814457e-17,1000,1.3877787807814457e-17,1.0693553686590447e-17
5636,31,0,14,79615,1.3877787807814457e-17,1000,1.3877787807814457e-17,1.083334463524987e-17
5636,31,0,15,79614,1.3877787807814457e-17,1000,1.3877787807814457e-17,1.541855951476335e-17
5636,31,0,16,79613,1.3877787807814457e-17,1000,1.3877787807814457e-17,1.2509268882771e-17
5636,31,0,17,79612,1.3877787807814457e-17,1000,1.3877787807814457e-17,1.150685376967233e-17
5636,31,0,18,79611,1.3877787807814457e-17,1000,1.3877787807814457e-17,1.8440363494407356e-17
5636,31,0,19,79610,1.3877787807814457e-17,1000,1.3877787807814457e-17,1.6638883060640375e-17
5636,31,0,20,79609,1.3877787807814457e-17,1000,1.3877787807814457e-17,1.482148387583608e-17
5636,31,0,21,79608,1.3877787807814457e-17,1000,1.3877787807814457e-17,1.993045536433795e-17
5636,31,0,22,79607,1.3877787807814457e-17,1000,1.3877787807814457e-17,2.059869998016411e-17
5636,31,0,23,79606,1.3877787807814457e-17,1000,-0.5689655172413793,1.8843920332467886e-17
5636,31,0,24,79605,1.3877787807814457e-17,1000,1.3877787807814457e-17,2.2948234554500796e-17
5636,31,1,5,79624,0.0759698275862069,1000,0.0759698275862069,0.10505605946823307
5636,31,1,6,79623,-0.1567887931034483,1000,-0.4806034482758621,0.1077056677748382
5636,31,1,7,79622,-0.318696120689655,1000,-0.21524784482758608,0.10992923685298726
5636,31,1,8,79621,-0.09321120689655127,1000,-0.15193965517241337,0.11652837508970612
5636,31,1,9,79620,-0.1241918103448274,1000,0.048221982758620774,0.12995306683773353
5636,31,1,10,79619,0.13712284482758624,1000,0.09913793103448254,0.11724627079473297
5636,31,1,11,79618,0.1252693965517243,1029,0.008081896551724532,0.10113306597525759
5636,31,1,12,79617,-0.23760775862068928,1000,-0.1349676724137927,0.1314883682575937
5636,31,1,13,79616,-0.051185344827585966,1000,0.05145474137931061,0.10610360782693708
5636,31,1,14,79615,-0.047683189655172264,1000,0.23518318965517238,0.11212168130553164
5636,31,1,15,79614,0.006734913793103758,1260,0.1285021551724137,0.07719134090392085
5636,31,1,16,79613,0.3890086206896554,1432,-0.002963362068965192,0.06508206957957509
5636,31,1,17,79612,0.17214439655172442,1000,-0.03798491379310309,0.1345006271082736
5636,31,1,18,79611,0.05603448275862066,1000,0.03178879310344851,0.14270951522806816
5636,31,1,19,79610,-0.058997844827585966,1000,0.15813577586206906,0.14004241293112374
5636,31,1,20,79609,-0.030711206896552046,1000,0.0024245689655173486,0.1290242712520174
5636,31,1,21,79608,-0.0457974137931032,1000,0.0013469827586205518,0.12347979657607376
5636,31,1,22,79607,0.0018857758620688392,1000,0.2596982758620687,0.11205132504190961
5636,31,1,23,79606,0.08405172413793105,1000,0.0985991379310347,0.14354570457007002
5636,31,1,24,79605,0.15867456896551735,1000,0.11395474137931072,0.11044623669711028
5636,31,2,5,79624,1.3877787807814457e-17,1000,1.3877787807814457e-17,1.3877787807814457e-17
5636,31,2,6,79623,1.3877787807814457e-17,1000,1.3877787807814457e-17,9.658531548908284e-18
5636,31,2,7,79622,1.3877787807814457e-17,1000,1.3877787807814457e-17,1.2018516789897278e-17
5636,31,2,8,79621,1.3877787807814457e-17,1000,1.3877787807814457e-17,1.2628977532625835e-17
5636,31,2,9,79620,1.3877787807814457e-17,1000,1.3877787807814457e-17,1.512296865354102e-17
5636,31,2,10,79619,1.3877787807814457e-17,1000,1.3877787807814457e-17,1.3768940732700483e-17
5636,31,2,11,79618,1.3877787807814457e-17,1000,1.3877787807814457e-17,8.673617379884035e-18
5636,31,2,12,79617,1.3877787807814457e-17,1000,1.3877787807814457e-17,1.0551910960100407e-17
5636,31,2,13,79616,1.3877787807814457e-17,1000,1.3877787807814457e-17,1.1506853769672332e-17
5636,31,2,14,79615,1.3877787807814457e-17,1000,1.3877787807814457e-17,8.673617379884035e-18
5636,31,2,15,79614,1.3877787807814457e-17,1000,1.3877787807814457e-17,1.6818768105360018e-17
5636,31,2,16,79613,1.3877787807814457e-17,1000,-0.3793103448275862,1.3324663851227106e-17
5636,31,2,17,79612,1.3877787807814457e-17,1000,1.3877787807814457e-17,1.0833344635249872e-17
5636,31,2,18,79611,1.3877787807814457e-17,1000,1.3877787807814457e-17,1.868354362588067e-17
5636,31,2,19,79610,1.3877787807814457e-17,1000,1.3877787807814457e-17,1.6818768105360018e-17
5636,31,2,20,79609,1.3877787807814457e-17,1000,1.3877787807814457e-17,1.7260280654508505e-17
5636,31,2,21,79608,1.3877787807814457e-17,1000,1.3877787807814457e-17,2.0888836804026048e-17
5636,31,2,22,79607,1.3877787807814457e-17,1000,-0.603448275862069,1.9778890766513096e-17
5636,31,2,23,79606,1.3877787807814457e-17,1000,1.3877787807814457e-17,1.6818768105360018e-17
5636,31,2,24,79605,1.3877787807814457e-17,1000,1.3877787807814457e-17,2.1666689270499745e-17
6766,3903,0,5,39150,-0.0915188539689652,1000,-0.07142981746120569,0.1035171697791916
6766,3903,0,6,39149,0.03352999051021999,1090,-0.10937500000000222,0.0923161667004655
6766,3903,0,7,39148,-0.05804294127498255,1353,-0.05804294127498255,0.0691550740000427
6766,3903,0,8,39147,-0.0881799849279925,1360,-0.0881799849279925,0.0686822198456543
6766,3903,0,9,39146,-0.05804119682929698,1296,-0.05804119682929698,0.07328167816553825
6766,3903,0,10,39145,0.016755400803835307,1524,0.04577948810985377,0.059046356384569135
6766,3903,0,11,39144,-0.04687848889137147,1439,-0.03794867143016789,0.06372281703038517
6766,3903,0,12,39143,-0.014510299207324384,1908,-0.014510299207324384,0.04373190601445962
6766,3903,0,13,39142,-0.02232541587585246,1691,-0.02232541587585246,0.05138301866242821
6766,3903,0,14,39141,0.27453562855866637,2040,0.20654411354248375,0.040010323314126656
6766,3903,0,15,39140,0.17194826671877067,1934,-0.03348114603103791,0.04294761135407583
6766,3903,0,16,39139,-0.10379800714525034,1588,-0.03236644523836185,0.05587478401380544
6766,3903,0,17,39138,-0.020071592050914022,1622,-0.020071592050914022,0.054337494330847114
6766,3903,0,18,39137,-0.05580656190688893,1912,-0.024558306352574277,0.043625263977506844
6766,3903,0,19,39136,-0.04464210952327852,1511,-0.04464210952327852,0.059693311968099995
6766,3903,0,20,39135,-0.07032209445126736,1635,-0.023443605559897773,0.05372258463536955
6766,3903,0,21,39134,-0.04464210952327852,1859,-0.007795927765996691,0.04530239274960396
6766,3903,0,22,39133,-0.060277576197388716,1639,-0.060277576197388716,0.053576921559553035
6766,3903,0,23,39132,-0.06250697778274072,2312,-0.06250697778274072,0.03386547374893975
6766,3903,0,24,39131,-0.0591576420676575,2384,-0.011160963492241716,0.032497836178608706
6766,3903,1,5,39150,0.47995980797142146,1000,0.5514123032265263,0.01919239203726285
6766,3903,1,6,39149,0.1273079016411754,1000,0.41300623813776804,0.1256859017442001
6766,3903,1,7,39148,0.304691861114217,1000,0.1618985151278341,0.10590282149091104
6766,3903,1,8,39147,0.3114009992184925,1000,0.24664543094785668,0.1061952406304936
6766,3903,1,9,39146,0.17074983253320747,1000,0.17074983253320747,0.12133244281477905
6766,3903,1,10,39145,-0.037936460310373676,1000,-0.037936460310373676,0.10584304619315374
6766,3903,1,11,39144,0.2198664452383559,1000,0.21986818968404137,0.10836867983525604
6766,3903,1,12,39143,-0.24771826504410266,1000,-0.18519733169588593,0.09718311948946701
6766,3903,1,13,39142,-0.09373778888020579,1000,-0.03232806743329564,0.091689234536346
6766,3903,1,14,39141,-0.2622599642737533,1000,0.32476345316511873,0.10261982622906723
6766,3903,1,15,39140,-0.2845836357039204,1000,0.3303474238026088,0.09637093424390906
6766,3903,1,16,39139,-0.11826992854750795,1000,-0.21649443172937877,0.10335809016695925
6766,3903,1,17,39138,-0.10935232220609936,1000,-0.06471021268282162,0.10357058755737701
6766,3903,1,18,39137,-0.08148305794350708,1000,-0.007799416657364944,0.08301526061706524
6766,3903,1,19,39136,-0.04129626269956377,1000,-0.039066861114211315,0.10644743244338928
6766,3903,1,20,39135,0.300187702355696,1000,0.22884685162443036,0.09164287227552095
6766,3903,1,21,39134,0.12280548732835372,1000,0.059154153176283475,0.08408550201929345
6766,3903,1,22,39133,0.1093034777269225,1000,0.037962626995644566,0.07497581614087637
6766,3903,1,23,39132,0.008903650775928362,1000,-0.08476784916825353,0.0693393200951272
6766,3903,1,24,39131,0.03797658256112335,1000,0.030154488109856437,0.054323451354391775
6766,3903,2,5,39150,-0.14956877302668392,1000,-0.14956877302668392,0.16335255762106093
6766,3903,2,6,39149,-0.07365224126381986,1129,-0.14510473651892475,0.13893755239499075
6766,3903,2,7,39148,-0.14845407223400764,1449,-0.15180340794909053,0.09963568801178732
6766,3903,2,8,39147,-0.12166461985039712,1492,-0.15737691191247094,0.09582045854657983
6766,3903,2,9,39146,0.2432995841241551,1862,0.21205132856984044,0.07132470783626847
6766,3903,2,10,39145,-0.10938197778274161,1804,-0.09598812381377864,0.07437431274177178
6766,3903,2,11,39144,-0.1037997515909369,2299,-0.03234725633583202,0.05383807385155493
6766,3903,2,12,39143,0.1161382159205106,2264,-0.09040589762197393,0.05493438411343777
6766,3903,2,13,39142,0.019005735737416374,2102,0.1662648626772309,0.06066975453169224
6766,3903,2,14,39141,0.28682001507201516,2513,-0.056938707156416246,0.047821180443687425
6766,3903,2,15,39140,-0.003333635703923865,2355,0.11836761750586194,0.0521308031035174
6766,3903,2,16,39139,-0.07143853968963021,2230,-0.07367143016635269,0.05606730375518177
6766,3903,2,17,39138,-0.07478787540471399,2500,-0.023440116668528854,0.04815284774920344
6766,3903,2,18,39137,-0.08817475159093657,2309,-0.08817475159093657,0.05352557639876203
6766,3903,2,19,39136,-0.10045739365859352,2491,-0.1986836412861489,0.04838389194096238
6766,3903,2,20,39135,-0.040185050798259736,2420,-0.17747815954002788,0.05028364580459982
6766,3903,2,21,39134,-0.18863737858658436,2603,-0.15182434129731326,0.04562369105733271
6766,3903,2,22,39133,-0.080366612705149,2073,-0.09265797700123113,0.06180717265150481
6766,3903,2,23,39132,-0.09264053254438143,2103,-0.13394202858100157,0.06063596433742755
6766,3903,2,24,39131,-0.08483588254996344,1953,-0.0948751674667867,0.06691875007423227
6766,146064,0,5,43780,-0.26372826630870727,1000,-0.26372826630870727,0.33903103612602425
6766,146064,0,6,43779,-0.24821483887878326,1146,-0.24821483887878326,0.28282849643539515
6766,146064,0,7,43778,0.729131089206428,1152,0.729131089206428,0.2807000331058048
6766,146064,0,8,43777,-0.26372826630870727,1684,-0.2792416937386313,0.169267813638472
6766,146064,0,9,43776,-0.26372826630870727,1320,-0.26372826630870727,0.2342436544071772
6766,146064,0,10,43775,-0.24821483887878326,1609,0.744644516636352,0.1798868925398889
6766,146064,0,11,43774,0.682590806916656,1650,-0.21718798401893524,0.17392886166978436
6766,146064,0,12,43773,-0.26372826630870727,1802,0.667077379486732,0.15464543583621976
6766,146064,0,13,43772,-0.2792416937386313,2227,-0.2792416937386313,0.11654478100628199
6766,146064,0,14,43771,-0.26372826630870727,2661,0.8997787909355921,0.09194170663365467
6766,146064,0,15,43770,0.729131089206428,1791,-0.18616112915908722,0.15592867561576093
6766,146064,0,16,43769,0.713617661776504,2309,-0.04654028228977114,0.11106791819056454
6766,146064,0,17,43768,-0.26372826630870727,1496,0.729131089206428,0.19811230699135832
6766,146064,0,18,43767,-0.2792416937386313,1360,0.760157944066276,0.22506645066861997
6766,146064,0,19,43766,-0.24821483887878326,1246,-0.24821483887878326,0.2528426826491211
6766,146064,0,20,43765,0.713617661776504,1319,-0.2792416937386313,0.23433815283432605
6766,146064,0,21,43764,0.729131089206428,1397,0.713617661776504,0.21710206331636192
6766,146064,0,22,43763,-0.26372826630870727,1362,-0.3568088308882513,0.22458521131262507
6766,146064,0,23,43762,-0.26372826630870727,1269,-0.26372826630870727,0.24665448030394774
6766,146064,0,24,43761,-0.2792416937386313,1457,-0.2947551211685553,0.20533990177727554
6766,146064,1,5,43780,0.729131089206428,1000,-0.26372826630870727,0.3965560548351983
6766,146064,1,6,43779,-0.23270141144885925,1055,-0.23270141144885925,0.3693344105683127
6766,146064,1,7,43778,-0.26372826630870727,1231,-0.26372826630870727,0.3006989380477565
6766,146064,1,8,43777,-0.26372826630870727,1260,-0.26372826630870727,0.2912565979068286
6766,146064,1,9,43776,-0.2792416937386313,1457,-0.3102685485984793,0.24002727161736634
6766,146064,1,10,43775,0.682590806916656,1801,0.682590806916656,0.18103878383600777
6766,146064,1,11,43774,-0.26372826630870727,3026,-0.26372826630870727,0.09058813179616965
6766,146064,1,12,43773,-0.24821483887878326,1811,0.667077379486732,0.17957932013191605
6766,146064,1,13,43772,0.6350467438184584,1549,-0.2792416937386313,0.22126713487356603
6766,146064,1,14,43771,0.7606042343465802,2452,0.7606042343465802,0.11991524026460298
6766,146064,1,15,43770,0.747099857822541,2281,0.747099857822541,0.1321061808453555
6766,146064,1,16,43769,0.729131089206428,1753,0.729131089206428,0.18758045536565388
6766,146064,1,17,43768,-0.24821483887878326,1492,-0.24821483887878326,0.23260236336506543
6766,146064,1,18,43767,0.713617661776504,1970,-0.2947551211685553,0.1605278118141202
6766,146064,1,19,43766,-0.26372826630870727,1992,-0.26372826630870727,0.15823337987841415
6766,146064,1,20,43765,0.729131089206428,1907,0.744644516636352,0.1676526692804766
6766,146064,1,21,43764,-0.26372826630870727,1655,-0.24821483887878326,0.20264621902152427
6766,146064,1,22,43763,-0.26372826630870727,2064,-0.24821483887878326,0.1508672997597825
6766,146064,1,23,43762,0.729131089206428,2216,0.6350467438184584,0.13729655824354547
6766,146064,1,24,43761,-0.26372826630870727,2009,-0.26372826630870727,0.1564802720274982
6766,146064,2,5,43780,-0.2792416937386313,1000,-0.2792416937386313,0.36820576650323394
6766,146064,2,6,43779,0.69810423434658,1038,0.69810423434658,0.35035831251259725
6766,146064,2,7,43778,-0.2792416937386313,1036,-0.2792416937386313,0.35114285263669576
6766,146064,2,8,43777,-0.26372826630870727,1045,-0.26372826630870727,0.34719191184417686
6766,146064,2,9,43776,0.729131089206428,1116,0.713617661776504,0.31794329596826476
6766,146064,2,10,43775,-0.26372826630870727,1171,0.729131089206428,0.2983321544539821
6766,146064,2,11,43774,0.729131089206428,1104,-0.26372826630870727,0.3228586016700584
6766,146064,2,12,43773,-0.2792416937386313,1431,-0.2792416937386313,0.2283328198299723
6766,146064,2,13,43772,-0.26372826630870727,1343,-0.26372826630870727,0.24842747732311862
6766,146064,2,14,43771,0.729131089206428,1366,0.729131089206428,0.24293267839038585
6766,146064,2,15,43770,-0.26372826630870727,1421,-0.26372826630870727,0.23038174705940814
6766,146064,2,16,43769,-0.26372826630870727,1473,-0.26372826630870727,0.21976584065932048
6766,146064,2,17,43768,-0.26372826630870727,1435,-0.26372826630870727,0.22750454155033403
6766,146064,2,18,43767,0.729131089206428,1387,0.729131089206428,0.23801105161935437
6766,146064,2,19,43766,-0.26372826630870727,1532,-0.2792416937386313,0.20839813876451432
6766,146064,2,20,43765,-0.26372826630870727,1728,-0.26372826630870727,0.17761319757779884
6766,146064,2,21,43764,0.729131089206428,1737,-0.26372826630870727,0.17636951505011697
6766,146064,2,22,43763,0.6505601712483824,1491,0.729131089206428,0.21622204177484028
6766,146064,2,23,43762,-0.26372826630870727,1889,-0.24821483887878326,0.157718338361857
6766,146064,2,24,43761,-0.26372826630870727,1860,-0.26372826630870727,0.1609731917696171
6766,145953,0,5,47434,-0.23076331852876908,1000,-0.18048433803508523,0.23655626193118198
6766,145953,0,6,47433,-0.0691774678614474,1085,-0.05660772273802628,0.21229695702998286
6766,145953,0,7,47432,-0.1360874171427935,1013,-0.1360874171427935,0.23243781573697989
6766,145953,0,8,47431,-0.07231038393295453,1103,-0.07300895108913896,0.2076365001701098
6766,145953,0,9,47430,-0.03946559194081056,1144,-0.04086272625317955,0.19781880233620108
6766,145953,0,10,47429,0.7038343776503142,1252,0.7038343776503142,0.1752464308863685
6766,145953,0,11,47428,-0.08412635863500462,1228,-0.08412635863500462,0.1798100739023744
6766,145953,0,12,47427,0.6555845269048788,1187,0.08016382432040348,0.1882150506550182
6766,145953,0,13,47426,-0.2521821505490337,1288,-0.20958517692942913,0.16878344582731283
6766,145953,0,14,47425,-0.2523895028009643,1333,-0.2523895028009643,0.16120937034361785
6766,145953,0,15,47424,-0.1120804133374993,1163,-0.1120804133374993,0.19335200748057876
6766,145953,0,16,47423,0.6015843650961926,1565,-0.25313155604160154,0.13023668456078707
6766,145953,0,17,47422,0.24793795055349727,1552,-0.10626523930946752,0.13163210899448424
6766,145953,0,18,47421,-0.04378665106235757,1403,-0.04455036016381719,0.15061774474527512
6766,145953,0,19,47420,0.6555953373990092,1649,0.6555953373990092,0.12141701266404405
6766,145953,0,20,47419,0.651208996841941,1688,-0.16584107039235807,0.11773263928797804
6766,145953,0,21,47418,0.6258075439115297,1427,0.012089549948667289,0.14717955517654116
6766,145953,0,22,47417,-0.12570927303262958,1220,-0.12477151497567252,0.18150988582594116
6766,145953,0,23,47416,-0.06334021950185265,1338,-0.05451268384814545,0.16050106080701457
6766,145953,0,24,47415,-0.06675556845065411,1324,-0.06675556845065411,0.1627536892208865
6766,145953,1,5,47434,-0.06808773518055666,1000,-0.06948263764897611,0.2636500464127432
6766,145953,1,6,47433,-0.12126985643663812,1033,-0.12126985643663812,0.2526372678769648
6766,145953,1,7,47432,0.5316980426728567,1169,-0.1828613913315178,0.2140767234199853
6766,145953,1,8,47431,-0.146559752042137,1519,-0.15963152256394209,0.1509378994413661
6766,145953,1,9,47430,-0.1782578644601167,1509,-0.2548544000803461,0.1523906549627695
6766,145953,1,10,47429,0.6953236592197477,1483,0.7475436464982371,0.15583275401881347
6766,145953,1,11,47428,0.6195771422912112,1833,-0.2153564812748291,0.11752610422131132
6766,145953,1,12,47427,-0.09277813657769107,1433,-0.0913810022653222,0.16315317354212225
6766,145953,1,13,47426,0.6327252837231622,1956,-0.15358838660000873,0.10780405262557907
6766,145953,1,14,47425,0.572876679462572,2140,0.572876679462572,0.09562985021637134
6766,145953,1,15,47424,-0.08589240977770873,1403,-0.08379894015310485,0.16781295132448384
6766,145953,1,16,47423,0.6327798244096774,1405,0.6461025378855512,0.1675556821458357
6766,145953,1,17,47422,0.6471723583337053,1315,0.593717847498103,0.18295847759412448
6766,145953,1,18,47421,-0.19319524728830983,1253,-0.19319524728830983,0.19526960930970158
6766,145953,1,19,47420,-0.18698880311788602,1313,-0.1824269140851673,0.18342122114001405
6766,145953,1,20,47419,-0.12568709408338175,1370,-0.0691450712516185,0.17328011288705591
6766,145953,1,21,47418,-0.1256323441614966,1355,-0.10425710284336964,0.175757878523598
6766,145953,1,22,47417,-0.19775661323260263,1373,-0.19780020393474074,0.17281381238668694
6766,145953,1,23,47416,-0.04953731085122548,1374,0.07937915680935592,0.17263486101399697
6766,145953,1,24,47415,0.6394030654376647,1397,-0.10417082812569733,0.16882374751040752
6766,145953,2,5,47434,0.6820659830714636,1000,-0.2407266535173862,0.3332427691995515
6766,145953,2,6,47433,-0.23498694371289564,1078,-0.2503509574610544,0.3015005467611336
6766,145953,2,7,47432,0.6684271498236843,1248,0.6684271498236843,0.2479791507068623
6766,145953,2,8,47431,0.6830265129112174,1343,0.6830265129112174,0.22500490252344946
6766,145953,2,9,47430,-0.24306056945498367,1806,-0.24306056945498367,0.151499245212617
6766,145953,2,10,47429,0.6444004081484624,1600,0.6444004081484624,0.1780934575449206
6766,145953,2,11,47428,0.7618171254965852,1684,0.7618171254965852,0.16629470230534507
6766,145953,2,12,47427,-0.247883549357229,1253,-0.3100337078181493,0.24666896186187487
6766,145953,2,13,47426,-0.1549841260099094,1639,-0.1549841260099094,0.17239038680296956
6766,145953,2,14,47425,-0.22842870513993652,1815,-0.22493810120296376,0.15046889568097566
6766,145953,2,15,47424,-0.25077469395839835,1849,-0.1855250970852117,0.14682862311608105
6766,145953,2,16,47423,0.6629932723853948,1877,-0.00974349835959476,0.1438790795456278
6766,145953,2,17,47422,0.2262026151631477,1868,0.6039957678659108,0.14489367974484174
6766,145953,2,18,47421,-0.0916448480672235,1806,-0.1391295599361695,0.15155499723917912
6766,145953,2,19,47420,-0.10415952941570339,1780,-0.10664698924251237,0.15442109156871384
6766,145953,2,20,47419,-0.07272355404410114,1715,-0.07287629586439315,0.162275657530742
6766,145953,2,21,47418,-0.31354722302816573,1851,-0.29114760020979336,0.14664095090274362
6766,145953,2,22,47417,-0.1789239303887873,1823,-0.18381390048207824,0.14959836873334473
6766,145953,2,23,47416,-0.1908277839463467,1964,-0.21269528634557877,0.1355330836517336
6766,145953,2,24,47415,-0.19451608043565594,1957,-0.1800040382426461,0.13617676212191573
6766,145804,0,5,52732,-0.7683094987725652,1000,-0.7714349665449209,0.10664520234885945
6766,145804,0,6,52731,0.3870600600993917,1000,0.10580987299044953,0.2498821254533799
6766,145804,0,7,52730,-0.22817397576565046,1000,-0.22817397576565046,0.2013253556348316
6766,145804,0,8,52729,-0.1861328417357725,1000,-0.1861328417357725,0.20262013328914066
6766,145804,0,9,52728,0.0231951939197077,1000,0.009914060862796559,0.20667693233036616
6766,145804,0,10,52727,0.20102456179085737,1000,0.16933438800407163,0.15223347701244183
6766,145804,0,11,52726,-0.06347558602520731,1000,-0.07456066820345475,0.14306315659508642
6766,145804,0,12,52725,0.06118050773882644,1000,0.06767463813130614,0.1261121017070179
6766,145804,0,13,52724,-0.052734784300811244,1000,-0.052734784300811244,0.15083795907850864
6766,145804,0,14,52723,-0.023485119225817086,1000,-0.0293935050743932,0.11262046494809021
6766,145804,0,15,52722,-0.01596694159207268,1000,-0.01596694159207268,0.12438173815521712
6766,145804,0,16,52721,-0.012792638385774047,1000,-0.006541702841062147,0.11187275028941861
6766,145804,0,17,52720,0.01020459427297049,1000,0.012646459524594311,0.1277384769336965
6766,145804,0,18,52719,0.02846843846361169,1000,0.022217502918900234,0.12023947026529447
6766,145804,0,19,52718,0.036717276517079456,1016,-0.02563406542825497,0.10442986504594551
6766,145804,0,20,52717,-0.004686891895936851,1000,0.016358794494507167,0.11429993337133958
6766,145804,0,21,52716,-0.005224455887196333,1000,-0.005224455887196333,0.11480832982347221
6766,145804,0,22,52715,-0.004199285992276036,1000,-0.004199285992276036,0.11030837986021537
6766,145804,0,23,52714,-0.00493106906565155,1010,0.00395384583719971,0.10528494810612136
6766,145804,0,24,52713,0.0050280850522418374,1057,0.0026360843337431827,0.09899262062317775
6766,145804,1,5,52732,0.24550798206747904,1000,-0.4419931405861748,0.3140885415703801
6766,145804,1,6,52731,-0.3992197557105649,1329,0.3101536538634252,0.21490491462345618
6766,145804,1,7,52730,-0.07021539045894165,1287,-0.13271576467682633,0.22436892190956786
6766,145804,1,8,52729,0.4397926926473668,1378,0.458884447130497,0.2047648945322848
6766,145804,1,9,52728,0.5040506279376102,1819,0.48246864054126853,0.14144935133921505
6766,145804,1,10,52727,0.44614274915426744,2382,0.44301728138191154,0.09872393031413548
6766,145804,1,11,52726,0.3644528560308951,1989,0.23290853366464082,0.12559006976184747
6766,145804,1,12,52725,0.04531095635122595,2537,0.09858344497500204,0.09076090837816096
6766,145804,1,13,52724,-0.06694379060264088,2868,-0.06694379060264088,0.07708351921739533
6766,145804,1,14,52723,-0.040478634029877725,2719,-0.040478634029877725,0.08276998665484395
6766,145804,1,15,52722,-0.017673749363829705,3091,-0.0184062808729758,0.06975542193316851
6766,145804,1,16,52721,0.05498196269796152,2806,0.1056640683471547,0.07935706021408681
6766,145804,1,17,52720,0.05644585628536403,3442,0.040479101802233686,0.060427968201545106
6766,145804,1,18,52719,-0.03911142898841391,3202,-0.02343661123252383,0.0665547126192972
6766,145804,1,19,52718,0.05165900143699742,2817,0.05165900143699742,0.07895461492389388
6766,145804,1,20,52717,-0.059277656572762405,2800,-0.059277656572762405,0.07957730601276711
6766,145804,1,21,52716,-0.009277750127233975,3231,-0.009277750127233975,0.06575371015736699
6766,145804,1,22,52715,-0.025048975765649684,3186,-0.025048975765649684,0.0670089786741805
6766,145804,1,23,52714,-0.010448818219920608,3063,-0.014209474074185158,0.07060573829614389
6766,145804,1,24,52713,-0.007959193410771892,3161,-0.011866028126216732,0.06771129551198438
6766,145804,2,5,52732,-0.7061994338083404,1000,0.27504775955752486,0.16183570157049057
6766,145804,2,6,52731,-0.2795900630182915,1000,-0.40224596218902453,0.3117480703699187
6766,145804,2,7,52730,-0.23525366359308997,1000,-0.23525366359308997,0.28891270044875944
6766,145804,2,8,52729,0.44584940910996046,1000,0.423681770724187,0.3279609444387774
6766,145804,2,9,52728,0.10161236453312594,1000,0.07163269391970795,0.19372713327671406
6766,145804,2,10,52727,-0.06889669341077143,1000,-0.06889669341077143,0.19233626745936463
6766,145804,2,11,52726,-0.04384771764512163,1000,-0.04384771764512163,0.18178703949429675
6766,145804,2,12,52725,0.20966674961829768,1030,0.18154352715324984,0.15553356286641623
6766,145804,2,13,52724,-0.016260141304673237,1075,-0.01645464105020511,0.1469842094385005
6766,145804,2,14,52723,-0.021484363305691145,1104,-0.021484363305691145,0.14176765122535284
6766,145804,2,15,52722,-0.01152343165284564,1153,-0.01152343165284564,0.13378333869112738
6766,145804,2,16,52721,0.017384011166660995,1179,0.009570575621949517,0.1299332124641956
6766,145804,2,17,52720,-0.008398431652845595,1141,-0.008398431652845595,0.13565636049421792
6766,145804,2,18,52719,0.05038928015447741,1097,0.038135421968086836,0.14308437469438426
6766,145804,2,19,52718,-0.035009299314433306,1190,-0.008544750845732696,0.1283364484323425
6766,145804,2,20,52717,-0.002880776053049261,1215,-0.006103914693291079,0.12484427169784523
6766,145804,2,21,52716,-0.011621570293088301,1353,0.037549162874591646,0.10815614532288385
6766,145804,2,22,52715,-0.005029301260365826,1206,-0.005029301260365826,0.12603605241750548
6766,145804,2,23,52714,-0.00781264033170681,1240,-0.00781264033170681,0.12154506913491805
6766,145804,2,24,52713,0.002929330823578047,1418,0.006054798595933608,0.1015847588392639
6766,31,0,5,60716,0.0,1000,0.0,0.0
6766,31,0,6,60715,0.0,1000,0.0,0.0
6766,31,0,7,60714,0.0,1000,-0.9384615384615385,0.0
6766,31,0,8,60713,-0.8461538461538461,1000,-0.09230769230769231,0.0
6766,31,0,9,60712,-0.3502403846153844,1000,0.5420673076923079,0.2755404825508525
6766,31,0,10,60711,0.5872596153846156,1000,-0.17596153846153884,0.23353312296849932
6766,31,0,11,60710,0.66875,1000,0.66875,0.266822852616522
6766,31,0,12,60709,0.26850961538461515,1000,-0.24350961538461546,0.2005662996465015
6766,31,0,13,60708,-0.17956730769230822,1000,-0.14879807692307745,0.15847518175651232
6766,31,0,14,60707,0.014423076923076983,1000,-0.22788461538461546,0.13266446495098036
6766,31,0,15,60706,-0.07307692307692293,1000,-0.10961538461538445,0.11775839421081159
6766,31,0,16,60705,0.1377403846153848,1000,0.09158653846153864,0.08753623507206952
6766,31,0,17,60704,-0.3007211538461536,1000,-0.3314903846153844,0.0945161217771177
6766,31,0,18,60703,-0.10552884615384683,1000,-0.15168269230769293,0.09801552060755314
6766,31,0,19,60702,-0.14158653846153912,1000,-0.15697115384615445,0.0722929892085672
6766,31,0,20,60701,-0.11514423076923164,1000,-0.028365384615385958,0.09114259329519653
6766,31,0,21,60700,-0.11394230769230851,1000,-0.09471153846153924,0.10596668662445832
6766,31,0,22,60699,-0.10240384615384635,1000,0.13485576923076914,0.06430440706764477
6766,31,0,23,60698,-0.195192307692308,1000,-0.21250000000000024,0.0766239360628383
6766,31,0,24,60697,-0.16995192307692386,1000,-0.17139423076923155,0.09116980151512086
6766,31,1,5,60716,0.0,1000,-0.8769230769230769,0.0
6766,31,1,6,60715,0.0,1000,-0.9538461538461539,0.0
6766,31,1,7,60714,0.0,1000,0.0,0.0
6766,31,1,8,60713,-0.8461538461538461,1000,-0.7538461538461538,0.0
6766,31,1,9,60712,-0.33701923076923057,1000,0.2322115384615387,0.18669456017560473
6766,31,1,10,60711,0.6076923076923076,1000,-0.23966346153846174,0.20572625456738883
6766,31,1,11,60710,0.24206730769230744,1000,0.22956730769230754,0.13417920217499213
6766,31,1,12,60709,-0.05384615384615454,1000,-0.10889423076923155,0.08989569405313709
6766,31,1,13,60708,-0.12788461538461615,1000,-0.12788461538461615,0.10141848347649829
6766,31,1,14,60707,0.1966346153846149,1000,0.24062499999999976,0.0836340586879058
6766,31,1,15,60706,-0.10216346153846234,1000,-0.0406250000000008,0.05850142996875797
6766,31,1,16,60705,-0.024519230769231126,1000,-0.039903846153846456,0.08988080062316359
6766,31,1,17,60704,0.12043269230769205,1000,-0.08750000000000002,0.06021757750234613
6766,31,1,18,60703,-0.02932692307692364,1000,-0.029086538461539302,0.039963212217311486
6766,31,1,19,60702,0.06730769230769229,1000,-0.0036057692307692735,0.0521202132468844
6766,31,1,20,60701,-0.04927884615384648,1000,-0.06466346153846192,0.08064755547296149
6766,31,1,21,60700,-0.036538461538461964,1000,-0.023076923076923328,0.05549848681906253
6766,31,1,22,60699,-0.009855769230769362,1000,-0.018990384615384825,0.04183498701420337
6766,31,1,23,60698,-0.03197115384615434,1000,-0.01826923076923137,0.03913621685855278
6766,31,1,24,60697,-0.023317307692308442,1000,-0.005528846153846967,0.03583249998419709
6766,31,2,5,60716,0.044230769230769296,1000,-0.4173076923076922,0.34746862424803143
6766,31,2,6,60715,-0.16105769230769285,1203,-0.17644230769230818,0.2714495539948325
6766,31,2,7,60714,-0.31274038461538467,1184,-0.3742788461538462,0.2774218741291016
6766,31,2,8,60713,-0.13990384615384677,1306,-0.1367788461538465,0.24348327772790884
6766,31,2,9,60712,-0.12307692307692397,1241,-0.1086538461538471,0.26048821320723214
6766,31,2,10,60711,-0.13341346153846223,1368,-0.11802884615384679,0.2287147209373084
6766,31,2,11,60710,0.11057692307692235,1326,0.34759615384615317,0.23851135422570915
6766,31,2,12,60709,-0.024278846153847455,1420,-0.004567307692308953,0.21774790984097772
6766,31,2,13,60708,-0.00048076923077056133,1500,-0.034855769230770384,0.2024308274362545
6766,31,2,14,60707,0.00649038461538376,1576,-0.07043269230769322,0.18937589438251146
6766,31,2,15,60706,0.460817307692308,1556,-0.11129807692307664,0.19276575278069263
6766,31,2,16,60705,-0.017067307692308797,1572,-0.033413461538462697,0.19010625019616387
6766,31,2,17,60704,-0.04591346153846254,1726,-0.05216346153846252,0.167766129911572
6766,31,2,18,60703,-0.041586538461538924,1631,0.015865384615384004,0.18099034077385756
6766,31,2,19,60702,0.44399038461538476,1724,-0.2329326923076922,0.16808630669502608
6766,31,2,20,60701,-0.005288461538461631,1744,-0.03918269230769289,0.1655506557550094
6766,31,2,21,60700,0.23557692307692318,2246,0.23557692307692318,0.11812939070473366
6766,31,2,22,60699,0.0509615384615385,2452,-0.1901442307692306,0.1051151361230099
6766,31,2,23,60698,-0.17596153846153822,2570,-0.09038461538461523,0.09871683860150336
6766,31,2,24,60697,0.007451923076923328,2859,0.021153846153846412,0.08561988482896962
6766,10101,0,5,66272,-1.249000902703301e-16,1000,-1.249000902703301e-16,1.249000902703301e-16
6766,10101,0,6,66271,-1.249000902703301e-16,1000,-0.6363389092887244,1.190278209218274e-16
6766,10101,0,7,66270,-1.249000902703301e-16,1000,-0.8181694546443584,1.26943361214963e-16
6766,10101,0,8,66269,-1.249000902703301e-16,1000,-1.249000902703301e-16,1.2512876805419527e-16
6766,10101,0,9,66268,-1.249000902703301e-16,1000,-0.6363389092887244,1.2476750630118988e-16
6766,10101,0,10,66267,-1.249000902703301e-16,1000,-1.249000902703301e-16,1.249000902703301e-16
6766,10101,0,11,66266,-0.5454236366109035,1000,-1.249000902703301e-16,1.35619434333351e-16
6766,10101,0,12,66265,-0.44319070447436193,1000,0.28406347749218314,0.1660566589940054
6766,10101,0,13,66264,0.6647573694410407,1000,0.42186331259349674,0.20687841868135506
6766,10101,0,14,66263,0.6136249660002687,1000,0.11081255099959209,0.17308401248411429
6766,10101,0,15,66262,0.6917574034407713,1000,0.7045413011695895,0.1466952141636245
6766,10101,0,16,66261,0.059615335577315465,1000,0.15053060825513626,0.124263650532764
6766,10101,0,17,66260,-0.07243642050864074,1000,0.0426250339997255,0.10460451400849666
6766,10101,0,18,66259,0.036909892220865326,1000,0.13491410818713634,0.08109227343349777
6766,10101,0,19,66258,-0.10937181252549821,1000,-0.1292648408812701,0.07331740995993113
6766,10101,0,20,66257,-0.18749893750850166,1000,-0.19602118183054695,0.06374245004068071
6766,10101,0,21,66256,-0.11789405684754617,1000,0.20457317591459412,0.06769395711751997
6766,10101,0,22,66255,0.13638672140622798,1000,0.31246706276349956,0.09296241199578748
6766,10101,0,23,66254,-0.10511759655922803,1000,-0.07528283523731838,0.08428595659119092
6766,10101,0,24,66253,-0.07812818747449735,1000,-0.07812818747449735,0.08244168189596185
6766,10101,1,5,66272,-0.1534003977968162,1000,0.3920232388140873,0.1800640101019964
6766,10101,1,6,66271,-0.4176239715082258,1000,-0.1448781534747709,0.19489338133910197
6766,10101,1,7,66270,0.5326620512035871,1000,0.41760697164422456,0.25549666183014574
6766,10101,1,8,66269,0.5837955171358598,1000,0.28548190364476866,0.18655273850576257
6766,10101,1,9,66268,0.6747107898136806,1228,0.6874946875424987,0.13688802272431896
6766,10101,1,10,66267,0.012803022575819223,1000,0.24570115939072718,0.19242988612052347
6766,10101,1,11,66266,0.3834988695090455,1000,0.2925835968312247,0.1803061219484703
6766,10101,1,12,66265,-0.031235125118999507,1411,0.05961214810281501,0.1137258543977586
6766,10101,1,13,66264,-0.07812606249150478,1518,-0.16904133516931796,0.10320126558613375
6766,10101,1,14,66263,-0.150573107915133,1412,-0.05965783523731982,0.11366519249533777
6766,10101,1,15,66262,0.04682718788249707,2393,0.13774246056031786,0.0562643294256413
6766,10101,1,16,66261,-0.0028294148646854644,2090,-0.09374468754249865,0.0673982297787769
6766,10101,1,17,66260,0.07952748878009203,2303,-0.18182098293213733,0.059218782155012924
6766,10101,1,18,66259,0.032679051067587395,2068,-0.06107732388140752,0.06833222960163939
6766,10101,1,19,66258,-0.015618625051002755,2036,0.06819495444036383,0.06979954289446148
6766,10101,1,20,66257,0.0412087328301356,2391,0.16763459642322986,0.056324137869053666
6766,10101,1,21,66256,-0.09233582381340821,2058,-0.09233582381340821,0.06880315641496401
6766,10101,1,22,66255,-0.0582425965592267,2138,0.12074684652522572,0.06536623713212296
6766,10101,1,23,66254,-0.07528921018631785,1923,0.3621725401196814,0.07530518750347934
6766,10101,1,24,66253,-0.07670976132190888,1874,-0.16762503399972972,0.07795114460275133
6766,10101,2,5,66272,-0.07384740922072797,1000,-0.1647626818985488,0.32833436418272305
6766,10101,2,6,66271,0.21019269345845543,1188,-0.15340039779682157,0.26085382086900066
6766,10101,2,7,66270,-0.18180929552563563,1403,-0.09089402284782244,0.20908737794918508
6766,10101,2,8,66269,0.05541318169454379,1331,0.1519447844417251,0.22415222742062546
6766,10101,2,9,66268,-0.136355909152727,1515,0.13638990888072788,0.18862873984813916
6766,10101,2,10,66267,0.017067863457092658,1586,0.039783931728543886,0.17747870321458944
6766,10101,2,11,66266,-0.09232732388140874,1513,0.08950322147422529,0.18907191743789778
6766,10101,2,12,66265,-0.16478180674554765,1754,-0.06960488066095405,0.1552215673758521
6766,10101,2,13,66264,-0.06250318747450068,1473,0.02841208520332017,0.19588417155678164
6766,10101,2,14,66263,0.011366534067729361,1594,-0.03835275567795482,0.17628745176086708
6766,10101,2,15,66262,-0.07102436930504408,1517,0.018469289745677853,0.18841619678582847
6766,10101,2,16,66261,0.061085823813405216,1520,0.0468803124574958,0.18783142639514436
6766,10101,2,17,66260,-0.0014205511355896983,1761,0.15341952264381697,0.15437144799040853
6766,10101,2,18,66259,0.16904771011831932,1522,0.3493897048823637,0.18751627714419108
6766,10101,2,19,66258,0.06536235210118391,1627,0.06536235210118391,0.17155501357855643
6766,10101,2,20,66257,0.007102755677956929,1538,0.01988771589827476,0.1848668317280639
6766,10101,2,21,66256,0.02131039201686502,1736,0.02131039201686491,0.15733439119101494
6766,10101,2,22,66255,0.3125212498300023,1718,0.29405408506732,0.15953004549155228
6766,10101,2,23,66254,0.12216739766081675,1603,0.10370023289813446,0.17494399933676175
6766,10101,2,24,66253,0.08665361927104187,1580,0.0681864545083597,0.17840370870836636
