ss,task,seed,K,regret,mean_cand
6767,146065,0,50,0.058364766931465084,50.0
6767,146065,0,100,0.03112803159807387,100.0
6767,146065,0,250,0.0,250.0
6767,146065,0,500,0.4941618863432806,500.0
6767,146065,0,1000,0.027236735333390882,1000.0
6767,146065,0,2000,0.007782592529365973,2000.0
6767,146065,0,4000,0.25291788756866485,4000.0
6767,146065,0,8000,0.0038912962646829863,8000.0
6767,146065,0,16000,0.0,16000.0
6767,146065,0,full,0.0038912962646829863,44243.5
6767,146065,1,50,0.0,50.0
6767,146065,1,100,0.027236735333390882,100.0
6767,146065,1,250,0.06225606319614807,250.0
6767,146065,1,500,0.07392995199019703,500.0
6767,146065,1,1000,0.011673888794048959,1000.0
6767,146065,1,2000,0.0,2000.0
6767,146065,1,4000,0.01945414280402502,4000.0
6767,146065,1,8000,0.0038912962646829863,8000.0
6767,146065,1,16000,0.0038912962646829863,16000.0
6767,146065,1,full,0.0,44243.5
6767,146065,2,50,0.0038912962646829863,50.0
6767,146065,2,100,0.011673888794048959,100.0
6767,146065,2,250,0.01945414280402502,250.0
6767,146065,2,500,0.14785990398039373,500.0
6767,146065,2,1000,0.1556424965097597,1000.0
6767,146065,2,2000,0.07392995199019703,2000.0
6767,146065,2,4000,0.0505845129214888,4000.0
6767,146065,2,8000,0.0,8000.0
6767,146065,2,16000,0.4435797119411814,16000.0
6767,146065,2,full,0.023345439068708007,44243.5
6767,146065,3,50,0.054475809186171786,50.0
6767,146065,3,100,0.14007731145102775,100.0
6767,146065,3,250,0.6614782716470892,250.0
6767,146065,3,500,0.0505845129214888,500.0
6767,146065,3,1000,0.06225606319614807,1000.0
6767,146065,3,2000,0.011673888794048959,2000.0
6767,146065,3,4000,0.0,4000.0
6767,146065,3,8000,0.0,8000.0
6767,146065,3,16000,0.8015555830981173,16000.0
6767,146065,3,full,0.011673888794048959,44243.5
6767,146065,4,50,0.01945414280402502,50.0
6767,146065,4,100,0.0,100.0
6767,146065,4,250,0.0,250.0
6767,146065,4,500,0.01945414280402502,500.0
6767,146065,4,1000,0.8015555830981173,1000.0
6767,146065,4,2000,0.3346304320882276,2000.0
6767,146065,4,4000,0.0038912962646829863,4000.0
6767,146065,4,8000,0.01945414280402502,8000.0
6767,146065,4,16000,0.0,16000.0
6767,146065,4,full,0.0038912962646829863,44243.5
6767,145804,0,50,0.014399119559902473,50.0
6767,145804,0,100,0.014399119559902473,100.0
6767,145804,0,250,0.011200166768597808,250.0
6767,145804,0,500,0.007999681177680684,500.0
6767,145804,0,1000,0.01280040956405648,1000.0
6767,145804,0,2000,0.01280040956405648,2000.0
6767,145804,0,4000,0.011200166768597808,4000.0
6767,145804,0,8000,0.01280040956405648,8000.0
6767,145804,0,16000,0.015999362355361146,16000.0
6767,145804,0,full,0.009599923973139024,45088.5
6767,145804,1,50,0.014399119559902473,50.0
6767,145804,1,100,0.011200166768597808,100.0
6767,145804,1,250,0.02399904353304183,250.0
6767,145804,1,500,0.02399904353304183,500.0
6767,145804,1,1000,0.011200166768597808,1000.0
6767,145804,1,2000,0.009599923973139024,2000.0
6767,145804,1,4000,0.014399119559902473,4000.0
6767,145804,1,8000,0.02399904353304183,8000.0
6767,145804,1,16000,0.022400333537195505,16000.0
6767,145804,1,full,0.011200166768597808,45088.5
6767,145804,2,50,0.02399904353304183,50.0
6767,145804,2,100,0.011200166768597808,100.0
6767,145804,2,250,0.0016002427954586729,250.0
6767,145804,2,500,0.02399904353304183,500.0
6767,145804,2,1000,0.009599923973139024,1000.0
6767,145804,2,2000,0.01759960515081982,2000.0
6767,145804,2,4000,0.006399438382222011,4000.0
6767,145804,2,8000,0.02399904353304183,8000.0
6767,145804,2,16000,0.019199847946278492,16000.0
6767,145804,2,full,0.011200166768597808,45088.5
6767,145804,3,50,0.01759960515081982,50.0
6767,145804,3,100,0.015999362355361146,100.0
6767,145804,3,250,0.02399904353304183,250.0
6767,145804,3,500,0.011200166768597808,500.0
6767,145804,3,1000,0.015999362355361146,1000.0
6767,145804,3,2000,0.01759960515081982,2000.0
6767,145804,3,4000,0.0047991955867633385,4000.0
6767,145804,3,8000,0.009599923973139024,8000.0
6767,145804,3,16000,0.011200166768597808,16000.0
6767,145804,3,full,0.015999362355361146,45088.5
6767,145804,4,50,0.02399904353304183,50.0
6767,145804,4,100,0.014399119559902473,100.0
6767,145804,4,250,0.01280040956405648,250.0
6767,145804,4,500,0.01280040956405648,500.0
6767,145804,4,1000,0.02399904353304183,1000.0
6767,145804,4,2000,0.020800090741737165,2000.0
6767,145804,4,4000,0.009599923973139024,4000.0
6767,145804,4,8000,0.02399904353304183,8000.0
6767,145804,4,16000,0.0032004855909173457,16000.0
6767,145804,4,full,0.0047991955867633385,45088.5
6767,146064,0,50,0.0,50.0
6767,146064,0,100,0.0,100.0
6767,146064,0,250,0.0,250.0
6767,146064,0,500,0.0,500.0
6767,146064,0,1000,0.1009183359433049,1000.0
6767,146064,0,2000,0.4311928165419491,2000.0
6767,146064,0,4000,0.048929741604307964,4000.0
6767,146064,0,8000,0.4311928165419491,8000.0
6767,146064,0,16000,0.012232010324265685,16000.0
6767,146064,0,full,0.0,46051.5
6767,146064,1,50,0.0,50.0
6767,146064,1,100,0.0,100.0
6767,146064,1,250,0.0,250.0
6767,146064,1,500,0.0,500.0
6767,146064,1,1000,0.0,1000.0
6767,146064,1,2000,0.0,2000.0
6767,146064,1,4000,0.0,4000.0
6767,146064,1,8000,0.0,8000.0
6767,146064,1,16000,0.0,16000.0
6767,146064,1,full,0.0,46051.5
6767,146064,2,50,0.0,50.0
6767,146064,2,100,0.0,100.0
6767,146064,2,250,0.0,250.0
6767,146064,2,500,0.0,500.0
6767,146064,2,1000,0.0,1000.0
6767,146064,2,2000,0.0,2000.0
6767,146064,2,4000,0.0,4000.0
6767,146064,2,8000,0.0,8000.0
6767,146064,2,16000,0.0,16000.0
6767,146064,2,full,0.0,46051.5
6767,146064,3,50,0.0,50.0
6767,146064,3,100,0.03975488370748592,100.0
6767,146064,3,250,0.0,250.0
6767,146064,3,500,0.0,500.0
6767,146064,3,1000,0.0,1000.0
6767,146064,3,2000,0.03975488370748592,2000.0
6767,146064,3,4000,0.0,4000.0
6767,146064,3,8000,0.0,8000.0
6767,146064,3,16000,0.0,16000.0
6767,146064,3,full,0.0,46051.5
6767,146064,4,50,0.0,50.0
6767,146064,4,100,0.0,100.0
6767,146064,4,250,0.4311928165419491,250.0
6767,146064,4,500,0.0,500.0
6767,146064,4,1000,0.42813566411450543,1000.0
6767,146064,4,2000,0.4311928165419491,2000.0
6767,146064,4,4000,0.0,4000.0
6767,146064,4,8000,0.0,8000.0
6767,146064,4,16000,0.4311928165419491,16000.0
6767,146064,4,full,0.0,46051.5
6767,9914,0,50,0.023917573512388546,50.0
6767,9914,0,100,0.028687196110210422,100.0
6767,9914,0,250,0.043042370919195494,250.0
6767,9914,0,500,0.15788376939106297,500.0
6767,9914,0,1000,0.023917573512388546,1000.0
6767,9914,0,2000,0.0621903218337595,2000.0
6767,9914,0,4000,0.04783514702477443,4000.0
6767,9914,0,8000,0.03347997221579202,8000.0
6767,9914,0,16000,0.0573975457281779,16000.0
6767,9914,0,full,0.023917573512388546,47395.5
6767,9914,1,50,0.04783514702477443,50.0
6767,9914,1,100,0.04783514702477443,100.0
6767,9914,1,250,0.052627923130356025,250.0
6767,9914,1,500,0.03347997221579202,500.0
6767,9914,1,1000,0.03347997221579202,1000.0
6767,9914,1,2000,0.4449641120629785,2000.0
6767,9914,1,4000,0.03347997221579202,4000.0
6767,9914,1,8000,0.043042370919195494,8000.0
6767,9914,1,16000,0.03827274832137095,16000.0
6767,9914,1,full,0.0621903218337595,47395.5
6767,9914,2,50,0.0621903218337595,50.0
6767,9914,2,100,0.04783514702477443,100.0
6767,9914,2,250,0.03827274832137095,250.0
6767,9914,2,500,0.03827274832137095,500.0
6767,9914,2,1000,0.0621903218337595,1000.0
6767,9914,2,2000,0.03827274832137095,2000.0
6767,9914,2,4000,0.023917573512388546,4000.0
6767,9914,2,8000,0.052627923130356025,8000.0
6767,9914,2,16000,0.16267654549664456,16000.0
6767,9914,2,full,0.03827274832137095,47395.5
6767,9914,3,50,0.06698309793933854,50.0
6767,9914,3,100,0.052627923130356025,100.0
6767,9914,3,250,0.052627923130356025,250.0
6767,9914,3,500,0.043042370919195494,500.0
6767,9914,3,1000,0.08133827274832095,1000.0
6767,9914,3,2000,0.04783514702477443,2000.0
6767,9914,3,4000,0.07654549664274202,4000.0
6767,9914,3,8000,0.03827274832137095,8000.0
6767,9914,3,16000,0.04783514702477443,16000.0
6767,9914,3,full,0.043042370919195494,47395.5
6767,9914,4,50,0.043042370919195494,50.0
6767,9914,4,100,0.014355174808985072,100.0
6767,9914,4,250,0.052627923130356025,250.0
6767,9914,4,500,0.435401713359575,500.0
6767,9914,4,1000,0.08610789534614549,1000.0
6767,9914,4,2000,0.04783514702477443,2000.0
6767,9914,4,4000,0.0573975457281779,4000.0
6767,9914,4,8000,0.009562398703403474,8000.0
6767,9914,4,16000,0.03827274832137095,16000.0
6767,9914,4,full,0.03347997221579202,47395.5
6767,9967,0,50,0.0013600196476626358,50.0
6767,9967,0,100,0.0013600196476626358,100.0
6767,9967,0,250,0.0,250.0
6767,9967,0,500,0.0013600196476626358,500.0
6767,9967,0,1000,0.0013600196476626358,1000.0
6767,9967,0,2000,0.0013600196476626358,2000.0
6767,9967,0,4000,0.0013600196476626358,4000.0
6767,9967,0,8000,0.0013600196476626358,8000.0
6767,9967,0,16000,0.0013600196476626358,16000.0
6767,9967,0,full,0.0013600196476626358,48609.5
6767,9967,1,50,0.0,50.0
6767,9967,1,100,0.0027200392953249386,100.0
6767,9967,1,250,0.0,250.0
6767,9967,1,500,0.0027200392953249386,500.0
6767,9967,1,1000,0.0027200392953249386,1000.0
6767,9967,1,2000,0.0027200392953249386,2000.0
6767,9967,1,4000,0.0027200392953249386,4000.0
6767,9967,1,8000,0.0,8000.0
6767,9967,1,16000,0.0027200392953249386,16000.0
6767,9967,1,full,0.0,48609.5
6767,9967,2,50,0.0027200392953249386,50.0
6767,9967,2,100,0.0013600196476626358,100.0
6767,9967,2,250,0.0,250.0
6767,9967,2,500,0.0013600196476626358,500.0
6767,9967,2,1000,0.0013600196476626358,1000.0
6767,9967,2,2000,0.0013600196476626358,2000.0
6767,9967,2,4000,0.0027200392953249386,4000.0
6767,9967,2,8000,0.0,8000.0
6767,9967,2,16000,0.0027200392953249386,16000.0
6767,9967,2,full,0.0,48609.5
6767,9967,3,50,0.0027200392953249386,50.0
6767,9967,3,100,0.0027200392953249386,100.0
6767,9967,3,250,0.0013600196476626358,250.0
6767,9967,3,500,0.0027200392953249386,500.0
6767,9967,3,1000,0.0013600196476626358,1000.0
6767,9967,3,2000,0.0027200392953249386,2000.0
6767,9967,3,4000,0.0013600196476626358,4000.0
6767,9967,3,8000,0.0027200392953249386,8000.0
6767,9967,3,16000,0.0027200392953249386,16000.0
6767,9967,3,full,0.0013600196476626358,48609.5
6767,9967,4,50,0.0013600196476626358,50.0
6767,9967,4,100,0.0013600196476626358,100.0
6767,9967,4,250,0.0013600196476626358,250.0
6767,9967,4,500,0.0013600196476626358,500.0
6767,9967,4,1000,0.0013600196476626358,1000.0
6767,9967,4,2000,0.0013600196476626358,2000.0
6767,9967,4,4000,0.0013600196476626358,4000.0
6767,9967,4,8000,0.0013600196476626358,8000.0
6767,9967,4,16000,0.0013600196476626358,16000.0
6767,9967,4,full,0.0013600196476626358,48609.5
6767,31,0,50,0.11666666666666681,50.0
6767,31,0,100,0.14166666666666683,100.0
6767,31,0,250,0.11666666666666681,250.0
6767,31,0,500,0.10833333333333339,500.0
6767,31,0,1000,0.14166666666666683,1000.0
6767,31,0,2000,0.11666666666666681,2000.0
6767,31,0,4000,0.11666666666666681,4000.0
6767,31,0,8000,0.13333333333333341,8000.0
6767,31,0,16000,0.10833333333333339,16000.0
6767,31,0,full,0.15833333333333344,68233.5
6767,31,1,50,0.11666666666666681,50.0
6767,31,1,100,0.1250000000000001,100.0
6767,31,1,250,0.13333333333333341,250.0
6767,31,1,500,0.16666666666666685,500.0
6767,31,1,1000,0.1250000000000001,1000.0
6767,31,1,2000,0.13333333333333341,2000.0
6767,31,1,4000,0.16666666666666685,4000.0
6767,31,1,8000,0.10000000000000009,8000.0
6767,31,1,16000,0.13333333333333341,16000.0
6767,31,1,full,0.14166666666666683,68233.5
6767,31,2,50,0.14166666666666683,50.0
6767,31,2,100,0.15000000000000013,100.0
6767,31,2,250,0.15000000000000013,250.0
6767,31,2,500,0.15833333333333344,500.0
6767,31,2,1000,0.14166666666666683,1000.0
6767,31,2,2000,0.14166666666666683,2000.0
6767,31,2,4000,0.13333333333333341,4000.0
6767,31,2,8000,0.14166666666666683,8000.0
6767,31,2,16000,0.1250000000000001,16000.0
6767,31,2,full,0.13333333333333341,68233.5
6767,31,3,50,0.10000000000000009,50.0
6767,31,3,100,0.14166666666666683,100.0
6767,31,3,250,0.14166666666666683,250.0
6767,31,3,500,0.15833333333333344,500.0
6767,31,3,1000,0.11666666666666681,1000.0
6767,31,3,2000,0.08333333333333337,2000.0
6767,31,3,4000,0.13333333333333341,4000.0
6767,31,3,8000,0.28333333333333355,8000.0
6767,31,3,16000,0.19166666666666687,16000.0
6767,31,3,full,0.14166666666666683,68233.5
6767,31,4,50,0.16666666666666685,50.0
6767,31,4,100,0.1250000000000001,100.0
6767,31,4,250,0.1250000000000001,250.0
6767,31,4,500,0.11666666666666681,500.0
6767,31,4,1000,0.16666666666666685,1000.0
6767,31,4,2000,0.11666666666666681,2000.0
6767,31,4,4000,0.15000000000000013,4000.0
6767,31,4,8000,0.10833333333333339,8000.0
6767,31,4,16000,0.15000000000000013,16000.0
6767,31,4,full,0.09166666666666679,68233.5
5906,9971,0,50,0.05881445155095133,50.0
5906,9971,0,100,0.08823882439685149,100.0
5906,9971,0,250,0.05881445155095133,239.5
5906,9971,0,500,0.05881445155095133,239.5
5906,9971,0,1000,0.05881445155095133,239.5
5906,9971,0,2000,0.05881445155095133,239.5
5906,9971,0,4000,0.05881445155095133,239.5
5906,9971,0,8000,0.05881445155095133,239.5
5906,9971,0,16000,0.05881445155095133,239.5
5906,9971,0,full,0.05881445155095133,239.5
5906,9971,1,50,0.05881445155095133,50.0
5906,9971,1,100,0.08823882439685149,100.0
5906,9971,1,250,0.0,239.5
5906,9971,1,500,0.0,239.5
5906,9971,1,1000,0.0,239.5
5906,9971,1,2000,0.0,239.5
5906,9971,1,4000,0.0,239.5
5906,9971,1,8000,0.0,239.5
5906,9971,1,16000,0.0,239.5
5906,9971,1,full,0.0,239.5
5906,9971,2,50,0.02940722577547661,50.0
5906,9971,2,100,0.02940722577547661,100.0
5906,9971,2,250,0.02940722577547661,239.5
5906,9971,2,500,0.02940722577547661,239.5
5906,9971,2,1000,0.02940722577547661,239.5
5906,9971,2,2000,0.02940722577547661,239.5
5906,9971,2,4000,0.02940722577547661,239.5
5906,9971,2,8000,0.02940722577547661,239.5
5906,9971,2,16000,0.02940722577547661,239.5
5906,9971,2,full,0.02940722577547661,239.5
5906,9971,3,50,0.02940722577547661,50.0
5906,9971,3,100,0.08823882439685149,100.0
5906,9971,3,250,0.08823882439685149,239.5
5906,9971,3,500,0.08823882439685149,239.5
5906,9971,3,1000,0.08823882439685149,239.5
5906,9971,3,2000,0.08823882439685149,239.5
5906,9971,3,4000,0.08823882439685149,239.5
5906,9971,3,8000,0.08823882439685149,239.5
5906,9971,3,16000,0.08823882439685149,239.5
5906,9971,3,full,0.08823882439685149,239.5
5906,9971,4,50,0.02940722577547661,50.0
5906,9971,4,100,0.05881445155095133,100.0
5906,9971,4,250,0.05881445155095133,239.5
5906,9971,4,500,0.05881445155095133,239.5
5906,9971,4,1000,0.05881445155095133,239.5
5906,9971,4,2000,0.05881445155095133,239.5
5906,9971,4,4000,0.05881445155095133,239.5
5906,9971,4,8000,0.05881445155095133,239.5
5906,9971,4,16000,0.05881445155095133,239.5
5906,9971,4,full,0.05881445155095133,239.5
5906,3918,0,50,0.21211815707228476,50.0
5906,3918,0,100,0.15152737171085728,100.0
5906,3918,0,250,0.15152737171085728,244.0
5906,3918,0,500,0.15152737171085728,244.5
5906,3918,0,1000,0.15152737171085728,244.5
5906,3918,0,2000,0.15152737171085728,244.5
5906,3918,0,4000,0.15152737171085728,244.5
5906,3918,0,8000,0.15152737171085728,244.5
5906,3918,0,16000,0.15152737171085728,244.5
5906,3918,0,full,0.15152737171085728,244.5
5906,3918,1,50,0.21211815707228476,50.0
5906,3918,1,100,0.09090298081123616,100.0
5906,3918,1,250,0.09090298081123616,244.0
5906,3918,1,500,0.09090298081123616,244.5
5906,3918,1,1000,0.09090298081123616,244.5
5906,3918,1,2000,0.09090298081123616,244.5
5906,3918,1,4000,0.09090298081123616,244.5
5906,3918,1,8000,0.09090298081123616,244.5
5906,3918,1,16000,0.09090298081123616,244.5
5906,3918,1,full,0.09090298081123616,244.5
5906,3918,2,50,0.1818059616224761,50.0
5906,3918,2,100,0.21211815707228476,100.0
5906,3918,2,250,0.0,244.0
5906,3918,2,500,0.0,244.5
5906,3918,2,1000,0.0,244.5
5906,3918,2,2000,0.0,244.5
5906,3918,2,4000,0.0,244.5
5906,3918,2,8000,0.0,244.5
5906,3918,2,16000,0.0,244.5
5906,3918,2,full,0.0,244.5
5906,3918,3,50,0.1818059616224761,50.0
5906,3918,3,100,0.0,100.0
5906,3918,3,250,0.0,244.0
5906,3918,3,500,0.0,244.5
5906,3918,3,1000,0.0,244.5
5906,3918,3,2000,0.0,244.5
5906,3918,3,4000,0.0,244.5
5906,3918,3,8000,0.0,244.5
5906,3918,3,16000,0.0,244.5
5906,3918,3,full,0.0,244.5
5906,3918,4,50,0.09090298081123616,50.0
5906,3918,4,100,0.15152737171085728,100.0
5906,3918,4,250,0.15152737171085728,244.0
5906,3918,4,500,0.15152737171085728,244.5
5906,3918,4,1000,0.15152737171085728,244.5
5906,3918,4,2000,0.15152737171085728,244.5
5906,3918,4,4000,0.15152737171085728,244.5
5906,3918,4,8000,0.15152737171085728,244.5
5906,3918,4,16000,0.15152737171085728,244.5
5906,3918,4,full,0.15152737171085728,244.5
5971,10093,0,50,0.004941017451781882,50.0
5971,10093,0,100,0.0032932582009360667,100.0
5971,10093,0,250,0.0016454989500901407,250.0
5971,10093,0,500,0.0,500.0
5971,10093,0,1000,0.0032932582009360667,1000.0
5971,10093,0,2000,0.0,2000.0
5971,10093,0,4000,0.018120831157793726,2250.5
5971,10093,0,8000,0.018120831157793726,2250.5
5971,10093,0,16000,0.018120831157793726,2250.5
5971,10093,0,full,0.018120831157793726,2250.5
5971,10093,1,50,0.011532054455165697,50.0
5971,10093,1,100,0.019768590408639652,100.0
5971,10093,1,250,0.0032932582009360667,250.0
5971,10093,1,500,0.008236535953473956,500.0
5971,10093,1,1000,0.0164730719069478,1000.0
5971,10093,1,2000,0.0164730719069478,2000.0
5971,10093,1,4000,0.00658877670262803,2250.5
5971,10093,1,8000,0.00658877670262803,2250.5
5971,10093,1,16000,0.00658877670262803,2250.5
5971,10093,1,full,0.00658877670262803,2250.5
5971,10093,2,50,0.00658877670262803,50.0
5971,10093,2,100,0.0016454989500901407,100.0
5971,10093,2,250,0.0164730719069478,250.0
5971,10093,2,500,0.0016454989500901407,500.0
5971,10093,2,1000,0.0032932582009360667,1000.0
5971,10093,2,2000,0.00988429520431977,2000.0
5971,10093,2,4000,0.0032932582009360667,2250.5
5971,10093,2,8000,0.0032932582009360667,2250.5
5971,10093,2,16000,0.0032932582009360667,2250.5
5971,10093,2,full,0.0032932582009360667,2250.5
5971,10093,3,50,0.0016454989500901407,50.0
5971,10093,3,100,0.0016454989500901407,100.0
5971,10093,3,250,0.00658877670262803,250.0
5971,10093,3,500,0.004941017451781882,500.0
5971,10093,3,1000,0.004941017451781882,1000.0
5971,10093,3,2000,0.0164730719069478,2000.0
5971,10093,3,4000,0.018120831157793726,2250.5
5971,10093,3,8000,0.018120831157793726,2250.5
5971,10093,3,16000,0.018120831157793726,2250.5
5971,10093,3,full,0.018120831157793726,2250.5
5971,10093,4,50,0.0032932582009360667,50.0
5971,10093,4,100,0.004941017451781882,100.0
5971,10093,4,250,0.00658877670262803,250.0
5971,10093,4,500,0.00658877670262803,500.0
5971,10093,4,1000,0.0032932582009360667,1000.0
5971,10093,4,2000,0.004941017451781882,2000.0
5971,10093,4,4000,0.004941017451781882,2250.5
5971,10093,4,8000,0.004941017451781882,2250.5
5971,10093,4,16000,0.004941017451781882,2250.5
5971,10093,4,full,0.004941017451781882,2250.5
5971,3954,0,50,0.015797821278016322,50.0
5971,3954,0,100,0.013168329229099829,100.0
5971,3954,0,250,0.0043866605450979534,250.0
5971,3954,0,500,0.019529195709336755,500.0
5971,3954,0,1000,0.052886180558453955,1000.0
5971,3954,0,2000,0.015142535164238802,2000.0
5971,3954,0,4000,0.014704286489419238,2377.5
5971,3954,0,8000,0.014704286489419238,2377.5
5971,3954,0,16000,0.014704286489419238,2377.5
5971,3954,0,full,0.014704286489419238,2377.5
5971,3954,1,50,0.015142535164238802,50.0
5971,3954,1,100,0.022601110229976018,100.0
5971,3954,1,250,0.028527901832296476,250.0
5971,3954,1,500,0.01909094703451719,500.0
5971,3954,1,1000,0.0,1000.0
5971,3954,1,2000,0.001974205935138973,2000.0
5971,3954,1,4000,0.0024124546099585364,2377.5
5971,3954,1,8000,0.0024124546099585364,2377.5
5971,3954,1,16000,0.0024124546099585364,2377.5
5971,3954,1,full,0.0024124546099585364,2377.5
5971,3954,2,50,0.022162861555156455,50.0
5971,3954,2,100,0.014704286489419238,100.0
5971,3954,2,250,0.022162861555156455,250.0
5971,3954,2,500,0.022162861555156455,500.0
5971,3954,2,1000,0.010534663383279685,1000.0
5971,3954,2,2000,0.022162861555156455,2000.0
5971,3954,2,4000,0.015797821278016322,2377.5
5971,3954,2,8000,0.015797821278016322,2377.5
5971,3954,2,16000,0.015797821278016322,2377.5
5971,3954,2,full,0.015797821278016322,2377.5
5971,3954,3,50,0.037743645394215264,50.0
5971,3954,3,100,0.022601110229976018,100.0
5971,3954,3,250,0.04213447973621587,250.0
5971,3954,3,500,0.0024124546099585364,500.0
5971,3954,3,1000,0.010534663383279685,1000.0
5971,3954,3,2000,0.035769439459075736,2000.0
5971,3954,3,4000,0.034671730873575446,2377.5
5971,3954,3,8000,0.034671730873575446,2377.5
5971,3954,3,16000,0.034671730873575446,2377.5
5971,3954,3,full,0.034671730873575446,2377.5
5971,3954,4,50,0.029842647856755278,50.0
5971,3954,4,100,0.006365040277140133,100.0
5971,3954,4,250,0.022162861555156455,250.0
5971,3954,4,500,0.0,500.0
5971,3954,4,1000,0.027651404482657793,1000.0
5971,3954,4,2000,0.019750406945197918,2000.0
5971,3954,4,4000,0.0,2377.5
5971,3954,4,8000,0.0,2377.5
5971,3954,4,16000,0.0,2377.5
5971,3954,4,full,0.0,2377.5
5971,43,0,50,0.056415727260280435,50.0
5971,43,0,100,0.02107959472411125,100.0
5971,43,0,250,0.0055793893478163215,250.0
5971,43,0,500,0.015497352927753227,500.0
5971,43,0,1000,0.01673816804344841,1000.0
5971,43,0,2000,0.0055793893478163215,2000.0
5971,43,0,4000,0.03843674410113651,3358.5
5971,43,0,8000,0.03843674410113651,3358.5
5971,43,0,16000,0.03843674410113651,3358.5
5971,43,0,full,0.03843674410113651,3358.5
5971,43,1,50,0.003100611564967548,50.0
5971,43,1,100,0.0012379626671535915,100.0
5971,43,1,250,0.003100611564967548,250.0
5971,43,1,500,0.003100611564967548,500.0
5971,43,1,1000,0.003100611564967548,1000.0
5971,43,1,2000,0.003100611564967548,2000.0
5971,43,1,4000,0.003100611564967548,3358.5
5971,43,1,8000,0.003100611564967548,3358.5
5971,43,1,16000,0.003100611564967548,3358.5
5971,43,1,full,0.003100611564967548,3358.5
5971,43,2,50,0.07749532198439135,50.0
5971,43,2,100,0.02169857605768799,100.0
5971,43,2,250,0.07625450686869606,250.0
5971,43,2,500,0.008680000912783536,500.0
5971,43,2,1000,0.0018597964492720331,1000.0
5971,43,2,2000,0.07315389530372884,2000.0
5971,43,2,4000,0.017978983159143924,3358.5
5971,43,2,8000,0.017978983159143924,3358.5
5971,43,2,16000,0.017978983159143924,3358.5
5971,43,2,full,0.017978983159143924,3358.5
5971,43,3,50,0.01115877869563242,50.0
5971,43,3,100,0.007439185797088355,100.0
5971,43,3,250,0.015497352927753227,250.0
5971,43,3,500,0.004960408014239581,500.0
5971,43,3,1000,0.015497352927753227,1000.0
5971,43,3,2000,0.013018575144904454,2000.0
5971,43,3,4000,0.016119186709872002,3358.5
5971,43,3,8000,0.016119186709872002,3358.5
5971,43,3,16000,0.016119186709872002,3358.5
5971,43,3,full,0.016119186709872002,3358.5
5971,43,4,50,0.008058167130664873,50.0
5971,43,4,100,0.0018597964492720331,100.0
5971,43,4,250,0.011777760029209161,250.0
5971,43,4,500,0.02045776094199281,500.0
5971,43,4,1000,0.009917963579937239,1000.0
5971,43,4,2000,0.011777760029209161,2000.0
5971,43,4,4000,0.013018575144904454,3358.5
5971,43,4,8000,0.013018575144904454,3358.5
5971,43,4,16000,0.013018575144904454,3358.5
5971,43,4,full,0.013018575144904454,3358.5
5971,34536,0,50,0.0021844095230706406,50.0
5971,34536,0,100,0.0072801714104959725,100.0
5971,34536,0,250,0.0047328872999862215,250.0
5971,34536,0,500,0.0047328872999862215,500.0
5971,34536,0,1000,0.004004750792296119,1000.0
5971,34536,0,2000,0.006552034902805759,2000.0
5971,34536,0,4000,0.002548477776915692,3472.5
5971,34536,0,8000,0.002548477776915692,3472.5
5971,34536,0,16000,0.002548477776915692,3472.5
5971,34536,0,full,0.002548477776915692,3472.5
5971,34536,1,50,0.0058238983951156564,50.0
5971,34536,1,100,0.0058238983951156564,100.0
5971,34536,1,250,0.0047328872999862215,250.0
5971,34536,1,500,0.00910051267972145,500.0
5971,34536,1,1000,0.0047328872999862215,1000.0
5971,34536,1,2000,0.005095761887425443,2000.0
5971,34536,1,4000,0.005095761887425443,3472.5
5971,34536,1,8000,0.005095761887425443,3472.5
5971,34536,1,16000,0.005095761887425443,3472.5
5971,34536,1,full,0.005095761887425443,3472.5
5971,34536,2,50,0.0010922047615352648,50.0
5971,34536,2,100,0.00436881904614117,100.0
5971,34536,2,250,0.0036406825384509567,250.0
5971,34536,2,500,0.0010922047615352648,500.0
5971,34536,2,1000,0.00436881904614117,1000.0
5971,34536,2,2000,0.0021844095230706406,2000.0
5971,34536,2,4000,0.001456273015380427,3472.5
5971,34536,2,8000,0.001456273015380427,3472.5
5971,34536,2,16000,0.001456273015380427,3472.5
5971,34536,2,full,0.001456273015380427,3472.5
5971,34536,3,50,0.006916103156650921,50.0
5971,34536,3,100,0.006916103156650921,100.0
5971,34536,3,250,0.006552034902805759,250.0
5971,34536,3,500,0.009464580933566613,500.0
5971,34536,3,1000,0.005095761887425443,1000.0
5971,34536,3,2000,0.009464580933566613,2000.0
5971,34536,3,4000,0.004004750792296119,3472.5
5971,34536,3,8000,0.004004750792296119,3472.5
5971,34536,3,16000,0.004004750792296119,3472.5
5971,34536,3,full,0.004004750792296119,3472.5
5971,34536,4,50,0.0018203412692254783,50.0
5971,34536,4,100,0.006187966648960708,100.0
5971,34536,4,250,0.009828649187411664,250.0
5971,34536,4,500,0.001456273015380427,500.0
5971,34536,4,1000,0.0072801714104959725,1000.0
5971,34536,4,2000,0.0047328872999862215,2000.0
5971,34536,4,4000,0.0047328872999862215,3472.5
5971,34536,4,8000,0.0047328872999862215,3472.5
5971,34536,4,16000,0.0047328872999862215,3472.5
5971,34536,4,full,0.0047328872999862215,3472.5
5971,9970,0,50,0.04373098518390284,50.0
5971,9970,0,100,0.0,100.0
5971,9970,0,250,0.008745490330491212,250.0
5971,9970,0,500,0.011660653773988172,500.0
5971,9970,0,1000,0.005830326886994253,1000.0
5971,9970,0,2000,0.008745490330491212,2000.0
5971,9970,0,4000,0.023321307547976677,3851.5
5971,9970,0,8000,0.023321307547976677,3851.5
5971,9970,0,16000,0.023321307547976677,3851.5
5971,9970,0,full,0.023321307547976677,3851.5
5971,9970,1,50,0.026236470991473637,50.0
5971,9970,1,100,0.005830326886994253,100.0
5971,9970,1,250,0.029155167966417372,250.0
5971,9970,1,500,0.034985494853411625,500.0
5971,9970,1,1000,0.005830326886994253,1000.0
5971,9970,1,2000,0.0029151634434969598,2000.0
5971,9970,1,4000,0.008745490330491212,3851.5
5971,9970,1,8000,0.008745490330491212,3851.5
5971,9970,1,16000,0.008745490330491212,3851.5
5971,9970,1,full,0.008745490330491212,3851.5
5971,9970,2,50,0.0,50.0
5971,9970,2,100,0.0029151634434969598,100.0
5971,9970,2,250,0.0,250.0
5971,9970,2,500,0.017490980660982425,500.0
5971,9970,2,1000,0.037900658296908585,1000.0
5971,9970,2,2000,0.008745490330491212,2000.0
5971,9970,2,4000,0.037900658296908585,3851.5
5971,9970,2,8000,0.037900658296908585,3851.5
5971,9970,2,16000,0.037900658296908585,3851.5
5971,9970,2,full,0.037900658296908585,3851.5
5971,9970,3,50,0.029155167966417372,50.0
5971,9970,3,100,0.0029151634434969598,100.0
5971,9970,3,250,0.03207033140991433,250.0
5971,9970,3,500,0.0,500.0
5971,9970,3,1000,0.008745490330491212,1000.0
5971,9970,3,2000,0.008745490330491212,2000.0
5971,9970,3,4000,0.026236470991473637,3851.5
5971,9970,3,8000,0.026236470991473637,3851.5
5971,9970,3,16000,0.026236470991473637,3851.5
5971,9970,3,full,0.026236470991473637,3851.5
5971,9970,4,50,0.005830326886994253,50.0
5971,9970,4,100,0.014575817217485465,100.0
5971,9970,4,250,0.08163164348081142,250.0
5971,9970,4,500,0.42565626512793175,500.0
5971,9970,4,1000,0.4868782309728166,1000.0
5971,9970,4,2000,0.44606240923241114,2000.0
5971,9970,4,4000,0.14285714285714302,3851.5
5971,9970,4,8000,0.14285714285714302,3851.5
5971,9970,4,16000,0.14285714285714302,3851.5
5971,9970,4,full,0.14285714285714302,3851.5
5971,6566,0,50,0.008733264921366057,50.0
5971,6566,0,100,0.004731164833066792,100.0
5971,6566,0,250,0.0021836145383385963,250.0
5971,6566,0,500,0.0036393575638975495,500.0
5971,6566,0,1000,0.0021836145383385963,1000.0
5971,6566,0,2000,0.006913586139417283,2000.0
5971,6566,0,4000,0.006549650383027572,4000.0
5971,6566,0,8000,0.006549650383027572,4239.5
5971,6566,0,16000,0.006549650383027572,4239.5
5971,6566,0,full,0.006549650383027572,4239.5
5971,6566,1,50,0.0010918072691692426,50.0
5971,6566,1,100,0.0010918072691692426,100.0
5971,6566,1,250,0.0010918072691692426,250.0
5971,6566,1,500,0.0010918072691692426,500.0
5971,6566,1,1000,0.0010918072691692426,1000.0
5971,6566,1,2000,0.0010918072691692426,2000.0
5971,6566,1,4000,0.0010918072691692426,4000.0
5971,6566,1,8000,0.0010918072691692426,4239.5
5971,6566,1,16000,0.0010918072691692426,4239.5
5971,6566,1,full,0.0010918072691692426,4239.5
5971,6566,2,50,0.005095100589456614,50.0
5971,6566,2,100,0.0036393575638975495,100.0
5971,6566,2,250,0.0010918072691692426,250.0
5971,6566,2,500,0.0061857146266377505,500.0
5971,6566,2,1000,0.004731164833066792,1000.0
5971,6566,2,2000,0.007277521895807104,2000.0
5971,6566,2,4000,0.006913586139417283,4000.0
5971,6566,2,8000,0.0061857146266377505,4239.5
5971,6566,2,16000,0.0061857146266377505,4239.5
5971,6566,2,full,0.0061857146266377505,4239.5
5971,6566,3,50,0.00582177887024804,50.0
5971,6566,3,100,0.0061857146266377505,100.0
5971,6566,3,250,0.008005393408586636,250.0
5971,6566,3,500,0.006913586139417283,500.0
5971,6566,3,1000,0.0010918072691692426,1000.0
5971,6566,3,2000,0.004731164833066792,2000.0
5971,6566,3,4000,0.004367229076677082,4000.0
5971,6566,3,8000,0.004367229076677082,4239.5
5971,6566,3,16000,0.004367229076677082,4239.5
5971,6566,3,full,0.004367229076677082,4239.5
5971,6566,4,50,0.005457843113858329,50.0
5971,6566,4,100,0.004367229076677082,100.0
5971,6566,4,250,0.005095100589456614,250.0
5971,6566,4,500,0.004367229076677082,500.0
5971,6566,4,1000,0.005095100589456614,1000.0
5971,6566,4,2000,0.004003293320287371,2000.0
5971,6566,4,4000,0.0021836145383385963,4000.0
5971,6566,4,8000,0.004367229076677082,4239.5
5971,6566,4,16000,0.004367229076677082,4239.5
5971,6566,4,full,0.004367229076677082,4239.5
5965,145836,0,50,0.060599535331784304,50.0
5965,145836,0,100,0.10605768685895589,100.0
5965,145836,0,250,0.04544681815606122,250.0
5965,145836,0,500,0.0909049696832328,500.0
5965,145836,0,1000,0.0909049696832328,1000.0
5965,145836,0,2000,0.07575225250750861,2000.0
5965,145836,0,4000,0.04544681815606122,4000.0
5965,145836,0,8000,0.07575225250750861,8000.0
5965,145836,0,16000,0.04544681815606122,11213.5
5965,145836,0,full,0.04544681815606122,11213.5
5965,145836,1,50,0.07575225250750861,50.0
5965,145836,1,100,0.060599535331784304,100.0
5965,145836,1,250,0.030294100980337024,250.0
5965,145836,1,500,0.060599535331784304,500.0
5965,145836,1,1000,0.0909049696832328,1000.0
5965,145836,1,2000,0.0909049696832328,2000.0
5965,145836,1,4000,0.030294100980337024,4000.0
5965,145836,1,8000,0.07575225250750861,8000.0
5965,145836,1,16000,0.04544681815606122,11213.5
5965,145836,1,full,0.04544681815606122,11213.5
5965,145836,2,50,0.060599535331784304,50.0
5965,145836,2,100,0.0909049696832328,100.0
5965,145836,2,250,0.030294100980337024,250.0
5965,145836,2,500,0.07575225250750861,500.0
5965,145836,2,1000,0.0909049696832328,1000.0
5965,145836,2,2000,0.04544681815606122,2000.0
5965,145836,2,4000,0.030294100980337024,4000.0
5965,145836,2,8000,0.030294100980337024,8000.0
5965,145836,2,16000,0.04544681815606122,11213.5
5965,145836,2,full,0.04544681815606122,11213.5
5965,145836,3,50,0.04544681815606122,50.0
5965,145836,3,100,0.060599535331784304,100.0
5965,145836,3,250,0.015141383804612718,250.0
5965,145836,3,500,0.060599535331784304,500.0
5965,145836,3,1000,0.04544681815606122,1000.0
5965,145836,3,2000,0.07575225250750861,2000.0
5965,145836,3,4000,0.060599535331784304,4000.0
5965,145836,3,8000,0.0909049696832328,8000.0
5965,145836,3,16000,0.07575225250750861,11213.5
5965,145836,3,full,0.07575225250750861,11213.5
5965,145836,4,50,0.04544681815606122,50.0
5965,145836,4,100,0.04544681815606122,100.0
5965,145836,4,250,0.07575225250750861,250.0
5965,145836,4,500,0.030294100980337024,500.0
5965,145836,4,1000,0.060599535331784304,1000.0
5965,145836,4,2000,0.0,2000.0
5965,145836,4,4000,0.04544681815606122,4000.0
5965,145836,4,8000,0.030294100980337024,8000.0
5965,145836,4,16000,0.060599535331784304,11213.5
5965,145836,4,full,0.060599535331784304,11213.5
5965,9914,0,50,0.046394452620288185,50.0
5965,9914,0,100,0.051532762964256684,100.0
5965,9914,0,250,0.0206031278840636,250.0
5965,9914,0,500,0.010301563942031744,500.0
5965,9914,0,1000,0.046394452620288185,1000.0
5965,9914,0,2000,0.04123119902222483,2000.0
5965,9914,0,4000,0.0360679454241587,4000.0
5965,9914,0,8000,0.030929635080193085,8000.0
5965,9914,0,16000,0.0360679454241587,11305.5
5965,9914,0,full,0.0360679454241587,11305.5
5965,9914,1,50,0.025766381482126954,50.0
5965,9914,1,100,0.0360679454241587,100.0
5965,9914,1,250,0.0206031278840636,250.0
5965,9914,1,500,0.0360679454241587,500.0
5965,9914,1,1000,0.025766381482126954,1000.0
5965,9914,1,2000,0.0360679454241587,2000.0
5965,9914,1,4000,0.025766381482126954,4000.0
5965,9914,1,8000,0.0360679454241587,8000.0
5965,9914,1,16000,0.0206031278840636,11305.5
5965,9914,1,full,0.0206031278840636,11305.5
5965,9914,2,50,0.051532762964256684,50.0
5965,9914,2,100,0.051532762964256684,100.0
5965,9914,2,250,0.046394452620288185,250.0
5965,9914,2,500,0.025766381482126954,500.0
5965,9914,2,1000,0.05669601656231993,1000.0
5965,9914,2,2000,0.04123119902222483,2000.0
5965,9914,2,4000,0.030929635080193085,4000.0
5965,9914,2,8000,0.0360679454241587,8000.0
5965,9914,2,16000,0.046394452620288185,11305.5
5965,9914,2,full,0.046394452620288185,11305.5
5965,9914,3,50,0.051532762964256684,50.0
5965,9914,3,100,0.04123119902222483,100.0
5965,9914,3,250,0.04123119902222483,250.0
5965,9914,3,500,0.051532762964256684,500.0
5965,9914,3,1000,0.046394452620288185,1000.0
5965,9914,3,2000,0.07732408770048127,2000.0
5965,9914,3,4000,0.061859270160383284,4000.0
5965,9914,3,8000,0.04123119902222483,8000.0
5965,9914,3,16000,0.051532762964256684,11305.5
5965,9914,3,full,0.051532762964256684,11305.5
5965,9914,4,50,0.0360679454241587,50.0
5965,9914,4,100,0.04123119902222483,100.0
5965,9914,4,250,0.0360679454241587,250.0
5965,9914,4,500,0.030929635080193085,500.0
5965,9914,4,1000,0.025766381482126954,1000.0
5965,9914,4,2000,0.046394452620288185,2000.0
5965,9914,4,4000,0.04123119902222483,4000.0
5965,9914,4,8000,0.04123119902222483,8000.0
5965,9914,4,16000,0.046394452620288185,11305.5
5965,9914,4,full,0.046394452620288185,11305.5
5965,3903,0,50,0.07069893746348976,50.0
5965,3903,0,100,0.050490219296168704,100.0
5965,3903,0,250,0.06059457837982929,250.0
5965,3903,0,500,0.050490219296168704,500.0
5965,3903,0,1000,0.08080329654715201,1000.0
5965,3903,0,2000,0.050490219296168704,2000.0
5965,3903,0,4000,0.06059457837982929,4000.0
5965,3903,0,8000,0.03029728918991459,8000.0
5965,3903,0,16000,0.01008857102259364,11521.5
5965,3903,0,full,0.01008857102259364,11521.5
5965,3903,1,50,0.0909076556308126,50.0
5965,3903,1,100,0.050490219296168704,100.0
5965,3903,1,250,0.07069893746348976,250.0
5965,3903,1,500,0.07069893746348976,500.0
5965,3903,1,1000,0.0909076556308126,1000.0
5965,3903,1,2000,0.04040164827357695,2000.0
5965,3903,1,4000,0.04040164827357695,4000.0
5965,3903,1,8000,0.03029728918991459,8000.0
5965,3903,1,16000,0.08080329654715201,11521.5
5965,3903,1,full,0.08080329654715201,11521.5
5965,3903,2,50,0.04040164827357695,50.0
5965,3903,2,100,0.03029728918991459,100.0
5965,3903,2,250,0.03029728918991459,250.0
5965,3903,2,500,0.050490219296168704,500.0
5965,3903,2,1000,0.0909076556308126,1000.0
5965,3903,2,2000,0.08080329654715201,2000.0
5965,3903,2,4000,0.08080329654715201,4000.0
5965,3903,2,8000,0.10099622665340446,8000.0
5965,3903,2,16000,0.04040164827357695,11521.5
5965,3903,2,full,0.04040164827357695,11521.5
5965,3903,3,50,0.06059457837982929,50.0
5965,3903,3,100,0.08080329654715201,100.0
5965,3903,3,250,0.0909076556308126,250.0
5965,3903,3,500,0.020192930106254114,500.0
5965,3903,3,1000,0.07069893746348976,1000.0
5965,3903,3,2000,0.01008857102259364,2000.0
5965,3903,3,4000,0.07069893746348976,4000.0
5965,3903,3,8000,0.01008857102259364,8000.0
5965,3903,3,16000,0.01008857102259364,11521.5
5965,3903,3,full,0.01008857102259364,11521.5
5965,3903,4,50,0.050490219296168704,50.0
5965,3903,4,100,0.050490219296168704,100.0
5965,3903,4,250,0.050490219296168704,250.0
5965,3903,4,500,0.06059457837982929,500.0
5965,3903,4,1000,0.06059457837982929,1000.0
5965,3903,4,2000,0.050490219296168704,2000.0
5965,3903,4,4000,0.06059457837982929,4000.0
5965,3903,4,8000,0.020192930106254114,8000.0
5965,3903,4,16000,0.04040164827357695,11521.5
5965,3903,4,full,0.04040164827357695,11521.5
5965,10101,0,50,0.17143070856886433,50.0
5965,10101,0,100,0.07142322857784023,100.0
5965,10101,0,250,0.09999679428956088,250.0
5965,10101,0,500,0.12857036000128275,500.0
5965,10101,0,1000,0.11428357714542181,1000.0
5965,10101,0,2000,0.11428357714542181,2000.0
5965,10101,0,4000,0.1571439257130034,4000.0
5965,10101,0,8000,0.09999679428956088,8000.0
5965,10101,0,16000,0.12857036000128275,11633.5
5965,10101,0,full,0.12857036000128275,11633.5
5965,10101,1,50,0.08571001143370116,50.0
5965,10101,1,100,0.11428357714542181,100.0
5965,10101,1,250,0.08571001143370116,250.0
5965,10101,1,500,0.11428357714542181,500.0
5965,10101,1,1000,0.07142322857784023,1000.0
5965,10101,1,2000,0.07142322857784023,2000.0
5965,10101,1,4000,0.05713644572197929,4000.0
5965,10101,1,8000,0.042860348567581585,8000.0
5965,10101,1,16000,0.0,11633.5
5965,10101,1,full,0.0,11633.5
5965,10101,2,50,0.08571001143370116,50.0
5965,10101,2,100,0.08571001143370116,100.0
5965,10101,2,250,0.08571001143370116,250.0
5965,10101,2,500,0.07142322857784023,500.0
5965,10101,2,1000,0.08571001143370116,1000.0
5965,10101,2,2000,0.042860348567581585,2000.0
5965,10101,2,4000,0.08571001143370116,4000.0
5965,10101,2,8000,0.07142322857784023,8000.0
5965,10101,2,16000,0.08571001143370116,11633.5
5965,10101,2,full,0.08571001143370116,11633.5
5965,10101,3,50,0.08571001143370116,50.0
5965,10101,3,100,0.042860348567581585,100.0
5965,10101,3,250,0.05713644572197929,250.0
5965,10101,3,500,0.11428357714542181,500.0
5965,10101,3,1000,0.12857036000128275,1000.0
5965,10101,3,2000,0.12857036000128275,2000.0
5965,10101,3,4000,0.08571001143370116,4000.0
5965,10101,3,8000,0.11428357714542181,8000.0
5965,10101,3,16000,0.12857036000128275,11633.5
5965,10101,3,full,0.12857036000128275,11633.5
5965,10101,4,50,0.11428357714542181,50.0
5965,10101,4,100,0.08571001143370116,100.0
5965,10101,4,250,0.08571001143370116,250.0
5965,10101,4,500,0.11428357714542181,500.0
5965,10101,4,1000,0.12857036000128275,1000.0
5965,10101,4,2000,0.11428357714542181,2000.0
5965,10101,4,4000,0.0,4000.0
5965,10101,4,8000,0.08571001143370116,8000.0
5965,10101,4,16000,0.12857036000128275,11633.5
5965,10101,4,full,0.12857036000128275,11633.5
5965,9889,0,50,0.03109016146825838,50.0
5965,9889,0,100,0.04663524220238624,100.0
5965,9889,0,250,0.03109016146825838,250.0
5965,9889,0,500,0.041445191054057084,500.0
5965,9889,0,1000,0.051825293350715285,1000.0
5965,9889,0,2000,0.04663524220238624,2000.0
5965,9889,0,4000,0.02590011031992656,4000.0
5965,9889,0,8000,0.03109016146825838,8000.0
5965,9889,0,16000,0.02590011031992656,12304.5
5965,9889,0,full,0.02590011031992656,12304.5
5965,9889,1,50,0.02073513188245968,50.0
5965,9889,1,100,0.005190051148329045,100.0
5965,9889,1,250,0.036280212616587426,250.0
5965,9889,1,500,0.010355029585798703,500.0
5965,9889,1,1000,0.03109016146825838,1000.0
5965,9889,1,2000,0.03109016146825838,2000.0
5965,9889,1,4000,0.03109016146825838,4000.0
5965,9889,1,8000,0.02590011031992656,8000.0
5965,9889,1,16000,0.02073513188245968,12304.5
5965,9889,1,full,0.02073513188245968,12304.5
5965,9889,2,50,0.015545080734127859,50.0
5965,9889,2,100,0.03109016146825838,100.0
5965,9889,2,250,0.010355029585798703,250.0
5965,9889,2,500,0.02073513188245968,500.0
5965,9889,2,1000,0.03109016146825838,1000.0
5965,9889,2,2000,0.03109016146825838,2000.0
5965,9889,2,4000,0.02590011031992656,4000.0
5965,9889,2,8000,0.03109016146825838,8000.0
5965,9889,2,16000,0.03109016146825838,12304.5
5965,9889,2,full,0.03109016146825838,12304.5
5965,9889,3,50,0.015545080734127859,50.0
5965,9889,3,100,0.03109016146825838,100.0
5965,9889,3,250,0.03109016146825838,250.0
5965,9889,3,500,0.05699027178818494,500.0
5965,9889,3,1000,0.036280212616587426,1000.0
5965,9889,3,2000,0.07253535252231269,2000.0
5965,9889,3,4000,0.041445191054057084,4000.0
5965,9889,3,8000,0.03109016146825838,8000.0
5965,9889,3,16000,0.08291545481897367,12304.5
5965,9889,3,full,0.08291545481897367,12304.5
5965,9889,4,50,0.02590011031992656,50.0
5965,9889,4,100,0.015545080734127859,100.0
5965,9889,4,250,0.036280212616587426,250.0
5965,9889,4,500,0.02590011031992656,500.0
5965,9889,4,1000,0.036280212616587426,1000.0
5965,9889,4,2000,0.036280212616587426,2000.0
5965,9889,4,4000,0.041445191054057084,4000.0
5965,9889,4,8000,0.015545080734127859,8000.0
5965,9889,4,16000,0.041445191054057084,12304.5
5965,9889,4,full,0.041445191054057084,12304.5
5965,49,0,50,0.00305856985492281,50.0
5965,49,0,100,0.00305856985492281,100.0
5965,49,0,250,0.00305856985492281,250.0
5965,49,0,500,0.0061171397098459535,500.0
5965,49,0,1000,0.00305856985492281,1000.0
5965,49,0,2000,0.00305856985492281,2000.0
5965,49,0,4000,0.009175709564769097,4000.0
5965,49,0,8000,0.009175709564769097,8000.0
5965,49,0,16000,0.00305856985492281,12391.5
5965,49,0,full,0.00305856985492281,12391.5
5965,49,1,50,0.009175709564769097,50.0
5965,49,1,100,0.00305856985492281,100.0
5965,49,1,250,0.0061171397098459535,250.0
5965,49,1,500,0.00305856985492281,500.0
5965,49,1,1000,0.00305856985492281,1000.0
5965,49,1,2000,0.00305856985492281,2000.0
5965,49,1,4000,0.0061171397098459535,4000.0
5965,49,1,8000,0.0061171397098459535,8000.0
5965,49,1,16000,0.0061171397098459535,12391.5
5965,49,1,full,0.0061171397098459535,12391.5
5965,49,2,50,0.0061171397098459535,50.0
5965,49,2,100,0.00305856985492281,100.0
5965,49,2,250,0.0061171397098459535,250.0
5965,49,2,500,0.0061171397098459535,500.0
5965,49,2,1000,0.012231349755079779,1000.0
5965,49,2,2000,0.0061171397098459535,2000.0
5965,49,2,4000,0.0061171397098459535,4000.0
5965,49,2,8000,0.0,8000.0
5965,49,2,16000,0.00305856985492281,12391.5
5965,49,2,full,0.00305856985492281,12391.5
5965,49,3,50,0.0,50.0
5965,49,3,100,0.00305856985492281,100.0
5965,49,3,250,0.00305856985492281,250.0
5965,49,3,500,0.0061171397098459535,500.0
5965,49,3,1000,0.0,1000.0
5965,49,3,2000,0.0061171397098459535,2000.0
5965,49,3,4000,0.00305856985492281,4000.0
5965,49,3,8000,0.0061171397098459535,8000.0
5965,49,3,16000,0.0061171397098459535,12391.5
5965,49,3,full,0.0061171397098459535,12391.5
5965,49,4,50,0.0,50.0
5965,49,4,100,0.00305856985492281,100.0
5965,49,4,250,0.0061171397098459535,250.0
5965,49,4,500,0.00305856985492281,500.0
5965,49,4,1000,0.009175709564769097,1000.0
5965,49,4,2000,0.00305856985492281,2000.0
5965,49,4,4000,0.00305856985492281,4000.0
5965,49,4,8000,0.00305856985492281,8000.0
5965,49,4,16000,0.00305856985492281,12391.5
5965,49,4,full,0.00305856985492281,12391.5
5965,9946,0,50,0.020513180854724866,50.0
5965,9946,0,100,0.020513180854724866,100.0
5965,9946,0,250,0.020513180854724866,250.0
5965,9946,0,500,0.020513180854724866,500.0
5965,9946,0,1000,0.020513180854724866,1000.0
5965,9946,0,2000,0.020513180854724866,2000.0
5965,9946,0,4000,0.020513180854724866,4000.0
5965,9946,0,8000,0.020513180854724866,8000.0
5965,9946,0,16000,0.020513180854724866,13125.5
5965,9946,0,full,0.020513180854724866,13125.5
5965,9946,1,50,0.015383426666587208,50.0
5965,9946,1,100,0.015383426666587208,100.0
5965,9946,1,250,0.020513180854724866,250.0
5965,9946,1,500,0.005126836239225052,500.0
5965,9946,1,1000,0.015383426666587208,1000.0
5965,9946,1,2000,0.015383426666587208,2000.0
5965,9946,1,4000,0.020513180854724866,4000.0
5965,9946,1,8000,0.010256590427362267,8000.0
5965,9946,1,16000,0.010256590427362267,13125.5
5965,9946,1,full,0.010256590427362267,13125.5
5965,9946,2,50,0.035896607521312074,50.0
5965,9946,2,100,0.025640017093949807,100.0
5965,9946,2,250,0.035896607521312074,250.0
5965,9946,2,500,0.025640017093949807,500.0
5965,9946,2,1000,0.04102636170944962,1000.0
5965,9946,2,2000,0.04102636170944962,2000.0
5965,9946,2,4000,0.025640017093949807,4000.0
5965,9946,2,8000,0.04102636170944962,8000.0
5965,9946,2,16000,0.04102636170944962,13125.5
5965,9946,2,full,0.04102636170944962,13125.5
5965,9946,3,50,0.035896607521312074,50.0
5965,9946,3,100,0.025640017093949807,100.0
5965,9946,3,250,0.020513180854724866,250.0
5965,9946,3,500,0.035896607521312074,500.0
5965,9946,3,1000,0.03076977128208702,1000.0
5965,9946,3,2000,0.035896607521312074,2000.0
5965,9946,3,4000,0.035896607521312074,4000.0
5965,9946,3,8000,0.025640017093949807,8000.0
5965,9946,3,16000,0.025640017093949807,13125.5
5965,9946,3,full,0.025640017093949807,13125.5
5965,9946,4,50,0.025640017093949807,50.0
5965,9946,4,100,0.020513180854724866,100.0
5965,9946,4,250,0.015383426666587208,250.0
5965,9946,4,500,0.025640017093949807,500.0
5965,9946,4,1000,0.020513180854724866,1000.0
5965,9946,4,2000,0.025640017093949807,2000.0
5965,9946,4,4000,0.025640017093949807,4000.0
5965,9946,4,8000,0.015383426666587208,8000.0
5965,9946,4,16000,0.025640017093949807,13125.5
5965,9946,4,full,0.025640017093949807,13125.5
6794,145804,0,50,0.0027552426144189512,50.0
6794,145804,0,100,0.0055104852288381245,100.0
6794,145804,0,250,0.0055104852288381245,250.0
6794,145804,0,500,0.011018331336398068,500.0
6794,145804,0,1000,0.0055104852288381245,1000.0
6794,145804,0,2000,0.0055104852288381245,2000.0
6794,145804,0,4000,0.008265727843257409,4000.0
6794,145804,0,8000,0.0027552426144189512,8000.0
6794,145804,0,16000,0.0055104852288381245,16000.0
6794,145804,0,full,0.0055104852288381245,52433.5
6794,145804,1,50,0.0055104852288381245,50.0
6794,145804,1,100,0.0055104852288381245,100.0
6794,145804,1,250,0.0055104852288381245,250.0
6794,145804,1,500,0.0055104852288381245,500.0
6794,145804,1,1000,0.0055104852288381245,1000.0
6794,145804,1,2000,0.011018331336398068,2000.0
6794,145804,1,4000,0.0055104852288381245,4000.0
6794,145804,1,8000,0.0027552426144189512,8000.0
6794,145804,1,16000,0.0055104852288381245,16000.0
6794,145804,1,full,0.0055104852288381245,52433.5
6794,145804,2,50,0.0055104852288381245,50.0
6794,145804,2,100,0.008265727843257409,100.0
6794,145804,2,250,0.0055104852288381245,250.0
6794,145804,2,500,0.011018331336398068,500.0
6794,145804,2,1000,0.0055104852288381245,1000.0
6794,145804,2,2000,0.008265727843257409,2000.0
6794,145804,2,4000,0.0055104852288381245,4000.0
6794,145804,2,8000,0.011018331336398068,8000.0
6794,145804,2,16000,0.0055104852288381245,16000.0
6794,145804,2,full,0.0055104852288381245,52433.5
6794,145804,3,50,0.0055104852288381245,50.0
6794,145804,3,100,0.0027552426144189512,100.0
6794,145804,3,250,0.0027552426144189512,250.0
6794,145804,3,500,0.008265727843257409,500.0
6794,145804,3,1000,0.008265727843257409,1000.0
6794,145804,3,2000,0.0027552426144189512,2000.0
6794,145804,3,4000,0.011018331336398068,4000.0
6794,145804,3,8000,0.0055104852288381245,8000.0
6794,145804,3,16000,0.0055104852288381245,16000.0
6794,145804,3,full,0.0055104852288381245,52433.5
6794,145804,4,50,0.0055104852288381245,50.0
6794,145804,4,100,0.0055104852288381245,100.0
6794,145804,4,250,0.0055104852288381245,250.0
6794,145804,4,500,0.0055104852288381245,500.0
6794,145804,4,1000,0.0055104852288381245,1000.0
6794,145804,4,2000,0.0055104852288381245,2000.0
6794,145804,4,4000,0.008265727843257409,4000.0
6794,145804,4,8000,0.008265727843257409,8000.0
6794,145804,4,16000,0.0055104852288381245,16000.0
6794,145804,4,full,0.0055104852288381245,52433.5
6794,3,0,50,0.0013050856644885034,50.0
6794,3,0,100,0.001957628496732977,100.0
6794,3,0,250,0.0006525428322443627,250.0
6794,3,0,500,0.0013050856644885034,500.0
6794,3,0,1000,0.00261017132897734,1000.0
6794,3,0,2000,0.0013050856644885034,2000.0
6794,3,0,4000,0.001957628496732977,4000.0
6794,3,0,8000,0.0058708006888181785,8000.0
6794,3,0,16000,0.006523343521062652,16000.0
6794,3,0,full,0.007828429185551378,55445.5
6794,3,1,50,0.0006525428322443627,50.0
6794,3,1,100,0.00261017132897734,100.0
6794,3,1,250,0.001957628496732977,250.0
6794,3,1,500,0.001957628496732977,500.0
6794,3,1,1000,0.00261017132897734,1000.0
6794,3,1,2000,0.0013050856644885034,2000.0
6794,3,1,4000,0.00261017132897734,4000.0
6794,3,1,8000,0.0032606293598409497,8000.0
6794,3,1,16000,0.001957628496732977,16000.0
6794,3,1,full,0.001957628496732977,55445.5
6794,3,2,50,0.00261017132897734,50.0
6794,3,2,100,0.0032606293598409497,100.0
6794,3,2,250,0.00261017132897734,250.0
6794,3,2,500,0.0013050856644885034,500.0
6794,3,2,1000,0.0013050856644885034,1000.0
6794,3,2,2000,0.0013050856644885034,2000.0
6794,3,2,4000,0.0013050856644885034,4000.0
6794,3,2,8000,0.0032606293598409497,8000.0
6794,3,2,16000,0.00261017132897734,16000.0
6794,3,2,full,0.001957628496732977,55445.5
6794,3,3,50,0.0,50.0
6794,3,3,100,0.0013050856644885034,100.0
6794,3,3,250,0.0013050856644885034,250.0
6794,3,3,500,0.0013050856644885034,500.0
6794,3,3,1000,0.0013050856644885034,1000.0
6794,3,3,2000,0.0013050856644885034,2000.0
6794,3,3,4000,0.0013050856644885034,4000.0
6794,3,3,8000,0.0013050856644885034,8000.0
6794,3,3,16000,0.0013050856644885034,16000.0
6794,3,3,full,0.0013050856644885034,55445.5
6794,3,4,50,0.00261017132897734,50.0
6794,3,4,100,0.00391317219208509,100.0
6794,3,4,250,0.0013050856644885034,250.0
6794,3,4,500,0.0013050856644885034,500.0
6794,3,4,1000,0.0013050856644885034,1000.0
6794,3,4,2000,0.0032606293598409497,2000.0
6794,3,4,4000,0.001957628496732977,4000.0
6794,3,4,8000,0.00261017132897734,8000.0
6794,3,4,16000,0.0013050856644885034,16000.0
6794,3,4,full,0.0013050856644885034,55445.5
6794,146065,0,50,0.01619535648763204,50.0
6794,146065,0,100,0.01619535648763204,100.0
6794,146065,0,250,0.01214651736572403,250.0
6794,146065,0,500,0.01214651736572403,500.0
6794,146065,0,1000,0.01214651736572403,1000.0
6794,146065,0,2000,0.02024419560954005,2000.0
6794,146065,0,4000,0.01214651736572403,4000.0
6794,146065,0,8000,0.01619535648763204,8000.0
6794,146065,0,16000,0.01619535648763204,16000.0
6794,146065,0,full,0.00809767824381602,60764.5
6794,146065,1,50,0.01214651736572403,50.0
6794,146065,1,100,0.00809767824381602,100.0
6794,146065,1,250,0.024290601534860623,250.0
6794,146065,1,500,0.024290601534860623,500.0
6794,146065,1,1000,0.01214651736572403,1000.0
6794,146065,1,2000,0.00809767824381602,2000.0
6794,146065,1,4000,0.01619535648763204,4000.0
6794,146065,1,8000,0.01619535648763204,8000.0
6794,146065,1,16000,0.02024419560954005,16000.0
6794,146065,1,full,0.00809767824381602,60764.5
6794,146065,2,50,0.02024419560954005,50.0
6794,146065,2,100,0.01619535648763204,100.0
6794,146065,2,250,0.01214651736572403,250.0
6794,146065,2,500,0.02024419560954005,500.0
6794,146065,2,1000,0.01619535648763204,1000.0
6794,146065,2,2000,0.00809767824381602,2000.0
6794,146065,2,4000,0.02024419560954005,4000.0
6794,146065,2,8000,0.01214651736572403,8000.0
6794,146065,2,16000,0.00809767824381602,16000.0
6794,146065,2,full,0.01619535648763204,60764.5
6794,146065,3,50,0.01214651736572403,50.0
6794,146065,3,100,0.00809767824381602,100.0
6794,146065,3,250,0.00809767824381602,250.0
6794,146065,3,500,0.01214651736572403,500.0
6794,146065,3,1000,0.00809767824381602,1000.0
6794,146065,3,2000,0.00809767824381602,2000.0
6794,146065,3,4000,0.01619535648763204,4000.0
6794,146065,3,8000,0.01619535648763204,8000.0
6794,146065,3,16000,0.00809767824381602,16000.0
6794,146065,3,full,0.024290601534860623,60764.5
6794,146065,4,50,0.01214651736572403,50.0
6794,146065,4,100,0.01214651736572403,100.0
6794,146065,4,250,0.00809767824381602,250.0
6794,146065,4,500,0.01214651736572403,500.0
6794,146065,4,1000,0.01214651736572403,1000.0
6794,146065,4,2000,0.01214651736572403,2000.0
6794,146065,4,4000,0.00404883912190801,4000.0
6794,146065,4,8000,0.00809767824381602,8000.0
6794,146065,4,16000,0.00809767824381602,16000.0
6794,146065,4,full,0.01214651736572403,60764.5
6794,10101,0,50,0.0597061581744297,50.0
6794,10101,0,100,0.07462153351493783,100.0
6794,10101,0,250,0.07462153351493783,250.0
6794,10101,0,500,0.07462153351493783,500.0
6794,10101,0,1000,0.07462153351493783,1000.0
6794,10101,0,2000,0.1044746126021533,2000.0
6794,10101,0,4000,0.08954807305854562,4000.0
6794,10101,0,8000,0.13432769168936753,8000.0
6794,10101,0,16000,0.1044746126021533,16000.0
6794,10101,0,full,0.08954807305854562,65937.5
6794,10101,1,50,0.04477961863082314,50.0
6794,10101,1,100,0.07462153351493783,100.0
6794,10101,1,250,0.0597061581744297,250.0
6794,10101,1,500,0.11940115214575986,500.0
6794,10101,1,1000,0.1044746126021533,1000.0
6794,10101,1,2000,0.07462153351493783,2000.0
6794,10101,1,4000,0.08954807305854562,4000.0
6794,10101,1,8000,0.04477961863082314,8000.0
6794,10101,1,16000,0.08954807305854562,16000.0
6794,10101,1,full,0.0597061581744297,65937.5
6794,10101,2,50,0.04477961863082314,50.0
6794,10101,2,100,0.07462153351493783,100.0
6794,10101,2,250,0.0597061581744297,250.0
6794,10101,2,500,0.07462153351493783,500.0
6794,10101,2,1000,0.07462153351493783,1000.0
6794,10101,2,2000,0.07462153351493783,2000.0
6794,10101,2,4000,0.07462153351493783,4000.0
6794,10101,2,8000,0.0597061581744297,8000.0
6794,10101,2,16000,0.07462153351493783,16000.0
6794,10101,2,full,0.0597061581744297,65937.5
6794,10101,3,50,0.0597061581744297,50.0
6794,10101,3,100,0.08954807305854562,100.0
6794,10101,3,250,0.08954807305854562,250.0
6794,10101,3,500,0.2388023042915196,500.0
6794,10101,3,1000,0.26865538337873507,1000.0
6794,10101,3,2000,0.2388023042915196,2000.0
6794,10101,3,4000,0.13432769168936753,4000.0
6794,10101,3,8000,0.2388023042915196,8000.0
6794,10101,3,16000,0.2388023042915196,16000.0
6794,10101,3,full,0.2537288438351274,65937.5
6794,10101,4,50,0.0597061581744297,50.0
6794,10101,4,100,0.04477961863082314,100.0
6794,10101,4,250,0.08954807305854562,250.0
6794,10101,4,500,0.08954807305854562,500.0
6794,10101,4,1000,0.07462153351493783,1000.0
6794,10101,4,2000,0.04477961863082314,2000.0
6794,10101,4,4000,0.1044746126021533,4000.0
6794,10101,4,8000,0.04477961863082314,8000.0
6794,10101,4,16000,0.08954807305854562,16000.0
6794,10101,4,full,0.1044746126021533,65937.5
6794,9914,0,50,0.022109343670632886,50.0
6794,9914,0,100,0.038684667825159336,100.0
6794,9914,0,250,0.027616628792943798,250.0
6794,9914,0,500,0.033150648309050124,500.0
6794,9914,0,1000,0.027616628792943798,1000.0
6794,9914,0,2000,0.038684667825159336,2000.0
6794,9914,0,4000,0.038684667825159336,4000.0
6794,9914,0,8000,0.027616628792943798,8000.0
6794,9914,0,16000,0.027616628792943798,16000.0
6794,9914,0,full,0.04419195294746736,69185.5
6794,9914,1,50,0.033150648309050124,50.0
6794,9914,1,100,0.038684667825159336,100.0
6794,9914,1,250,0.038684667825159336,250.0
6794,9914,1,500,0.01657532415452656,500.0
6794,9914,1,1000,0.033150648309050124,1000.0
6794,9914,1,2000,0.033150648309050124,2000.0
6794,9914,1,4000,0.027616628792943798,4000.0
6794,9914,1,8000,0.027616628792943798,8000.0
6794,9914,1,16000,0.027616628792943798,16000.0
6794,9914,1,full,0.04419195294746736,69185.5
6794,9914,2,50,0.027616628792943798,50.0
6794,9914,2,100,0.027616628792943798,100.0
6794,9914,2,250,0.038684667825159336,250.0
6794,9914,2,500,0.027616628792943798,500.0
6794,9914,2,1000,0.033150648309050124,1000.0
6794,9914,2,2000,0.038684667825159336,2000.0
6794,9914,2,4000,0.027616628792943798,4000.0
6794,9914,2,8000,0.027616628792943798,8000.0
6794,9914,2,16000,0.027616628792943798,16000.0
6794,9914,2,full,0.022109343670632886,69185.5
6794,9914,3,50,0.027616628792943798,50.0
6794,9914,3,100,0.022109343670632886,100.0
6794,9914,3,250,0.022109343670632886,250.0
6794,9914,3,500,0.027616628792943798,500.0
6794,9914,3,1000,0.022109343670632886,1000.0
6794,9914,3,2000,0.027616628792943798,2000.0
6794,9914,3,4000,0.027616628792943798,4000.0
6794,9914,3,8000,0.022109343670632886,8000.0
6794,9914,3,16000,0.04972597246357657,16000.0
6794,9914,3,full,0.04419195294746736,69185.5
6794,9914,4,50,0.022109343670632886,50.0
6794,9914,4,100,0.022109343670632886,100.0
6794,9914,4,250,0.033150648309050124,250.0
6794,9914,4,500,0.038684667825159336,500.0
6794,9914,4,1000,0.033150648309050124,1000.0
6794,9914,4,2000,0.033150648309050124,2000.0
6794,9914,4,4000,0.0,4000.0
6794,9914,4,8000,0.033150648309050124,8000.0
6794,9914,4,16000,0.0,16000.0
6794,9914,4,full,0.027616628792943798,69185.5
6794,31,0,50,0.0625,50.0
6794,31,0,100,0.0625,100.0
6794,31,0,250,0.05625000000000002,250.0
6794,31,0,500,0.0625,500.0
6794,31,0,1000,0.0625,1000.0
6794,31,0,2000,0.0625,2000.0
6794,31,0,4000,0.0625,4000.0
6794,31,0,8000,0.0625,8000.0
6794,31,0,16000,0.0625,16000.0
6794,31,0,full,0.0625,102291.5
6794,31,1,50,0.08125000000000004,50.0
6794,31,1,100,0.06875000000000009,100.0
6794,31,1,250,0.0625,250.0
6794,31,1,500,0.10625000000000007,500.0
6794,31,1,1000,0.06875000000000009,1000.0
6794,31,1,2000,0.10625000000000007,2000.0
6794,31,1,4000,0.08750000000000002,4000.0
6794,31,1,8000,0.10625000000000007,8000.0
6794,31,1,16000,0.09375000000000011,16000.0
6794,31,1,full,0.06875000000000009,102291.5
6794,31,2,50,0.04375000000000007,50.0
6794,31,2,100,0.04375000000000007,100.0
6794,31,2,250,0.04375000000000007,250.0
6794,31,2,500,0.04375000000000007,500.0
6794,31,2,1000,0.04375000000000007,1000.0
6794,31,2,2000,0.04375000000000007,2000.0
6794,31,2,4000,0.04375000000000007,4000.0
6794,31,2,8000,0.04375000000000007,8000.0
6794,31,2,16000,0.04375000000000007,16000.0
6794,31,2,full,0.04375000000000007,102291.5
6794,31,3,50,0.06875000000000009,50.0
6794,31,3,100,0.06875000000000009,100.0
6794,31,3,250,0.05625000000000002,250.0
6794,31,3,500,0.06875000000000009,500.0
6794,31,3,1000,0.06875000000000009,1000.0
6794,31,3,2000,0.06875000000000009,2000.0
6794,31,3,4000,0.06875000000000009,4000.0
6794,31,3,8000,0.06875000000000009,8000.0
6794,31,3,16000,0.06875000000000009,16000.0
6794,31,3,full,0.06875000000000009,102291.5
6794,31,4,50,0.08125000000000004,50.0
6794,31,4,100,0.06875000000000009,100.0
6794,31,4,250,0.08125000000000004,250.0
6794,31,4,500,0.050000000000000044,500.0
6794,31,4,1000,0.08125000000000004,1000.0
6794,31,4,2000,0.06875000000000009,2000.0
6794,31,4,4000,0.08125000000000004,4000.0
6794,31,4,8000,0.05625000000000002,8000.0
6794,31,4,16000,0.08125000000000004,16000.0
6794,31,4,full,0.06875000000000009,102291.5
7607,14965,0,50,0.011392053348153741,50.0
7607,14965,0,100,0.011392053348153741,100.0
7607,14965,0,250,0.01754455602747007,250.0
7607,14965,0,500,0.021077283372367694,500.0
7607,14965,0,1000,0.014924780693051365,632.5
7607,14965,0,2000,0.014924780693051365,632.5
7607,14965,0,4000,0.014924780693051365,632.5
7607,14965,0,8000,0.014924780693051365,632.5
7607,14965,0,16000,0.014924780693051365,632.5
7607,14965,0,full,0.014924780693051365,632.5
7607,14965,1,50,0.014924780693051365,50.0
7607,14965,1,100,0.0236970587067864,100.0
7607,14965,1,250,0.005279244234511538,250.0
7607,14965,1,500,0.009645536458539827,500.0
7607,14965,1,1000,0.009645536458539827,632.5
7607,14965,1,2000,0.009645536458539827,632.5
7607,14965,1,4000,0.009645536458539827,632.5
7607,14965,1,8000,0.009645536458539827,632.5
7607,14965,1,16000,0.009645536458539827,632.5
7607,14965,1,full,0.009645536458539827,632.5
7607,14965,2,50,0.021077283372367694,50.0
7607,14965,2,100,0.0,100.0
7607,14965,2,250,0.021077283372367694,250.0
7607,14965,2,500,0.021077283372367694,500.0
7607,14965,2,1000,0.021077283372367694,632.5
7607,14965,2,2000,0.021077283372367694,632.5
7607,14965,2,4000,0.021077283372367694,632.5
7607,14965,2,8000,0.021077283372367694,632.5
7607,14965,2,16000,0.021077283372367694,632.5
7607,14965,2,full,0.021077283372367694,632.5
7607,14965,3,50,0.026316834041200665,50.0
7607,14965,3,100,0.00436629222403262,100.0
7607,14965,3,250,0.04826737585837315,250.0
7607,14965,3,500,0.04036835628944724,500.0
7607,14965,3,1000,0.02984956138609829,632.5
7607,14965,3,2000,0.02984956138609829,632.5
7607,14965,3,4000,0.02984956138609829,632.5
7607,14965,3,8000,0.02984956138609829,632.5
7607,14965,3,16000,0.02984956138609829,632.5
7607,14965,3,full,0.02984956138609829,632.5
7607,14965,4,50,0.045647600523954446,50.0
7607,14965,4,100,0.005279244234511538,100.0
7607,14965,4,250,0.028103044496488705,250.0
7607,14965,4,500,0.013178263803437451,500.0
7607,14965,4,1000,0.013178263803437451,632.5
7607,14965,4,2000,0.013178263803437451,632.5
7607,14965,4,4000,0.013178263803437451,632.5
7607,14965,4,8000,0.013178263803437451,632.5
7607,14965,4,16000,0.013178263803437451,632.5
7607,14965,4,full,0.013178263803437451,632.5
7607,145976,0,50,0.03999754239370845,50.0
7607,145976,0,100,0.05999631359056312,100.0
7607,145976,0,250,0.05999631359056312,250.0
7607,145976,0,500,0.03999754239370845,500.0
7607,145976,0,1000,0.029998156795281172,662.5
7607,145976,0,2000,0.029998156795281172,662.5
7607,145976,0,4000,0.029998156795281172,662.5
7607,145976,0,8000,0.029998156795281172,662.5
7607,145976,0,16000,0.029998156795281172,662.5
7607,145976,0,full,0.029998156795281172,662.5
7607,145976,1,50,0.03999754239370845,50.0
7607,145976,1,100,0.0,100.0
7607,145976,1,250,0.05999631359056312,250.0
7607,145976,1,500,0.07000337920865063,500.0
7607,145976,1,1000,0.05999631359056312,662.5
7607,145976,1,2000,0.05999631359056312,662.5
7607,145976,1,4000,0.05999631359056312,662.5
7607,145976,1,8000,0.05999631359056312,662.5
7607,145976,1,16000,0.05999631359056312,662.5
7607,145976,1,full,0.05999631359056312,662.5
7607,145976,2,50,0.029998156795281172,50.0
7607,145976,2,100,0.07000337920865063,100.0
7607,145976,2,250,0.03999754239370845,250.0
7607,145976,2,500,0.08000276480707802,500.0
7607,145976,2,1000,0.04999692799213573,662.5
7607,145976,2,2000,0.04999692799213573,662.5
7607,145976,2,4000,0.04999692799213573,662.5
7607,145976,2,8000,0.04999692799213573,662.5
7607,145976,2,16000,0.04999692799213573,662.5
7607,145976,2,full,0.04999692799213573,662.5
7607,145976,3,50,0.01999877119685467,50.0
7607,145976,3,100,0.03999754239370845,100.0
7607,145976,3,250,0.03999754239370845,250.0
7607,145976,3,500,0.03999754239370845,500.0
7607,145976,3,1000,0.01999877119685467,662.5
7607,145976,3,2000,0.01999877119685467,662.5
7607,145976,3,4000,0.01999877119685467,662.5
7607,145976,3,8000,0.01999877119685467,662.5
7607,145976,3,16000,0.01999877119685467,662.5
7607,145976,3,full,0.01999877119685467,662.5
7607,145976,4,50,0.05999631359056312,50.0
7607,145976,4,100,0.05999631359056312,100.0
7607,145976,4,250,0.07000337920865063,250.0
7607,145976,4,500,0.04999692799213573,500.0
7607,145976,4,1000,0.0900021504055053,662.5
7607,145976,4,2000,0.0900021504055053,662.5
7607,145976,4,4000,0.0900021504055053,662.5
7607,145976,4,8000,0.0900021504055053,662.5
7607,145976,4,16000,0.0900021504055053,662.5
7607,145976,4,full,0.0900021504055053,662.5
7607,3896,0,50,0.023155751481448883,50.0
7607,3896,0,100,0.0421048587700843,100.0
7607,3896,0,250,0.023155751481448883,250.0
7607,3896,0,500,0.018949107288635414,500.0
7607,3896,0,1000,0.014732858885334599,677.5
7607,3896,0,2000,0.014732858885334599,677.5
7607,3896,0,4000,0.014732858885334599,677.5
7607,3896,0,8000,0.014732858885334599,677.5
7607,3896,0,16000,0.014732858885334599,677.5
7607,3896,0,full,0.014732858885334599,677.5
7607,3896,1,50,0.012629536788927864,50.0
7607,3896,1,100,0.02105242938504215,100.0
7607,3896,1,250,0.023155751481448883,250.0
7607,3896,1,500,0.010526214692521019,500.0
7607,3896,1,1000,0.03157864407756317,677.5
7607,3896,1,2000,0.03157864407756317,677.5
7607,3896,1,4000,0.03157864407756317,677.5
7607,3896,1,8000,0.03157864407756317,677.5
7607,3896,1,16000,0.03157864407756317,677.5
7607,3896,1,full,0.03157864407756317,677.5
7607,3896,2,50,0.00420664419281358,50.0
7607,3896,2,100,0.00420664419281358,100.0
7607,3896,2,250,0.00420664419281358,250.0
7607,3896,2,500,0.00420664419281358,500.0
7607,3896,2,1000,0.00420664419281358,677.5
7607,3896,2,2000,0.00420664419281358,677.5
7607,3896,2,4000,0.00420664419281358,677.5
7607,3896,2,8000,0.00420664419281358,677.5
7607,3896,2,16000,0.00420664419281358,677.5
7607,3896,2,full,0.00420664419281358,677.5
7607,3896,3,50,0.016836180981742443,50.0
7607,3896,3,100,0.012629536788927864,100.0
7607,3896,3,250,0.00420664419281358,250.0
7607,3896,3,500,0.02105242938504215,500.0
7607,3896,3,1000,0.0,677.5
7607,3896,3,2000,0.0,677.5
7607,3896,3,4000,0.0,677.5
7607,3896,3,8000,0.0,677.5
7607,3896,3,16000,0.0,677.5
7607,3896,3,full,0.0,677.5
7607,3896,4,50,0.029475321981156433,50.0
7607,3896,4,100,0.027362395674263462,100.0
7607,3896,4,250,0.010526214692521019,250.0
7607,3896,4,500,0.016836180981742443,500.0
7607,3896,4,1000,0.012629536788927864,677.5
7607,3896,4,2000,0.012629536788927864,677.5
7607,3896,4,4000,0.012629536788927864,677.5
7607,3896,4,8000,0.012629536788927864,677.5
7607,3896,4,16000,0.012629536788927864,677.5
7607,3896,4,full,0.012629536788927864,677.5
7607,3913,0,50,0.033321153277305116,50.0
7607,3913,0,100,0.0,100.0
7607,3913,0,250,0.06665970663464915,250.0
7607,3913,0,500,0.06665970663464915,500.0
7607,3913,0,1000,0.0,681.5
7607,3913,0,2000,0.0,681.5
7607,3913,0,4000,0.0,681.5
7607,3913,0,8000,0.0,681.5
7607,3913,0,16000,0.0,681.5
7607,3913,0,full,0.0,681.5
7607,3913,1,50,0.06665970663464915,50.0
7607,3913,1,100,0.06665970663464915,100.0
7607,3913,1,250,0.06665970663464915,250.0
7607,3913,1,500,0.06665970663464915,500.0
7607,3913,1,1000,0.06665970663464915,681.5
7607,3913,1,2000,0.06665970663464915,681.5
7607,3913,1,4000,0.06665970663464915,681.5
7607,3913,1,8000,0.06665970663464915,681.5
7607,3913,1,16000,0.06665970663464915,681.5
7607,3913,1,full,0.06665970663464915,681.5
7607,3913,2,50,0.16665796662664623,50.0
7607,3913,2,100,0.09999825999199519,100.0
7607,3913,2,250,0.06665970663464915,250.0
7607,3913,2,500,0.1333194132693003,500.0
7607,3913,2,1000,0.1333194132693003,681.5
7607,3913,2,2000,0.1333194132693003,681.5
7607,3913,2,4000,0.1333194132693003,681.5
7607,3913,2,8000,0.1333194132693003,681.5
7607,3913,2,16000,0.1333194132693003,681.5
7607,3913,2,full,0.1333194132693003,681.5
7607,3913,3,50,0.06665970663464915,50.0
7607,3913,3,100,0.06665970663464915,100.0
7607,3913,3,250,0.06665970663464915,250.0
7607,3913,3,500,0.06665970663464915,500.0
7607,3913,3,1000,0.06665970663464915,681.5
7607,3913,3,2000,0.06665970663464915,681.5
7607,3913,3,4000,0.06665970663464915,681.5
7607,3913,3,8000,0.06665970663464915,681.5
7607,3913,3,16000,0.06665970663464915,681.5
7607,3913,3,full,0.06665970663464915,681.5
7607,3913,4,50,0.09999825999199519,50.0
7607,3913,4,100,0.06665970663464915,100.0
7607,3913,4,250,0.06665970663464915,250.0
7607,3913,4,500,0.06665970663464915,500.0
7607,3913,4,1000,0.06665970663464915,681.5
7607,3913,4,2000,0.06665970663464915,681.5
7607,3913,4,4000,0.06665970663464915,681.5
7607,3913,4,8000,0.06665970663464915,681.5
7607,3913,4,16000,0.06665970663464915,681.5
7607,3913,4,full,0.06665970663464915,681.5
7607,3903,0,50,0.06247252478874743,50.0
7607,3903,0,100,0.06247252478874743,100.0
7607,3903,0,250,0.06247252478874743,250.0
7607,3903,0,500,0.06247252478874743,500.0
7607,3903,0,1000,0.06247252478874743,684.5
7607,3903,0,2000,0.06247252478874743,684.5
7607,3903,0,4000,0.06247252478874743,684.5
7607,3903,0,8000,0.06247252478874743,684.5
7607,3903,0,16000,0.06247252478874743,684.5
7607,3903,0,full,0.06247252478874743,684.5
7607,3903,1,50,0.12499389439750308,50.0
7607,3903,1,100,0.06247252478874743,100.0
7607,3903,1,250,0.1562057343818699,250.0
7607,3903,1,500,0.12499389439750308,500.0
7607,3903,1,1000,0.06247252478874743,684.5
7607,3903,1,2000,0.06247252478874743,684.5
7607,3903,1,4000,0.06247252478874743,684.5
7607,3903,1,8000,0.06247252478874743,684.5
7607,3903,1,16000,0.06247252478874743,684.5
7607,3903,1,full,0.06247252478874743,684.5
7607,3903,2,50,0.0,50.0
7607,3903,2,100,0.06247252478874743,100.0
7607,3903,2,250,0.09373320959312248,250.0
7607,3903,2,500,0.21872710399062012,500.0
7607,3903,2,1000,0.0,684.5
7607,3903,2,2000,0.0,684.5
7607,3903,2,4000,0.0,684.5
7607,3903,2,8000,0.0,684.5
7607,3903,2,16000,0.0,684.5
7607,3903,2,full,0.0,684.5
7607,3903,3,50,0.1562057343818699,50.0
7607,3903,3,100,0.09373320959312248,100.0
7607,3903,3,250,0.0,250.0
7607,3903,3,500,0.1562057343818699,500.0
7607,3903,3,1000,0.06247252478874743,684.5
7607,3903,3,2000,0.06247252478874743,684.5
7607,3903,3,4000,0.06247252478874743,684.5
7607,3903,3,8000,0.06247252478874743,684.5
7607,3903,3,16000,0.06247252478874743,684.5
7607,3903,3,full,0.06247252478874743,684.5
7607,3903,4,50,0.06247252478874743,50.0
7607,3903,4,100,0.09373320959312248,100.0
7607,3903,4,250,0.06247252478874743,250.0
7607,3903,4,500,0.06247252478874743,500.0
7607,3903,4,1000,0.0,684.5
7607,3903,4,2000,0.0,684.5
7607,3903,4,4000,0.0,684.5
7607,3903,4,8000,0.0,684.5
7607,3903,4,16000,0.0,684.5
7607,3903,4,full,0.0,684.5
7607,9946,0,50,0.030928379317727628,50.0
7607,9946,0,100,0.010309459772575802,100.0
7607,9946,0,250,0.030928379317727628,250.0
7607,9946,0,500,0.02577511592642856,500.0
7607,9946,0,1000,0.030928379317727628,707.5
7607,9946,0,2000,0.030928379317727628,707.5
7607,9946,0,4000,0.030928379317727628,707.5
7607,9946,0,8000,0.030928379317727628,707.5
7607,9946,0,16000,0.030928379317727628,707.5
7607,9946,0,full,0.030928379317727628,707.5
7607,9946,1,50,0.01546565615385287,50.0
7607,9946,1,100,0.020618919545151826,100.0
7607,9946,1,250,0.020618919545151826,250.0
7607,9946,1,500,0.0,500.0
7607,9946,1,1000,0.02577511592642856,707.5
7607,9946,1,2000,0.02577511592642856,707.5
7607,9946,1,4000,0.02577511592642856,707.5
7607,9946,1,8000,0.02577511592642856,707.5
7607,9946,1,16000,0.02577511592642856,707.5
7607,9946,1,full,0.02577511592642856,707.5
7607,9946,2,50,0.0,50.0
7607,9946,2,100,0.0,100.0
7607,9946,2,250,0.0,250.0
7607,9946,2,500,0.0,500.0
7607,9946,2,1000,0.0,707.5
7607,9946,2,2000,0.0,707.5
7607,9946,2,4000,0.0,707.5
7607,9946,2,8000,0.0,707.5
7607,9946,2,16000,0.0,707.5
7607,9946,2,full,0.0,707.5
7607,9946,3,50,0.0,50.0
7607,9946,3,100,0.020618919545151826,100.0
7607,9946,3,250,0.036084575699004695,250.0
7607,9946,3,500,0.036084575699004695,500.0
7607,9946,3,1000,0.036084575699004695,707.5
7607,9946,3,2000,0.036084575699004695,707.5
7607,9946,3,4000,0.036084575699004695,707.5
7607,9946,3,8000,0.036084575699004695,707.5
7607,9946,3,16000,0.036084575699004695,707.5
7607,9946,3,full,0.036084575699004695,707.5
7607,9946,4,50,0.0,50.0
7607,9946,4,100,0.005156196381276734,100.0
7607,9946,4,250,0.0,250.0
7607,9946,4,500,0.005156196381276734,500.0
7607,9946,4,1000,0.01546565615385287,707.5
7607,9946,4,2000,0.01546565615385287,707.5
7607,9946,4,4000,0.01546565615385287,707.5
7607,9946,4,8000,0.01546565615385287,707.5
7607,9946,4,16000,0.01546565615385287,707.5
7607,9946,4,full,0.01546565615385287,707.5
7607,9967,0,50,0.0,50.0
7607,9967,0,100,0.0,100.0
7607,9967,0,250,0.0,250.0
7607,9967,0,500,0.0,500.0
7607,9967,0,1000,0.0,880.5
7607,9967,0,2000,0.0,880.5
7607,9967,0,4000,0.0,880.5
7607,9967,0,8000,0.0,880.5
7607,9967,0,16000,0.0,880.5
7607,9967,0,full,0.0,880.5
7607,9967,1,50,0.0,50.0
7607,9967,1,100,0.0,100.0
7607,9967,1,250,0.0,250.0
7607,9967,1,500,0.0,500.0
7607,9967,1,1000,0.0,880.5
7607,9967,1,2000,0.0,880.5
7607,9967,1,4000,0.0,880.5
7607,9967,1,8000,0.0,880.5
7607,9967,1,16000,0.0,880.5
7607,9967,1,full,0.0,880.5
7607,9967,2,50,0.0,50.0
7607,9967,2,100,0.0,100.0
7607,9967,2,250,0.0,250.0
7607,9967,2,500,0.0,500.0
7607,9967,2,1000,0.0,880.5
7607,9967,2,2000,0.0,880.5
7607,9967,2,4000,0.0,880.5
7607,9967,2,8000,0.0,880.5
7607,9967,2,16000,0.0,880.5
7607,9967,2,full,0.0,880.5
7607,9967,3,50,0.0,50.0
7607,9967,3,100,0.0,100.0
7607,9967,3,250,0.0,250.0
7607,9967,3,500,0.0,500.0
7607,9967,3,1000,0.0,880.5
7607,9967,3,2000,0.0,880.5
7607,9967,3,4000,0.0,880.5
7607,9967,3,8000,0.0,880.5
7607,9967,3,16000,0.0,880.5
7607,9967,3,full,0.0,880.5
7607,9967,4,50,0.0,50.0
7607,9967,4,100,0.0,100.0
7607,9967,4,250,0.0,250.0
7607,9967,4,500,0.0,500.0
7607,9967,4,1000,0.0,880.5
7607,9967,4,2000,0.0,880.5
7607,9967,4,4000,0.0,880.5
7607,9967,4,8000,0.0,880.5
7607,9967,4,16000,0.0,880.5
7607,9967,4,full,0.0,880.5
7609,145854,0,50,0.00045276773795677183,50.0
7609,145854,0,100,0.005889883763592674,100.0
7609,145854,0,250,0.00045276773795677183,250.0
7609,145854,0,500,0.00011319193448899867,500.0
7609,145854,0,1000,0.00226383868978397,1000.0
7609,145854,0,2000,0.0010187274104025423,1254.5
7609,145854,0,4000,0.0010187274104025423,1254.5
7609,145854,0,8000,0.0010187274104025423,1254.5
7609,145854,0,16000,0.0010187274104025423,1254.5
7609,145854,0,full,0.0010187274104025423,1254.5
7609,145854,1,50,0.006342651501549557,50.0
7609,145854,1,100,0.00272050959789516,100.0
7609,145854,1,250,0.00011319193448899867,250.0
7609,145854,1,500,0.0,500.0
7609,145854,1,1000,0.0032864692703413745,1000.0
7609,145854,1,2000,0.0010187274104025423,1254.5
7609,145854,1,4000,0.0010187274104025423,1254.5
7609,145854,1,8000,0.0010187274104025423,1254.5
7609,145854,1,16000,0.0010187274104025423,1254.5
7609,145854,1,full,0.0010187274104025423,1254.5
7609,145854,2,50,0.0021506467552945274,50.0
7609,145854,2,100,0.003965620877276588,100.0
7609,145854,2,250,0.0,250.0
7609,145854,2,500,0.003965620877276588,500.0
7609,145854,2,1000,0.00226383868978397,1000.0
7609,145854,2,2000,0.00226383868978397,1254.5
7609,145854,2,4000,0.00226383868978397,1254.5
7609,145854,2,8000,0.00226383868978397,1254.5
7609,145854,2,16000,0.00226383868978397,1254.5
7609,145854,2,full,0.00226383868978397,1254.5
7609,145854,3,50,0.003965620877276588,50.0
7609,145854,3,100,0.003965620877276588,100.0
7609,145854,3,250,0.0010187274104025423,250.0
7609,145854,3,500,0.0021506467552945274,500.0
7609,145854,3,1000,0.0016978790173377556,1000.0
7609,145854,3,2000,0.005097540222168129,1254.5
7609,145854,3,4000,0.005097540222168129,1254.5
7609,145854,3,8000,0.005097540222168129,1254.5
7609,145854,3,16000,0.005097540222168129,1254.5
7609,145854,3,full,0.005097540222168129,1254.5
7609,145854,4,50,0.006569035370527887,50.0
7609,145854,4,100,0.004305196680743917,100.0
7609,145854,4,250,0.00272050959789516,250.0
7609,145854,4,500,0.0010187274104025423,500.0
7609,145854,4,1000,0.006569035370527887,1000.0
7609,145854,4,2000,0.007361378911952099,1254.5
7609,145854,4,4000,0.007361378911952099,1254.5
7609,145854,4,8000,0.007361378911952099,1254.5
7609,145854,4,16000,0.007361378911952099,1254.5
7609,145854,4,full,0.007361378911952099,1254.5
7609,3903,0,50,0.02439768222018801,50.0
7609,3903,0,100,0.02439768222018801,100.0
7609,3903,0,250,0.1707456541628547,250.0
7609,3903,0,500,0.0,500.0
7609,3903,0,1000,0.04879536444037613,1000.0
7609,3903,0,2000,0.19514333638304282,1277.5
7609,3903,0,4000,0.19514333638304282,1277.5
7609,3903,0,8000,0.19514333638304282,1277.5
7609,3903,0,16000,0.19514333638304282,1277.5
7609,3903,0,full,0.19514333638304282,1277.5
7609,3903,1,50,0.04879536444037613,50.0
7609,3903,1,100,0.02439768222018801,100.0
7609,3903,1,250,0.0,250.0
7609,3903,1,500,0.0,500.0
7609,3903,1,1000,0.0,1000.0
7609,3903,1,2000,0.0,1277.5
7609,3903,1,4000,0.0,1277.5
7609,3903,1,8000,0.0,1277.5
7609,3903,1,16000,0.0,1277.5
7609,3903,1,full,0.0,1277.5
7609,3903,2,50,0.04879536444037613,50.0
7609,3903,2,100,0.04879536444037613,100.0
7609,3903,2,250,0.0,250.0
7609,3903,2,500,0.0,500.0
7609,3903,2,1000,0.0,1000.0
7609,3903,2,2000,0.0,1277.5
7609,3903,2,4000,0.0,1277.5
7609,3903,2,8000,0.0,1277.5
7609,3903,2,16000,0.0,1277.5
7609,3903,2,full,0.0,1277.5
7609,3903,3,50,0.0,50.0
7609,3903,3,100,0.0,100.0
7609,3903,3,250,0.0,250.0
7609,3903,3,500,0.0,500.0
7609,3903,3,1000,0.0,1000.0
7609,3903,3,2000,0.0,1277.5
7609,3903,3,4000,0.0,1277.5
7609,3903,3,8000,0.0,1277.5
7609,3903,3,16000,0.0,1277.5
7609,3903,3,full,0.0,1277.5
7609,3903,4,50,0.0,50.0
7609,3903,4,100,0.21950289722476068,100.0
7609,3903,4,250,0.0,250.0
7609,3903,4,500,0.04879536444037613,500.0
7609,3903,4,1000,0.0,1000.0
7609,3903,4,2000,0.19514333638304282,1277.5
7609,3903,4,4000,0.19514333638304282,1277.5
7609,3903,4,8000,0.19514333638304282,1277.5
7609,3903,4,16000,0.19514333638304282,1277.5
7609,3903,4,full,0.19514333638304282,1277.5
7609,9967,0,50,0.0,50.0
7609,9967,0,100,0.0,100.0
7609,9967,0,250,0.0,250.0
7609,9967,0,500,0.0,500.0
7609,9967,0,1000,0.0,1000.0
7609,9967,0,2000,0.0,1278.5
7609,9967,0,4000,0.0,1278.5
7609,9967,0,8000,0.0,1278.5
7609,9967,0,16000,0.0,1278.5
7609,9967,0,full,0.0,1278.5
7609,9967,1,50,0.0,50.0
7609,9967,1,100,0.0,100.0
7609,9967,1,250,0.0,250.0
7609,9967,1,500,0.0,500.0
7609,9967,1,1000,0.0,1000.0
7609,9967,1,2000,0.0,1278.5
7609,9967,1,4000,0.0,1278.5
7609,9967,1,8000,0.0,1278.5
7609,9967,1,16000,0.0,1278.5
7609,9967,1,full,0.0,1278.5
7609,9967,2,50,0.0,50.0
7609,9967,2,100,0.0,100.0
7609,9967,2,250,0.0,250.0
7609,9967,2,500,0.0,500.0
7609,9967,2,1000,0.0,1000.0
7609,9967,2,2000,0.0,1278.5
7609,9967,2,4000,0.0,1278.5
7609,9967,2,8000,0.0,1278.5
7609,9967,2,16000,0.0,1278.5
7609,9967,2,full,0.0,1278.5
7609,9967,3,50,0.0,50.0
7609,9967,3,100,0.0,100.0
7609,9967,3,250,0.0,250.0
7609,9967,3,500,0.0,500.0
7609,9967,3,1000,0.0,1000.0
7609,9967,3,2000,0.0,1278.5
7609,9967,3,4000,0.0,1278.5
7609,9967,3,8000,0.0,1278.5
7609,9967,3,16000,0.0,1278.5
7609,9967,3,full,0.0,1278.5
7609,9967,4,50,0.0,50.0
7609,9967,4,100,0.0,100.0
7609,9967,4,250,0.0,250.0
7609,9967,4,500,0.0,500.0
7609,9967,4,1000,0.0,1000.0
7609,9967,4,2000,0.0,1278.5
7609,9967,4,4000,0.0,1278.5
7609,9967,4,8000,0.0,1278.5
7609,9967,4,16000,0.0,1278.5
7609,9967,4,full,0.0,1278.5
7609,145853,0,50,0.026970971143758016,50.0
7609,145853,0,100,0.009334653112854752,100.0
7609,145853,0,250,0.026970971143758016,250.0
7609,145853,0,500,0.03526993896469233,500.0
7609,145853,0,1000,0.016597935641868622,1000.0
7609,145853,0,2000,0.016597935641868622,1281.5
7609,145853,0,4000,0.016597935641868622,1281.5
7609,145853,0,8000,0.016597935641868622,1281.5
7609,145853,0,16000,0.016597935641868622,1281.5
7609,145853,0,full,0.016597935641868622,1281.5
7609,145853,1,50,0.0612025277194157,50.0
7609,145853,1,100,0.028006656435678456,100.0
7609,145853,1,250,0.02282013868473376,250.0
7609,145853,1,500,0.024896903462802933,500.0
7609,145853,1,1000,0.0612025277194157,1000.0
7609,145853,1,2000,0.0238585210737684,1281.5
7609,145853,1,4000,0.0238585210737684,1281.5
7609,145853,1,8000,0.0238585210737684,1281.5
7609,145853,1,16000,0.0238585210737684,1281.5
7609,145853,1,full,0.0238585210737684,1281.5
7609,145853,2,50,0.03941807432660238,50.0
7609,145853,2,100,0.028006656435678456,100.0
7609,145853,2,250,0.050829492217526306,250.0
7609,145853,2,500,0.005186517750944697,500.0
7609,145853,2,1000,0.005186517750944697,1000.0
7609,145853,2,2000,0.005186517750944697,1281.5
7609,145853,2,4000,0.005186517750944697,1281.5
7609,145853,2,8000,0.005186517750944697,1281.5
7609,145853,2,16000,0.005186517750944697,1281.5
7609,145853,2,full,0.005186517750944697,1281.5
7609,145853,3,50,0.02282013868473376,50.0
7609,145853,3,100,0.025932588754723374,100.0
7609,145853,3,250,0.03111910650566807,250.0
7609,145853,3,500,0.010373035501889394,500.0
7609,145853,3,1000,0.05394194228751603,1000.0
7609,145853,3,2000,0.07468801329129471,1281.5
7609,145853,3,4000,0.07468801329129471,1281.5
7609,145853,3,8000,0.07468801329129471,1281.5
7609,145853,3,16000,0.07468801329129471,1281.5
7609,145853,3,full,0.07468801329129471,1281.5
7609,145853,4,50,0.024896903462802933,50.0
7609,145853,4,100,0.0238585210737684,100.0
7609,145853,4,250,0.028006656435678456,250.0
7609,145853,4,500,0.025932588754723374,500.0
7609,145853,4,1000,0.026970971143758016,1000.0
7609,145853,4,2000,0.0238585210737684,1281.5
7609,145853,4,4000,0.0238585210737684,1281.5
7609,145853,4,8000,0.0238585210737684,1281.5
7609,145853,4,16000,0.0238585210737684,1281.5
7609,145853,4,full,0.0238585210737684,1281.5
7609,34537,0,50,0.0032562737861563384,50.0
7609,34537,0,100,0.002603579261591382,100.0
7609,34537,0,250,0.001084624724644545,250.0
7609,34537,0,500,0.001953284349249129,500.0
7609,34537,0,1000,0.001084624724644545,1000.0
7609,34537,0,2000,0.008900161733863765,1437.5
7609,34537,0,4000,0.008900161733863765,1437.5
7609,34537,0,8000,0.008900161733863765,1437.5
7609,34537,0,16000,0.008900161733863765,1437.5
7609,34537,0,full,0.008900161733863765,1437.5
7609,34537,1,50,0.0030379090738936743,50.0
7609,34537,1,100,0.001084624724644545,100.0
7609,34537,1,250,0.001953284349249129,250.0
7609,34537,1,500,0.0036906035984586305,500.0
7609,34537,1,1000,0.0013029894369068762,1000.0
7609,34537,1,2000,0.001084624724644545,1437.5
7609,34537,1,4000,0.001084624724644545,1437.5
7609,34537,1,8000,0.001084624724644545,1437.5
7609,34537,1,16000,0.001084624724644545,1437.5
7609,34537,1,full,0.001084624724644545,1437.5
7609,34537,2,50,0.0030379090738936743,50.0
7609,34537,2,100,0.012806730432362246,100.0
7609,34537,2,250,0.004559263223063215,250.0
7609,34537,2,500,0.002169249449288979,500.0
7609,34537,2,1000,0.0047752283231030646,1000.0
7609,34537,2,2000,0.0032562737861563384,1437.5
7609,34537,2,4000,0.0032562737861563384,1437.5
7609,34537,2,8000,0.0032562737861563384,1437.5
7609,34537,2,16000,0.0032562737861563384,1437.5
7609,34537,2,full,0.0032562737861563384,1437.5
7609,34537,3,50,0.00803150210925907,50.0
7609,34537,3,100,0.007813137396996739,100.0
7609,34537,3,250,0.001084624724644545,250.0
7609,34537,3,500,0.005209558135405357,500.0
7609,34537,3,1000,0.011287775895415408,1000.0
7609,34537,3,2000,0.006078217760010052,1437.5
7609,34537,3,4000,0.006078217760010052,1437.5
7609,34537,3,8000,0.006078217760010052,1437.5
7609,34537,3,16000,0.006078217760010052,1437.5
7609,34537,3,full,0.006078217760010052,1437.5
7609,34537,4,50,0.002603579261591382,50.0
7609,34537,4,100,0.0023876141615514213,100.0
7609,34537,4,250,0.001084624724644545,250.0
7609,34537,4,500,0.001084624724644545,500.0
7609,34537,4,1000,0.001084624724644545,1000.0
7609,34537,4,2000,0.001084624724644545,1437.5
7609,34537,4,4000,0.001084624724644545,1437.5
7609,34537,4,8000,0.001084624724644545,1437.5
7609,34537,4,16000,0.001084624724644545,1437.5
7609,34537,4,full,0.001084624724644545,1437.5
7609,125923,0,50,0.01809922257953711,50.0
7609,125923,0,100,0.01809922257953711,100.0
7609,125923,0,250,0.01809922257953711,250.0
7609,125923,0,500,0.01809922257953711,500.0
7609,125923,0,1000,0.01809922257953711,1000.0
7609,125923,0,2000,0.01809922257953711,1479.5
7609,125923,0,4000,0.01809922257953711,1479.5
7609,125923,0,8000,0.01809922257953711,1479.5
7609,125923,0,16000,0.01809922257953711,1479.5
7609,125923,0,full,0.01809922257953711,1479.5
7609,125923,1,50,0.013575197477286305,50.0
7609,125923,1,100,0.013575197477286305,100.0
7609,125923,1,250,0.004524025102250806,250.0
7609,125923,1,500,0.0,500.0
7609,125923,1,1000,0.004524025102250806,1000.0
7609,125923,1,2000,0.004524025102250806,1479.5
7609,125923,1,4000,0.004524025102250806,1479.5
7609,125923,1,8000,0.004524025102250806,1479.5
7609,125923,1,16000,0.004524025102250806,1479.5
7609,125923,1,full,0.004524025102250806,1479.5
7609,125923,2,50,0.009048050204502056,50.0
7609,125923,2,100,0.01809922257953711,100.0
7609,125923,2,250,0.01809922257953711,250.0
7609,125923,2,500,0.01809922257953711,500.0
7609,125923,2,1000,0.01809922257953711,1000.0
7609,125923,2,2000,0.01809922257953711,1479.5
7609,125923,2,4000,0.01809922257953711,1479.5
7609,125923,2,8000,0.01809922257953711,1479.5
7609,125923,2,16000,0.01809922257953711,1479.5
7609,125923,2,full,0.01809922257953711,1479.5
7609,125923,3,50,0.02262324768178825,50.0
7609,125923,3,100,0.004524025102250806,100.0
7609,125923,3,250,0.004524025102250806,250.0
7609,125923,3,500,0.01809922257953711,500.0
7609,125923,3,1000,0.02262324768178825,1000.0
7609,125923,3,2000,0.013575197477286305,1479.5
7609,125923,3,4000,0.013575197477286305,1479.5
7609,125923,3,8000,0.013575197477286305,1479.5
7609,125923,3,16000,0.013575197477286305,1479.5
7609,125923,3,full,0.013575197477286305,1479.5
7609,125923,4,50,0.013575197477286305,50.0
7609,125923,4,100,0.009048050204502056,100.0
7609,125923,4,250,0.01809922257953711,250.0
7609,125923,4,500,0.01809922257953711,500.0
7609,125923,4,1000,0.01809922257953711,1000.0
7609,125923,4,2000,0.004524025102250806,1479.5
7609,125923,4,4000,0.004524025102250806,1479.5
7609,125923,4,8000,0.004524025102250806,1479.5
7609,125923,4,16000,0.004524025102250806,1479.5
7609,125923,4,full,0.004524025102250806,1479.5
7609,145878,0,50,0.010256604786609946,50.0
7609,145878,0,100,0.0,100.0
7609,145878,0,250,0.005126843416806248,250.0
7609,145878,0,500,0.010256604786609946,500.0
7609,145878,0,1000,0.005126843416806248,1000.0
7609,145878,0,2000,0.005126843416806248,1578.5
7609,145878,0,4000,0.005126843416806248,1578.5
7609,145878,0,8000,0.005126843416806248,1578.5
7609,145878,0,16000,0.005126843416806248,1578.5
7609,145878,0,full,0.005126843416806248,1578.5
7609,145878,1,50,0.005126843416806248,50.0
7609,145878,1,100,0.010256604786609946,100.0
7609,145878,1,250,0.0,250.0
7609,145878,1,500,0.020513209573220115,500.0
7609,145878,1,1000,0.005126843416806248,1000.0
7609,145878,1,2000,0.010256604786609946,1578.5
7609,145878,1,4000,0.010256604786609946,1578.5
7609,145878,1,8000,0.010256604786609946,1578.5
7609,145878,1,16000,0.010256604786609946,1578.5
7609,145878,1,full,0.010256604786609946,1578.5
7609,145878,2,50,0.005126843416806248,50.0
7609,145878,2,100,0.015383448203416195,100.0
7609,145878,2,250,0.0,250.0
7609,145878,2,500,0.005126843416806248,500.0
7609,145878,2,1000,0.0,1000.0
7609,145878,2,2000,0.010256604786609946,1578.5
7609,145878,2,4000,0.010256604786609946,1578.5
7609,145878,2,8000,0.010256604786609946,1578.5
7609,145878,2,16000,0.010256604786609946,1578.5
7609,145878,2,full,0.010256604786609946,1578.5
7609,145878,3,50,0.010256604786609946,50.0
7609,145878,3,100,0.010256604786609946,100.0
7609,145878,3,250,0.005126843416806248,250.0
7609,145878,3,500,0.005126843416806248,500.0
7609,145878,3,1000,0.010256604786609946,1000.0
7609,145878,3,2000,0.0,1578.5
7609,145878,3,4000,0.0,1578.5
7609,145878,3,8000,0.0,1578.5
7609,145878,3,16000,0.0,1578.5
7609,145878,3,full,0.0,1578.5
7609,145878,4,50,0.015383448203416195,50.0
7609,145878,4,100,0.025640052990026363,100.0
7609,145878,4,250,0.020513209573220115,250.0
7609,145878,4,500,0.015383448203416195,500.0
7609,145878,4,1000,0.020513209573220115,1000.0
7609,145878,4,2000,0.020513209573220115,1578.5
7609,145878,4,4000,0.020513209573220115,1578.5
7609,145878,4,8000,0.020513209573220115,1578.5
7609,145878,4,16000,0.020513209573220115,1578.5
7609,145878,4,full,0.020513209573220115,1578.5
5527,146064,0,50,0.0,50.0
5527,146064,0,100,0.0,100.0
5527,146064,0,250,0.0,250.0
5527,146064,0,500,0.0,500.0
5527,146064,0,1000,0.0,1000.0
5527,146064,0,2000,0.0,2000.0
5527,146064,0,4000,0.0,4000.0
5527,146064,0,8000,0.0,8000.0
5527,146064,0,16000,0.0,16000.0
5527,146064,0,full,0.0,44775.5
5527,146064,1,50,0.0,50.0
5527,146064,1,100,0.0,100.0
5527,146064,1,250,0.0,250.0
5527,146064,1,500,0.0,500.0
5527,146064,1,1000,0.0,1000.0
5527,146064,1,2000,0.0,2000.0
5527,146064,1,4000,0.0,4000.0
5527,146064,1,8000,0.0,8000.0
5527,146064,1,16000,0.0,16000.0
5527,146064,1,full,0.0,44775.5
5527,146064,2,50,0.0,50.0
5527,146064,2,100,0.0,100.0
5527,146064,2,250,0.0,250.0
5527,146064,2,500,0.0,500.0
5527,146064,2,1000,0.0,1000.0
5527,146064,2,2000,0.0,2000.0
5527,146064,2,4000,0.0,4000.0
5527,146064,2,8000,0.0,8000.0
5527,146064,2,16000,0.0,16000.0
5527,146064,2,full,0.0,44775.5
5527,146064,3,50,0.0,50.0
5527,146064,3,100,0.0,100.0
5527,146064,3,250,0.0,250.0
5527,146064,3,500,0.0,500.0
5527,146064,3,1000,0.0,1000.0
5527,146064,3,2000,0.0,2000.0
5527,146064,3,4000,0.0,4000.0
5527,146064,3,8000,0.0,8000.0
5527,146064,3,16000,0.0,16000.0
5527,146064,3,full,0.0,44775.5
5527,146064,4,50,0.0,50.0
5527,146064,4,100,0.0,100.0
5527,146064,4,250,0.0,250.0
5527,146064,4,500,0.0,500.0
5527,146064,4,1000,0.0,1000.0
5527,146064,4,2000,0.0,2000.0
5527,146064,4,4000,0.0,4000.0
5527,146064,4,8000,0.0,8000.0
5527,146064,4,16000,0.0,16000.0
5527,146064,4,full,0.0,44775.5
5527,146065,0,50,0.344262173945171,50.0
5527,146065,0,100,0.344262173945171,100.0
5527,146065,0,250,0.344262173945171,250.0
5527,146065,0,500,0.0,500.0
5527,146065,0,1000,0.344262173945171,1000.0
5527,146065,0,2000,0.0,2000.0
5527,146065,0,4000,0.344262173945171,4000.0
5527,146065,0,8000,0.344262173945171,8000.0
5527,146065,0,16000,0.344262173945171,16000.0
5527,146065,0,full,0.0,55612.5
5527,146065,1,50,0.0,50.0
5527,146065,1,100,0.344262173945171,100.0
5527,146065,1,250,0.0,250.0
5527,146065,1,500,0.344262173945171,500.0
5527,146065,1,1000,0.8401635508263752,1000.0
5527,146065,1,2000,0.344262173945171,2000.0
5527,146065,1,4000,0.8442621739451712,4000.0
5527,146065,1,8000,0.18442572477154617,8000.0
5527,146065,1,16000,0.0,16000.0
5527,146065,1,full,0.8442621739451712,55612.5
5527,146065,2,50,0.0,50.0
5527,146065,2,100,0.0,100.0
5527,146065,2,250,0.0,250.0
5527,146065,2,500,0.0,500.0
5527,146065,2,1000,0.0,1000.0
5527,146065,2,2000,0.0,2000.0
5527,146065,2,4000,0.0,4000.0
5527,146065,2,8000,0.0,8000.0
5527,146065,2,16000,0.0,16000.0
5527,146065,2,full,0.0,55612.5
5527,146065,3,50,0.344262173945171,50.0
5527,146065,3,100,0.344262173945171,100.0
5527,146065,3,250,0.344262173945171,250.0
5527,146065,3,500,0.344262173945171,500.0
5527,146065,3,1000,0.0,1000.0
5527,146065,3,2000,0.0,2000.0
5527,146065,3,4000,0.344262173945171,4000.0
5527,146065,3,8000,0.8360649277075791,8000.0
5527,146065,3,16000,0.344262173945171,16000.0
5527,146065,3,full,0.0,55612.5
5527,146065,4,50,0.0,50.0
5527,146065,4,100,0.0,100.0
5527,146065,4,250,0.0,250.0
5527,146065,4,500,0.0,500.0
5527,146065,4,1000,0.0,1000.0
5527,146065,4,2000,0.0,2000.0
5527,146065,4,4000,0.0,4000.0
5527,146065,4,8000,0.0,8000.0
5527,146065,4,16000,0.0,16000.0
5527,146065,4,full,0.0,55612.5
5527,9914,0,50,0.003171756932269121,50.0
5527,9914,0,100,0.003171756932269121,100.0
5527,9914,0,250,0.003171756932269121,250.0
5527,9914,0,500,0.0025392478054083734,500.0
5527,9914,0,1000,0.003171756932269121,1000.0
5527,9914,0,2000,0.003171756932269121,2000.0
5527,9914,0,4000,0.0012680886863767338,4000.0
5527,9914,0,8000,0.003171756932269121,8000.0
5527,9914,0,16000,0.003171756932269121,16000.0
5527,9914,0,full,0.003171756932269121,59340.5
5527,9914,1,50,0.015861855094001287,50.0
5527,9914,1,100,0.006346584297193147,100.0
5527,9914,1,250,0.006346584297193147,250.0
5527,9914,1,500,0.011422009475354988,500.0
5527,9914,1,1000,0.006346584297193147,1000.0
5527,9914,1,2000,0.003807336491785107,2000.0
5527,9914,1,4000,0.01649743465351694,4000.0
5527,9914,1,8000,0.006979093424054339,8000.0
5527,9914,1,16000,0.003171756932269121,16000.0
5527,9914,1,full,0.003807336491785107,59340.5
5527,9914,2,50,0.003807336491785107,50.0
5527,9914,2,100,0.003807336491785107,100.0
5527,9914,2,250,0.006979093424054339,250.0
5527,9914,2,500,0.010786429915839446,500.0
5527,9914,2,1000,0.003171756932269121,1000.0
5527,9914,2,2000,0.003171756932269121,2000.0
5527,9914,2,4000,0.003171756932269121,4000.0
5527,9914,2,8000,0.012690098161731833,8000.0
5527,9914,2,16000,0.003171756932269121,16000.0
5527,9914,2,full,0.003171756932269121,59340.5
5527,9914,3,50,0.015229345967140095,50.0
5527,9914,3,100,0.009518341229462601,100.0
5527,9914,3,250,0.00444291605130076,250.0
5527,9914,3,500,0.00444291605130076,500.0
5527,9914,3,1000,0.01015085035632346,1000.0
5527,9914,3,2000,0.01205451860221618,2000.0
5527,9914,3,4000,0.013325677721247708,4000.0
5527,9914,3,8000,0.007614672983569881,8000.0
5527,9914,3,16000,0.013958186848108567,16000.0
5527,9914,3,full,0.014593766407624553,59340.5
5527,9914,4,50,0.006979093424054339,50.0
5527,9914,4,100,0.003171756932269121,100.0
5527,9914,4,250,0.01015085035632346,250.0
5527,9914,4,500,0.01015085035632346,500.0
5527,9914,4,1000,0.006979093424054339,1000.0
5527,9914,4,2000,0.01015085035632346,2000.0
5527,9914,4,4000,0.01015085035632346,4000.0
5527,9914,4,8000,0.01015085035632346,8000.0
5527,9914,4,16000,0.008882761669946726,16000.0
5527,9914,4,full,0.01015085035632346,59340.5
5527,145804,0,50,0.0,50.0
5527,145804,0,100,0.0,100.0
5527,145804,0,250,0.0,250.0
5527,145804,0,500,0.0,500.0
5527,145804,0,1000,0.0,1000.0
5527,145804,0,2000,0.0,2000.0
5527,145804,0,4000,0.0,4000.0
5527,145804,0,8000,0.0,8000.0
5527,145804,0,16000,0.0,16000.0
5527,145804,0,full,0.0,59424.5
5527,145804,1,50,0.0,50.0
5527,145804,1,100,0.0,100.0
5527,145804,1,250,0.0,250.0
5527,145804,1,500,0.0,500.0
5527,145804,1,1000,0.0,1000.0
5527,145804,1,2000,0.0,2000.0
5527,145804,1,4000,0.0,4000.0
5527,145804,1,8000,0.0,8000.0
5527,145804,1,16000,0.0,16000.0
5527,145804,1,full,0.0,59424.5
5527,145804,2,50,0.0,50.0
5527,145804,2,100,0.0,100.0
5527,145804,2,250,0.0,250.0
5527,145804,2,500,0.0,500.0
5527,145804,2,1000,0.0,1000.0
5527,145804,2,2000,0.0,2000.0
5527,145804,2,4000,0.0,4000.0
5527,145804,2,8000,0.0,8000.0
5527,145804,2,16000,0.0,16000.0
5527,145804,2,full,0.0,59424.5
5527,145804,3,50,0.0,50.0
5527,145804,3,100,0.0,100.0
5527,145804,3,250,0.0,250.0
5527,145804,3,500,0.0,500.0
5527,145804,3,1000,0.0,1000.0
5527,145804,3,2000,0.0,2000.0
5527,145804,3,4000,0.0,4000.0
5527,145804,3,8000,0.0,8000.0
5527,145804,3,16000,0.0,16000.0
5527,145804,3,full,0.0,59424.5
5527,145804,4,50,0.0,50.0
5527,145804,4,100,0.0,100.0
5527,145804,4,250,0.0,250.0
5527,145804,4,500,0.0,500.0
5527,145804,4,1000,0.0,1000.0
5527,145804,4,2000,0.0,2000.0
5527,145804,4,4000,0.0,4000.0
5527,145804,4,8000,0.0,8000.0
5527,145804,4,16000,0.0,16000.0
5527,145804,4,full,0.0,59424.5
5527,31,0,50,0.12328767123287676,50.0
5527,31,0,100,0.15068493150684936,100.0
5527,31,0,250,0.17808219178082196,250.0
5527,31,0,500,0.1917808219178082,500.0
5527,31,0,1000,0.1643835616438356,1000.0
5527,31,0,2000,0.1917808219178082,2000.0
5527,31,0,4000,0.1643835616438356,4000.0
5527,31,0,8000,0.20547945205479456,8000.0
5527,31,0,16000,0.17808219178082196,16000.0
5527,31,0,full,0.1643835616438356,60559.5
5527,31,1,50,0.273972602739726,50.0
5527,31,1,100,0.1643835616438356,100.0
5527,31,1,250,0.1643835616438356,250.0
5527,31,1,500,0.23287671232876717,500.0
5527,31,1,1000,0.2465753424657534,1000.0
5527,31,1,2000,0.17808219178082196,2000.0
5527,31,1,4000,0.15068493150684936,4000.0
5527,31,1,8000,0.1917808219178082,8000.0
5527,31,1,16000,0.17808219178082196,16000.0
5527,31,1,full,0.2465753424657534,60559.5
5527,31,2,50,0.15068493150684936,50.0
5527,31,2,100,0.09589041095890416,100.0
5527,31,2,250,0.20547945205479456,250.0
5527,31,2,500,0.15068493150684936,500.0
5527,31,2,1000,0.12328767123287676,1000.0
5527,31,2,2000,0.1643835616438356,2000.0
5527,31,2,4000,0.136986301369863,4000.0
5527,31,2,8000,0.0547945205479452,8000.0
5527,31,2,16000,0.17808219178082196,16000.0
5527,31,2,full,0.20547945205479456,60559.5
5527,31,3,50,0.2465753424657534,50.0
5527,31,3,100,0.0821917808219178,100.0
5527,31,3,250,0.0821917808219178,250.0
5527,31,3,500,0.1917808219178082,500.0
5527,31,3,1000,0.0547945205479452,1000.0
5527,31,3,2000,0.1917808219178082,2000.0
5527,31,3,4000,0.1095890410958904,4000.0
5527,31,3,8000,0.1643835616438356,8000.0
5527,31,3,16000,0.0821917808219178,16000.0
5527,31,3,full,0.1643835616438356,60559.5
5527,31,4,50,0.12328767123287676,50.0
5527,31,4,100,0.1095890410958904,100.0
5527,31,4,250,0.1095890410958904,250.0
5527,31,4,500,0.12328767123287676,500.0
5527,31,4,1000,0.0821917808219178,1000.0
5527,31,4,2000,0.09589041095890416,2000.0
5527,31,4,4000,0.06849315068493156,4000.0
5527,31,4,8000,0.1095890410958904,8000.0
5527,31,4,16000,0.0821917808219178,16000.0
5527,31,4,full,0.06849315068493156,60559.5
5527,10101,0,50,0.20635203324428686,50.0
5527,10101,0,100,0.19047788661323872,100.0
5527,10101,0,250,0.22222617987533377,250.0
5527,10101,0,500,0.2698367468091428,500.0
5527,10101,0,1000,0.2381003265063819,1000.0
5527,10101,0,2000,0.2381003265063819,2000.0
5527,10101,0,4000,0.2381003265063819,4000.0
5527,10101,0,8000,0.2381003265063819,8000.0
5527,10101,0,16000,0.2381003265063819,16000.0
5527,10101,0,full,0.20635203324428686,74516.5
5527,10101,1,50,0.1746037399821906,50.0
5527,10101,1,100,0.15872959335114367,100.0
5527,10101,1,250,0.14285544672009554,250.0
5527,10101,1,500,0.20635203324428686,500.0
5527,10101,1,1000,0.07937073315523957,1000.0
5527,10101,1,2000,0.14285544672009554,2000.0
5527,10101,1,4000,0.2381003265063819,4000.0
5527,10101,1,8000,0.14285544672009554,8000.0
5527,10101,1,16000,0.14285544672009554,16000.0
5527,10101,1,full,0.2381003265063819,74516.5
5527,10101,2,50,0.20635203324428686,50.0
5527,10101,2,100,0.20635203324428686,100.0
5527,10101,2,250,0.22222617987533377,250.0
5527,10101,2,500,0.20635203324428686,500.0
5527,10101,2,1000,0.22222617987533377,1000.0
5527,10101,2,2000,0.22222617987533377,2000.0
5527,10101,2,4000,0.20635203324428686,4000.0
5527,10101,2,8000,0.20635203324428686,8000.0
5527,10101,2,16000,0.20635203324428686,16000.0
5527,10101,2,full,0.20635203324428686,74516.5
5527,10101,3,50,0.1746037399821906,50.0
5527,10101,3,100,0.19047788661323872,100.0
5527,10101,3,250,0.15872959335114367,250.0
5527,10101,3,500,0.03174829326209638,500.0
5527,10101,3,1000,0.19047788661323872,1000.0
5527,10101,3,2000,0.06349658652419143,2000.0
5527,10101,3,4000,0.11110715345800048,4000.0
5527,10101,3,8000,0.0952448797862877,8000.0
5527,10101,3,16000,0.0952448797862877,16000.0
5527,10101,3,full,0.20635203324428686,74516.5
5527,10101,4,50,0.0952448797862877,50.0
5527,10101,4,100,0.0952448797862877,100.0
5527,10101,4,250,0.11110715345800048,250.0
5527,10101,4,500,0.11110715345800048,500.0
5527,10101,4,1000,0.07937073315523957,1000.0
5527,10101,4,2000,0.11110715345800048,2000.0
5527,10101,4,4000,0.0952448797862877,4000.0
5527,10101,4,8000,0.07937073315523957,8000.0
5527,10101,4,16000,0.0952448797862877,16000.0
5527,10101,4,full,0.07937073315523957,74516.5
5891,9889,0,50,0.0007574726886968586,50.0
5891,9889,0,100,0.0030372448585621603,100.0
5891,9889,0,250,0.018234500307033552,250.0
5891,9889,0,500,0.008357938938876264,500.0
5891,9889,0,1000,0.0015186224292811357,1000.0
5891,9889,0,2000,0.0,2000.0
5891,9889,0,4000,0.0007574726886968586,2569.5
5891,9889,0,8000,0.0007574726886968586,2569.5
5891,9889,0,16000,0.0007574726886968586,2569.5
5891,9889,0,full,0.0007574726886968586,2569.5
5891,9889,1,50,0.06458741639303256,50.0
5891,9889,1,100,0.06610971587420056,100.0
5891,9889,1,250,0.06610971587420056,250.0
5891,9889,1,500,0.06610971587420056,500.0
5891,9889,1,1000,0.06534856613361639,1000.0
5891,9889,1,2000,0.06534856613361639,2000.0
5891,9889,1,4000,0.06534856613361639,2569.5
5891,9889,1,8000,0.06534856613361639,2569.5
5891,9889,1,16000,0.06534856613361639,2569.5
5891,9889,1,full,0.06534856613361639,2569.5
5891,9889,2,50,0.0037983945991459933,50.0
5891,9889,2,100,0.0007574726886968586,100.0
5891,9889,2,250,0.0022797721698649687,250.0
5891,9889,2,500,0.0030372448585621603,500.0
5891,9889,2,1000,0.0015186224292811357,1000.0
5891,9889,2,2000,0.0022797721698649687,2000.0
5891,9889,2,4000,0.0007574726886968586,2569.5
5891,9889,2,8000,0.0007574726886968586,2569.5
5891,9889,2,16000,0.0007574726886968586,2569.5
5891,9889,2,full,0.0007574726886968586,2569.5
5891,9889,3,50,0.0015186224292811357,50.0
5891,9889,3,100,0.0007574726886968586,100.0
5891,9889,3,250,0.0007574726886968586,250.0
5891,9889,3,500,0.0007574726886968586,500.0
5891,9889,3,1000,0.0007574726886968586,1000.0
5891,9889,3,2000,0.0015186224292811357,2000.0
5891,9889,3,4000,0.0,2569.5
5891,9889,3,8000,0.0,2569.5
5891,9889,3,16000,0.0,2569.5
5891,9889,3,full,0.0,2569.5
5891,9889,4,50,0.0007574726886968586,50.0
5891,9889,4,100,0.01747702761833636,100.0
5891,9889,4,250,0.005317017028427129,250.0
5891,9889,4,500,0.0015186224292811357,500.0
5891,9889,4,1000,0.0015186224292811357,1000.0
5891,9889,4,2000,0.06610971587420056,2000.0
5891,9889,4,4000,0.0022797721698649687,2569.5
5891,9889,4,8000,0.0022797721698649687,2569.5
5891,9889,4,16000,0.0022797721698649687,2569.5
5891,9889,4,full,0.0022797721698649687,2569.5
5891,3899,0,50,0.02092661744081925,50.0
5891,3899,0,100,0.08940489667641038,100.0
5891,3899,0,250,0.05000168967439966,250.0
5891,3899,0,500,0.02228258114661319,500.0
5891,3899,0,1000,0.03288106381900213,1000.0
5891,3899,0,2000,0.024458036936282235,2000.0
5891,3899,0,4000,0.027989456431745663,2572.5
5891,3899,0,8000,0.027989456431745663,2572.5
5891,3899,0,16000,0.027989456431745663,2572.5
5891,3899,0,full,0.027989456431745663,2572.5
5891,3899,1,50,0.16304513120321718,50.0
5891,3899,1,100,0.008697598972678078,100.0
5891,3899,1,250,0.021467313248737074,250.0
5891,3899,1,500,0.05000168967439966,500.0
5891,3899,1,1000,0.15299156852474516,1000.0
5891,3899,1,2000,0.007337411080884704,2000.0
5891,3899,1,4000,0.062230708142540725,2572.5
5891,3899,1,8000,0.062230708142540725,2572.5
5891,3899,1,16000,0.062230708142540725,2572.5
5891,3899,1,full,0.062230708142540725,2572.5
5891,3899,2,50,0.016305357957521527,50.0
5891,3899,2,100,0.038587939104134605,100.0
5891,3899,2,250,0.016305357957521527,250.0
5891,3899,2,500,0.010053562678472017,500.0
5891,3899,2,1000,0.2665757058614805,1000.0
5891,3899,2,2000,0.12798861159454555,2000.0
5891,3899,2,4000,0.19239477552675588,2572.5
5891,3899,2,8000,0.19239477552675588,2572.5
5891,3899,2,16000,0.19239477552675588,2572.5
5891,3899,2,full,0.19239477552675588,2572.5
5891,3899,3,50,0.0032610715915043498,50.0
5891,3899,3,100,0.026358920635993544,100.0
5891,3899,3,250,0.10733656624368504,250.0
5891,3899,3,500,0.0032610715915043498,500.0
5891,3899,3,1000,0.0010898399878342957,1000.0
5891,3899,3,2000,0.19266512343071507,2000.0
5891,3899,3,4000,0.02092661744081925,2572.5
5891,3899,3,8000,0.02092661744081925,2572.5
5891,3899,3,16000,0.02092661744081925,2572.5
5891,3899,3,full,0.02092661744081925,2572.5
5891,3899,4,50,0.005706875285132473,50.0
5891,3899,4,100,0.0038059915854216086,100.0
5891,3899,4,250,0.009512866870554193,250.0
5891,3899,4,500,0.026358920635993544,500.0
5891,3899,4,1000,0.010053562678472017,1000.0
5891,3899,4,2000,0.007337411080884704,2000.0
5891,3899,4,4000,0.0032610715915043498,2572.5
5891,3899,4,8000,0.0032610715915043498,2572.5
5891,3899,4,16000,0.0032610715915043498,2572.5
5891,3899,4,full,0.0032610715915043498,2572.5
5891,6566,0,50,0.028664778403280966,50.0
5891,6566,0,100,0.0,100.0
5891,6566,0,250,0.025080212018286807,250.0
5891,6566,0,500,0.014338265539976747,500.0
5891,6566,0,1000,0.0,1000.0
5891,6566,0,2000,0.05017217671324603,2000.0
5891,6566,0,4000,0.028664778403280966,2764.5
5891,6566,0,8000,0.028664778403280966,2764.5
5891,6566,0,16000,0.028664778403280966,2764.5
5891,6566,0,full,0.028664778403280966,2764.5
5891,6566,1,50,0.035833911173269284,50.0
5891,6566,1,100,0.032249344788275125,100.0
5891,6566,1,250,0.028664778403280966,250.0
5891,6566,1,500,0.007169132769988318,500.0
5891,6566,1,1000,0.028664778403280966,1000.0
5891,6566,1,2000,0.028664778403280966,2000.0
5891,6566,1,4000,0.028664778403280966,2764.5
5891,6566,1,8000,0.028664778403280966,2764.5
5891,6566,1,16000,0.028664778403280966,2764.5
5891,6566,1,full,0.028664778403280966,2764.5
5891,6566,2,50,0.017922831924970906,50.0
5891,6566,2,100,0.04300304394325771,100.0
5891,6566,2,250,0.014338265539976747,250.0
5891,6566,2,500,0.017922831924970906,500.0
5891,6566,2,1000,0.014338265539976747,1000.0
5891,6566,2,2000,0.007169132769988318,2000.0
5891,6566,2,4000,0.007169132769988318,2764.5
5891,6566,2,8000,0.007169132769988318,2764.5
5891,6566,2,16000,0.007169132769988318,2764.5
5891,6566,2,full,0.007169132769988318,2764.5
5891,6566,3,50,0.028664778403280966,50.0
5891,6566,3,100,0.007169132769988318,100.0
5891,6566,3,250,0.017922831924970906,250.0
5891,6566,3,500,0.017922831924970906,500.0
5891,6566,3,1000,0.032249344788275125,1000.0
5891,6566,3,2000,0.007169132769988318,2000.0
5891,6566,3,4000,0.028664778403280966,2764.5
5891,6566,3,8000,0.028664778403280966,2764.5
5891,6566,3,16000,0.028664778403280966,2764.5
5891,6566,3,full,0.028664778403280966,2764.5
5891,6566,4,50,0.007169132769988318,50.0
5891,6566,4,100,0.017922831924970906,100.0
5891,6566,4,250,0.028664778403280966,250.0
5891,6566,4,500,0.007169132769988318,500.0
5891,6566,4,1000,0.0,1000.0
5891,6566,4,2000,0.0,2000.0
5891,6566,4,4000,0.0,2764.5
5891,6566,4,8000,0.0,2764.5
5891,6566,4,16000,0.0,2764.5
5891,6566,4,full,0.0,2764.5
5891,9980,0,50,0.09091355358106923,50.0
5891,9980,0,100,0.09091355358106923,100.0
5891,9980,0,250,0.09091355358106923,250.0
5891,9980,0,500,0.09091355358106923,500.0
5891,9980,0,1000,0.09091355358106923,1000.0
5891,9980,0,2000,0.09091355358106923,2000.0
5891,9980,0,4000,0.09091355358106923,2928.5
5891,9980,0,8000,0.09091355358106923,2928.5
5891,9980,0,16000,0.09091355358106923,2928.5
5891,9980,0,full,0.09091355358106923,2928.5
5891,9980,1,50,0.09091355358106923,50.0
5891,9980,1,100,0.09091355358106923,100.0
5891,9980,1,250,0.09091355358106923,250.0
5891,9980,1,500,0.09091355358106923,500.0
5891,9980,1,1000,0.09091355358106923,1000.0
5891,9980,1,2000,0.09091355358106923,2000.0
5891,9980,1,4000,0.09091355358106923,2928.5
5891,9980,1,8000,0.09091355358106923,2928.5
5891,9980,1,16000,0.09091355358106923,2928.5
5891,9980,1,full,0.09091355358106923,2928.5
5891,9980,2,50,0.09091355358106923,50.0
5891,9980,2,100,0.09091355358106923,100.0
5891,9980,2,250,0.09091355358106923,250.0
5891,9980,2,500,0.09091355358106923,500.0
5891,9980,2,1000,0.09091355358106923,1000.0
5891,9980,2,2000,0.09091355358106923,2000.0
5891,9980,2,4000,0.09091355358106923,2928.5
5891,9980,2,8000,0.09091355358106923,2928.5
5891,9980,2,16000,0.09091355358106923,2928.5
5891,9980,2,full,0.09091355358106923,2928.5
5891,9980,3,50,0.09091355358106923,50.0
5891,9980,3,100,0.09091355358106923,100.0
5891,9980,3,250,0.09091355358106923,250.0
5891,9980,3,500,0.09091355358106923,500.0
5891,9980,3,1000,0.09091355358106923,1000.0
5891,9980,3,2000,0.09091355358106923,2000.0
5891,9980,3,4000,0.0,2928.5
5891,9980,3,8000,0.0,2928.5
5891,9980,3,16000,0.0,2928.5
5891,9980,3,full,0.0,2928.5
5891,9980,4,50,0.09091355358106923,50.0
5891,9980,4,100,0.09091355358106923,100.0
5891,9980,4,250,0.09091355358106923,250.0
5891,9980,4,500,0.09091355358106923,500.0
5891,9980,4,1000,0.09091355358106923,1000.0
5891,9980,4,2000,0.09091355358106923,2000.0
5891,9980,4,4000,0.09091355358106923,2928.5
5891,9980,4,8000,0.09091355358106923,2928.5
5891,9980,4,16000,0.09091355358106923,2928.5
5891,9980,4,full,0.09091355358106923,2928.5
5891,3891,0,50,0.008113095614942,50.0
5891,3891,0,100,0.010819024036804348,100.0
5891,3891,0,250,0.009466324869565668,250.0
5891,3891,0,500,0.010819024036804348,500.0
5891,3891,0,1000,0.009466059825873119,1000.0
5891,3891,0,2000,0.009466059825873119,2000.0
5891,3891,0,4000,0.022313357766413078,3068.5
5891,3891,0,8000,0.022313357766413078,3068.5
5891,3891,0,16000,0.022313357766413078,3068.5
5891,3891,0,full,0.022313357766413078,3068.5
5891,3891,1,50,0.001352964210931007,50.0
5891,3891,1,100,0.008113095614942,100.0
5891,3891,1,250,0.004734202325597736,250.0
5891,3891,1,500,0.001352964210931007,500.0
5891,3891,1,1000,0.0020282739037355,1000.0
5891,3891,1,2000,0.001352964210931007,2000.0
5891,3891,1,4000,0.001352964210931007,3068.5
5891,3891,1,8000,0.001352964210931007,3068.5
5891,3891,1,16000,0.001352964210931007,3068.5
5891,3891,1,full,0.001352964210931007,3068.5
5891,3891,2,50,0.008113095614942,50.0
5891,3891,2,100,0.009466324869565668,100.0
5891,3891,2,250,0.1223811232182257,250.0
5891,3891,2,500,0.008113095614942,500.0
5891,3891,2,1000,0.008113095614942,1000.0
5891,3891,2,2000,0.009466059825873119,2000.0
5891,3891,2,4000,0.003381238114666507,3068.5
5891,3891,2,8000,0.003381238114666507,3068.5
5891,3891,2,16000,0.003381238114666507,3068.5
5891,3891,2,full,0.003381238114666507,3068.5
5891,3891,3,50,0.12373174260383457,50.0
5891,3891,3,100,0.1244093971219612,100.0
5891,3891,3,250,0.003381238114666507,250.0
5891,3891,3,500,0.002705928421862236,500.0
5891,3891,3,1000,0.12576001650757007,1000.0
5891,3891,3,2000,0.008113095614942,2000.0
5891,3891,3,4000,0.1250847068147658,3068.5
5891,3891,3,8000,0.1250847068147658,3068.5
5891,3891,3,16000,0.1250847068147658,3068.5
5891,3891,3,full,0.1250847068147658,3068.5
5891,3891,4,50,0.008113095614942,50.0
5891,3891,4,100,0.007437785922137619,100.0
5891,3891,4,250,0.009466324869565668,250.0
5891,3891,4,500,0.0020282739037355,500.0
5891,3891,4,1000,0.008113095614942,1000.0
5891,3891,4,2000,0.008114061131251349,2000.0
5891,3891,4,4000,0.009466324869565668,3068.5
5891,3891,4,8000,0.009466324869565668,3068.5
5891,3891,4,16000,0.009466324869565668,3068.5
5891,3891,4,full,0.009466324869565668,3068.5
5891,3492,0,50,0.0,50.0
5891,3492,0,100,0.0,100.0
5891,3492,0,250,0.0,250.0
5891,3492,0,500,0.10942208146662236,500.0
5891,3492,0,1000,0.0,1000.0
5891,3492,0,2000,0.0,2000.0
5891,3492,0,4000,0.0,3302.5
5891,3492,0,8000,0.0,3302.5
5891,3492,0,16000,0.0,3302.5
5891,3492,0,full,0.0,3302.5
5891,3492,1,50,0.0,50.0
5891,3492,1,100,0.0,100.0
5891,3492,1,250,0.0,250.0
5891,3492,1,500,0.0,500.0
5891,3492,1,1000,0.0,1000.0
5891,3492,1,2000,0.0,2000.0
5891,3492,1,4000,0.0,3302.5
5891,3492,1,8000,0.0,3302.5
5891,3492,1,16000,0.0,3302.5
5891,3492,1,full,0.0,3302.5
5891,3492,2,50,0.0,50.0
5891,3492,2,100,0.0,100.0
5891,3492,2,250,0.14589667194500178,250.0
5891,3492,2,500,0.27051664027499167,500.0
5891,3492,2,1000,0.0,1000.0
5891,3492,2,2000,0.0,2000.0
5891,3492,2,4000,0.07598774434832278,3302.5
5891,3492,2,8000,0.07598774434832278,3302.5
5891,3492,2,16000,0.07598774434832278,3302.5
5891,3492,2,full,0.07598774434832278,3302.5
5891,3492,3,50,0.0,50.0
5891,3492,3,100,0.0,100.0
5891,3492,3,250,0.0,250.0
5891,3492,3,500,0.0,500.0
5891,3492,3,1000,0.0,1000.0
5891,3492,3,2000,0.0,2000.0
5891,3492,3,4000,0.0,3302.5
5891,3492,3,8000,0.0,3302.5
5891,3492,3,16000,0.0,3302.5
5891,3492,3,full,0.0,3302.5
5891,3492,4,50,0.0,50.0
5891,3492,4,100,0.0,100.0
5891,3492,4,250,0.0,250.0
5891,3492,4,500,0.018236450254931702,500.0
5891,3492,4,1000,0.17325219231165723,1000.0
5891,3492,4,2000,0.0,2000.0
5891,3492,4,4000,0.0,3302.5
5891,3492,4,8000,0.0,3302.5
5891,3492,4,16000,0.0,3302.5
5891,3492,4,full,0.0,3302.5
5636,146064,0,50,0.2400008896005692,50.0
5636,146064,0,100,0.14800062272039838,100.0
5636,146064,0,250,0.2519993772796014,250.0
5636,146064,0,500,0.14399964415977207,500.0
5636,146064,0,1000,0.2079997331198291,1000.0
5636,146064,0,2000,0.14399964415977207,2000.0
5636,146064,0,4000,0.12800017792011387,4000.0
5636,146064,0,8000,0.09999999999999998,8000.0
5636,146064,0,16000,0.235999911039943,16000.0
5636,146064,0,full,0.2519993772796014,43826.5
5636,146064,1,50,0.18799928831954438,50.0
5636,146064,1,100,0.4439996441597721,100.0
5636,146064,1,250,0.14800062272039838,250.0
5636,146064,1,500,0.4439996441597721,500.0
5636,146064,1,1000,0.24800062272039836,1000.0
5636,146064,1,2000,0.2519993772796014,2000.0
5636,146064,1,4000,0.10799973311982913,4000.0
5636,146064,1,8000,0.09999999999999998,8000.0
5636,146064,1,16000,0.14399964415977207,16000.0
5636,146064,1,full,0.4439996441597721,43826.5
5636,146064,2,50,0.2039987545592029,50.0
5636,146064,2,100,0.24399964415977204,100.0
5636,146064,2,250,0.0,250.0
5636,146064,2,500,0.24399964415977204,500.0
5636,146064,2,1000,0.24399964415977204,1000.0
5636,146064,2,2000,0.2079997331198291,2000.0
5636,146064,2,4000,0.09999999999999998,4000.0
5636,146064,2,8000,0.1760008006405125,8000.0
5636,146064,2,16000,0.0,16000.0
5636,146064,2,full,0.0,43826.5
5636,146064,3,50,0.2640000889600568,50.0
5636,146064,3,100,0.2679988435192596,100.0
5636,146064,3,250,0.4439996441597721,250.0
5636,146064,3,500,0.4439996441597721,500.0
5636,146064,3,1000,0.0,1000.0
5636,146064,3,2000,0.4439996441597721,2000.0
5636,146064,3,4000,0.4439996441597721,4000.0
5636,146064,3,8000,0.4439996441597721,8000.0
5636,146064,3,16000,0.24800062272039836,16000.0
5636,146064,3,full,0.0,43826.5
5636,146064,4,50,0.2799995551997153,50.0
5636,146064,4,100,0.2519993772796014,100.0
5636,146064,4,250,0.4439996441597721,250.0
5636,146064,4,500,0.2840005337603416,500.0
5636,146064,4,1000,0.4439996441597721,1000.0
5636,146064,4,2000,0.2519993772796014,2000.0
5636,146064,4,4000,0.4439996441597721,4000.0
5636,146064,4,8000,0.13999866559914587,8000.0
5636,146064,4,16000,0.24800062272039836,16000.0
5636,146064,4,full,0.27600080064051247,43826.5
5636,145804,0,50,0.06028271216151493,50.0
5636,145804,0,100,0.0851058047376877,100.0
5636,145804,0,250,0.06028271216151493,250.0
5636,145804,0,500,0.0,500.0
5636,145804,0,1000,0.6560267424914136,1000.0
5636,145804,0,2000,0.12056542432302975,2000.0
5636,145804,0,4000,0.09928897313860774,4000.0
5636,145804,0,8000,0.836878276142042,8000.0
5636,145804,0,16000,0.11347553870561167,16000.0
5636,145804,0,full,0.836878276142042,46481.5
5636,145804,1,50,0.07446588056243497,50.0
5636,145804,1,100,0.08155916334593694,100.0
5636,145804,1,250,0.5070915842004599,250.0
5636,145804,1,500,0.046099543760594774,500.0
5636,145804,1,1000,0.007089885617417746,1000.0
5636,145804,1,2000,0.836878276142042,2000.0
5636,145804,1,4000,0.04964618515234598,4000.0
5636,145804,1,8000,0.056736070769763725,8000.0
5636,145804,1,16000,0.20567462622680166,16000.0
5636,145804,1,full,0.046099543760594774,46481.5
5636,145804,2,50,0.1063822559221097,50.0
5636,145804,2,100,0.0851058047376877,100.0
5636,145804,2,250,0.18085153365062845,250.0
5636,145804,2,500,0.07092263633676799,500.0
5636,145804,2,1000,0.07446588056243497,1000.0
5636,145804,2,2000,0.9929067172164977,2000.0
5636,145804,2,4000,0.04964618515234598,4000.0
5636,145804,2,8000,0.836878276142042,8000.0
5636,145804,2,16000,0.14893515829095372,16000.0
5636,145804,2,full,0.7021262862520083,46481.5
5636,145804,3,50,0.1241120657147805,50.0
5636,145804,3,100,0.836878276142042,100.0
5636,145804,3,250,0.014183168400920043,250.0
5636,145804,3,500,0.053189429378012965,500.0
5636,145804,3,1000,0.007089885617417746,1000.0
5636,145804,3,2000,0.0,2000.0
5636,145804,3,4000,0.1063822559221097,4000.0
5636,145804,3,8000,0.08865244612943879,8000.0
5636,145804,3,16000,0.2624106969965654,16000.0
5636,145804,3,full,0.16311832669187376,46481.5
5636,145804,4,50,0.11347553870561167,50.0
5636,145804,4,100,0.06737599494501678,100.0
5636,145804,4,250,0.11702218009736276,250.0
5636,145804,4,500,0.14893515829095372,500.0
5636,145804,4,1000,0.028366336801839753,1000.0
5636,145804,4,2000,0.836878276142042,2000.0
5636,145804,4,4000,0.03545961958534205,4000.0
5636,145804,4,8000,0.15602844107445568,8000.0
5636,145804,4,16000,0.07801252195418573,16000.0
5636,145804,4,full,0.06028271216151493,46481.5
5636,9914,0,50,0.36665949782246476,50.0
5636,9914,0,100,0.21111350072584512,100.0
5636,9914,0,250,0.12221087155223509,250.0
5636,9914,0,500,0.21667831603849808,500.0
5636,9914,0,1000,0.20001075326630435,1000.0
5636,9914,0,2000,0.36665949782246476,2000.0
5636,9914,0,4000,0.022232378084843796,4000.0
5636,9914,0,8000,0.08333781386096284,8000.0
5636,9914,0,16000,0.21111350072584512,16000.0
5636,9914,0,full,0.34999193505027104,49653.5
5636,9914,1,50,0.3055540620463487,50.0
5636,9914,1,100,0.15000806494972896,100.0
5636,9914,1,250,0.1666756277219228,250.0
5636,9914,1,500,0.36665949782246476,500.0
5636,9914,1,1000,0.061105435776119044,1000.0
5636,9914,1,2000,0.20001075326630435,2000.0
5636,9914,1,4000,0.15000806494972896,4000.0
5636,9914,1,8000,0.36665949782246476,8000.0
5636,9914,1,16000,0.24444862627022967,16000.0
5636,9914,1,full,0.10000537663315368,49653.5
5636,9914,2,50,0.36665949782246476,50.0
5636,9914,2,100,0.1888811226410042,100.0
5636,9914,2,250,0.03333512554438456,250.0
5636,9914,2,500,0.15000806494972896,500.0
5636,9914,2,1000,0.03333512554438456,1000.0
5636,9914,2,2000,0.34999193505027104,2000.0
5636,9914,2,4000,0.03333512554438456,4000.0
5636,9914,2,8000,0.36665949782246476,8000.0
5636,9914,2,16000,0.32222162481853944,16000.0
5636,9914,2,full,0.08887574600785053,49653.5
5636,9914,3,50,0.03333512554438456,50.0
5636,9914,3,100,0.17221355986881048,100.0
5636,9914,3,250,0.08333781386096284,250.0
5636,9914,3,500,0.03333512554438456,500.0
5636,9914,3,1000,0.10554330878004436,1000.0
5636,9914,3,2000,0.36665949782246476,2000.0
5636,9914,3,4000,0.36665949782246476,4000.0
5636,9914,3,8000,0.36665949782246476,8000.0
5636,9914,3,16000,0.27778375181461423,16000.0
5636,9914,3,full,0.061105435776119044,49653.5
5636,9914,4,50,0.055567503629228354,50.0
5636,9914,4,100,0.36665949782246476,100.0
5636,9914,4,250,0.055567503629228354,250.0
5636,9914,4,500,0.36665949782246476,500.0
5636,9914,4,1000,0.0944405613205036,1000.0
5636,9914,4,2000,0.29445131458680796,2000.0
5636,9914,4,4000,0.18334319049411352,4000.0
5636,9914,4,8000,0.061105435776119044,8000.0
5636,9914,4,16000,0.36665949782246476,16000.0
5636,9914,4,full,0.36665949782246476,49653.5
5636,146065,0,50,0.4413137326824865,50.0
5636,146065,0,100,0.539905758866849,100.0
5636,146065,0,250,0.8450692700544568,250.0
5636,146065,0,500,0.75117237098276,500.0
5636,146065,0,1000,0.8450692700544568,1000.0
5636,146065,0,2000,0.8450692700544568,2000.0
5636,146065,0,4000,0.8450692700544568,4000.0
5636,146065,0,8000,0.8450692700544568,8000.0
5636,146065,0,16000,0.8450692700544568,16000.0
5636,146065,0,full,0.8450692700544568,50494.5
5636,146065,1,50,0.8450692700544568,50.0
5636,146065,1,100,0.8450692700544568,100.0
5636,146065,1,250,0.8450692700544568,250.0
5636,146065,1,500,0.3004683840749416,500.0
5636,146065,1,1000,0.8450692700544568,1000.0
5636,146065,1,2000,0.8450692700544568,2000.0
5636,146065,1,4000,0.3098586383002738,4000.0
5636,146065,1,8000,0.8450692700544568,8000.0
5636,146065,1,16000,0.502347563556333,16000.0
5636,146065,1,full,0.8450692700544568,50494.5
5636,146065,2,50,0.7887305662932763,50.0
5636,146065,2,100,0.3755875962867865,100.0
5636,146065,2,250,0.3286391467509383,250.0
5636,146065,2,500,0.22535199345390933,500.0
5636,146065,2,1000,0.6666657261363955,1000.0
5636,146065,2,2000,0.01878050845066448,2000.0
5636,146065,2,4000,0.7652577523207584,4000.0
5636,146065,2,8000,0.17370841680539473,8000.0
5636,146065,2,16000,0.1314550943822127,16000.0
5636,146065,2,full,0.7887305662932763,50494.5
5636,146065,3,50,0.4272311729353008,50.0
5636,146065,3,100,0.0,100.0
5636,146065,3,250,0.07042408509917875,250.0
5636,146065,3,500,0.5070426906689991,500.0
5636,146065,3,1000,0.1830986710307273,1000.0
5636,146065,3,2000,0.21126661211591102,2000.0
5636,146065,3,4000,0.3004683840749416,4000.0
5636,146065,3,8000,0.5070426906689991,8000.0
5636,146065,3,16000,0.5070426906689991,16000.0
5636,146065,3,full,0.01878050845066448,50494.5
5636,146065,4,50,0.3004683840749416,50.0
5636,146065,4,100,0.41314579159730247,100.0
5636,146065,4,250,0.8450692700544568,250.0
5636,146065,4,500,0.8450692700544568,500.0
5636,146065,4,1000,0.09389689907169674,1000.0
5636,146065,4,2000,0.8450692700544568,2000.0
5636,146065,4,4000,0.8450692700544568,4000.0
5636,146065,4,8000,0.8450692700544568,8000.0
5636,146065,4,16000,0.3004683840749416,16000.0
5636,146065,4,full,0.8450692700544568,50494.5
5636,10101,0,50,0.11627178791357762,50.0
5636,10101,0,100,0.11627178791357762,100.0
5636,10101,0,250,0.11627178791357762,250.0
5636,10101,0,500,0.6279094040288062,500.0
5636,10101,0,1000,0.6279094040288062,1000.0
5636,10101,0,2000,0.11627178791357762,2000.0
5636,10101,0,4000,0.11627178791357762,4000.0
5636,10101,0,8000,0.11627178791357762,8000.0
5636,10101,0,16000,0.6279094040288062,16000.0
5636,10101,0,full,0.6279094040288062,69143.5
5636,10101,1,50,0.6279094040288062,50.0
5636,10101,1,100,0.11627178791357762,100.0
5636,10101,1,250,0.11627178791357762,250.0
5636,10101,1,500,0.6279094040288062,500.0
5636,10101,1,1000,0.186045297985595,1000.0
5636,10101,1,2000,0.0697561145322333,2000.0
5636,10101,1,4000,0.6279094040288062,4000.0
5636,10101,1,8000,0.6279094040288062,8000.0
5636,10101,1,16000,0.6279094040288062,16000.0
5636,10101,1,full,0.11627178791357762,69143.5
5636,10101,2,50,0.6279094040288062,50.0
5636,10101,2,100,0.11627178791357762,100.0
5636,10101,2,250,0.6279094040288062,250.0
5636,10101,2,500,0.11627178791357762,500.0
5636,10101,2,1000,0.6279094040288062,1000.0
5636,10101,2,2000,0.11627178791357762,2000.0
5636,10101,2,4000,0.11627178791357762,4000.0
5636,10101,2,8000,0.6279094040288062,8000.0
5636,10101,2,16000,0.6279094040288062,16000.0
5636,10101,2,full,0.6279094040288062,69143.5
5636,10101,3,50,0.6279094040288062,50.0
5636,10101,3,100,0.6279094040288062,100.0
5636,10101,3,250,0.6279094040288062,250.0
5636,10101,3,500,0.11627178791357762,500.0
5636,10101,3,1000,0.6279094040288062,1000.0
5636,10101,3,2000,0.6279094040288062,2000.0
5636,10101,3,4000,0.11627178791357762,4000.0
5636,10101,3,8000,0.6279094040288062,8000.0
5636,10101,3,16000,0.6279094040288062,16000.0
5636,10101,3,full,0.6279094040288062,69143.5
5636,10101,4,50,0.11627178791357762,50.0
5636,10101,4,100,0.11627178791357762,100.0
5636,10101,4,250,0.11627178791357762,250.0
5636,10101,4,500,0.11627178791357762,500.0
5636,10101,4,1000,0.11627178791357762,1000.0
5636,10101,4,2000,0.11627178791357762,2000.0
5636,10101,4,4000,0.11627178791357762,4000.0
5636,10101,4,8000,0.11627178791357762,8000.0
5636,10101,4,16000,0.11627178791357762,16000.0
5636,10101,4,full,0.11627178791357762,69143.5
5636,31,0,50,0.15517241379310343,50.0
5636,31,0,100,0.15517241379310343,100.0
5636,31,0,250,0.06896551724137934,250.0
5636,31,0,500,0.08620689655172409,500.0
5636,31,0,1000,0.27586206896551724,1000.0
5636,31,0,2000,0.9310344827586207,2000.0
5636,31,0,4000,0.22413793103448276,4000.0
5636,31,0,8000,0.06896551724137934,8000.0
5636,31,0,16000,0.15517241379310343,16000.0
5636,31,0,full,0.2586206896551724,79614.5
5636,31,1,50,0.15517241379310343,50.0
5636,31,1,100,0.1724137931034483,100.0
5636,31,1,250,0.13793103448275867,250.0
5636,31,1,500,0.13793103448275867,500.0
5636,31,1,1000,0.1724137931034483,1000.0
5636,31,1,2000,0.06896551724137934,2000.0
5636,31,1,4000,0.18965517241379315,4000.0
5636,31,1,8000,0.13793103448275867,8000.0
5636,31,1,16000,0.2586206896551724,16000.0
5636,31,1,full,0.2586206896551724,79614.5
5636,31,2,50,0.2586206896551724,50.0
5636,31,2,100,0.31034482758620685,100.0
5636,31,2,250,0.1724137931034483,250.0
5636,31,2,500,0.9310344827586207,500.0
5636,31,2,1000,0.10344827586206895,1000.0
5636,31,2,2000,0.9310344827586207,2000.0
5636,31,2,4000,0.08620689655172409,4000.0
5636,31,2,8000,0.9310344827586207,8000.0
5636,31,2,16000,0.43103448275862066,16000.0
5636,31,2,full,0.15517241379310343,79614.5
5636,31,3,50,0.9310344827586207,50.0
5636,31,3,100,0.2068965517241379,100.0
5636,31,3,250,0.1724137931034483,250.0
5636,31,3,500,0.3793103448275862,500.0
5636,31,3,1000,0.2068965517241379,1000.0
5636,31,3,2000,0.13793103448275867,2000.0
5636,31,3,4000,0.08620689655172409,4000.0
5636,31,3,8000,0.9310344827586207,8000.0
5636,31,3,16000,0.2586206896551724,16000.0
5636,31,3,full,0.9310344827586207,79614.5
5636,31,4,50,0.15517241379310343,50.0
5636,31,4,100,0.13793103448275867,100.0
5636,31,4,250,0.06896551724137934,250.0
5636,31,4,500,0.1724137931034483,500.0
5636,31,4,1000,0.15517241379310343,1000.0
5636,31,4,2000,0.15517241379310343,2000.0
5636,31,4,4000,0.1724137931034483,4000.0
5636,31,4,8000,0.18965517241379315,8000.0
5636,31,4,16000,0.15517241379310343,16000.0
5636,31,4,full,0.13793103448275867,79614.5
5859,9983,0,50,0.0,50.0
5859,9983,0,100,0.0958253404964362,100.0
5859,9983,0,250,0.0,250.0
5859,9983,0,500,0.0,500.0
5859,9983,0,1000,0.09683129181799588,1000.0
5859,9983,0,2000,0.0,2000.0
5859,9983,0,4000,0.0,2863.5
5859,9983,0,8000,0.0,2863.5
5859,9983,0,16000,0.0,2863.5
5859,9983,0,full,0.0,2863.5
5859,9983,1,50,0.09683129181799588,50.0
5859,9983,1,100,0.1267611693403552,100.0
5859,9983,1,250,0.5548292489394784,250.0
5859,9983,1,500,0.0,500.0
5859,9983,1,1000,0.0,1000.0
5859,9983,1,2000,0.0,2000.0
5859,9983,1,4000,0.2615699492531881,2863.5
5859,9983,1,8000,0.2615699492531881,2863.5
5859,9983,1,16000,0.2615699492531881,2863.5
5859,9983,1,full,0.2615699492531881,2863.5
5859,9983,2,50,0.9999985010051162,50.0
5859,9983,2,100,0.1267611693403552,100.0
5859,9983,2,250,0.9999985010051162,250.0
5859,9983,2,500,0.0,500.0
5859,9983,2,1000,0.0,1000.0
5859,9983,2,2000,0.0958253404964362,2000.0
5859,9983,2,4000,0.0,2863.5
5859,9983,2,8000,0.0,2863.5
5859,9983,2,16000,0.0,2863.5
5859,9983,2,full,0.0,2863.5
5859,9983,3,50,0.1267611693403552,50.0
5859,9983,3,100,0.09683129181799588,100.0
5859,9983,3,250,0.0,250.0
5859,9983,3,500,0.0,500.0
5859,9983,3,1000,0.0,1000.0
5859,9983,3,2000,0.0,2000.0
5859,9983,3,4000,0.0,2863.5
5859,9983,3,8000,0.0,2863.5
5859,9983,3,16000,0.0,2863.5
5859,9983,3,full,0.0,2863.5
5859,9983,4,50,0.0,50.0
5859,9983,4,100,0.19089339179574305,100.0
5859,9983,4,250,0.0,250.0
5859,9983,4,500,0.0,500.0
5859,9983,4,1000,0.0,1000.0
5859,9983,4,2000,0.0,2000.0
5859,9983,4,4000,0.0,2863.5
5859,9983,4,8000,0.0,2863.5
5859,9983,4,16000,0.0,2863.5
5859,9983,4,full,0.0,2863.5
5859,31,0,50,0.18181818181818177,50.0
5859,31,0,100,0.1636363636363637,100.0
5859,31,0,250,0.09090909090909094,250.0
5859,31,0,500,0.23636363636363633,500.0
5859,31,0,1000,0.18181818181818177,1000.0
5859,31,0,2000,0.054545454545454564,2000.0
5859,31,0,4000,0.18181818181818177,3005.5
5859,31,0,8000,0.18181818181818177,3005.5
5859,31,0,16000,0.18181818181818177,3005.5
5859,31,0,full,0.18181818181818177,3005.5
5859,31,1,50,0.9272727272727272,50.0
5859,31,1,100,0.23636363636363633,100.0
5859,31,1,250,0.12727272727272732,250.0
5859,31,1,500,0.19999999999999996,500.0
5859,31,1,1000,0.12727272727272732,1000.0
5859,31,1,2000,0.0,2000.0
5859,31,1,4000,0.12727272727272732,3005.5
5859,31,1,8000,0.12727272727272732,3005.5
5859,31,1,16000,0.12727272727272732,3005.5
5859,31,1,full,0.12727272727272732,3005.5
5859,31,2,50,0.9272727272727272,50.0
5859,31,2,100,0.1636363636363637,100.0
5859,31,2,250,0.09090909090909094,250.0
5859,31,2,500,0.9272727272727272,500.0
5859,31,2,1000,0.19999999999999996,1000.0
5859,31,2,2000,0.9272727272727272,2000.0
5859,31,2,4000,0.12727272727272732,3005.5
5859,31,2,8000,0.12727272727272732,3005.5
5859,31,2,16000,0.12727272727272732,3005.5
5859,31,2,full,0.12727272727272732,3005.5
5859,31,3,50,0.2727272727272727,50.0
5859,31,3,100,0.18181818181818177,100.0
5859,31,3,250,0.18181818181818177,250.0
5859,31,3,500,0.9272727272727272,500.0
5859,31,3,1000,0.12727272727272732,1000.0
5859,31,3,2000,0.9272727272727272,2000.0
5859,31,3,4000,0.054545454545454564,3005.5
5859,31,3,8000,0.054545454545454564,3005.5
5859,31,3,16000,0.054545454545454564,3005.5
5859,31,3,full,0.054545454545454564,3005.5
5859,31,4,50,0.1454545454545455,50.0
5859,31,4,100,0.1454545454545455,100.0
5859,31,4,250,0.054545454545454564,250.0
5859,31,4,500,0.23636363636363633,500.0
5859,31,4,1000,0.054545454545454564,1000.0
5859,31,4,2000,0.4545454545454546,2000.0
5859,31,4,4000,0.0,3005.5
5859,31,4,8000,0.0,3005.5
5859,31,4,16000,0.0,3005.5
5859,31,4,full,0.0,3005.5
5859,37,0,50,0.0,50.0
5859,37,0,100,0.02247055270311127,100.0
5859,37,0,250,0.16853777451784158,250.0
5859,37,0,500,0.1123613927600644,500.0
5859,37,0,1000,0.07865556370539739,1000.0
5859,37,0,2000,0.07865556370539739,2000.0
5859,37,0,4000,0.0,3239.5
5859,37,0,8000,0.0,3239.5
5859,37,0,16000,0.0,3239.5
5859,37,0,full,0.0,3239.5
5859,37,1,50,0.07865556370539739,50.0
5859,37,1,100,0.07865556370539739,100.0
5859,37,1,250,0.02247055270311127,250.0
5859,37,1,500,0.0337058290546669,500.0
5859,37,1,1000,0.07865556370539739,1000.0
5859,37,1,2000,0.07865556370539739,2000.0
5859,37,1,4000,0.0,3239.5
5859,37,1,8000,0.0,3239.5
5859,37,1,16000,0.0,3239.5
5859,37,1,full,0.0,3239.5
5859,37,2,50,0.08989084005695314,50.0
5859,37,2,100,0.07865556370539739,100.0
5859,37,2,250,0.0337058290546669,250.0
5859,37,2,500,0.15730249816628594,500.0
5859,37,2,1000,0.07865556370539739,1000.0
5859,37,2,2000,0.10112611640850877,2000.0
5859,37,2,4000,0.02247055270311127,3239.5
5859,37,2,8000,0.02247055270311127,3239.5
5859,37,2,16000,0.02247055270311127,3239.5
5859,37,2,full,0.02247055270311127,3239.5
5859,37,3,50,0.02247055270311127,50.0
5859,37,3,100,0.02247055270311127,100.0
5859,37,3,250,0.13483194546317467,250.0
5859,37,3,500,0.1460672218147303,500.0
5859,37,3,1000,0.06741165810933292,1000.0
5859,37,3,2000,0.07865556370539739,2000.0
5859,37,3,4000,0.0,3239.5
5859,37,3,8000,0.0,3239.5
5859,37,3,16000,0.0,3239.5
5859,37,3,full,0.0,3239.5
5859,37,4,50,0.06741165810933292,50.0
5859,37,4,100,0.0337058290546669,100.0
5859,37,4,250,0.07865556370539739,250.0
5859,37,4,500,0.0,500.0
5859,37,4,1000,0.06741165810933292,1000.0
5859,37,4,2000,0.0337058290546669,2000.0
5859,37,4,4000,0.02247055270311127,3239.5
5859,37,4,8000,0.02247055270311127,3239.5
5859,37,4,16000,0.02247055270311127,3239.5
5859,37,4,full,0.02247055270311127,3239.5
5859,3902,0,50,1.0,50.0
5859,3902,0,100,0.05552630513142487,100.0
5859,3902,0,250,0.0,250.0
5859,3902,0,500,0.2777530274188986,500.0
5859,3902,0,1000,0.2777530274188986,1000.0
5859,3902,0,2000,0.05552630513142487,2000.0
5859,3902,0,4000,0.2777530274188986,3382.5
5859,3902,0,8000,0.2777530274188986,3382.5
5859,3902,0,16000,0.2777530274188986,3382.5
5859,3902,0,full,0.2777530274188986,3382.5
5859,3902,1,50,0.05552630513142487,50.0
5859,3902,1,100,1.0,100.0
5859,3902,1,250,1.0,250.0
5859,3902,1,500,0.2777530274188986,500.0
5859,3902,1,1000,1.0,1000.0
5859,3902,1,2000,0.05552630513142487,2000.0
5859,3902,1,4000,1.0,3382.5
5859,3902,1,8000,1.0,3382.5
5859,3902,1,16000,1.0,3382.5
5859,3902,1,full,1.0,3382.5
5859,3902,2,50,0.05552630513142487,50.0
5859,3902,2,100,0.05552630513142487,100.0
5859,3902,2,250,0.2777530274188986,250.0
5859,3902,2,500,1.0,500.0
5859,3902,2,1000,0.05552630513142487,1000.0
5859,3902,2,2000,0.05552630513142487,2000.0
5859,3902,2,4000,0.05552630513142487,3382.5
5859,3902,2,8000,0.05552630513142487,3382.5
5859,3902,2,16000,0.05552630513142487,3382.5
5859,3902,2,full,0.05552630513142487,3382.5
5859,3902,3,50,0.05552630513142487,50.0
5859,3902,3,100,0.2777530274188986,100.0
5859,3902,3,250,0.1666599165687893,250.0
5859,3902,3,500,0.05552630513142487,500.0
5859,3902,3,1000,0.05552630513142487,1000.0
5859,3902,3,2000,0.05552630513142487,2000.0
5859,3902,3,4000,0.2777530274188986,3382.5
5859,3902,3,8000,0.2777530274188986,3382.5
5859,3902,3,16000,0.2777530274188986,3382.5
5859,3902,3,full,0.2777530274188986,3382.5
5859,3902,4,50,0.05552630513142487,50.0
5859,3902,4,100,0.05552630513142487,100.0
5859,3902,4,250,0.2777530274188986,250.0
5859,3902,4,500,0.2777530274188986,500.0
5859,3902,4,1000,0.05552630513142487,1000.0
5859,3902,4,2000,0.2777530274188986,2000.0
5859,3902,4,4000,1.0,3382.5
5859,3902,4,8000,1.0,3382.5
5859,3902,4,16000,1.0,3382.5
5859,3902,4,full,1.0,3382.5
5859,9977,0,50,0.013831166116152094,50.0
5859,9977,0,100,0.1782121503533055,100.0
5859,9977,0,250,0.11755236860810303,250.0
5859,9977,0,500,0.042095580549400324,500.0
5859,9977,0,1000,0.024263076472801792,1000.0
5859,9977,0,2000,0.1368440857967137,2000.0
5859,9977,0,4000,0.0050967930760550395,3449.5
5859,9977,0,8000,0.0050967930760550395,3449.5
5859,9977,0,16000,0.0050967930760550395,3449.5
5859,9977,0,full,0.0050967930760550395,3449.5
5859,9977,1,50,0.013831166116152094,50.0
5859,9977,1,100,0.013831166116152094,100.0
5859,9977,1,250,0.0050967930760550395,250.0
5859,9977,1,500,0.0050967930760550395,500.0
5859,9977,1,1000,0.013831166116152094,1000.0
5859,9977,1,2000,0.013831166116152094,2000.0
5859,9977,1,4000,0.0050967930760550395,3449.5
5859,9977,1,8000,0.0050967930760550395,3449.5
5859,9977,1,16000,0.0050967930760550395,3449.5
5859,9977,1,full,0.0050967930760550395,3449.5
5859,9977,2,50,0.04537358364343391,50.0
5859,9977,2,100,0.13890538110967132,100.0
5859,9977,2,250,0.20914830455324673,250.0
5859,9977,2,500,0.013831166116152094,500.0
5859,9977,2,1000,0.013831166116152094,1000.0
5859,9977,2,2000,0.042095580549400324,2000.0
5859,9977,2,4000,0.4195091357611742,3449.5
5859,9977,2,8000,0.4195091357611742,3449.5
5859,9977,2,16000,0.4195091357611742,3449.5
5859,9977,2,full,0.4195091357611742,3449.5
5859,9977,3,50,0.15916711962202612,50.0
5859,9977,3,100,0.15916711962202612,100.0
5859,9977,3,250,0.042095580549400324,250.0
5859,9977,3,500,0.013831166116152094,500.0
5859,9977,3,1000,0.024263076472801792,1000.0
5859,9977,3,2000,0.0,2000.0
5859,9977,3,4000,0.0,3449.5
5859,9977,3,8000,0.0,3449.5
5859,9977,3,16000,0.0,3449.5
5859,9977,3,full,0.0,3449.5
5859,9977,4,50,0.042095580549400324,50.0
5859,9977,4,100,0.04537358364343391,100.0
5859,9977,4,250,0.042095580549400324,250.0
5859,9977,4,500,0.0,500.0
5859,9977,4,1000,0.13890538110967132,1000.0
5859,9977,4,2000,0.0,2000.0
5859,9977,4,4000,0.03348246017477119,3449.5
5859,9977,4,8000,0.03348246017477119,3449.5
5859,9977,4,16000,0.03348246017477119,3449.5
5859,9977,4,full,0.03348246017477119,3449.5
5859,125923,0,50,0.032709011049296466,50.0
5859,125923,0,100,0.032709011049296466,100.0
5859,125923,0,250,0.032709011049296466,250.0
5859,125923,0,500,0.018691257315126997,500.0
5859,125923,0,1000,0.028035273823534212,1000.0
5859,125923,0,2000,0.032709011049296466,2000.0
5859,125923,0,4000,0.032709011049296466,4000.0
5859,125923,0,8000,0.032709011049296466,5032.5
5859,125923,0,16000,0.032709011049296466,5032.5
5859,125923,0,full,0.032709011049296466,5032.5
5859,125923,1,50,0.032709011049296466,50.0
5859,125923,1,100,0.032709011049296466,100.0
5859,125923,1,250,0.032709011049296466,250.0
5859,125923,1,500,0.032709011049296466,500.0
5859,125923,1,1000,0.032709011049296466,1000.0
5859,125923,1,2000,0.032709011049296466,2000.0
5859,125923,1,4000,0.032709011049296466,4000.0
5859,125923,1,8000,0.032709011049296466,5032.5
5859,125923,1,16000,0.032709011049296466,5032.5
5859,125923,1,full,0.032709011049296466,5032.5
5859,125923,2,50,0.032709011049296466,50.0
5859,125923,2,100,0.032709011049296466,100.0
5859,125923,2,250,0.01401602476261099,250.0
5859,125923,2,500,0.032709011049296466,500.0
5859,125923,2,1000,0.032709011049296466,1000.0
5859,125923,2,2000,0.032709011049296466,2000.0
5859,125923,2,4000,0.032709011049296466,4000.0
5859,125923,2,8000,0.01401602476261099,5032.5
5859,125923,2,16000,0.01401602476261099,5032.5
5859,125923,2,full,0.01401602476261099,5032.5
5859,125923,3,50,0.032709011049296466,50.0
5859,125923,3,100,0.032709011049296466,100.0
5859,125923,3,250,0.032709011049296466,250.0
5859,125923,3,500,0.032709011049296466,500.0
5859,125923,3,1000,0.032709011049296466,1000.0
5859,125923,3,2000,0.032709011049296466,2000.0
5859,125923,3,4000,0.032709011049296466,4000.0
5859,125923,3,8000,0.032709011049296466,5032.5
5859,125923,3,16000,0.032709011049296466,5032.5
5859,125923,3,full,0.032709011049296466,5032.5
5859,125923,4,50,0.032709011049296466,50.0
5859,125923,4,100,0.032709011049296466,100.0
5859,125923,4,250,0.032709011049296466,250.0
5859,125923,4,500,0.032709011049296466,500.0
5859,125923,4,1000,0.032709011049296466,1000.0
5859,125923,4,2000,0.032709011049296466,2000.0
5859,125923,4,4000,0.032709011049296466,4000.0
5859,125923,4,8000,0.032709011049296466,5032.5
5859,125923,4,16000,0.032709011049296466,5032.5
5859,125923,4,full,0.032709011049296466,5032.5
5889,9971,0,50,0.13952763165030546,50.0
5889,9971,0,100,0.13952763165030546,100.0
5889,9971,0,250,0.0,250.0
5889,9971,0,500,0.0,283.5
5889,9971,0,1000,0.0,283.5
5889,9971,0,2000,0.0,283.5
5889,9971,0,4000,0.0,283.5
5889,9971,0,8000,0.0,283.5
5889,9971,0,16000,0.0,283.5
5889,9971,0,full,0.0,283.5
5889,9971,1,50,0.0,50.0
5889,9971,1,100,0.0,100.0
5889,9971,1,250,0.16279353544118425,250.0
5889,9971,1,500,0.16279353544118425,283.5
5889,9971,1,1000,0.16279353544118425,283.5
5889,9971,1,2000,0.16279353544118425,283.5
5889,9971,1,4000,0.16279353544118425,283.5
5889,9971,1,8000,0.16279353544118425,283.5
5889,9971,1,16000,0.16279353544118425,283.5
5889,9971,1,full,0.16279353544118425,283.5
5889,9971,2,50,0.0,50.0
5889,9971,2,100,0.0,100.0
5889,9971,2,250,0.0,250.0
5889,9971,2,500,0.0,283.5
5889,9971,2,1000,0.0,283.5
5889,9971,2,2000,0.0,283.5
5889,9971,2,4000,0.0,283.5
5889,9971,2,8000,0.0,283.5
5889,9971,2,16000,0.0,283.5
5889,9971,2,full,0.0,283.5
5889,9971,3,50,0.0,50.0
5889,9971,3,100,0.0,100.0
5889,9971,3,250,0.0,250.0
5889,9971,3,500,0.0,283.5
5889,9971,3,1000,0.0,283.5
5889,9971,3,2000,0.0,283.5
5889,9971,3,4000,0.0,283.5
5889,9971,3,8000,0.0,283.5
5889,9971,3,16000,0.0,283.5
5889,9971,3,full,0.0,283.5
5889,9971,4,50,0.13952763165030546,50.0
5889,9971,4,100,0.13952763165030546,100.0
5889,9971,4,250,0.0,250.0
5889,9971,4,500,0.0,283.5
5889,9971,4,1000,0.0,283.5
5889,9971,4,2000,0.0,283.5
5889,9971,4,4000,0.0,283.5
5889,9971,4,8000,0.0,283.5
5889,9971,4,16000,0.0,283.5
5889,9971,4,full,0.0,283.5
5889,3918,0,50,0.0,50.0
5889,3918,0,100,0.0,100.0
5889,3918,0,250,0.0,250.0
5889,3918,0,500,0.0,285.5
5889,3918,0,1000,0.0,285.5
5889,3918,0,2000,0.0,285.5
5889,3918,0,4000,0.0,285.5
5889,3918,0,8000,0.0,285.5
5889,3918,0,16000,0.0,285.5
5889,3918,0,full,0.0,285.5
5889,3918,1,50,0.0,50.0
5889,3918,1,100,0.0,100.0
5889,3918,1,250,0.0,250.0
5889,3918,1,500,0.0,285.5
5889,3918,1,1000,0.0,285.5
5889,3918,1,2000,0.0,285.5
5889,3918,1,4000,0.0,285.5
5889,3918,1,8000,0.0,285.5
5889,3918,1,16000,0.0,285.5
5889,3918,1,full,0.0,285.5
5889,3918,2,50,0.0,50.0
5889,3918,2,100,0.06661737523104838,100.0
5889,3918,2,250,0.0,250.0
5889,3918,2,500,0.0,285.5
5889,3918,2,1000,0.0,285.5
5889,3918,2,2000,0.0,285.5
5889,3918,2,4000,0.0,285.5
5889,3918,2,8000,0.0,285.5
5889,3918,2,16000,0.0,285.5
5889,3918,2,full,0.0,285.5
5889,3918,3,50,0.06661737523104838,50.0
5889,3918,3,100,0.0,100.0
5889,3918,3,250,0.0,250.0
5889,3918,3,500,0.0,285.5
5889,3918,3,1000,0.0,285.5
5889,3918,3,2000,0.0,285.5
5889,3918,3,4000,0.0,285.5
5889,3918,3,8000,0.0,285.5
5889,3918,3,16000,0.0,285.5
5889,3918,3,full,0.0,285.5
5889,3918,4,50,0.0,50.0
5889,3918,4,100,0.0,100.0
5889,3918,4,250,0.0,250.0
5889,3918,4,500,0.0,285.5
5889,3918,4,1000,0.0,285.5
5889,3918,4,2000,0.0,285.5
5889,3918,4,4000,0.0,285.5
5889,3918,4,8000,0.0,285.5
5889,3918,4,16000,0.0,285.5
5889,3918,4,full,0.0,285.5
4796,3549,0,50,0.0,50.0
4796,3549,0,100,0.0,100.0
4796,3549,0,250,0.0,250.0
4796,3549,0,500,0.0,285.5
4796,3549,0,1000,0.0,285.5
4796,3549,0,2000,0.0,285.5
4796,3549,0,4000,0.0,285.5
4796,3549,0,8000,0.0,285.5
4796,3549,0,16000,0.0,285.5
4796,3549,0,full,0.0,285.5
4796,3549,1,50,0.0,50.0
4796,3549,1,100,0.0,100.0
4796,3549,1,250,0.0,250.0
4796,3549,1,500,0.0,285.5
4796,3549,1,1000,0.0,285.5
4796,3549,1,2000,0.0,285.5
4796,3549,1,4000,0.0,285.5
4796,3549,1,8000,0.0,285.5
4796,3549,1,16000,0.0,285.5
4796,3549,1,full,0.0,285.5
4796,3549,2,50,0.0,50.0
4796,3549,2,100,0.0,100.0
4796,3549,2,250,0.0,250.0
4796,3549,2,500,0.0347810824844047,285.5
4796,3549,2,1000,0.0347810824844047,285.5
4796,3549,2,2000,0.0347810824844047,285.5
4796,3549,2,4000,0.0347810824844047,285.5
4796,3549,2,8000,0.0347810824844047,285.5
4796,3549,2,16000,0.0347810824844047,285.5
4796,3549,2,full,0.0347810824844047,285.5
4796,3549,3,50,0.0,50.0
4796,3549,3,100,0.0,100.0
4796,3549,3,250,0.0,250.0
4796,3549,3,500,0.0,285.5
4796,3549,3,1000,0.0,285.5
4796,3549,3,2000,0.0,285.5
4796,3549,3,4000,0.0,285.5
4796,3549,3,8000,0.0,285.5
4796,3549,3,16000,0.0,285.5
4796,3549,3,full,0.0,285.5
4796,3549,4,50,0.008695270621101203,50.0
4796,3549,4,100,0.0,100.0
4796,3549,4,250,0.0,250.0
4796,3549,4,500,0.0,285.5
4796,3549,4,1000,0.0,285.5
4796,3549,4,2000,0.0,285.5
4796,3549,4,4000,0.0,285.5
4796,3549,4,8000,0.0,285.5
4796,3549,4,16000,0.0,285.5
4796,3549,4,full,0.0,285.5
4796,3918,0,50,0.0,50.0
4796,3918,0,100,0.17242829827916228,100.0
4796,3918,0,250,0.17242829827916228,250.0
4796,3918,0,500,0.17242829827916228,285.5
4796,3918,0,1000,0.17242829827916228,285.5
4796,3918,0,2000,0.17242829827916228,285.5
4796,3918,0,4000,0.17242829827916228,285.5
4796,3918,0,8000,0.17242829827916228,285.5
4796,3918,0,16000,0.17242829827916228,285.5
4796,3918,0,full,0.17242829827916228,285.5
4796,3918,1,50,0.17242829827916228,50.0
4796,3918,1,100,0.17242829827916228,100.0
4796,3918,1,250,0.17242829827916228,250.0
4796,3918,1,500,0.0,285.5
4796,3918,1,1000,0.0,285.5
4796,3918,1,2000,0.0,285.5
4796,3918,1,4000,0.0,285.5
4796,3918,1,8000,0.0,285.5
4796,3918,1,16000,0.0,285.5
4796,3918,1,full,0.0,285.5
4796,3918,2,50,0.17242829827916228,50.0
4796,3918,2,100,0.17242829827916228,100.0
4796,3918,2,250,0.17242829827916228,250.0
4796,3918,2,500,0.17242829827916228,285.5
4796,3918,2,1000,0.17242829827916228,285.5
4796,3918,2,2000,0.17242829827916228,285.5
4796,3918,2,4000,0.17242829827916228,285.5
4796,3918,2,8000,0.17242829827916228,285.5
4796,3918,2,16000,0.17242829827916228,285.5
4796,3918,2,full,0.17242829827916228,285.5
4796,3918,3,50,0.17242829827916228,50.0
4796,3918,3,100,0.17242829827916228,100.0
4796,3918,3,250,0.17242829827916228,250.0
4796,3918,3,500,0.17242829827916228,285.5
4796,3918,3,1000,0.17242829827916228,285.5
4796,3918,3,2000,0.17242829827916228,285.5
4796,3918,3,4000,0.17242829827916228,285.5
4796,3918,3,8000,0.17242829827916228,285.5
4796,3918,3,16000,0.17242829827916228,285.5
4796,3918,3,full,0.17242829827916228,285.5
4796,3918,4,50,0.17242829827916228,50.0
4796,3918,4,100,0.17242829827916228,100.0
4796,3918,4,250,0.17242829827916228,250.0
4796,3918,4,500,0.17242829827916228,285.5
4796,3918,4,1000,0.17242829827916228,285.5
4796,3918,4,2000,0.17242829827916228,285.5
4796,3918,4,4000,0.17242829827916228,285.5
4796,3918,4,8000,0.17242829827916228,285.5
4796,3918,4,16000,0.17242829827916228,285.5
4796,3918,4,full,0.17242829827916228,285.5
4796,9903,0,50,0.04225352112676062,50.0
4796,9903,0,100,0.04225352112676062,100.0
4796,9903,0,250,0.0,250.0
4796,9903,0,500,0.04225352112676062,285.5
4796,9903,0,1000,0.04225352112676062,285.5
4796,9903,0,2000,0.04225352112676062,285.5
4796,9903,0,4000,0.04225352112676062,285.5
4796,9903,0,8000,0.04225352112676062,285.5
4796,9903,0,16000,0.04225352112676062,285.5
4796,9903,0,full,0.04225352112676062,285.5
4796,9903,1,50,0.04225352112676062,50.0
4796,9903,1,100,0.0,100.0
4796,9903,1,250,0.07042253521126762,250.0
4796,9903,1,500,0.07042253521126762,285.5
4796,9903,1,1000,0.07042253521126762,285.5
4796,9903,1,2000,0.07042253521126762,285.5
4796,9903,1,4000,0.07042253521126762,285.5
4796,9903,1,8000,0.07042253521126762,285.5
4796,9903,1,16000,0.07042253521126762,285.5
4796,9903,1,full,0.07042253521126762,285.5
4796,9903,2,50,0.05633802816901412,50.0
4796,9903,2,100,0.09859154929577474,100.0
4796,9903,2,250,0.05633802816901412,250.0
4796,9903,2,500,0.05633802816901412,285.5
4796,9903,2,1000,0.05633802816901412,285.5
4796,9903,2,2000,0.05633802816901412,285.5
4796,9903,2,4000,0.05633802816901412,285.5
4796,9903,2,8000,0.05633802816901412,285.5
4796,9903,2,16000,0.05633802816901412,285.5
4796,9903,2,full,0.05633802816901412,285.5
4796,9903,3,50,0.05633802816901412,50.0
4796,9903,3,100,0.0,100.0
4796,9903,3,250,0.0,250.0
4796,9903,3,500,0.0,285.5
4796,9903,3,1000,0.0,285.5
4796,9903,3,2000,0.0,285.5
4796,9903,3,4000,0.0,285.5
4796,9903,3,8000,0.0,285.5
4796,9903,3,16000,0.0,285.5
4796,9903,3,full,0.0,285.5
4796,9903,4,50,0.05633802816901412,50.0
4796,9903,4,100,0.07042253521126762,100.0
4796,9903,4,250,0.04225352112676062,250.0
4796,9903,4,500,0.04225352112676062,285.5
4796,9903,4,1000,0.04225352112676062,285.5
4796,9903,4,2000,0.04225352112676062,285.5
4796,9903,4,4000,0.04225352112676062,285.5
4796,9903,4,8000,0.04225352112676062,285.5
4796,9903,4,16000,0.04225352112676062,285.5
4796,9903,4,full,0.04225352112676062,285.5
4796,23,0,50,0.010198330089207563,50.0
4796,23,0,100,0.010198330089207563,100.0
4796,23,0,250,0.010198330089207563,250.0
4796,23,0,500,0.010198330089207563,285.5
4796,23,0,1000,0.010198330089207563,285.5
4796,23,0,2000,0.010198330089207563,285.5
4796,23,0,4000,0.010198330089207563,285.5
4796,23,0,8000,0.010198330089207563,285.5
4796,23,0,16000,0.010198330089207563,285.5
4796,23,0,full,0.010198330089207563,285.5
4796,23,1,50,0.010198330089207563,50.0
4796,23,1,100,0.010198330089207563,100.0
4796,23,1,250,0.010198330089207563,250.0
4796,23,1,500,0.010198330089207563,285.5
4796,23,1,1000,0.010198330089207563,285.5
4796,23,1,2000,0.010198330089207563,285.5
4796,23,1,4000,0.010198330089207563,285.5
4796,23,1,8000,0.010198330089207563,285.5
4796,23,1,16000,0.010198330089207563,285.5
4796,23,1,full,0.010198330089207563,285.5
4796,23,2,50,0.010198330089207563,50.0
4796,23,2,100,0.010198330089207563,100.0
4796,23,2,250,0.0,250.0
4796,23,2,500,0.010198330089207563,285.5
4796,23,2,1000,0.010198330089207563,285.5
4796,23,2,2000,0.010198330089207563,285.5
4796,23,2,4000,0.010198330089207563,285.5
4796,23,2,8000,0.010198330089207563,285.5
4796,23,2,16000,0.010198330089207563,285.5
4796,23,2,full,0.010198330089207563,285.5
4796,23,3,50,0.010198330089207563,50.0
4796,23,3,100,0.010198330089207563,100.0
4796,23,3,250,0.0,250.0
4796,23,3,500,0.010198330089207563,285.5
4796,23,3,1000,0.010198330089207563,285.5
4796,23,3,2000,0.010198330089207563,285.5
4796,23,3,4000,0.010198330089207563,285.5
4796,23,3,8000,0.010198330089207563,285.5
4796,23,3,16000,0.010198330089207563,285.5
4796,23,3,full,0.010198330089207563,285.5
4796,23,4,50,0.010198330089207563,50.0
4796,23,4,100,0.010198330089207563,100.0
4796,23,4,250,0.010198330089207563,250.0
4796,23,4,500,0.0,285.5
4796,23,4,1000,0.0,285.5
4796,23,4,2000,0.0,285.5
4796,23,4,4000,0.0,285.5
4796,23,4,8000,0.0,285.5
4796,23,4,16000,0.0,285.5
4796,23,4,full,0.0,285.5
6766,3903,0,50,0.2856983364965926,50.0
6766,3903,0,100,0.2856983364965926,100.0
6766,3903,0,250,0.2856983364965926,250.0
6766,3903,0,500,0.2856983364965926,500.0
6766,3903,0,1000,0.2856983364965926,1000.0
6766,3903,0,2000,0.2856983364965926,2000.0
6766,3903,0,4000,0.2856983364965926,4000.0
6766,3903,0,8000,0.2856983364965926,8000.0
6766,3903,0,16000,0.2856983364965926,16000.0
6766,3903,0,full,0.2856983364965926,39140.5
6766,3903,1,50,0.07145249525510489,50.0
6766,3903,1,100,0.07145249525510489,100.0
6766,3903,1,250,0.07145249525510489,250.0
6766,3903,1,500,0.0,500.0
6766,3903,1,1000,0.07145249525510489,1000.0
6766,3903,1,2000,0.07145249525510489,2000.0
6766,3903,1,4000,0.07145249525510489,4000.0
6766,3903,1,8000,0.07145249525510489,8000.0
6766,3903,1,16000,0.07145249525510489,16000.0
6766,3903,1,full,0.07145249525510489,39140.5
6766,3903,2,50,0.2856983364965926,50.0
6766,3903,2,100,0.2856983364965926,100.0
6766,3903,2,250,0.2856983364965926,250.0
6766,3903,2,500,0.2856983364965926,500.0
6766,3903,2,1000,0.2856983364965926,1000.0
6766,3903,2,2000,0.2856983364965926,2000.0
6766,3903,2,4000,0.2856983364965926,4000.0
6766,3903,2,8000,0.2856983364965926,8000.0
6766,3903,2,16000,0.2856983364965926,16000.0
6766,3903,2,full,0.2856983364965926,39140.5
6766,3903,3,50,0.2856983364965926,50.0
6766,3903,3,100,0.2856983364965926,100.0
6766,3903,3,250,0.2856983364965926,250.0
6766,3903,3,500,0.2856983364965926,500.0
6766,3903,3,1000,0.2856983364965926,1000.0
6766,3903,3,2000,0.2856983364965926,2000.0
6766,3903,3,4000,0.2856983364965926,4000.0
6766,3903,3,8000,0.2856983364965926,8000.0
6766,3903,3,16000,0.2856983364965926,16000.0
6766,3903,3,full,0.2856983364965926,39140.5
6766,3903,4,50,0.2856983364965926,50.0
6766,3903,4,100,0.07145249525510489,100.0
6766,3903,4,250,0.2856983364965926,250.0
6766,3903,4,500,0.2856983364965926,500.0
6766,3903,4,1000,0.2856983364965926,1000.0
6766,3903,4,2000,0.2856983364965926,2000.0
6766,3903,4,4000,0.2856983364965926,4000.0
6766,3903,4,8000,0.2856983364965926,8000.0
6766,3903,4,16000,0.14290499051020977,16000.0
6766,3903,4,full,0.2856983364965926,39140.5
6766,146064,0,50,0.007140644484864733,50.0
6766,146064,0,100,0.007140644484864733,100.0
6766,146064,0,250,0.007140644484864733,250.0
6766,146064,0,500,0.007140644484864733,500.0
6766,146064,0,1000,0.007140644484864733,1000.0
6766,146064,0,2000,0.007140644484864733,2000.0
6766,146064,0,4000,0.007140644484864733,4000.0
6766,146064,0,8000,0.007140644484864733,8000.0
6766,146064,0,16000,0.007140644484864733,16000.0
6766,146064,0,full,0.007140644484864733,43770.5
6766,146064,1,50,0.007140644484864733,50.0
6766,146064,1,100,0.007140644484864733,100.0
6766,146064,1,250,0.007140644484864733,250.0
6766,146064,1,500,0.007140644484864733,500.0
6766,146064,1,1000,0.007140644484864733,1000.0
6766,146064,1,2000,0.007140644484864733,2000.0
6766,146064,1,4000,0.007140644484864733,4000.0
6766,146064,1,8000,0.007140644484864733,8000.0
6766,146064,1,16000,0.007140644484864733,16000.0
6766,146064,1,full,0.007140644484864733,43770.5
6766,146064,2,50,0.007140644484864733,50.0
6766,146064,2,100,0.007140644484864733,100.0
6766,146064,2,250,0.007140644484864733,250.0
6766,146064,2,500,0.007140644484864733,500.0
6766,146064,2,1000,0.007140644484864733,1000.0
6766,146064,2,2000,0.007140644484864733,2000.0
6766,146064,2,4000,0.007140644484864733,4000.0
6766,146064,2,8000,0.007140644484864733,8000.0
6766,146064,2,16000,0.007140644484864733,16000.0
6766,146064,2,full,0.007140644484864733,43770.5
6766,146064,3,50,0.007140644484864733,50.0
6766,146064,3,100,0.007140644484864733,100.0
6766,146064,3,250,0.007140644484864733,250.0
6766,146064,3,500,0.007140644484864733,500.0
6766,146064,3,1000,0.007140644484864733,1000.0
6766,146064,3,2000,0.007140644484864733,2000.0
6766,146064,3,4000,0.007140644484864733,4000.0
6766,146064,3,8000,0.007140644484864733,8000.0
6766,146064,3,16000,0.007140644484864733,16000.0
6766,146064,3,full,0.007140644484864733,43770.5
6766,146064,4,50,0.007140644484864733,50.0
6766,146064,4,100,0.007140644484864733,100.0
6766,146064,4,250,0.007140644484864733,250.0
6766,146064,4,500,0.007140644484864733,500.0
6766,146064,4,1000,0.007140644484864733,1000.0
6766,146064,4,2000,0.007140644484864733,2000.0
6766,146064,4,4000,0.007140644484864733,4000.0
6766,146064,4,8000,0.007140644484864733,8000.0
6766,146064,4,16000,0.007140644484864733,16000.0
6766,146064,4,full,0.007140644484864733,43770.5
6766,145953,0,50,0.0,50.0
6766,145953,0,100,0.002093469624603883,100.0
6766,145953,0,250,0.005586305405526071,250.0
6766,145953,0,500,0.006983439717895057,500.0
6766,145953,0,1000,0.009076909342498829,1000.0
6766,145953,0,2000,0.002093469624603883,2000.0
6766,145953,0,4000,0.002093469624603883,4000.0
6766,145953,0,8000,0.0,8000.0
6766,145953,0,16000,0.008378342186314391,16000.0
6766,145953,0,full,0.008378342186314391,47424.5
6766,145953,1,50,0.003490603936972758,50.0
6766,145953,1,100,0.006983439717895057,100.0
6766,145953,1,250,0.0006985671561844375,250.0
6766,145953,1,500,0.0027920367807883206,500.0
6766,145953,1,1000,0.005586305405526071,1000.0
6766,145953,1,2000,0.0,2000.0
6766,145953,1,4000,0.0,4000.0
6766,145953,1,8000,0.0013949024684193345,8000.0
6766,145953,1,16000,0.006983439717895057,16000.0
6766,145953,1,full,0.0013949024684193345,47424.5
6766,145953,2,50,0.004887738249341633,50.0
6766,145953,2,100,0.003490603936972758,100.0
6766,145953,2,250,0.016060349060393664,250.0
6766,145953,2,500,0.007679775030129954,500.0
6766,145953,2,1000,0.002093469624603883,1000.0
6766,145953,2,2000,0.004189171093157196,2000.0
6766,145953,2,4000,0.026536624559210686,4000.0
6766,145953,2,8000,0.0013949024684193345,8000.0
6766,145953,2,16000,0.03980270499486682,16000.0
6766,145953,2,full,0.07122929964736868,47424.5
6766,145953,3,50,0.005586305405526071,50.0
6766,145953,3,100,0.004189171093157196,100.0
6766,145953,3,250,0.005586305405526071,250.0
6766,145953,3,500,0.018156050528946976,500.0
6766,145953,3,1000,0.005586305405526071,1000.0
6766,145953,3,2000,0.0,2000.0
6766,145953,3,4000,0.006983439717895057,4000.0
6766,145953,3,8000,0.007679775030129954,8000.0
6766,145953,3,16000,0.0,16000.0
6766,145953,3,full,0.07122929964736868,47424.5
6766,145953,4,50,0.004887738249341633,50.0
6766,145953,4,100,0.006284872561710619,100.0
6766,145953,4,250,0.002093469624603883,250.0
6766,145953,4,500,0.002093469624603883,500.0
6766,145953,4,1000,0.002093469624603883,1000.0
6766,145953,4,2000,0.012569745123420906,2000.0
6766,145953,4,4000,0.0335178324331562,4000.0
6766,145953,4,8000,0.04888184618131497,8000.0
6766,145953,4,16000,0.0013949024684193345,16000.0
6766,145953,4,full,0.04888184618131497,47424.5
6766,145804,0,50,0.0,50.0
6766,145804,0,100,0.0,100.0
6766,145804,0,250,0.0,250.0
6766,145804,0,500,0.0,500.0
6766,145804,0,1000,0.0,1000.0
6766,145804,0,2000,0.0,2000.0
6766,145804,0,4000,0.0,4000.0
6766,145804,0,8000,0.0,8000.0
6766,145804,0,16000,0.0,16000.0
6766,145804,0,full,0.0,52722.5
6766,145804,1,50,0.0,50.0
6766,145804,1,100,0.0,100.0
6766,145804,1,250,0.0,250.0
6766,145804,1,500,0.0,500.0
6766,145804,1,1000,0.0,1000.0
6766,145804,1,2000,0.0,2000.0
6766,145804,1,4000,0.0,4000.0
6766,145804,1,8000,0.0,8000.0
6766,145804,1,16000,0.0,16000.0
6766,145804,1,full,0.0,52722.5
6766,145804,2,50,0.0,50.0
6766,145804,2,100,0.0,100.0
6766,145804,2,250,0.0,250.0
6766,145804,2,500,0.0,500.0
6766,145804,2,1000,0.0,1000.0
6766,145804,2,2000,0.0,2000.0
6766,145804,2,4000,0.0,4000.0
6766,145804,2,8000,0.0,8000.0
6766,145804,2,16000,0.0,16000.0
6766,145804,2,full,0.0,52722.5
6766,145804,3,50,0.0,50.0
6766,145804,3,100,0.0,100.0
6766,145804,3,250,0.0,250.0
6766,145804,3,500,0.0,500.0
6766,145804,3,1000,0.0,1000.0
6766,145804,3,2000,0.0,2000.0
6766,145804,3,4000,0.0,4000.0
6766,145804,3,8000,0.0,8000.0
6766,145804,3,16000,0.0,16000.0
6766,145804,3,full,0.0,52722.5
6766,145804,4,50,0.0,50.0
6766,145804,4,100,0.0,100.0
6766,145804,4,250,0.0,250.0
6766,145804,4,500,0.0,500.0
6766,145804,4,1000,0.0,1000.0
6766,145804,4,2000,0.0,2000.0
6766,145804,4,4000,0.0,4000.0
6766,145804,4,8000,0.0,8000.0
6766,145804,4,16000,0.0,16000.0
6766,145804,4,full,0.0,52722.5
6766,31,0,50,0.07692307692307687,50.0
6766,31,0,100,0.0,100.0
6766,31,0,250,0.07692307692307687,250.0
6766,31,0,500,0.06153846153846154,500.0
6766,31,0,1000,0.01538461538461533,1000.0
6766,31,0,2000,0.0461538461538461,2000.0
6766,31,0,4000,0.06153846153846154,4000.0
6766,31,0,8000,0.06153846153846154,8000.0
6766,31,0,16000,0.09230769230769231,16000.0
6766,31,0,full,0.0,60706.5
6766,31,1,50,0.06153846153846154,50.0
6766,31,1,100,0.06153846153846154,100.0
6766,31,1,250,0.07692307692307687,250.0
6766,31,1,500,0.03076923076923077,500.0
6766,31,1,1000,0.06153846153846154,1000.0
6766,31,1,2000,0.10769230769230764,2000.0
6766,31,1,4000,0.0461538461538461,4000.0
6766,31,1,8000,0.06153846153846154,8000.0
6766,31,1,16000,0.06153846153846154,16000.0
6766,31,1,full,0.0461538461538461,60706.5
6766,31,2,50,0.07692307692307687,50.0
6766,31,2,100,0.07692307692307687,100.0
6766,31,2,250,0.06153846153846154,250.0
6766,31,2,500,0.06153846153846154,500.0
6766,31,2,1000,0.0461538461538461,1000.0
6766,31,2,2000,0.03076923076923077,2000.0
6766,31,2,4000,0.06153846153846154,4000.0
6766,31,2,8000,0.06153846153846154,8000.0
6766,31,2,16000,0.0,16000.0
6766,31,2,full,0.0461538461538461,60706.5
6766,31,3,50,0.01538461538461533,50.0
6766,31,3,100,0.03076923076923077,100.0
6766,31,3,250,0.01538461538461533,250.0
6766,31,3,500,0.0,500.0
6766,31,3,1000,0.01538461538461533,1000.0
6766,31,3,2000,0.06153846153846154,2000.0
6766,31,3,4000,0.0461538461538461,4000.0
6766,31,3,8000,0.06153846153846154,8000.0
6766,31,3,16000,0.0461538461538461,16000.0
6766,31,3,full,0.06153846153846154,60706.5
6766,31,4,50,0.01538461538461533,50.0
6766,31,4,100,0.07692307692307687,100.0
6766,31,4,250,0.09230769230769231,250.0
6766,31,4,500,0.0461538461538461,500.0
6766,31,4,1000,0.07692307692307687,1000.0
6766,31,4,2000,0.0461538461538461,2000.0
6766,31,4,4000,0.03076923076923077,4000.0
6766,31,4,8000,0.06153846153846154,8000.0
6766,31,4,16000,0.07692307692307687,16000.0
6766,31,4,full,0.09230769230769231,60706.5
6766,10101,0,50,0.0,50.0
6766,10101,0,100,0.2727458180334549,100.0
6766,10101,0,250,0.0,250.0
6766,10101,0,500,0.0,500.0
6766,10101,0,1000,0.09091527267782085,1000.0
6766,10101,0,2000,0.0,2000.0
6766,10101,0,4000,0.18183054535563403,4000.0
6766,10101,0,8000,0.18183054535563403,8000.0
6766,10101,0,16000,0.2727458180334549,16000.0
6766,10101,0,full,0.09091527267782085,66262.5
6766,10101,1,50,0.09091527267782085,50.0
6766,10101,1,100,0.0,100.0
6766,10101,1,250,0.0,250.0
6766,10101,1,500,0.09091527267782085,500.0
6766,10101,1,1000,0.09091527267782085,1000.0
6766,10101,1,2000,0.18183054535563403,2000.0
6766,10101,1,4000,0.09091527267782085,4000.0
6766,10101,1,8000,0.09091527267782085,8000.0
6766,10101,1,16000,0.0,16000.0
6766,10101,1,full,0.09091527267782085,66262.5
6766,10101,2,50,0.0,50.0
6766,10101,2,100,0.0,100.0
6766,10101,2,250,0.0,250.0
6766,10101,2,500,0.0,500.0
6766,10101,2,1000,0.0,1000.0
6766,10101,2,2000,0.0,2000.0
6766,10101,2,4000,0.0,4000.0
6766,10101,2,8000,0.09091527267782085,8000.0
6766,10101,2,16000,0.0,16000.0
6766,10101,2,full,0.0,66262.5
6766,10101,3,50,0.0,50.0
6766,10101,3,100,0.0,100.0
6766,10101,3,250,0.0,250.0
6766,10101,3,500,0.0,500.0
6766,10101,3,1000,0.0,1000.0
6766,10101,3,2000,0.18183054535563403,2000.0
6766,10101,3,4000,0.0,4000.0
6766,10101,3,8000,0.09091527267782085,8000.0
6766,10101,3,16000,0.18183054535563403,16000.0
6766,10101,3,full,0.18183054535563403,66262.5
6766,10101,4,50,0.09091527267782085,50.0
6766,10101,4,100,0.18183054535563403,100.0
6766,10101,4,250,0.0,250.0
6766,10101,4,500,0.09091527267782085,500.0
6766,10101,4,1000,0.0,1000.0
6766,10101,4,2000,0.18183054535563403,2000.0
6766,10101,4,4000,0.0,4000.0
6766,10101,4,8000,0.2727458180334549,8000.0
6766,10101,4,16000,0.0,16000.0
6766,10101,4,full,0.0,66262.5
