ss,task,seed,K,ok,mean_cand,regret_B5,regret_B10,regret_B25,err
6767,146065,0,2,1,2.0,0.5058357751373295,0.5058357751373295,0.5058357751373295,
6767,146065,0,35,1,35.0,0.5058357751373295,0.5058357751373295,0.30350240049015365,
6767,146065,0,8,1,8.0,0.5058357751373295,0.5058357751373295,0.5058357751373295,
6767,146065,0,5,1,5.0,0.5058357751373295,0.5058357751373295,0.5058357751373295,
6767,146065,0,20,1,20.0,0.5058357751373295,0.46303385474520664,0.011673888794048959,
6767,146065,0,1,1,1.0,0.5058357751373295,0.5058357751373295,0.5058357751373295,
6767,146065,0,50,1,50.0,0.5058357751373295,0.5058357751373295,0.058364766931465084,
6767,146065,0,13,1,13.0,0.5058357751373295,0.5058357751373295,0.007782592529365973,
6767,146065,1,1,1,1.0,0.08949513704892886,0.08949513704892886,0.08949513704892886,
6767,146065,0,3,1,3.0,0.5058357751373295,0.5058357751373295,0.01945414280402502,
6767,146065,1,2,1,2.0,0.08949513704892886,0.08949513704892886,0.08949513704892886,
6767,146065,1,3,1,3.0,0.08949513704892886,0.015565185058731945,0.015565185058731945,
6767,146065,1,5,1,5.0,0.08949513704892886,0.08949513704892886,0.0,
6767,146065,1,13,1,13.0,0.08949513704892886,0.08949513704892886,0.08949513704892886,
6767,146065,1,8,1,8.0,0.08949513704892886,0.08949513704892886,0.0,
6767,146065,1,20,1,20.0,0.08949513704892886,0.015565185058731945,0.0038912962646829863,
6767,146065,1,35,1,35.0,0.08949513704892886,0.08949513704892886,0.04280192039212283,
6767,146065,1,50,1,50.0,0.08949513704892886,0.011673888794048959,0.0,
6767,146065,2,1,1,1.0,0.8015555830981173,0.8015555830981173,0.8015555830981173,
6767,146065,2,2,1,2.0,0.8015555830981173,0.8015555830981173,0.0,
6767,146065,2,3,1,3.0,0.8015555830981173,0.8015555830981173,0.6809324144511144,
6767,146065,2,13,1,13.0,0.8015555830981173,0.8015555830981173,0.5680918383334777,
6767,146065,2,5,1,5.0,0.8015555830981173,0.6848237107157974,0.0,
6767,146065,2,8,1,8.0,0.8015555830981173,0.8015555830981173,0.4202319343530836,
6767,146065,2,20,1,20.0,0.8015555830981173,0.4980531826079636,0.4980531826079636,
6767,146065,2,35,1,35.0,0.8015555830981173,0.8015555830981173,0.07782124825488002,
6767,146065,2,50,1,50.0,0.8015555830981173,0.09727539105890493,0.0038912962646829863,
6767,146065,3,2,1,2.0,0.8015555830981173,0.8015555830981173,0.5369638067354034,
6767,146065,3,1,1,1.0,0.8015555830981173,0.8015555830981173,0.8015555830981173,
6767,146065,3,3,1,3.0,0.8015555830981173,0.8015555830981173,0.4241232306177666,
6767,146065,3,5,1,5.0,0.8015555830981173,0.8015555830981173,0.8015555830981173,
6767,146065,3,20,1,20.0,0.8015555830981173,0.8015555830981173,0.01945414280402502,
6767,146065,3,8,1,8.0,0.8015555830981173,0.25291788756866485,0.25291788756866485,
6767,146065,3,13,1,13.0,0.8015555830981173,0.7315169273726032,0.0038912962646829863,
6767,146065,3,35,1,35.0,0.8015555830981173,0.5525289917941354,0.058364766931465084,
6767,146065,3,50,1,50.0,0.8015555830981173,0.24902659130398164,0.054475809186171786,
6767,146065,4,1,1,1.0,0.8015555830981173,0.5486376955294523,0.07392995199019703,
6767,146065,4,5,1,5.0,0.8015555830981173,0.8015555830981173,0.8015555830981173,
6767,146065,4,2,1,2.0,0.8015555830981173,0.8015555830981173,0.0038912962646829863,
6767,146065,4,3,1,3.0,0.8015555830981173,0.8015555830981173,0.8015555830981173,
6767,146065,4,8,1,8.0,0.8015555830981173,0.2645917763627138,0.2645917763627138,
6767,146065,4,13,1,13.0,0.8015555830981173,0.8015555830981173,0.7354082236372862,
6767,146065,4,50,1,50.0,0.8015555830981173,0.8015555830981173,0.01945414280402502,
6767,146065,4,20,1,20.0,0.8015555830981173,0.8015555830981173,0.20233337464717582,
6767,146065,4,35,1,35.0,0.8015555830981173,0.8015555830981173,0.2373550410293226,
6767,145804,0,1,1,1.0,0.025599286328500503,0.02399904353304183,0.014399119559902473,
6767,145804,0,2,1,2.0,0.025599286328500503,0.02399904353304183,0.02399904353304183,
6767,145804,0,3,1,3.0,0.025599286328500503,0.02399904353304183,0.02399904353304183,
6767,145804,0,5,1,5.0,0.025599286328500503,0.011200166768597808,0.011200166768597808,
6767,145804,0,8,1,8.0,0.025599286328500503,0.02399904353304183,0.011200166768597808,
6767,145804,0,13,1,13.0,0.025599286328500503,0.011200166768597808,0.011200166768597808,
6767,145804,0,35,1,35.0,0.025599286328500503,0.019199847946278492,0.011200166768597808,
6767,145804,0,20,1,20.0,0.025599286328500503,0.025599286328500503,0.01759960515081982,
6767,145804,0,50,1,50.0,0.025599286328500503,0.02399904353304183,0.014399119559902473,
6767,145804,1,1,1,1.0,0.02399904353304183,0.02399904353304183,0.02399904353304183,
6767,145804,1,2,1,2.0,0.02399904353304183,0.02399904353304183,0.022400333537195505,
6767,145804,1,13,1,13.0,0.02399904353304183,0.015999362355361146,0.006399438382222011,
6767,145804,1,3,1,3.0,0.02399904353304183,0.02399904353304183,0.014399119559902473,
6767,145804,1,5,1,5.0,0.02399904353304183,0.022400333537195505,0.009599923973139024,
6767,145804,1,8,1,8.0,0.02399904353304183,0.015999362355361146,0.015999362355361146,
6767,145804,1,20,1,20.0,0.02399904353304183,0.02399904353304183,0.007999681177680684,
6767,145804,1,35,1,35.0,0.02399904353304183,0.02399904353304183,0.011200166768597808,
6767,145804,1,50,1,50.0,0.02399904353304183,0.02399904353304183,0.014399119559902473,
6767,145804,2,1,1,1.0,0.17119992152065977,0.02399904353304183,0.02399904353304183,
6767,145804,2,2,1,2.0,0.17119992152065977,0.02399904353304183,0.02399904353304183,
6767,145804,2,3,1,3.0,0.17119992152065977,0.02399904353304183,0.02399904353304183,
6767,145804,2,5,1,5.0,0.17119992152065977,0.02399904353304183,0.02399904353304183,
6767,145804,2,8,1,8.0,0.17119992152065977,0.02399904353304183,0.015999362355361146,
6767,145804,2,13,1,13.0,0.17119992152065977,0.02399904353304183,0.009599923973139024,
6767,145804,2,20,1,20.0,0.17119992152065977,0.019199847946278492,0.009599923973139024,
6767,145804,2,35,1,35.0,0.17119992152065977,0.02399904353304183,0.009599923973139024,
6767,145804,3,1,1,1.0,0.03200025751033497,0.02399904353304183,0.02399904353304183,
6767,145804,3,2,1,2.0,0.03200025751033497,0.03200025751033497,0.01759960515081982,
6767,145804,3,3,1,3.0,0.03200025751033497,0.02399904353304183,0.02399904353304183,
6767,145804,2,50,1,50.0,0.17119992152065977,0.17119992152065977,0.02399904353304183,
6767,145804,3,5,1,5.0,0.03200025751033497,0.03200025751033497,0.02399904353304183,
6767,145804,3,8,1,8.0,0.03200025751033497,0.009599923973139024,0.009599923973139024,
6767,145804,3,13,1,13.0,0.03200025751033497,0.027199529123958843,0.015999362355361146,
6767,145804,3,20,1,20.0,0.03200025751033497,0.020800090741737165,0.011200166768597808,
6767,145804,3,35,1,35.0,0.03200025751033497,0.03200025751033497,0.015999362355361146,
6767,145804,3,50,1,50.0,0.03200025751033497,0.01759960515081982,0.01759960515081982,
6767,145804,4,1,1,1.0,0.02399904353304183,0.02399904353304183,0.007999681177680684,
6767,145804,4,5,1,5.0,0.02399904353304183,0.02399904353304183,0.01280040956405648,
6767,145804,4,3,1,3.0,0.02399904353304183,0.007999681177680684,0.007999681177680684,
6767,145804,4,2,1,2.0,0.02399904353304183,0.02399904353304183,0.02399904353304183,
6767,145804,4,8,1,8.0,0.02399904353304183,0.01280040956405648,0.01280040956405648,
6767,145804,4,20,1,20.0,0.02399904353304183,0.02399904353304183,0.006399438382222011,
6767,145804,4,13,1,13.0,0.02399904353304183,0.011200166768597808,0.011200166768597808,
6767,145804,4,50,1,50.0,0.02399904353304183,0.02399904353304183,0.02399904353304183,
6767,145804,4,35,1,35.0,0.02399904353304183,0.014399119559902473,0.014399119559902473,
6767,146064,0,1,1,1.0,0.4311928165419491,0.4311928165419491,0.021406868221087505,
6767,146064,0,2,1,2.0,0.4311928165419491,0.0,0.0,
6767,146064,0,8,1,8.0,0.4311928165419491,0.4311928165419491,0.42813566411450543,
6767,146064,0,3,1,3.0,0.4311928165419491,0.4311928165419491,0.0,
6767,146064,0,5,1,5.0,0.4311928165419491,0.4311928165419491,0.0,
6767,146064,0,13,1,13.0,0.4311928165419491,0.4311928165419491,0.4006127907312852,
6767,146064,0,20,1,20.0,0.4311928165419491,0.0,0.0,
6767,146064,1,1,1,1.0,0.42813566411450543,0.0,0.0,
6767,146064,0,35,1,35.0,0.4311928165419491,0.4067287958934179,0.0,
6767,146064,0,50,1,50.0,0.4311928165419491,0.35474020155442076,0.0,
6767,146064,1,2,1,2.0,0.42813566411450543,0.42813566411450543,0.0,
6767,146064,1,3,1,3.0,0.42813566411450543,0.3730882170408192,0.20489382431405345,
6767,146064,1,5,1,5.0,0.42813566411450543,0.42813566411450543,0.0,
6767,146064,1,8,1,8.0,0.42813566411450543,0.27217158140475983,0.0,
6767,146064,1,13,1,13.0,0.42813566411450543,0.42813566411450543,0.0,
6767,146064,1,20,1,20.0,0.42813566411450543,0.0,0.0,
6767,146064,1,35,1,35.0,0.42813566411450543,0.0,0.0,
6767,146064,1,50,1,50.0,0.42813566411450543,0.42507681137981634,0.0,
6767,146064,2,1,1,1.0,0.0,0.0,0.0,
6767,146064,2,2,1,2.0,0.0,0.0,0.0,
6767,146064,2,3,1,3.0,0.0,0.0,0.0,
6767,146064,2,5,1,5.0,0.0,0.0,0.0,
6767,146064,2,8,1,8.0,0.0,0.0,0.0,
6767,146064,2,13,1,13.0,0.0,0.0,0.0,
6767,146064,2,20,1,20.0,0.0,0.0,0.0,
6767,146064,2,35,1,35.0,0.0,0.0,0.0,
6767,146064,2,50,1,50.0,0.0,0.0,0.0,
6767,146064,3,1,1,1.0,0.4311928165419491,0.0,0.0,
6767,146064,3,2,1,2.0,0.4311928165419491,0.27828758656689256,0.0,
6767,146064,3,3,1,3.0,0.4311928165419491,0.0,0.0,
6767,146064,3,5,1,5.0,0.4311928165419491,0.4311928165419491,0.0,
6767,146064,3,8,1,8.0,0.4311928165419491,0.0,0.0,
6767,146064,3,20,1,20.0,0.4311928165419491,0.0,0.0,
6767,146064,3,13,1,13.0,0.4311928165419491,0.0,0.0,
6767,146064,3,35,1,35.0,0.4311928165419491,0.4311928165419491,0.0,
6767,146064,3,50,1,50.0,0.4311928165419491,0.0,0.0,
6767,146064,4,1,1,1.0,0.4311928165419491,0.4311928165419491,0.4311928165419491,
6767,146064,4,5,1,5.0,0.4311928165419491,0.0,0.0,
6767,146064,4,2,1,2.0,0.4311928165419491,0.4311928165419491,0.4311928165419491,
6767,146064,4,3,1,3.0,0.4311928165419491,0.4311928165419491,0.4311928165419491,
6767,146064,4,8,1,8.0,0.4311928165419491,0.0,0.0,
6767,146064,4,13,1,13.0,0.4311928165419491,0.4311928165419491,0.0,
6767,146064,4,20,1,20.0,0.4311928165419491,0.0,0.0,
6767,146064,4,35,1,35.0,0.4311928165419491,0.4311928165419491,0.0,
6767,146064,4,50,1,50.0,0.4311928165419491,0.4311928165419491,0.0,
6767,9914,0,1,1,1.0,0.478467237786525,0.47367446168094596,0.04783514702477443,
6767,9914,0,2,1,2.0,0.478467237786525,0.478467237786525,0.052627923130356025,
6767,9914,0,3,1,3.0,0.478467237786525,0.47367446168094596,0.06698309793933854,
6767,9914,0,5,1,5.0,0.478467237786525,0.3732113915258155,0.03827274832137095,
6767,9914,0,8,1,8.0,0.478467237786525,0.20094929381801296,0.0573975457281779,
6767,9914,0,13,1,13.0,0.478467237786525,0.459319286871961,0.08133827274832095,
6767,9914,0,20,1,20.0,0.478467237786525,0.47367446168094596,0.14352859458208045,
6767,9914,0,35,1,35.0,0.478467237786525,0.08133827274832095,0.043042370919195494,
6767,9914,0,50,1,50.0,0.478467237786525,0.028687196110210422,0.023917573512388546,
6767,9914,1,1,1,1.0,0.617226209770781,0.4928224125955075,0.24401481824496551,
6767,9914,1,2,1,2.0,0.617226209770781,0.47367446168094596,0.47367446168094596,
6767,9914,1,3,1,3.0,0.617226209770781,0.0621903218337595,0.0621903218337595,
6767,9914,1,5,1,5.0,0.617226209770781,0.0621903218337595,0.04783514702477443,
6767,9914,1,8,1,8.0,0.617226209770781,0.1052558462607095,0.03827274832137095,
6767,9914,1,13,1,13.0,0.617226209770781,0.48326001389210405,0.06698309793933854,
6767,9914,1,20,1,20.0,0.617226209770781,0.478467237786525,0.4066913637416075,
6767,9914,1,50,1,50.0,0.617226209770781,0.48326001389210405,0.04783514702477443,
6767,9914,1,35,1,35.0,0.617226209770781,0.4928224125955075,0.44019448946515405,
6767,9914,2,1,1,1.0,0.48326001389210405,0.08133827274832095,0.08133827274832095,
6767,9914,2,3,1,3.0,0.48326001389210405,0.08133827274832095,0.08133827274832095,
6767,9914,2,2,1,2.0,0.48326001389210405,0.09090067145172442,0.07175272053716297,
6767,9914,2,5,1,5.0,0.48326001389210405,0.08133827274832095,0.08133827274832095,
6767,9914,2,8,1,8.0,0.48326001389210405,0.48326001389210405,0.09090067145172442,
6767,9914,2,13,1,13.0,0.48326001389210405,0.37798101412363994,0.052627923130356025,
6767,9914,2,20,1,20.0,0.48326001389210405,0.11961102106969201,0.052627923130356025,
6767,9914,2,35,1,35.0,0.48326001389210405,0.48326001389210405,0.023917573512388546,
6767,9914,2,50,1,50.0,0.48326001389210405,0.08133827274832095,0.0621903218337595,
6767,9914,3,1,1,1.0,0.1291734197730955,0.1291734197730955,0.1291734197730955,
6767,9914,3,2,1,2.0,0.1291734197730955,0.06698309793933854,0.06698309793933854,
6767,9914,3,5,1,5.0,0.1291734197730955,0.03347997221579202,0.03347997221579202,
6767,9914,3,3,1,3.0,0.1291734197730955,0.1291734197730955,0.1291734197730955,
6767,9914,3,8,1,8.0,0.1291734197730955,0.1052558462607095,0.08610789534614549,
6767,9914,3,13,1,13.0,0.1291734197730955,0.11481824496411297,0.0621903218337595,
6767,9914,3,20,1,20.0,0.1291734197730955,0.09090067145172442,0.0573975457281779,
6767,9914,3,35,1,35.0,0.1291734197730955,0.023917573512388546,0.023917573512388546,
6767,9914,3,50,1,50.0,0.1291734197730955,0.1291734197730955,0.06698309793933854,
6767,9914,4,1,1,1.0,0.9521648529752256,0.3445010419078506,0.3445010419078506,
6767,9914,4,2,1,2.0,0.9521648529752256,0.3445010419078506,0.08610789534614549,
6767,9914,4,3,1,3.0,0.9521648529752256,0.5358879370224601,0.052627923130356025,
6767,9914,4,5,1,5.0,0.9521648529752256,0.9521648529752256,0.16744616809446644,
6767,9914,4,8,1,8.0,0.9521648529752256,0.4928224125955075,0.14352859458208045,
6767,9914,4,13,1,13.0,0.9521648529752256,0.043042370919195494,0.043042370919195494,
6767,9914,4,20,1,20.0,0.9521648529752256,0.9521648529752256,0.1483213706876595,
6767,9914,4,50,1,50.0,0.9521648529752256,0.07654549664274202,0.043042370919195494,
6767,9914,4,35,1,35.0,0.9521648529752256,0.2870803426719155,0.04783514702477443,
6767,9967,0,1,1,1.0,0.0013600196476626358,0.0013600196476626358,0.0013600196476626358,
6767,9967,0,3,1,3.0,0.0013600196476626358,0.0013600196476626358,0.0013600196476626358,
6767,9967,0,2,1,2.0,0.0013600196476626358,0.0013600196476626358,0.0013600196476626358,
6767,9967,0,5,1,5.0,0.0013600196476626358,0.0013600196476626358,0.0013600196476626358,
6767,9967,0,13,1,13.0,0.0013600196476626358,0.0013600196476626358,0.0013600196476626358,
6767,9967,0,8,1,8.0,0.0013600196476626358,0.0013600196476626358,0.0013600196476626358,
6767,9967,0,20,1,20.0,0.0013600196476626358,0.0013600196476626358,0.0013600196476626358,
6767,9967,0,35,1,35.0,0.0013600196476626358,0.0013600196476626358,0.0013600196476626358,
6767,9967,1,1,1,1.0,0.0027200392953249386,0.0027200392953249386,0.0013600196476626358,
6767,9967,0,50,1,50.0,0.0013600196476626358,0.0013600196476626358,0.0013600196476626358,
6767,9967,1,2,1,2.0,0.0027200392953249386,0.0027200392953249386,0.0027200392953249386,
6767,9967,1,5,1,5.0,0.0027200392953249386,0.0013600196476626358,0.0013600196476626358,
6767,9967,1,3,1,3.0,0.0027200392953249386,0.0027200392953249386,0.0027200392953249386,
6767,9967,1,8,1,8.0,0.0027200392953249386,0.0027200392953249386,0.0013600196476626358,
6767,9967,1,20,1,20.0,0.0027200392953249386,0.0027200392953249386,0.0013600196476626358,
6767,9967,1,13,1,13.0,0.0027200392953249386,0.0027200392953249386,0.0027200392953249386,
6767,9967,1,35,1,35.0,0.0027200392953249386,0.0027200392953249386,0.0013600196476626358,
6767,9967,1,50,1,50.0,0.0027200392953249386,0.0,0.0,
6767,9967,2,2,1,2.0,0.0027200392953249386,0.0013600196476626358,0.0013600196476626358,
6767,9967,2,1,1,1.0,0.0027200392953249386,0.0,0.0,
6767,9967,2,3,1,3.0,0.0027200392953249386,0.0013600196476626358,0.0013600196476626358,
6767,9967,2,8,1,8.0,0.0027200392953249386,0.0013600196476626358,0.0013600196476626358,
6767,9967,2,5,1,5.0,0.0027200392953249386,0.0027200392953249386,0.0013600196476626358,
6767,9967,2,13,1,13.0,0.0027200392953249386,0.0027200392953249386,0.0027200392953249386,
6767,9967,2,20,1,20.0,0.0027200392953249386,0.0027200392953249386,0.0,
6767,9967,2,35,1,35.0,0.0027200392953249386,0.0027200392953249386,0.0013600196476626358,
6767,9967,2,50,1,50.0,0.0027200392953249386,0.0027200392953249386,0.0027200392953249386,
6767,9967,3,1,1,1.0,0.01088543881099946,0.0013600196476626358,0.0013600196476626358,
6767,9967,3,2,1,2.0,0.01088543881099946,0.0027200392953249386,0.0027200392953249386,
6767,9967,3,3,1,3.0,0.01088543881099946,0.0027200392953249386,0.0013600196476626358,
6767,9967,3,5,1,5.0,0.01088543881099946,0.01088543881099946,0.0013600196476626358,
6767,9967,3,8,1,8.0,0.01088543881099946,0.0027200392953249386,0.0027200392953249386,
6767,9967,3,13,1,13.0,0.01088543881099946,0.0027200392953249386,0.0013600196476626358,
6767,9967,3,35,1,35.0,0.01088543881099946,0.0027200392953249386,0.0027200392953249386,
6767,9967,3,20,1,20.0,0.01088543881099946,0.0013600196476626358,0.0013600196476626358,
6767,9967,3,50,1,50.0,0.01088543881099946,0.0027200392953249386,0.0027200392953249386,
6767,9967,4,1,1,1.0,0.0013600196476626358,0.0013600196476626358,0.0013600196476626358,
6767,9967,4,2,1,2.0,0.0013600196476626358,0.0013600196476626358,0.0,
6767,9967,4,8,1,8.0,0.0013600196476626358,0.0013600196476626358,0.0,
6767,9967,4,5,1,5.0,0.0013600196476626358,0.0013600196476626358,0.0013600196476626358,
6767,9967,4,3,1,3.0,0.0013600196476626358,0.0013600196476626358,0.0013600196476626358,
6767,9967,4,13,1,13.0,0.0013600196476626358,0.0013600196476626358,0.0013600196476626358,
6767,9967,4,20,1,20.0,0.0013600196476626358,0.0013600196476626358,0.0013600196476626358,
6767,9967,4,35,1,35.0,0.0013600196476626358,0.0013600196476626358,0.0013600196476626358,
6767,9967,4,50,1,50.0,0.0013600196476626358,0.0013600196476626358,0.0013600196476626358,
6767,31,0,1,1,1.0,0.20833333333333348,0.20833333333333348,0.15000000000000013,
6767,31,0,2,1,2.0,0.20833333333333348,0.18333333333333346,0.15000000000000013,
6767,31,0,3,1,3.0,0.20833333333333348,0.20000000000000018,0.10833333333333339,
6767,31,0,5,1,5.0,0.20833333333333348,0.15000000000000013,0.11666666666666681,
6767,31,0,8,1,8.0,0.20833333333333348,0.15000000000000013,0.1250000000000001,
6767,31,0,13,1,13.0,0.20833333333333348,0.15000000000000013,0.09166666666666679,
6767,31,0,20,1,20.0,0.20833333333333348,0.19166666666666687,0.07500000000000007,
6767,31,0,35,1,35.0,0.20833333333333348,0.06666666666666676,0.06666666666666676,
6767,31,1,1,1,1.0,0.17500000000000016,0.17500000000000016,0.15833333333333344,
6767,31,0,50,1,50.0,0.20833333333333348,0.20833333333333348,0.11666666666666681,
6767,31,1,3,1,3.0,0.17500000000000016,0.17500000000000016,0.16666666666666685,
6767,31,1,2,1,2.0,0.17500000000000016,0.15000000000000013,0.15000000000000013,
6767,31,1,5,1,5.0,0.17500000000000016,0.14166666666666683,0.14166666666666683,
6767,31,1,8,1,8.0,0.17500000000000016,0.14166666666666683,0.11666666666666681,
6767,31,1,13,1,13.0,0.17500000000000016,0.16666666666666685,0.15833333333333344,
6767,31,1,20,1,20.0,0.17500000000000016,0.17500000000000016,0.13333333333333341,
6767,31,1,35,1,35.0,0.17500000000000016,0.17500000000000016,0.15000000000000013,
6767,31,1,50,1,50.0,0.17500000000000016,0.17500000000000016,0.11666666666666681,
6767,31,2,1,1,1.0,0.2166666666666669,0.2166666666666669,0.2166666666666669,
6767,31,2,5,1,5.0,0.2166666666666669,0.2166666666666669,0.13333333333333341,
6767,31,2,3,1,3.0,0.2166666666666669,0.2166666666666669,0.15833333333333344,
6767,31,2,2,1,2.0,0.2166666666666669,0.2166666666666669,0.16666666666666685,
6767,31,2,8,1,8.0,0.2166666666666669,0.20000000000000018,0.05833333333333335,
6767,31,2,13,1,13.0,0.2166666666666669,0.2166666666666669,0.11666666666666681,
6767,31,2,20,1,20.0,0.2166666666666669,0.2166666666666669,0.10833333333333339,
6767,31,2,35,1,35.0,0.2166666666666669,0.2166666666666669,0.13333333333333341,
6767,31,2,50,1,50.0,0.2166666666666669,0.2166666666666669,0.14166666666666683,
6767,31,3,1,1,1.0,0.37500000000000033,0.30833333333333357,0.16666666666666685,
6767,31,3,2,1,2.0,0.37500000000000033,0.20000000000000018,0.09166666666666679,
6767,31,3,3,1,3.0,0.37500000000000033,0.20833333333333348,0.11666666666666681,
6767,31,3,5,1,5.0,0.37500000000000033,0.37500000000000033,0.10833333333333339,
6767,31,3,8,1,8.0,0.37500000000000033,0.15833333333333344,0.15000000000000013,
6767,31,3,13,1,13.0,0.37500000000000033,0.2583333333333335,0.19166666666666687,
6767,31,3,20,1,20.0,0.37500000000000033,0.13333333333333341,0.13333333333333341,
6767,31,3,35,1,35.0,0.37500000000000033,0.37500000000000033,0.13333333333333341,
6767,31,3,50,1,50.0,0.37500000000000033,0.17500000000000016,0.10000000000000009,
6767,31,4,1,1,1.0,0.18333333333333346,0.16666666666666685,0.16666666666666685,
6767,31,4,2,1,2.0,0.18333333333333346,0.15000000000000013,0.15000000000000013,
6767,31,4,3,1,3.0,0.18333333333333346,0.16666666666666685,0.16666666666666685,
6767,31,4,5,1,5.0,0.18333333333333346,0.16666666666666685,0.15000000000000013,
6767,31,4,13,1,13.0,0.18333333333333346,0.15833333333333344,0.15000000000000013,
6767,31,4,8,1,8.0,0.18333333333333346,0.16666666666666685,0.10000000000000009,
5906,9971,0,1,1,1.0,0.14705327594780482,0.14705327594780482,0.1176460501723281,
6767,31,4,20,1,20.0,0.18333333333333346,0.16666666666666685,0.13333333333333341,
6767,31,4,35,1,35.0,0.18333333333333346,0.15000000000000013,0.15000000000000013,
5906,9971,0,2,1,2.0,0.14705327594780482,0.14705327594780482,0.14705327594780482,
6767,31,4,50,1,50.0,0.18333333333333346,0.16666666666666685,0.16666666666666685,
5906,9971,0,3,1,3.0,0.14705327594780482,0.14705327594780482,0.08823882439685149,
5906,9971,0,5,1,5.0,0.14705327594780482,0.05881445155095133,0.02940722577547661,
5906,9971,0,8,1,8.0,0.14705327594780482,0.05881445155095133,0.05881445155095133,
5906,9971,0,20,1,20.0,0.14705327594780482,0.14705327594780482,0.02940722577547661,
5906,9971,0,13,1,13.0,0.14705327594780482,0.02940722577547661,0.02940722577547661,
5906,9971,0,35,1,35.0,0.14705327594780482,0.14705327594780482,0.1176460501723281,
5906,9971,0,50,1,50.0,0.14705327594780482,0.14705327594780482,0.05881445155095133,
5906,9971,1,1,1,1.0,0.08823882439685149,0.08823882439685149,0.08823882439685149,
5906,9971,1,2,1,2.0,0.08823882439685149,0.08823882439685149,0.02940722577547661,
5906,9971,1,3,1,3.0,0.08823882439685149,0.08823882439685149,0.0,
5906,9971,1,5,1,5.0,0.08823882439685149,0.0,0.0,
5906,9971,1,8,1,8.0,0.08823882439685149,0.05881445155095133,0.0,
5906,9971,1,13,1,13.0,0.08823882439685149,0.08823882439685149,0.08823882439685149,
5906,9971,1,35,1,35.0,0.08823882439685149,0.08823882439685149,0.02940722577547661,
5906,9971,1,20,1,20.0,0.08823882439685149,0.08823882439685149,0.02940722577547661,
5906,9971,1,50,1,50.0,0.08823882439685149,0.08823882439685149,0.05881445155095133,
5906,9971,2,1,1,1.0,0.14705327594780482,0.14705327594780482,0.1176460501723281,
5906,9971,2,2,1,2.0,0.14705327594780482,0.14705327594780482,0.05881445155095133,
5906,9971,2,3,1,3.0,0.14705327594780482,0.05881445155095133,0.05881445155095133,
5906,9971,2,5,1,5.0,0.14705327594780482,0.14705327594780482,0.05881445155095133,
5906,9971,2,8,1,8.0,0.14705327594780482,0.14705327594780482,0.05881445155095133,
5906,9971,2,13,1,13.0,0.14705327594780482,0.02940722577547661,0.0,
5906,9971,2,35,1,35.0,0.14705327594780482,0.02940722577547661,0.02940722577547661,
5906,9971,2,20,1,20.0,0.14705327594780482,0.05881445155095133,0.02940722577547661,
5906,9971,2,50,1,50.0,0.14705327594780482,0.02940722577547661,0.02940722577547661,
5906,9971,3,1,1,1.0,0.2352921003446563,0.05881445155095133,0.05881445155095133,
5906,9971,3,2,1,2.0,0.2352921003446563,0.05881445155095133,0.0,
5906,9971,3,3,1,3.0,0.2352921003446563,0.17647764879370298,0.02940722577547661,
5906,9971,3,5,1,5.0,0.2352921003446563,0.05881445155095133,0.02940722577547661,
5906,9971,3,8,1,8.0,0.2352921003446563,0.05881445155095133,0.05881445155095133,
5906,9971,3,13,1,13.0,0.2352921003446563,0.05881445155095133,0.02940722577547661,
5906,9971,3,20,1,20.0,0.2352921003446563,0.05881445155095133,0.05881445155095133,
5906,9971,3,35,1,35.0,0.2352921003446563,0.17647764879370298,0.02940722577547661,
5906,9971,3,50,1,50.0,0.2352921003446563,0.1176460501723281,0.02940722577547661,
5906,9971,4,1,1,1.0,0.14705327594780482,0.14705327594780482,0.02940722577547661,
5906,9971,4,2,1,2.0,0.14705327594780482,0.08823882439685149,0.02940722577547661,
5906,9971,4,5,1,5.0,0.14705327594780482,0.14705327594780482,0.05881445155095133,
5906,9971,4,3,1,3.0,0.14705327594780482,0.14705327594780482,0.08823882439685149,
5906,9971,4,8,1,8.0,0.14705327594780482,0.08823882439685149,0.08823882439685149,
5906,9971,4,13,1,13.0,0.14705327594780482,0.14705327594780482,0.05881445155095133,
5906,9971,4,20,1,20.0,0.14705327594780482,0.14705327594780482,0.05881445155095133,
5906,9971,4,35,1,35.0,0.14705327594780482,0.14705327594780482,0.08823882439685149,
5906,9971,4,50,1,50.0,0.14705327594780482,0.14705327594780482,0.02940722577547661,
5906,3918,0,1,1,1.0,0.21211815707228476,0.21211815707228476,0.21211815707228476,
5906,3918,0,2,1,2.0,0.21211815707228476,0.21211815707228476,0.1818059616224761,
5906,3918,0,3,1,3.0,0.21211815707228476,0.21211815707228476,0.21211815707228476,
5906,3918,0,5,1,5.0,0.21211815707228476,0.21211815707228476,0.09090298081123616,
5906,3918,0,8,1,8.0,0.21211815707228476,0.21211815707228476,0.1818059616224761,
5906,3918,0,20,1,20.0,0.21211815707228476,0.15152737171085728,0.15152737171085728,
5906,3918,0,13,1,13.0,0.21211815707228476,0.09090298081123616,0.09090298081123616,
5906,3918,0,35,1,35.0,0.21211815707228476,0.1818059616224761,0.15152737171085728,
5906,3918,0,50,1,50.0,0.21211815707228476,0.21211815707228476,0.21211815707228476,
5906,3918,1,1,1,1.0,0.21211815707228476,0.1818059616224761,0.1818059616224761,
5906,3918,1,2,1,2.0,0.21211815707228476,0.21211815707228476,0.15152737171085728,
5906,3918,1,3,1,3.0,0.21211815707228476,0.1818059616224761,0.09090298081123616,
5906,3918,1,5,1,5.0,0.21211815707228476,0.21211815707228476,0.21211815707228476,
5906,3918,1,8,1,8.0,0.21211815707228476,0.21211815707228476,0.15152737171085728,
5906,3918,1,13,1,13.0,0.21211815707228476,0.21211815707228476,0.09090298081123616,
5906,3918,1,20,1,20.0,0.21211815707228476,0.21211815707228476,0.09090298081123616,
5906,3918,1,50,1,50.0,0.21211815707228476,0.21211815707228476,0.21211815707228476,
5906,3918,1,35,1,35.0,0.21211815707228476,0.21211815707228476,0.1818059616224761,
5906,3918,2,1,1,1.0,0.21211815707228476,0.09090298081123616,0.09090298081123616,
5906,3918,2,2,1,2.0,0.21211815707228476,0.21211815707228476,0.21211815707228476,
5906,3918,2,3,1,3.0,0.21211815707228476,0.21211815707228476,0.21211815707228476,
5906,3918,2,5,1,5.0,0.21211815707228476,0.1818059616224761,0.1818059616224761,
5906,3918,2,8,1,8.0,0.21211815707228476,0.21211815707228476,0.1818059616224761,
5906,3918,2,20,1,20.0,0.21211815707228476,0.21211815707228476,0.1818059616224761,
5906,3918,2,13,1,13.0,0.21211815707228476,0.21211815707228476,0.1818059616224761,
5906,3918,2,35,1,35.0,0.21211815707228476,0.21211815707228476,0.15152737171085728,
5906,3918,2,50,1,50.0,0.21211815707228476,0.1818059616224761,0.1818059616224761,
5906,3918,3,1,1,1.0,0.24243035252209721,0.24243035252209721,0.15152737171085728,
5906,3918,3,2,1,2.0,0.24243035252209721,0.24243035252209721,0.1818059616224761,
5906,3918,3,3,1,3.0,0.24243035252209721,0.24243035252209721,0.24243035252209721,
5906,3918,3,5,1,5.0,0.24243035252209721,0.24243035252209721,0.21211815707228476,
5906,3918,3,8,1,8.0,0.24243035252209721,0.24243035252209721,0.24243035252209721,
5906,3918,3,13,1,13.0,0.24243035252209721,0.24243035252209721,0.24243035252209721,
5906,3918,3,20,1,20.0,0.24243035252209721,0.1818059616224761,0.1818059616224761,
5906,3918,3,35,1,35.0,0.24243035252209721,0.24243035252209721,0.24243035252209721,
5906,3918,3,50,1,50.0,0.24243035252209721,0.24243035252209721,0.1818059616224761,
5906,3918,4,1,1,1.0,0.21211815707228476,0.21211815707228476,0.1818059616224761,
5906,3918,4,2,1,2.0,0.21211815707228476,0.21211815707228476,0.21211815707228476,
5906,3918,4,3,1,3.0,0.21211815707228476,0.21211815707228476,0.21211815707228476,
5906,3918,4,5,1,5.0,0.21211815707228476,0.1818059616224761,0.1818059616224761,
5906,3918,4,8,1,8.0,0.21211815707228476,0.21211815707228476,0.1818059616224761,
5906,3918,4,13,1,13.0,0.21211815707228476,0.21211815707228476,0.15152737171085728,
5906,3918,4,20,1,20.0,0.21211815707228476,0.21211815707228476,0.1818059616224761,
5906,3918,4,35,1,35.0,0.21211815707228476,0.1818059616224761,0.1818059616224761,
5906,3918,4,50,1,50.0,0.21211815707228476,0.21211815707228476,0.09090298081123616,
5971,10093,0,2,1,2.0,0.03459616336549731,0.03459616336549731,0.00988429520431977,
5971,10093,0,3,1,3.0,0.03459616336549731,0.03459616336549731,0.018120831157793726,
5971,10093,0,1,1,1.0,0.03459616336549731,0.0032932582009360667,0.0032932582009360667,
5971,10093,0,5,1,5.0,0.03459616336549731,0.019768590408639652,0.019768590408639652,
5971,10093,0,8,1,8.0,0.03459616336549731,0.019768590408639652,0.00658877670262803,
5971,10093,0,13,1,13.0,0.03459616336549731,0.03459616336549731,0.018120831157793726,
5971,10093,0,20,1,20.0,0.03459616336549731,0.021416349659485467,0.018120831157793726,
5971,10093,0,35,1,35.0,0.03459616336549731,0.019768590408639652,0.019768590408639652,
5971,10093,0,50,1,50.0,0.03459616336549731,0.021416349659485467,0.004941017451781882,
5971,10093,1,1,1,1.0,0.03624392261634313,0.03130064486380557,0.018120831157793726,
5971,10093,1,2,1,2.0,0.03624392261634313,0.03624392261634313,0.0032932582009360667,
5971,10093,1,3,1,3.0,0.03624392261634313,0.03624392261634313,0.0032932582009360667,
5971,10093,1,5,1,5.0,0.03624392261634313,0.02471186816117743,0.023064108910331615,
5971,10093,1,8,1,8.0,0.03624392261634313,0.019768590408639652,0.019768590408639652,
5971,10093,1,13,1,13.0,0.03624392261634313,0.023064108910331615,0.021416349659485467,
5971,10093,1,20,1,20.0,0.03624392261634313,0.032948404114651386,0.021416349659485467,
5971,10093,1,35,1,35.0,0.03624392261634313,0.023064108910331615,0.019768590408639652,
5971,10093,1,50,1,50.0,0.03624392261634313,0.023064108910331615,0.011532054455165697,
5971,10093,2,1,1,1.0,0.02471186816117743,0.019768590408639652,0.011532054455165697,
5971,10093,2,2,1,2.0,0.02471186816117743,0.019768590408639652,0.004941017451781882,
5971,10093,2,3,1,3.0,0.02471186816117743,0.02471186816117743,0.02471186816117743,
5971,10093,2,5,1,5.0,0.02471186816117743,0.0164730719069478,0.0164730719069478,
5971,10093,2,8,1,8.0,0.02471186816117743,0.02471186816117743,0.02471186816117743,
5971,10093,2,20,1,20.0,0.02471186816117743,0.02471186816117743,0.00988429520431977,
5971,10093,2,13,1,13.0,0.02471186816117743,0.02471186816117743,0.021416349659485467,
5971,10093,2,35,1,35.0,0.02471186816117743,0.023064108910331615,0.0164730719069478,
5971,10093,2,50,1,50.0,0.02471186816117743,0.0164730719069478,0.00658877670262803,
5971,10093,3,1,1,1.0,0.023064108910331615,0.0016454989500901407,0.0016454989500901407,
5971,10093,3,2,1,2.0,0.023064108910331615,0.0016454989500901407,0.0016454989500901407,
5971,10093,3,3,1,3.0,0.023064108910331615,0.018120831157793726,0.0032932582009360667,
5971,10093,3,5,1,5.0,0.023064108910331615,0.014825312656101985,0.004941017451781882,
5971,10093,3,8,1,8.0,0.023064108910331615,0.023064108910331615,0.00658877670262803,
5971,10093,3,13,1,13.0,0.023064108910331615,0.023064108910331615,0.018120831157793726,
5971,10093,3,20,1,20.0,0.023064108910331615,0.023064108910331615,0.01317755340525606,
5971,10093,3,35,1,35.0,0.023064108910331615,0.0016454989500901407,0.0016454989500901407,
5971,10093,3,50,1,50.0,0.023064108910331615,0.023064108910331615,0.0016454989500901407,
5971,10093,4,1,1,1.0,0.029652885612959645,0.029652885612959645,0.021416349659485467,
5971,10093,4,2,1,2.0,0.029652885612959645,0.02471186816117743,0.02471186816117743,
5971,10093,4,3,1,3.0,0.029652885612959645,0.021416349659485467,0.004941017451781882,
5971,10093,4,5,1,5.0,0.029652885612959645,0.029652885612959645,0.004941017451781882,
5971,10093,4,13,1,13.0,0.029652885612959645,0.023064108910331615,0.021416349659485467,
5971,10093,4,8,1,8.0,0.029652885612959645,0.023064108910331615,0.018120831157793726,
5971,10093,4,20,1,20.0,0.029652885612959645,0.018120831157793726,0.00658877670262803,
5971,10093,4,35,1,35.0,0.029652885612959645,0.0164730719069478,0.0032932582009360667,
5971,3954,0,1,1,1.0,0.2712300179473264,0.10094327810008774,0.007679786301598379,
5971,10093,4,50,1,50.0,0.029652885612959645,0.0164730719069478,0.0032932582009360667,
5971,3954,0,2,1,2.0,0.2712300179473264,0.022601110229976018,0.022601110229976018,
5971,3954,0,3,1,3.0,0.2712300179473264,0.022601110229976018,0.022601110229976018,
5971,3954,0,8,1,8.0,0.2712300179473264,0.07527025334947202,0.011849409407737932,
5971,3954,0,5,1,5.0,0.2712300179473264,0.05705580366459351,0.0024124546099585364,
5971,3954,0,13,1,13.0,0.2712300179473264,0.015797821278016322,0.015797821278016322,
5971,3954,0,20,1,20.0,0.2712300179473264,0.03598647689803425,0.03598647689803425,
5971,3954,1,1,1,1.0,0.05925122083559409,0.05925122083559409,0.019529195709336755,
5971,3954,0,50,1,50.0,0.2712300179473264,0.015797821278016322,0.015797821278016322,
5971,3954,0,35,1,35.0,0.2712300179473264,0.043010977085854996,0.019529195709336755,
5971,3954,1,2,1,2.0,0.05925122083559409,0.05925122083559409,0.0024124546099585364,
5971,3954,1,3,1,3.0,0.05925122083559409,0.04147501982553514,0.04147501982553514,
5971,3954,1,5,1,5.0,0.05925122083559409,0.05046955215159232,0.037743645394215264,
5971,3954,1,8,1,8.0,0.05925122083559409,0.010972912058099249,0.010972912058099249,
5971,3954,1,13,1,13.0,0.05925122083559409,0.04147501982553514,0.021945824116198498,
5971,3954,1,35,1,35.0,0.05925122083559409,0.006365040277140133,0.006365040277140133,
5971,3954,1,20,1,20.0,0.05925122083559409,0.030502107767436004,0.025455987311657324,
5971,3954,2,2,1,2.0,0.022162861555156455,0.022162861555156455,0.022162861555156455,
5971,3954,2,1,1,1.0,0.022162861555156455,0.022162861555156455,0.022162861555156455,
5971,3954,1,50,1,50.0,0.05925122083559409,0.05112901206227294,0.015142535164238802,
5971,3954,2,3,1,3.0,0.022162861555156455,0.022162861555156455,0.022162861555156455,
5971,3954,2,5,1,5.0,0.022162861555156455,0.012287658082557495,0.001974205935138973,
5971,3954,2,8,1,8.0,0.022162861555156455,0.022162861555156455,0.007679786301598379,
5971,3954,2,13,1,13.0,0.022162861555156455,0.014704286489419238,0.014704286489419238,
5971,3954,2,20,1,20.0,0.022162861555156455,0.022162861555156455,0.019529195709336755,
5971,3954,2,35,1,35.0,0.022162861555156455,0.006365040277140133,0.0043866605450979534,
5971,3954,2,50,1,50.0,0.022162861555156455,0.022162861555156455,0.022162861555156455,
5971,3954,3,3,1,3.0,0.044108685671355286,0.019529195709336755,0.019529195709336755,
5971,3954,3,1,1,1.0,0.044108685671355286,0.044108685671355286,0.044108685671355286,
5971,3954,3,2,1,2.0,0.044108685671355286,0.044108685671355286,0.03510997954839512,
5971,3954,3,5,1,5.0,0.044108685671355286,0.019529195709336755,0.006582077716098089,
5971,3954,3,13,1,13.0,0.044108685671355286,0.03708418548353409,0.015359572603197202,
5971,3954,3,8,1,8.0,0.044108685671355286,0.019529195709336755,0.015797821278016322,
5971,3954,3,35,1,35.0,0.044108685671355286,0.021945824116198498,0.021945824116198498,
5971,3954,3,20,1,20.0,0.044108685671355286,0.022162861555156455,0.017333778538336175,
5971,3954,4,1,1,1.0,0.029842647856755278,0.029842647856755278,0.011411160732918812,
5971,3954,3,50,1,50.0,0.044108685671355286,0.04147501982553514,0.037743645394215264,
5971,3954,4,2,1,2.0,0.029842647856755278,0.012287658082557495,0.011411160732918812,
5971,3954,4,5,1,5.0,0.029842647856755278,0.029842647856755278,0.024358278726157034,
5971,3954,4,3,1,3.0,0.029842647856755278,0.029842647856755278,0.020626904294837045,
5971,3954,4,8,1,8.0,0.029842647856755278,0.029842647856755278,0.029842647856755278,
5971,3954,4,13,1,13.0,0.029842647856755278,0.029842647856755278,0.029842647856755278,
5971,3954,4,20,1,20.0,0.029842647856755278,0.029842647856755278,0.029842647856755278,
5971,3954,4,50,1,50.0,0.029842647856755278,0.029842647856755278,0.029842647856755278,
5971,3954,4,35,1,35.0,0.029842647856755278,0.022601110229976018,0.006365040277140133,
5971,43,0,2,1,2.0,0.056415727260280435,0.028518780521199605,0.008058167130664873,
5971,43,0,1,1,1.0,0.056415727260280435,0.056415727260280435,0.008058167130664873,
5971,43,0,3,1,3.0,0.056415727260280435,0.034717151202592444,0.009917963579937239,
5971,43,0,13,1,13.0,0.056415727260280435,0.056415727260280435,0.03967755921683169,
5971,43,0,5,1,5.0,0.056415727260280435,0.007439185797088355,0.007439185797088355,
5971,43,0,8,1,8.0,0.056415727260280435,0.056415727260280435,0.0018597964492720331,
5971,43,0,50,1,50.0,0.056415727260280435,0.056415727260280435,0.056415727260280435,
5971,43,0,20,1,20.0,0.056415727260280435,0.056415727260280435,0.008058167130664873,
5971,43,0,35,1,35.0,0.056415727260280435,0.04835756012961523,0.01053979736205557,
5971,43,1,1,1,1.0,0.003100611564967548,0.003100611564967548,0.003100611564967548,
5971,43,1,2,1,2.0,0.003100611564967548,0.003100611564967548,0.003100611564967548,
5971,43,1,3,1,3.0,0.003100611564967548,0.003100611564967548,0.003100611564967548,
5971,43,1,5,1,5.0,0.003100611564967548,0.0018597964492720331,0.0018597964492720331,
5971,43,1,20,1,20.0,0.003100611564967548,0.003100611564967548,0.003100611564967548,
5971,43,1,13,1,13.0,0.003100611564967548,0.003100611564967548,0.003100611564967548,
5971,43,1,8,1,8.0,0.003100611564967548,0.003100611564967548,0.003100611564967548,
5971,43,1,35,1,35.0,0.003100611564967548,0.003100611564967548,0.003100611564967548,
5971,43,1,50,1,50.0,0.003100611564967548,0.003100611564967548,0.003100611564967548,
5971,43,2,2,1,2.0,0.07749532198439135,0.07749532198439135,0.050836337912464113,
5971,43,2,1,1,1.0,0.07749532198439135,0.051455319246040854,0.051455319246040854,
5971,43,2,5,1,5.0,0.07749532198439135,0.011777760029209161,0.008680000912783536,
5971,43,2,3,1,3.0,0.07749532198439135,0.009917963579937239,0.006820204463511614,
5971,43,2,8,1,8.0,0.07749532198439135,0.07067511752088007,0.011777760029209161,
5971,43,2,20,1,20.0,0.07749532198439135,0.07749532198439135,0.0055793893478163215,
5971,43,2,35,1,35.0,0.07749532198439135,0.07377572908584729,0.016119186709872002,
5971,43,2,13,1,13.0,0.07749532198439135,0.07749532198439135,0.02231755739126484,
5971,43,2,50,1,50.0,0.07749532198439135,0.07749532198439135,0.07749532198439135,
5971,43,3,3,1,3.0,0.016119186709872002,0.016119186709872002,0.014259390260599636,
5971,43,3,1,1,1.0,0.016119186709872002,0.016119186709872002,0.016119186709872002,
5971,43,3,2,1,2.0,0.016119186709872002,0.016119186709872002,0.0018597964492720331,
5971,43,3,5,1,5.0,0.016119186709872002,0.0018597964492720331,0.0018597964492720331,
5971,43,3,8,1,8.0,0.016119186709872002,0.016119186709872002,0.016119186709872002,
5971,43,3,13,1,13.0,0.016119186709872002,0.016119186709872002,0.016119186709872002,
5971,43,3,20,1,20.0,0.016119186709872002,0.016119186709872002,0.0055793893478163215,
5971,43,3,35,1,35.0,0.016119186709872002,0.016119186709872002,0.016119186709872002,
5971,43,3,50,1,50.0,0.016119186709872002,0.016119186709872002,0.01115877869563242,
5971,43,4,1,1,1.0,0.02169857605768799,0.007439185797088355,0.007439185797088355,
5971,43,4,3,1,3.0,0.02169857605768799,0.012399593811327603,0.012399593811327603,
5971,43,4,2,1,2.0,0.02169857605768799,0.02169857605768799,0.012399593811327603,
5971,43,4,5,1,5.0,0.02169857605768799,0.011777760029209161,0.011777760029209161,
5971,43,4,8,1,8.0,0.02169857605768799,0.02169857605768799,0.02169857605768799,
5971,43,4,13,1,13.0,0.02169857605768799,0.02169857605768799,0.02169857605768799,
5971,43,4,20,1,20.0,0.02169857605768799,0.02169857605768799,0.009917963579937239,
5971,43,4,35,1,35.0,0.02169857605768799,0.02169857605768799,0.0018597964492720331,
5971,43,4,50,1,50.0,0.02169857605768799,0.008058167130664873,0.008058167130664873,
5971,34536,0,1,1,1.0,0.0072801714104959725,0.0072801714104959725,0.0072801714104959725,
5971,34536,0,2,1,2.0,0.0072801714104959725,0.0072801714104959725,0.002548477776915692,
5971,34536,0,3,1,3.0,0.0072801714104959725,0.0072801714104959725,0.0072801714104959725,
5971,34536,0,8,1,8.0,0.0072801714104959725,0.0072801714104959725,0.0007281365076902135,
5971,34536,0,5,1,5.0,0.0072801714104959725,0.0072801714104959725,0.002548477776915692,
5971,34536,0,13,1,13.0,0.0072801714104959725,0.004004750792296119,0.004004750792296119,
5971,34536,0,20,1,20.0,0.0072801714104959725,0.0072801714104959725,0.0047328872999862215,
5971,34536,0,35,1,35.0,0.0072801714104959725,0.0072801714104959725,0.005095761887425443,
5971,34536,1,1,1,1.0,0.00910051267972145,0.0032766142846059054,0.0032766142846059054,
5971,34536,0,50,1,50.0,0.0072801714104959725,0.005459830141270494,0.0021844095230706406,
5971,34536,1,2,1,2.0,0.00910051267972145,0.0032766142846059054,0.0032766142846059054,
5971,34536,1,3,1,3.0,0.00910051267972145,0.006552034902805759,0.006552034902805759,
5971,34536,1,8,1,8.0,0.00910051267972145,0.008372376172031237,0.006916103156650921,
5971,34536,1,13,1,13.0,0.00910051267972145,0.008008307918186186,0.002548477776915692,
5971,34536,1,5,1,5.0,0.00910051267972145,0.00910051267972145,0.005095761887425443,
5971,34536,1,20,1,20.0,0.00910051267972145,0.006916103156650921,0.0047328872999862215,
5971,34536,1,35,1,35.0,0.00910051267972145,0.005095761887425443,0.0036406825384509567,
5971,34536,1,50,1,50.0,0.00910051267972145,0.00910051267972145,0.0058238983951156564,
5971,34536,2,2,1,2.0,0.008008307918186186,0.008008307918186186,0.006187966648960708,
5971,34536,2,1,1,1.0,0.008008307918186186,0.008008307918186186,0.005459830141270494,
5971,34536,2,3,1,3.0,0.008008307918186186,0.008008307918186186,0.008008307918186186,
5971,34536,2,5,1,5.0,0.008008307918186186,0.006916103156650921,0.0032766142846059054,
5971,34536,2,8,1,8.0,0.008008307918186186,0.0047328872999862215,0.0047328872999862215,
5971,34536,2,13,1,13.0,0.008008307918186186,0.008008307918186186,0.0072801714104959725,
5971,34536,2,20,1,20.0,0.008008307918186186,0.0032766142846059054,0.0032766142846059054,
5971,34536,2,50,1,50.0,0.008008307918186186,0.004004750792296119,0.0010922047615352648,
5971,34536,2,35,1,35.0,0.008008307918186186,0.007644239664341135,0.0047328872999862215,
5971,34536,3,1,1,1.0,0.02657459519787997,0.009464580933566613,0.005095761887425443,
5971,34536,3,2,1,2.0,0.02657459519787997,0.005095761887425443,0.005095761887425443,
5971,34536,3,3,1,3.0,0.02657459519787997,0.008008307918186186,0.0058238983951156564,
5971,34536,3,5,1,5.0,0.02657459519787997,0.0047328872999862215,0.00436881904614117,
5971,34536,3,8,1,8.0,0.02657459519787997,0.012741195218172519,0.00910051267972145,
5971,34536,3,13,1,13.0,0.02657459519787997,0.005459830141270494,0.0010922047615352648,
5971,34536,3,20,1,20.0,0.02657459519787997,0.009828649187411664,0.004004750792296119,
5971,34536,3,35,1,35.0,0.02657459519787997,0.014561536487397997,0.0058238983951156564,
5971,34536,3,50,1,50.0,0.02657459519787997,0.006916103156650921,0.006916103156650921,
5971,34536,4,1,1,1.0,0.0287590047209505,0.0152896729950881,0.0,
5971,34536,4,2,1,2.0,0.0287590047209505,0.00436881904614117,0.002548477776915692,
5971,34536,4,3,1,3.0,0.0287590047209505,0.004004750792296119,0.004004750792296119,
5971,34536,4,5,1,5.0,0.0287590047209505,0.0032766142846059054,0.0032766142846059054,
5971,34536,4,8,1,8.0,0.0287590047209505,0.010556785695101878,0.007644239664341135,
5971,34536,4,13,1,13.0,0.0287590047209505,0.006916103156650921,0.006552034902805759,
5971,34536,4,20,1,20.0,0.0287590047209505,0.012013058710482305,0.012013058710482305,
5971,34536,4,50,1,50.0,0.0287590047209505,0.006552034902805759,0.0018203412692254783,
5971,34536,4,35,1,35.0,0.0287590047209505,0.0072801714104959725,0.0036406825384509567,
5971,9970,0,2,1,2.0,0.5860043886460569,0.10787164800373139,0.05830680240138797,
5971,9970,0,1,1,1.0,0.5860043886460569,0.4723024137553311,0.04373098518390284,
5971,9970,0,3,1,3.0,0.5860043886460569,0.3032052663752681,0.014575817217485465,
5971,9970,0,5,1,5.0,0.5860043886460569,0.06122196584488526,0.034985494853411625,
5971,9970,0,8,1,8.0,0.5860043886460569,0.12827779210821078,0.05247647551439405,
5971,9970,0,13,1,13.0,0.5860043886460569,0.06705582626332596,0.026236470991473637,
5971,9970,0,20,1,20.0,0.5860043886460569,0.0466461486273998,0.0466461486273998,
5971,9970,0,35,1,35.0,0.5860043886460569,0.04373098518390284,0.040815821740405545,
5971,9970,0,50,1,50.0,0.5860043886460569,0.09037713381130263,0.04373098518390284,
5971,9970,1,1,1,1.0,0.15160263318763423,0.11370197489072564,0.11370197489072564,
5971,9970,1,2,1,2.0,0.15160263318763423,0.11370197489072564,0.017490980660982425,
5971,9970,1,3,1,3.0,0.15160263318763423,0.11370197489072564,0.0029151634434969598,
5971,9970,1,5,1,5.0,0.15160263318763423,0.13994197941364572,0.040815821740405545,
5971,9970,1,8,1,8.0,0.15160263318763423,0.13994197941364572,0.034985494853411625,
5971,9970,1,13,1,13.0,0.15160263318763423,0.15160263318763423,0.034985494853411625,
5971,9970,1,20,1,20.0,0.15160263318763423,0.04956131207089676,0.011660653773988172,
5971,9970,1,35,1,35.0,0.15160263318763423,0.15160263318763423,0.029155167966417372,
5971,9970,1,50,1,50.0,0.15160263318763423,0.15160263318763423,0.026236470991473637,
5971,9970,2,1,1,1.0,0.06705582626332596,0.05539163895789101,0.029155167966417372,
5971,9970,2,2,1,2.0,0.06705582626332596,0.06705582626332596,0.06705582626332596,
5971,9970,2,3,1,3.0,0.06705582626332596,0.06705582626332596,0.017490980660982425,
5971,9970,2,5,1,5.0,0.06705582626332596,0.03207033140991433,0.017490980660982425,
5971,9970,2,8,1,8.0,0.06705582626332596,0.03207033140991433,0.026236470991473637,
5971,9970,2,13,1,13.0,0.06705582626332596,0.06705582626332596,0.008745490330491212,
5971,9970,2,20,1,20.0,0.06705582626332596,0.06705582626332596,0.04373098518390284,
5971,9970,2,35,1,35.0,0.06705582626332596,0.05539163895789101,0.017490980660982425,
5971,9970,2,50,1,50.0,0.06705582626332596,0.020406144104479385,0.0,
5971,9970,3,1,1,1.0,0.11953230177771956,0.11953230177771956,0.034985494853411625,
5971,9970,3,2,1,2.0,0.11953230177771956,0.05247647551439405,0.011660653773988172,
5971,9970,3,3,1,3.0,0.11953230177771956,0.05247647551439405,0.0466461486273998,
5971,9970,3,8,1,8.0,0.11953230177771956,0.034985494853411625,0.034985494853411625,
5971,9970,3,5,1,5.0,0.11953230177771956,0.11953230177771956,0.040815821740405545,
5971,9970,3,13,1,13.0,0.11953230177771956,0.11953230177771956,0.0029151634434969598,
5971,9970,3,20,1,20.0,0.11953230177771956,0.034985494853411625,0.034985494853411625,
5971,9970,3,35,1,35.0,0.11953230177771956,0.11953230177771956,0.040815821740405545,
5971,9970,3,50,1,50.0,0.11953230177771956,0.11953230177771956,0.029155167966417372,
5971,9970,4,1,1,1.0,0.5014575817217485,0.5014575817217485,0.06122196584488526,
5971,9970,4,2,1,2.0,0.5014575817217485,0.13994197941364572,0.008745490330491212,
5971,9970,4,5,1,5.0,0.5014575817217485,0.13410811899520503,0.05539163895789101,
5971,9970,4,3,1,3.0,0.5014575817217485,0.3061204298187654,0.16034812351812544,
5971,9970,4,8,1,8.0,0.5014575817217485,0.017490980660982425,0.017490980660982425,
5971,9970,4,13,1,13.0,0.5014575817217485,0.5014575817217485,0.005830326886994253,
5971,9970,4,20,1,20.0,0.5014575817217485,0.5014575817217485,0.05247647551439405,
5971,9970,4,35,1,35.0,0.5014575817217485,0.5014575817217485,0.07288615315032021,
5971,9970,4,50,1,50.0,0.5014575817217485,0.1166171383342226,0.005830326886994253,
5971,6566,0,1,1,1.0,0.013828365510822671,0.004003293320287371,0.004003293320287371,
5971,6566,0,2,1,2.0,0.013828365510822671,0.006913586139417283,0.006913586139417283,
5971,6566,0,3,1,3.0,0.013828365510822671,0.003275421807507839,0.003275421807507839,
5971,6566,0,5,1,5.0,0.013828365510822671,0.009825072190535411,0.009825072190535411,
5971,6566,0,8,1,8.0,0.013828365510822671,0.00946113643414559,0.005095100589456614,
5971,6566,0,13,1,13.0,0.013828365510822671,0.005095100589456614,0.005095100589456614,
5971,6566,0,20,1,20.0,0.013828365510822671,0.010552943703314832,0.005457843113858329,
5971,6566,0,35,1,35.0,0.013828365510822671,0.010552943703314832,0.004367229076677082,
5971,6566,0,50,1,50.0,0.013828365510822671,0.009825072190535411,0.008733264921366057,
5971,6566,1,1,1,1.0,0.0010918072691692426,0.0010918072691692426,0.0010918072691692426,
5971,6566,1,2,1,2.0,0.0010918072691692426,0.0010918072691692426,0.0010918072691692426,
5971,6566,1,3,1,3.0,0.0010918072691692426,0.0010918072691692426,0.0010918072691692426,
5971,6566,1,5,1,5.0,0.0010918072691692426,0.0010918072691692426,0.0010918072691692426,
5971,6566,1,8,1,8.0,0.0010918072691692426,0.0010918072691692426,0.0010918072691692426,
5971,6566,1,13,1,13.0,0.0010918072691692426,0.0010918072691692426,0.0010918072691692426,
5971,6566,1,20,1,20.0,0.0010918072691692426,0.0010918072691692426,0.0010918072691692426,
5971,6566,1,35,1,35.0,0.0010918072691692426,0.0010918072691692426,0.0010918072691692426,
5971,6566,1,50,1,50.0,0.0010918072691692426,0.0010918072691692426,0.0010918072691692426,
5971,6566,2,1,1,1.0,0.007641457652196815,0.007641457652196815,0.007641457652196815,
5971,6566,2,2,1,2.0,0.007641457652196815,0.007641457652196815,0.004731164833066792,
5971,6566,2,3,1,3.0,0.007641457652196815,0.007641457652196815,0.007641457652196815,
5971,6566,2,5,1,5.0,0.007641457652196815,0.007277521895807104,0.007277521895807104,
5971,6566,2,8,1,8.0,0.007641457652196815,0.007641457652196815,0.004367229076677082,
5971,6566,2,13,1,13.0,0.007641457652196815,0.007277521895807104,0.002547550294728307,
5971,6566,2,20,1,20.0,0.007641457652196815,0.00582177887024804,0.005095100589456614,
5971,6566,2,35,1,35.0,0.007641457652196815,0.007641457652196815,0.006549650383027572,
5971,6566,2,50,1,50.0,0.007641457652196815,0.00582177887024804,0.005095100589456614,
5971,6566,3,1,1,1.0,0.008005393408586636,0.004367229076677082,0.004367229076677082,
5971,6566,3,2,1,2.0,0.008005393408586636,0.004367229076677082,0.004367229076677082,
5971,6566,3,3,1,3.0,0.008005393408586636,0.008005393408586636,0.0061857146266377505,
5971,6566,3,5,1,5.0,0.008005393408586636,0.0061857146266377505,0.0061857146266377505,
5971,6566,3,8,1,8.0,0.008005393408586636,0.005095100589456614,0.004731164833066792,
5971,6566,3,13,1,13.0,0.008005393408586636,0.0061857146266377505,0.0021836145383385963,
5971,6566,3,20,1,20.0,0.008005393408586636,0.008005393408586636,0.00582177887024804,
5971,6566,3,35,1,35.0,0.008005393408586636,0.007277521895807104,0.0021836145383385963,
5971,6566,3,50,1,50.0,0.008005393408586636,0.008005393408586636,0.00582177887024804,
5971,6566,4,1,1,1.0,0.00582177887024804,0.00582177887024804,0.00582177887024804,
5971,6566,4,2,1,2.0,0.00582177887024804,0.00582177887024804,0.0021836145383385963,
5971,6566,4,3,1,3.0,0.00582177887024804,0.005095100589456614,0.005095100589456614,
5971,6566,4,8,1,8.0,0.00582177887024804,0.00582177887024804,0.00582177887024804,
5971,6566,4,5,1,5.0,0.00582177887024804,0.00582177887024804,0.004367229076677082,
5971,6566,4,13,1,13.0,0.00582177887024804,0.00582177887024804,0.005457843113858329,
5971,6566,4,20,1,20.0,0.00582177887024804,0.005095100589456614,0.005095100589456614,
5971,6566,4,35,1,35.0,0.00582177887024804,0.00582177887024804,0.0036393575638975495,
5971,6566,4,50,1,50.0,0.00582177887024804,0.00582177887024804,0.005457843113858329,
5965,145836,0,1,1,1.0,0.10605768685895589,0.10605768685895589,0.07575225250750861,
5965,145836,0,2,1,2.0,0.10605768685895589,0.10605768685895589,0.015141383804612718,
5965,145836,0,3,1,3.0,0.10605768685895589,0.10605768685895589,0.10605768685895589,
5965,145836,0,5,1,5.0,0.10605768685895589,0.10605768685895589,0.0909049696832328,
5965,145836,0,8,1,8.0,0.10605768685895589,0.060599535331784304,0.060599535331784304,
5965,145836,0,13,1,13.0,0.10605768685895589,0.10605768685895589,0.0909049696832328,
5965,145836,0,20,1,20.0,0.10605768685895589,0.10605768685895589,0.07575225250750861,
5965,145836,0,50,1,50.0,0.10605768685895589,0.10605768685895589,0.060599535331784304,
5965,145836,0,35,1,35.0,0.10605768685895589,0.10605768685895589,0.0909049696832328,
5965,145836,1,1,1,1.0,0.1818099393664644,0.1818099393664644,0.1363631212104044,
5965,145836,1,2,1,2.0,0.1818099393664644,0.0909049696832328,0.0909049696832328,
5965,145836,1,3,1,3.0,0.1818099393664644,0.16665722219074142,0.07575225250750861,
5965,145836,1,8,1,8.0,0.1818099393664644,0.10605768685895589,0.10605768685895589,
5965,145836,1,5,1,5.0,0.1818099393664644,0.1818099393664644,0.04544681815606122,
5965,145836,1,20,1,20.0,0.1818099393664644,0.1818099393664644,0.07575225250750861,
5965,145836,1,13,1,13.0,0.1818099393664644,0.04544681815606122,0.04544681815606122,
5965,145836,1,35,1,35.0,0.1818099393664644,0.1818099393664644,0.015141383804612718,
5965,145836,2,1,1,1.0,0.0909049696832328,0.0909049696832328,0.030294100980337024,
5965,145836,1,50,1,50.0,0.1818099393664644,0.0909049696832328,0.07575225250750861,
5965,145836,2,2,1,2.0,0.0909049696832328,0.0909049696832328,0.0909049696832328,
5965,145836,2,3,1,3.0,0.0909049696832328,0.0909049696832328,0.07575225250750861,
5965,145836,2,5,1,5.0,0.0909049696832328,0.0909049696832328,0.0909049696832328,
5965,145836,2,13,1,13.0,0.0909049696832328,0.0909049696832328,0.0909049696832328,
5965,145836,2,8,1,8.0,0.0909049696832328,0.0909049696832328,0.0909049696832328,
5965,145836,2,20,1,20.0,0.0909049696832328,0.0909049696832328,0.0,
5965,145836,2,35,1,35.0,0.0909049696832328,0.0909049696832328,0.015141383804612718,
5965,145836,2,50,1,50.0,0.0909049696832328,0.0909049696832328,0.060599535331784304,
5965,145836,3,1,1,1.0,0.10605768685895589,0.10605768685895589,0.07575225250750861,
5965,145836,3,2,1,2.0,0.10605768685895589,0.0909049696832328,0.07575225250750861,
5965,145836,3,3,1,3.0,0.10605768685895589,0.0909049696832328,0.07575225250750861,
5965,145836,3,5,1,5.0,0.10605768685895589,0.060599535331784304,0.060599535331784304,
5965,145836,3,8,1,8.0,0.10605768685895589,0.07575225250750861,0.07575225250750861,
5965,145836,3,13,1,13.0,0.10605768685895589,0.0909049696832328,0.07575225250750861,
5965,145836,3,20,1,20.0,0.10605768685895589,0.015141383804612718,0.015141383804612718,
5965,145836,3,35,1,35.0,0.10605768685895589,0.060599535331784304,0.060599535331784304,
5965,145836,3,50,1,50.0,0.10605768685895589,0.10605768685895589,0.04544681815606122,
5965,145836,4,1,1,1.0,0.1515158383861287,0.1515158383861287,0.1515158383861287,
5965,145836,4,2,1,2.0,0.1515158383861287,0.10605768685895589,0.10605768685895589,
5965,145836,4,3,1,3.0,0.1515158383861287,0.1515158383861287,0.07575225250750861,
5965,145836,4,5,1,5.0,0.1515158383861287,0.060599535331784304,0.060599535331784304,
5965,145836,4,8,1,8.0,0.1515158383861287,0.060599535331784304,0.060599535331784304,
5965,145836,4,13,1,13.0,0.1515158383861287,0.1212104040346802,0.07575225250750861,
5965,145836,4,20,1,20.0,0.1515158383861287,0.1515158383861287,0.030294100980337024,
5965,145836,4,35,1,35.0,0.1515158383861287,0.04544681815606122,0.04544681815606122,
5965,9914,0,1,1,1.0,0.08246239804444688,0.046394452620288185,0.04123119902222483,
5965,145836,4,50,1,50.0,0.1515158383861287,0.060599535331784304,0.04544681815606122,
5965,9914,0,2,1,2.0,0.08246239804444688,0.0360679454241587,0.0360679454241587,
5965,9914,0,3,1,3.0,0.08246239804444688,0.07216083410241514,0.046394452620288185,
5965,9914,0,5,1,5.0,0.08246239804444688,0.0360679454241587,0.0360679454241587,
5965,9914,0,8,1,8.0,0.08246239804444688,0.0360679454241587,0.0360679454241587,
5965,9914,0,13,1,13.0,0.08246239804444688,0.051532762964256684,0.04123119902222483,
5965,9914,0,20,1,20.0,0.08246239804444688,0.04123119902222483,0.0360679454241587,
5965,9914,0,50,1,50.0,0.08246239804444688,0.046394452620288185,0.046394452620288185,
5965,9914,0,35,1,35.0,0.08246239804444688,0.046394452620288185,0.046394452620288185,
5965,9914,1,1,1,1.0,0.0360679454241587,0.0360679454241587,0.0360679454241587,
5965,9914,1,2,1,2.0,0.0360679454241587,0.0360679454241587,0.0360679454241587,
5965,9914,1,3,1,3.0,0.0360679454241587,0.0154648175400951,0.0154648175400951,
5965,9914,1,5,1,5.0,0.0360679454241587,0.0360679454241587,0.0360679454241587,
5965,9914,1,8,1,8.0,0.0360679454241587,0.0360679454241587,0.0360679454241587,
5965,9914,1,13,1,13.0,0.0360679454241587,0.0360679454241587,0.0360679454241587,
5965,9914,1,20,1,20.0,0.0360679454241587,0.0360679454241587,0.030929635080193085,
5965,9914,1,35,1,35.0,0.0360679454241587,0.0360679454241587,0.0360679454241587,
5965,9914,2,1,1,1.0,0.11339203312463997,0.04123119902222483,0.0360679454241587,
5965,9914,1,50,1,50.0,0.0360679454241587,0.025766381482126954,0.025766381482126954,
5965,9914,2,2,1,2.0,0.11339203312463997,0.061859270160383284,0.046394452620288185,
5965,9914,2,3,1,3.0,0.11339203312463997,0.04123119902222483,0.04123119902222483,
5965,9914,2,5,1,5.0,0.11339203312463997,0.051532762964256684,0.051532762964256684,
5965,9914,2,8,1,8.0,0.11339203312463997,0.051532762964256684,0.025766381482126954,
5965,9914,2,13,1,13.0,0.11339203312463997,0.061859270160383284,0.0360679454241587,
5965,9914,2,20,1,20.0,0.11339203312463997,0.05669601656231993,0.030929635080193085,
5965,9914,2,35,1,35.0,0.11339203312463997,0.030929635080193085,0.030929635080193085,
5965,9914,3,1,1,1.0,0.3247362250879251,0.0360679454241587,0.030929635080193085,
5965,9914,2,50,1,50.0,0.11339203312463997,0.05669601656231993,0.051532762964256684,
5965,9914,3,2,1,2.0,0.3247362250879251,0.0360679454241587,0.0360679454241587,
5965,9914,3,3,1,3.0,0.3247362250879251,0.051532762964256684,0.04123119902222483,
5965,9914,3,5,1,5.0,0.3247362250879251,0.0360679454241587,0.030929635080193085,
5965,9914,3,8,1,8.0,0.3247362250879251,0.0360679454241587,0.0360679454241587,
5965,9914,3,13,1,13.0,0.3247362250879251,0.030929635080193085,0.030929635080193085,
5965,9914,3,20,1,20.0,0.3247362250879251,0.07216083410241514,0.051532762964256684,
5965,9914,3,35,1,35.0,0.3247362250879251,0.07216083410241514,0.0360679454241587,
5965,9914,3,50,1,50.0,0.3247362250879251,0.061859270160383284,0.051532762964256684,
5965,9914,4,1,1,1.0,0.051532762964256684,0.051532762964256684,0.051532762964256684,
5965,9914,4,2,1,2.0,0.051532762964256684,0.0360679454241587,0.0360679454241587,
5965,9914,4,3,1,3.0,0.051532762964256684,0.051532762964256684,0.0360679454241587,
5965,9914,4,5,1,5.0,0.051532762964256684,0.04123119902222483,0.0360679454241587,
5965,9914,4,8,1,8.0,0.051532762964256684,0.051532762964256684,0.0360679454241587,
5965,9914,4,13,1,13.0,0.051532762964256684,0.051532762964256684,0.030929635080193085,
5965,9914,4,20,1,20.0,0.051532762964256684,0.051532762964256684,0.04123119902222483,
5965,9914,4,35,1,35.0,0.051532762964256684,0.04123119902222483,0.025766381482126954,
5965,9914,4,50,1,50.0,0.051532762964256684,0.0360679454241587,0.0360679454241587,
5965,3903,0,2,1,2.0,0.0909076556308126,0.0909076556308126,0.0909076556308126,
5965,3903,0,1,1,1.0,0.0909076556308126,0.0909076556308126,0.07069893746348976,
5965,3903,0,3,1,3.0,0.0909076556308126,0.0909076556308126,0.07069893746348976,
5965,3903,0,5,1,5.0,0.0909076556308126,0.0909076556308126,0.050490219296168704,
5965,3903,0,8,1,8.0,0.0909076556308126,0.050490219296168704,0.050490219296168704,
5965,3903,0,13,1,13.0,0.0909076556308126,0.0909076556308126,0.07069893746348976,
5965,3903,0,20,1,20.0,0.0909076556308126,0.0909076556308126,0.0909076556308126,
5965,3903,0,35,1,35.0,0.0909076556308126,0.050490219296168704,0.03029728918991459,
5965,3903,0,50,1,50.0,0.0909076556308126,0.0909076556308126,0.07069893746348976,
5965,3903,1,1,1,1.0,0.11110058573706671,0.11110058573706671,0.08080329654715201,
5965,3903,1,2,1,2.0,0.11110058573706671,0.10099622665340446,0.10099622665340446,
5965,3903,1,3,1,3.0,0.11110058573706671,0.10099622665340446,0.08080329654715201,
5965,3903,1,5,1,5.0,0.11110058573706671,0.08080329654715201,0.07069893746348976,
5965,3903,1,13,1,13.0,0.11110058573706671,0.07069893746348976,0.050490219296168704,
5965,3903,1,8,1,8.0,0.11110058573706671,0.06059457837982929,0.03029728918991459,
5965,3903,1,20,1,20.0,0.11110058573706671,0.06059457837982929,0.050490219296168704,
5965,3903,1,50,1,50.0,0.11110058573706671,0.11110058573706671,0.0909076556308126,
5965,3903,2,1,1,1.0,0.1515022340106419,0.11110058573706671,0.08080329654715201,
5965,3903,2,2,1,2.0,0.1515022340106419,0.08080329654715201,0.08080329654715201,
5965,3903,2,13,1,13.0,0.1515022340106419,0.11110058573706671,0.0909076556308126,
5965,3903,2,20,1,20.0,0.1515022340106419,0.11110058573706671,0.08080329654715201,
5965,3903,2,5,1,5.0,0.1515022340106419,0.1515022340106419,0.07069893746348976,
5965,3903,2,50,1,50.0,0.1515022340106419,0.13130930390438778,0.04040164827357695,
5965,3903,2,8,1,8.0,0.1515022340106419,0.14141366298804825,0.050490219296168704,
5965,3903,3,1,1,1.0,0.10099622665340446,0.08080329654715201,0.08080329654715201,
5965,3903,2,35,1,35.0,0.1515022340106419,0.11110058573706671,0.10099622665340446,
5965,3903,3,2,1,2.0,0.10099622665340446,0.10099622665340446,0.06059457837982929,
5965,3903,3,3,1,3.0,0.10099622665340446,0.10099622665340446,0.06059457837982929,
5965,3903,2,3,1,3.0,0.1515022340106419,0.0909076556308126,0.0909076556308126,
5965,3903,3,5,1,5.0,0.10099622665340446,0.0909076556308126,0.07069893746348976,
5965,3903,3,8,1,8.0,0.10099622665340446,0.0909076556308126,0.06059457837982929,
5965,3903,3,13,1,13.0,0.10099622665340446,0.10099622665340446,0.050490219296168704,
5965,3903,3,20,1,20.0,0.10099622665340446,0.03029728918991459,0.03029728918991459,
5965,3903,3,35,1,35.0,0.10099622665340446,0.0909076556308126,0.0909076556308126,
5965,3903,3,50,1,50.0,0.10099622665340446,0.10099622665340446,0.06059457837982929,
5965,3903,4,1,1,1.0,0.06059457837982929,0.06059457837982929,0.06059457837982929,
5965,3903,4,2,1,2.0,0.06059457837982929,0.050490219296168704,0.03029728918991459,
5965,3903,4,3,1,3.0,0.06059457837982929,0.0,0.0,
5965,3903,4,5,1,5.0,0.06059457837982929,0.06059457837982929,0.06059457837982929,
5965,3903,1,35,1,35.0,0.11110058573706671,0.07069893746348976,0.07069893746348976,
5965,3903,4,8,1,8.0,0.06059457837982929,0.06059457837982929,0.04040164827357695,
5965,3903,4,13,1,13.0,0.06059457837982929,0.050490219296168704,0.020192930106254114,
5965,3903,4,20,1,20.0,0.06059457837982929,0.06059457837982929,0.03029728918991459,
5965,3903,4,35,1,35.0,0.06059457837982929,0.06059457837982929,0.04040164827357695,
5965,3903,4,50,1,50.0,0.06059457837982929,0.06059457837982929,0.050490219296168704,
5965,10101,0,1,1,1.0,0.2571407200025644,0.2142803714349828,0.11428357714542181,
5965,10101,0,2,1,2.0,0.2571407200025644,0.11428357714542181,0.08571001143370116,
5965,10101,0,3,1,3.0,0.2571407200025644,0.11428357714542181,0.11428357714542181,
5965,10101,0,5,1,5.0,0.2571407200025644,0.11428357714542181,0.11428357714542181,
5965,10101,0,8,1,8.0,0.2571407200025644,0.11428357714542181,0.11428357714542181,
5965,10101,0,13,1,13.0,0.2571407200025644,0.19999358857912308,0.09999679428956088,
5965,10101,0,20,1,20.0,0.2571407200025644,0.22856715429084373,0.08571001143370116,
5965,10101,1,2,1,2.0,0.1571439257130034,0.14285714285714257,0.11428357714542181,
5965,10101,0,35,1,35.0,0.2571407200025644,0.22856715429084373,0.12857036000128275,
5965,10101,1,3,1,3.0,0.1571439257130034,0.14285714285714257,0.12857036000128275,
5965,10101,1,1,1,1.0,0.1571439257130034,0.12857036000128275,0.12857036000128275,
5965,10101,0,50,1,50.0,0.2571407200025644,0.22856715429084373,0.17143070856886433,
5965,10101,1,5,1,5.0,0.1571439257130034,0.1571439257130034,0.11428357714542181,
5965,10101,1,8,1,8.0,0.1571439257130034,0.14285714285714257,0.09999679428956088,
5965,10101,1,13,1,13.0,0.1571439257130034,0.1571439257130034,0.07142322857784023,
5965,10101,1,20,1,20.0,0.1571439257130034,0.1571439257130034,0.08571001143370116,
5965,10101,1,35,1,35.0,0.1571439257130034,0.11428357714542181,0.09999679428956088,
5965,10101,1,50,1,50.0,0.1571439257130034,0.14285714285714257,0.08571001143370116,
5965,10101,2,1,1,1.0,0.08571001143370116,0.08571001143370116,0.08571001143370116,
5965,10101,2,2,1,2.0,0.08571001143370116,0.08571001143370116,0.08571001143370116,
5965,10101,2,3,1,3.0,0.08571001143370116,0.08571001143370116,0.08571001143370116,
5965,10101,2,8,1,8.0,0.08571001143370116,0.08571001143370116,0.07142322857784023,
5965,10101,2,5,1,5.0,0.08571001143370116,0.08571001143370116,0.08571001143370116,
5965,10101,2,13,1,13.0,0.08571001143370116,0.07142322857784023,0.07142322857784023,
5965,10101,2,20,1,20.0,0.08571001143370116,0.08571001143370116,0.08571001143370116,
5965,10101,2,35,1,35.0,0.08571001143370116,0.07142322857784023,0.07142322857784023,
5965,10101,2,50,1,50.0,0.08571001143370116,0.08571001143370116,0.08571001143370116,
5965,10101,3,1,1,1.0,0.12857036000128275,0.12857036000128275,0.11428357714542181,
5965,10101,3,3,1,3.0,0.12857036000128275,0.11428357714542181,0.11428357714542181,
5965,10101,3,5,1,5.0,0.12857036000128275,0.12857036000128275,0.042860348567581585,
5965,10101,3,2,1,2.0,0.12857036000128275,0.12857036000128275,0.11428357714542181,
5965,10101,3,8,1,8.0,0.12857036000128275,0.12857036000128275,0.11428357714542181,
5965,10101,3,13,1,13.0,0.12857036000128275,0.12857036000128275,0.08571001143370116,
5965,10101,3,20,1,20.0,0.12857036000128275,0.12857036000128275,0.08571001143370116,
5965,10101,3,35,1,35.0,0.12857036000128275,0.12857036000128275,0.11428357714542181,
5965,10101,3,50,1,50.0,0.12857036000128275,0.12857036000128275,0.08571001143370116,
5965,10101,4,1,1,1.0,0.22856715429084373,0.18571749142472527,0.11428357714542181,
5965,10101,4,2,1,2.0,0.22856715429084373,0.12857036000128275,0.08571001143370116,
5965,10101,4,5,1,5.0,0.22856715429084373,0.18571749142472527,0.11428357714542181,
5965,10101,4,3,1,3.0,0.22856715429084373,0.22856715429084373,0.12857036000128275,
5965,10101,4,8,1,8.0,0.22856715429084373,0.11428357714542181,0.09999679428956088,
5965,10101,4,13,1,13.0,0.22856715429084373,0.14285714285714257,0.12857036000128275,
5965,10101,4,20,1,20.0,0.22856715429084373,0.11428357714542181,0.08571001143370116,
5965,10101,4,35,1,35.0,0.22856715429084373,0.1571439257130034,0.09999679428956088,
5965,10101,4,50,1,50.0,0.22856715429084373,0.12857036000128275,0.11428357714542181,
5965,9889,0,1,1,1.0,0.08291545481897367,0.03109016146825838,0.03109016146825838,
5965,9889,0,2,1,2.0,0.08291545481897367,0.03109016146825838,0.015545080734127859,
5965,9889,0,3,1,3.0,0.08291545481897367,0.03109016146825838,0.03109016146825838,
5965,9889,0,8,1,8.0,0.08291545481897367,0.03109016146825838,0.03109016146825838,
5965,9889,0,13,1,13.0,0.08291545481897367,0.03109016146825838,0.015545080734127859,
5965,9889,0,5,1,5.0,0.08291545481897367,0.03109016146825838,0.03109016146825838,
5965,9889,0,20,1,20.0,0.08291545481897367,0.03109016146825838,0.010355029585798703,
5965,9889,0,35,1,35.0,0.08291545481897367,0.08291545481897367,0.02590011031992656,
5965,9889,0,50,1,50.0,0.08291545481897367,0.03109016146825838,0.03109016146825838,
5965,9889,1,1,1,1.0,0.036280212616587426,0.02590011031992656,0.02073513188245968,
5965,9889,1,2,1,2.0,0.036280212616587426,0.02590011031992656,0.02590011031992656,
5965,9889,1,3,1,3.0,0.036280212616587426,0.036280212616587426,0.02590011031992656,
5965,9889,1,5,1,5.0,0.036280212616587426,0.02590011031992656,0.015545080734127859,
5965,9889,1,13,1,13.0,0.036280212616587426,0.036280212616587426,0.02073513188245968,
5965,9889,1,8,1,8.0,0.036280212616587426,0.036280212616587426,0.036280212616587426,
5965,9889,1,35,1,35.0,0.036280212616587426,0.02590011031992656,0.02590011031992656,
5965,9889,1,50,1,50.0,0.036280212616587426,0.036280212616587426,0.02073513188245968,
5965,9889,1,20,1,20.0,0.036280212616587426,0.036280212616587426,0.02073513188245968,
5965,9889,2,1,1,1.0,0.03109016146825838,0.03109016146825838,0.03109016146825838,
5965,9889,2,2,1,2.0,0.03109016146825838,0.03109016146825838,0.02590011031992656,
5965,9889,2,3,1,3.0,0.03109016146825838,0.03109016146825838,0.03109016146825838,
5965,9889,2,5,1,5.0,0.03109016146825838,0.02590011031992656,0.02073513188245968,
5965,9889,2,20,1,20.0,0.03109016146825838,0.02590011031992656,0.02590011031992656,
5965,9889,2,8,1,8.0,0.03109016146825838,0.03109016146825838,0.02073513188245968,
5965,9889,2,13,1,13.0,0.03109016146825838,0.03109016146825838,0.03109016146825838,
5965,9889,2,35,1,35.0,0.03109016146825838,0.03109016146825838,0.03109016146825838,
5965,9889,2,50,1,50.0,0.03109016146825838,0.015545080734127859,0.015545080734127859,
5965,9889,3,1,1,1.0,0.08291545481897367,0.036280212616587426,0.036280212616587426,
5965,9889,3,2,1,2.0,0.08291545481897367,0.06218032293651399,0.036280212616587426,
5965,9889,3,3,1,3.0,0.08291545481897367,0.08291545481897367,0.051825293350715285,
5965,9889,3,5,1,5.0,0.08291545481897367,0.06737037408484592,0.036280212616587426,
5965,9889,3,8,1,8.0,0.08291545481897367,0.08291545481897367,0.03109016146825838,
5965,9889,3,20,1,20.0,0.08291545481897367,0.04663524220238624,0.04663524220238624,
5965,9889,3,13,1,13.0,0.08291545481897367,0.04663524220238624,0.03109016146825838,
5965,9889,3,35,1,35.0,0.08291545481897367,0.03109016146825838,0.03109016146825838,
5965,9889,3,50,1,50.0,0.08291545481897367,0.015545080734127859,0.015545080734127859,
5965,9889,4,2,1,2.0,0.07772540367064462,0.05699027178818494,0.02590011031992656,
5965,9889,4,1,1,1.0,0.07772540367064462,0.07772540367064462,0.07772540367064462,
5965,9889,4,5,1,5.0,0.07772540367064462,0.041445191054057084,0.02590011031992656,
5965,9889,4,3,1,3.0,0.07772540367064462,0.07772540367064462,0.02073513188245968,
5965,9889,4,8,1,8.0,0.07772540367064462,0.02590011031992656,0.015545080734127859,
5965,9889,4,20,1,20.0,0.07772540367064462,0.04663524220238624,0.041445191054057084,
5965,9889,4,35,1,35.0,0.07772540367064462,0.07772540367064462,0.036280212616587426,
5965,9889,4,13,1,13.0,0.07772540367064462,0.02590011031992656,0.015545080734127859,
5965,9889,4,50,1,50.0,0.07772540367064462,0.07772540367064462,0.02590011031992656,
5965,49,0,1,1,1.0,0.19571917406895267,0.018348489464926065,0.00305856985492281,
5965,49,0,2,1,2.0,0.19571917406895267,0.015289919610002922,0.0061171397098459535,
5965,49,0,3,1,3.0,0.19571917406895267,0.00305856985492281,0.00305856985492281,
5965,49,0,8,1,8.0,0.19571917406895267,0.0061171397098459535,0.0061171397098459535,
5965,49,0,5,1,5.0,0.19571917406895267,0.015289919610002922,0.015289919610002922,
5965,49,0,13,1,13.0,0.19571917406895267,0.19571917406895267,0.0061171397098459535,
5965,49,0,20,1,20.0,0.19571917406895267,0.009175709564769097,0.00305856985492281,
5965,49,0,50,1,50.0,0.19571917406895267,0.015289919610002922,0.00305856985492281,
5965,49,0,35,1,35.0,0.19571917406895267,0.09785958703447617,0.0061171397098459535,
5965,49,1,2,1,2.0,0.015289919610002922,0.009175709564769097,0.0061171397098459535,
5965,49,1,1,1,1.0,0.015289919610002922,0.015289919610002922,0.0061171397098459535,
5965,49,1,3,1,3.0,0.015289919610002922,0.0061171397098459535,0.0061171397098459535,
5965,49,1,5,1,5.0,0.015289919610002922,0.015289919610002922,0.00305856985492281,
5965,49,1,8,1,8.0,0.015289919610002922,0.009175709564769097,0.00305856985492281,
5965,49,1,13,1,13.0,0.015289919610002922,0.0061171397098459535,0.00305856985492281,
5965,49,1,20,1,20.0,0.015289919610002922,0.00305856985492281,0.00305856985492281,
5965,49,2,1,1,1.0,0.021407059319848876,0.0061171397098459535,0.0061171397098459535,
5965,49,1,35,1,35.0,0.015289919610002922,0.00305856985492281,0.00305856985492281,
5965,49,1,50,1,50.0,0.015289919610002922,0.009175709564769097,0.009175709564769097,
5965,49,2,3,1,3.0,0.021407059319848876,0.0061171397098459535,0.0061171397098459535,
5965,49,2,5,1,5.0,0.021407059319848876,0.0061171397098459535,0.00305856985492281,
5965,49,2,2,1,2.0,0.021407059319848876,0.0061171397098459535,0.00305856985492281,
5965,49,2,8,1,8.0,0.021407059319848876,0.0061171397098459535,0.00305856985492281,
5965,49,2,13,1,13.0,0.021407059319848876,0.018348489464926065,0.00305856985492281,
5965,49,2,20,1,20.0,0.021407059319848876,0.0,0.0,
5965,49,2,35,1,35.0,0.021407059319848876,0.0061171397098459535,0.0,
5965,49,2,50,1,50.0,0.021407059319848876,0.015289919610002922,0.0061171397098459535,
5965,49,3,1,1,1.0,0.10091815688939931,0.015289919610002922,0.015289919610002922,
5965,49,3,2,1,2.0,0.10091815688939931,0.018348489464926065,0.0061171397098459535,
5965,49,3,3,1,3.0,0.10091815688939931,0.012231349755079779,0.00305856985492281,
5965,49,3,5,1,5.0,0.10091815688939931,0.10091815688939931,0.00305856985492281,
5965,49,3,8,1,8.0,0.10091815688939931,0.00305856985492281,0.00305856985492281,
5965,49,3,13,1,13.0,0.10091815688939931,0.10091815688939931,0.00305856985492281,
5965,49,3,20,1,20.0,0.10091815688939931,0.00305856985492281,0.00305856985492281,
5965,49,3,50,1,50.0,0.10091815688939931,0.10091815688939931,0.0,
5965,49,3,35,1,35.0,0.10091815688939931,0.00305856985492281,0.00305856985492281,
5965,49,4,1,1,1.0,0.021407059319848876,0.012231349755079779,0.0061171397098459535,
5965,49,4,3,1,3.0,0.021407059319848876,0.018348489464926065,0.00305856985492281,
5965,49,4,5,1,5.0,0.021407059319848876,0.00305856985492281,0.00305856985492281,
5965,49,4,13,1,13.0,0.021407059319848876,0.009175709564769097,0.00305856985492281,
5965,49,4,2,1,2.0,0.021407059319848876,0.00305856985492281,0.00305856985492281,
5965,49,4,8,1,8.0,0.021407059319848876,0.018348489464926065,0.00305856985492281,
5965,49,4,20,1,20.0,0.021407059319848876,0.021407059319848876,0.00305856985492281,
5965,49,4,35,1,35.0,0.021407059319848876,0.0061171397098459535,0.00305856985492281,
5965,49,4,50,1,50.0,0.021407059319848876,0.012231349755079779,0.0,
5965,9946,0,1,1,1.0,0.020513180854724866,0.020513180854724866,0.010256590427362267,
5965,9946,0,2,1,2.0,0.020513180854724866,0.020513180854724866,0.010256590427362267,
5965,9946,0,3,1,3.0,0.020513180854724866,0.020513180854724866,0.0,
5965,9946,0,8,1,8.0,0.020513180854724866,0.020513180854724866,0.020513180854724866,
5965,9946,0,20,1,20.0,0.020513180854724866,0.020513180854724866,0.010256590427362267,
5965,9946,0,13,1,13.0,0.020513180854724866,0.020513180854724866,0.015383426666587208,
5965,9946,0,5,1,5.0,0.020513180854724866,0.020513180854724866,0.020513180854724866,
5965,9946,0,35,1,35.0,0.020513180854724866,0.020513180854724866,0.020513180854724866,
5965,9946,0,50,1,50.0,0.020513180854724866,0.020513180854724866,0.020513180854724866,
5965,9946,1,2,1,2.0,0.03076977128208702,0.025640017093949807,0.020513180854724866,
5965,9946,1,1,1,1.0,0.03076977128208702,0.015383426666587208,0.015383426666587208,
5965,9946,1,5,1,5.0,0.03076977128208702,0.025640017093949807,0.025640017093949807,
5965,9946,1,3,1,3.0,0.03076977128208702,0.03076977128208702,0.025640017093949807,
5965,9946,1,13,1,13.0,0.03076977128208702,0.025640017093949807,0.020513180854724866,
5965,9946,1,20,1,20.0,0.03076977128208702,0.03076977128208702,0.020513180854724866,
5965,9946,1,8,1,8.0,0.03076977128208702,0.025640017093949807,0.025640017093949807,
5965,9946,1,35,1,35.0,0.03076977128208702,0.015383426666587208,0.015383426666587208,
5965,9946,1,50,1,50.0,0.03076977128208702,0.025640017093949807,0.015383426666587208,
5965,9946,2,1,1,1.0,0.04102636170944962,0.03076977128208702,0.020513180854724866,
5965,9946,2,2,1,2.0,0.04102636170944962,0.035896607521312074,0.020513180854724866,
5965,9946,2,3,1,3.0,0.04102636170944962,0.035896607521312074,0.015383426666587208,
5965,9946,2,5,1,5.0,0.04102636170944962,0.03076977128208702,0.015383426666587208,
5965,9946,2,20,1,20.0,0.04102636170944962,0.04102636170944962,0.04102636170944962,
5965,9946,2,13,1,13.0,0.04102636170944962,0.04102636170944962,0.03076977128208702,
5965,9946,2,35,1,35.0,0.04102636170944962,0.04102636170944962,0.010256590427362267,
5965,9946,2,50,1,50.0,0.04102636170944962,0.04102636170944962,0.035896607521312074,
5965,9946,2,8,1,8.0,0.04102636170944962,0.04102636170944962,0.025640017093949807,
5965,9946,3,1,1,1.0,0.035896607521312074,0.020513180854724866,0.020513180854724866,
5965,9946,3,5,1,5.0,0.035896607521312074,0.010256590427362267,0.010256590427362267,
5965,9946,3,2,1,2.0,0.035896607521312074,0.035896607521312074,0.025640017093949807,
5965,9946,3,3,1,3.0,0.035896607521312074,0.020513180854724866,0.010256590427362267,
5965,9946,3,8,1,8.0,0.035896607521312074,0.035896607521312074,0.025640017093949807,
5965,9946,3,13,1,13.0,0.035896607521312074,0.035896607521312074,0.035896607521312074,
5965,9946,3,20,1,20.0,0.035896607521312074,0.03076977128208702,0.03076977128208702,
5965,9946,3,50,1,50.0,0.035896607521312074,0.035896607521312074,0.035896607521312074,
5965,9946,3,35,1,35.0,0.035896607521312074,0.035896607521312074,0.035896607521312074,
5965,9946,4,1,1,1.0,0.025640017093949807,0.025640017093949807,0.020513180854724866,
5965,9946,4,2,1,2.0,0.025640017093949807,0.020513180854724866,0.020513180854724866,
5965,9946,4,3,1,3.0,0.025640017093949807,0.025640017093949807,0.010256590427362267,
5965,9946,4,5,1,5.0,0.025640017093949807,0.025640017093949807,0.025640017093949807,
5965,9946,4,8,1,8.0,0.025640017093949807,0.025640017093949807,0.025640017093949807,
5965,9946,4,13,1,13.0,0.025640017093949807,0.015383426666587208,0.015383426666587208,
5965,9946,4,35,1,35.0,0.025640017093949807,0.025640017093949807,0.025640017093949807,
5965,9946,4,20,1,20.0,0.025640017093949807,0.025640017093949807,0.015383426666587208,
5965,9946,4,50,1,50.0,0.025640017093949807,0.025640017093949807,0.025640017093949807,
6794,145804,0,1,1,1.0,0.11019386984909496,0.04132336097373002,0.0055104852288381245,
6794,145804,0,2,1,2.0,0.11019386984909496,0.016528816565236526,0.0055104852288381245,
6794,145804,0,3,1,3.0,0.11019386984909496,0.024794544408493602,0.019284059179655366,
6794,145804,0,5,1,5.0,0.11019386984909496,0.019284059179655366,0.0055104852288381245,
6794,145804,0,13,1,13.0,0.11019386984909496,0.011018331336398068,0.0055104852288381245,
6794,145804,0,8,1,8.0,0.11019386984909496,0.02203930179407465,0.0055104852288381245,
6794,145804,0,20,1,20.0,0.11019386984909496,0.013773573950817242,0.0055104852288381245,
6794,145804,0,50,1,50.0,0.11019386984909496,0.019284059179655366,0.0027552426144189512,
6794,145804,1,1,1,1.0,0.011018331336398068,0.011018331336398068,0.011018331336398068,
6794,145804,0,35,1,35.0,0.11019386984909496,0.04132336097373002,0.008265727843257409,
6794,145804,1,3,1,3.0,0.011018331336398068,0.011018331336398068,0.011018331336398068,
6794,145804,1,2,1,2.0,0.011018331336398068,0.011018331336398068,0.011018331336398068,
6794,145804,1,5,1,5.0,0.011018331336398068,0.0055104852288381245,0.0055104852288381245,
6794,145804,1,8,1,8.0,0.011018331336398068,0.008265727843257409,0.008265727843257409,
6794,145804,1,20,1,20.0,0.011018331336398068,0.0055104852288381245,0.0055104852288381245,
6794,145804,1,13,1,13.0,0.011018331336398068,0.0055104852288381245,0.0055104852288381245,
6794,145804,1,50,1,50.0,0.011018331336398068,0.011018331336398068,0.0055104852288381245,
6794,145804,1,35,1,35.0,0.011018331336398068,0.0055104852288381245,0.0055104852288381245,
6794,145804,2,1,1,1.0,0.011018331336398068,0.011018331336398068,0.008265727843257409,
6794,145804,2,2,1,2.0,0.011018331336398068,0.011018331336398068,0.0055104852288381245,
6794,145804,2,5,1,5.0,0.011018331336398068,0.0055104852288381245,0.0055104852288381245,
6794,145804,2,3,1,3.0,0.011018331336398068,0.008265727843257409,0.0055104852288381245,
6794,145804,2,8,1,8.0,0.011018331336398068,0.011018331336398068,0.011018331336398068,
6794,145804,2,13,1,13.0,0.011018331336398068,0.011018331336398068,0.0027552426144189512,
6794,145804,2,35,1,35.0,0.011018331336398068,0.011018331336398068,0.0055104852288381245,
6794,145804,2,20,1,20.0,0.011018331336398068,0.011018331336398068,0.0027552426144189512,
6794,145804,2,50,1,50.0,0.011018331336398068,0.0055104852288381245,0.0055104852288381245,
6794,145804,3,1,1,1.0,0.09641765677699943,0.011018331336398068,0.0027552426144189512,
6794,145804,3,2,1,2.0,0.09641765677699943,0.0055104852288381245,0.0055104852288381245,
6794,145804,3,3,1,3.0,0.09641765677699943,0.011018331336398068,0.011018331336398068,
6794,145804,3,5,1,5.0,0.09641765677699943,0.013773573950817242,0.0055104852288381245,
6794,145804,3,8,1,8.0,0.09641765677699943,0.0027552426144189512,0.0027552426144189512,
6794,145804,3,13,1,13.0,0.09641765677699943,0.0055104852288381245,0.0055104852288381245,
6794,145804,3,20,1,20.0,0.09641765677699943,0.019284059179655366,0.0055104852288381245,
6794,145804,3,35,1,35.0,0.09641765677699943,0.011018331336398068,0.0055104852288381245,
6794,145804,3,50,1,50.0,0.09641765677699943,0.030302390516053768,0.0055104852288381245,
6794,145804,4,1,1,1.0,0.038568118359311176,0.016528816565236526,0.0055104852288381245,
6794,145804,4,5,1,5.0,0.038568118359311176,0.0055104852288381245,0.0055104852288381245,
6794,145804,4,3,1,3.0,0.038568118359311176,0.011018331336398068,0.0055104852288381245,
6794,145804,4,2,1,2.0,0.038568118359311176,0.016528816565236526,0.008265727843257409,
6794,145804,4,8,1,8.0,0.038568118359311176,0.0055104852288381245,0.0055104852288381245,
6794,145804,4,13,1,13.0,0.038568118359311176,0.038568118359311176,0.0055104852288381245,
6794,145804,4,20,1,20.0,0.038568118359311176,0.013773573950817242,0.0055104852288381245,
6794,145804,4,35,1,35.0,0.038568118359311176,0.0055104852288381245,0.0055104852288381245,
6794,145804,4,50,1,50.0,0.038568118359311176,0.038568118359311176,0.0055104852288381245,
6794,3,0,1,1,1.0,0.013046687042125416,0.001957628496732977,0.001957628496732977,
6794,3,0,5,1,5.0,0.013046687042125416,0.001957628496732977,0.001957628496732977,
6794,3,0,2,1,2.0,0.013046687042125416,0.001957628496732977,0.001957628496732977,
6794,3,0,3,1,3.0,0.013046687042125416,0.0058708006888181785,0.0013050856644885034,
6794,3,0,8,1,8.0,0.013046687042125416,0.0032606293598409497,0.0032606293598409497,
6794,3,0,13,1,13.0,0.013046687042125416,0.005218257856573816,0.001957628496732977,
6794,3,0,20,1,20.0,0.013046687042125416,0.0032606293598409497,0.0013050856644885034,
6794,3,0,35,1,35.0,0.013046687042125416,0.00261017132897734,0.001957628496732977,
6794,3,0,50,1,50.0,0.013046687042125416,0.00261017132897734,0.0013050856644885034,
6794,3,1,1,1,1.0,0.009131430048659128,0.001957628496732977,0.0013050856644885034,
6794,3,1,2,1,2.0,0.009131430048659128,0.0013050856644885034,0.0013050856644885034,
6794,3,1,3,1,3.0,0.009131430048659128,0.00261017132897734,0.00261017132897734,
6794,3,1,13,1,13.0,0.009131430048659128,0.00261017132897734,0.00261017132897734,
6794,3,1,8,1,8.0,0.009131430048659128,0.001957628496732977,0.001957628496732977,
6794,3,1,5,1,5.0,0.009131430048659128,0.00391317219208509,0.0013050856644885034,
6794,3,1,20,1,20.0,0.009131430048659128,0.001957628496732977,0.001957628496732977,
6794,3,1,35,1,35.0,0.009131430048659128,0.001957628496732977,0.001957628496732977,
6794,3,1,50,1,50.0,0.009131430048659128,0.0013050856644885034,0.0006525428322443627,
6794,3,2,1,1,1.0,0.0032606293598409497,0.0032606293598409497,0.0032606293598409497,
6794,3,2,2,1,2.0,0.0032606293598409497,0.0032606293598409497,0.0032606293598409497,
6794,3,2,3,1,3.0,0.0032606293598409497,0.0032606293598409497,0.0013050856644885034,
6794,3,2,5,1,5.0,0.0032606293598409497,0.0032606293598409497,0.001957628496732977,
6794,3,2,20,1,20.0,0.0032606293598409497,0.0032606293598409497,0.0032606293598409497,
6794,3,2,8,1,8.0,0.0032606293598409497,0.001957628496732977,0.001957628496732977,
6794,3,2,13,1,13.0,0.0032606293598409497,0.0032606293598409497,0.0032606293598409497,
6794,3,2,35,1,35.0,0.0032606293598409497,0.001957628496732977,0.001957628496732977,
6794,3,2,50,1,50.0,0.0032606293598409497,0.00261017132897734,0.00261017132897734,
6794,3,3,1,1,1.0,0.0013050856644885034,0.0013050856644885034,0.0013050856644885034,
6794,3,3,2,1,2.0,0.0013050856644885034,0.0013050856644885034,0.0013050856644885034,
6794,3,3,3,1,3.0,0.0013050856644885034,0.0013050856644885034,0.0013050856644885034,
6794,3,3,5,1,5.0,0.0013050856644885034,0.0013050856644885034,0.0013050856644885034,
6794,3,3,13,1,13.0,0.0013050856644885034,0.0013050856644885034,0.0013050856644885034,
6794,3,3,8,1,8.0,0.0013050856644885034,0.0013050856644885034,0.0013050856644885034,
6794,3,3,20,1,20.0,0.0013050856644885034,0.0013050856644885034,0.0013050856644885034,
6794,3,3,35,1,35.0,0.0013050856644885034,0.0013050856644885034,0.0006525428322443627,
6794,3,3,50,1,50.0,0.0013050856644885034,0.0013050856644885034,0.0,
6794,3,4,1,1,1.0,0.00391317219208509,0.00391317219208509,0.00261017132897734,
6794,3,4,2,1,2.0,0.00391317219208509,0.00391317219208509,0.0006525428322443627,
6794,3,4,3,1,3.0,0.00391317219208509,0.00391317219208509,0.0019569892272230938,
6794,3,4,5,1,5.0,0.00391317219208509,0.00391317219208509,0.0032606293598409497,
6794,3,4,8,1,8.0,0.00391317219208509,0.00391317219208509,0.001957628496732977,
6794,3,4,20,1,20.0,0.00391317219208509,0.00391317219208509,0.00391317219208509,
6794,3,4,13,1,13.0,0.00391317219208509,0.0032606293598409497,0.0013050856644885034,
6794,3,4,35,1,35.0,0.00391317219208509,0.00391317219208509,0.00261017132897734,
6794,3,4,50,1,50.0,0.00391317219208509,0.00261017132897734,0.00261017132897734,
6794,146065,0,1,1,1.0,0.09311843341070902,0.09311843341070902,0.024290601534860623,
6794,146065,0,2,1,2.0,0.09311843341070902,0.00809767824381602,0.00809767824381602,
6794,146065,0,3,1,3.0,0.09311843341070902,0.09311843341070902,0.03643711890058465,
6794,146065,0,5,1,5.0,0.09311843341070902,0.06477655955735295,0.01214651736572403,
6794,146065,0,8,1,8.0,0.09311843341070902,0.06477655955735295,0.03238827977867664,
6794,146065,0,13,1,13.0,0.09311843341070902,0.04453479714440067,0.03238827977867664,
6794,146065,0,20,1,20.0,0.09311843341070902,0.07692307692307698,0.024290601534860623,
6794,146065,0,35,1,35.0,0.09311843341070902,0.05263247538821669,0.01214651736572403,
6794,146065,1,1,1,1.0,0.024290601534860623,0.01214651736572403,0.01214651736572403,
6794,146065,0,50,1,50.0,0.09311843341070902,0.024290601534860623,0.01619535648763204,
6794,146065,1,2,1,2.0,0.024290601534860623,0.024290601534860623,0.00809767824381602,
6794,146065,1,3,1,3.0,0.024290601534860623,0.02024419560954005,0.01214651736572403,
6794,146065,1,5,1,5.0,0.024290601534860623,0.024290601534860623,0.024290601534860623,
6794,146065,1,8,1,8.0,0.024290601534860623,0.024290601534860623,0.01214651736572403,
6794,146065,1,13,1,13.0,0.024290601534860623,0.024290601534860623,0.024290601534860623,
6794,146065,1,20,1,20.0,0.024290601534860623,0.024290601534860623,0.024290601534860623,
6794,146065,2,2,1,2.0,0.03238827977867664,0.024290601534860623,0.01214651736572403,
6794,146065,1,35,1,35.0,0.024290601534860623,0.024290601534860623,0.024290601534860623,
6794,146065,1,50,1,50.0,0.024290601534860623,0.024290601534860623,0.01214651736572403,
6794,146065,2,1,1,1.0,0.03238827977867664,0.024290601534860623,0.024290601534860623,
6794,146065,2,5,1,5.0,0.03238827977867664,0.01214651736572403,0.01214651736572403,
6794,146065,2,3,1,3.0,0.03238827977867664,0.024290601534860623,0.02024419560954005,
6794,146065,2,8,1,8.0,0.03238827977867664,0.01619535648763204,0.01214651736572403,
6794,146065,2,13,1,13.0,0.03238827977867664,0.01214651736572403,0.01214651736572403,
6794,146065,2,20,1,20.0,0.03238827977867664,0.024290601534860623,0.024290601534860623,
6794,146065,2,35,1,35.0,0.03238827977867664,0.028339440656768633,0.028339440656768633,
6794,146065,2,50,1,50.0,0.03238827977867664,0.02024419560954005,0.02024419560954005,
6794,146065,3,2,1,2.0,0.04453479714440067,0.04453479714440067,0.03238827977867664,
6794,146065,3,3,1,3.0,0.04453479714440067,0.03643711890058465,0.01214651736572403,
6794,146065,3,1,1,1.0,0.04453479714440067,0.04453479714440067,0.04453479714440067,
6794,146065,3,5,1,5.0,0.04453479714440067,0.01619535648763204,0.01619535648763204,
6794,146065,3,8,1,8.0,0.04453479714440067,0.04048595802249266,0.01619535648763204,
6794,146065,3,13,1,13.0,0.04453479714440067,0.01214651736572403,0.01214651736572403,
6794,146065,3,20,1,20.0,0.04453479714440067,0.03643711890058465,0.00404883912190801,
6794,146065,3,35,1,35.0,0.04453479714440067,0.04453479714440067,0.028339440656768633,
6794,146065,3,50,1,50.0,0.04453479714440067,0.01214651736572403,0.01214651736572403,
6794,146065,4,1,1,1.0,0.01214651736572403,0.01214651736572403,0.01214651736572403,
6794,146065,4,2,1,2.0,0.01214651736572403,0.01214651736572403,0.01214651736572403,
6794,146065,4,5,1,5.0,0.01214651736572403,0.01214651736572403,0.01214651736572403,
6794,146065,4,3,1,3.0,0.01214651736572403,0.01214651736572403,0.01214651736572403,
6794,146065,4,8,1,8.0,0.01214651736572403,0.01214651736572403,0.01214651736572403,
6794,146065,4,13,1,13.0,0.01214651736572403,0.01214651736572403,0.01214651736572403,
6794,146065,4,20,1,20.0,0.01214651736572403,0.00404883912190801,0.00404883912190801,
6794,146065,4,35,1,35.0,0.01214651736572403,0.01214651736572403,0.00809767824381602,
6794,146065,4,50,1,50.0,0.01214651736572403,0.01214651736572403,0.01214651736572403,
6794,10101,0,1,1,1.0,0.13432769168936753,0.1044746126021533,0.1044746126021533,
6794,10101,0,2,1,2.0,0.13432769168936753,0.13432769168936753,0.11940115214575986,
6794,10101,0,3,1,3.0,0.13432769168936753,0.13432769168936753,0.07462153351493783,
6794,10101,0,5,1,5.0,0.13432769168936753,0.07462153351493783,0.07462153351493783,
6794,10101,0,8,1,8.0,0.13432769168936753,0.07462153351493783,0.02985307908721546,
6794,10101,0,13,1,13.0,0.13432769168936753,0.07462153351493783,0.07462153351493783,
6794,10101,1,1,1,1.0,0.2089603894074049,0.11940115214575986,0.1044746126021533,
6794,10101,0,20,1,20.0,0.13432769168936753,0.07462153351493783,0.07462153351493783,
6794,10101,0,35,1,35.0,0.13432769168936753,0.13432769168936753,0.07462153351493783,
6794,10101,0,50,1,50.0,0.13432769168936753,0.07462153351493783,0.0597061581744297,
6794,10101,1,2,1,2.0,0.2089603894074049,0.07462153351493783,0.07462153351493783,
6794,10101,1,3,1,3.0,0.2089603894074049,0.1044746126021533,0.1044746126021533,
6794,10101,1,5,1,5.0,0.2089603894074049,0.14925423123297532,0.11940115214575986,
6794,10101,1,13,1,13.0,0.2089603894074049,0.08954807305854562,0.07462153351493783,
6794,10101,1,8,1,8.0,0.2089603894074049,0.1044746126021533,0.07462153351493783,
6794,10101,1,20,1,20.0,0.2089603894074049,0.11940115214575986,0.1044746126021533,
6794,10101,1,50,1,50.0,0.2089603894074049,0.04477961863082314,0.04477961863082314,
6794,10101,2,1,1,1.0,0.07462153351493783,0.07462153351493783,0.07462153351493783,
6794,10101,1,35,1,35.0,0.2089603894074049,0.11940115214575986,0.04477961863082314,
6794,10101,2,2,1,2.0,0.07462153351493783,0.07462153351493783,0.07462153351493783,
6794,10101,2,3,1,3.0,0.07462153351493783,0.07462153351493783,0.07462153351493783,
6794,10101,2,5,1,5.0,0.07462153351493783,0.07462153351493783,0.07462153351493783,
6794,10101,2,13,1,13.0,0.07462153351493783,0.07462153351493783,0.07462153351493783,
6794,10101,2,8,1,8.0,0.07462153351493783,0.07462153351493783,0.0597061581744297,
6794,10101,2,20,1,20.0,0.07462153351493783,0.07462153351493783,0.07462153351493783,
6794,10101,2,35,1,35.0,0.07462153351493783,0.07462153351493783,0.07462153351493783,
6794,10101,2,50,1,50.0,0.07462153351493783,0.07462153351493783,0.04477961863082314,
6794,10101,3,1,1,1.0,0.26865538337873507,0.13432769168936753,0.08954807305854562,
6794,10101,3,3,1,3.0,0.26865538337873507,0.13432769168936753,0.07462153351493783,
6794,10101,3,2,1,2.0,0.26865538337873507,0.13432769168936753,0.07462153351493783,
6794,10101,3,5,1,5.0,0.26865538337873507,0.26865538337873507,0.11940115214575986,
6794,10101,3,8,1,8.0,0.26865538337873507,0.2537288438351274,0.2089603894074049,
6794,10101,3,13,1,13.0,0.26865538337873507,0.26865538337873507,0.1044746126021533,
6794,10101,3,20,1,20.0,0.26865538337873507,0.26865538337873507,0.07462153351493783,
6794,10101,3,35,1,35.0,0.26865538337873507,0.26865538337873507,0.16418077077658177,
6794,10101,3,50,1,50.0,0.26865538337873507,0.26865538337873507,0.0597061581744297,
6794,10101,4,1,1,1.0,0.19403384986379724,0.1044746126021533,0.1044746126021533,
6794,10101,4,3,1,3.0,0.19403384986379724,0.19403384986379724,0.19403384986379724,
6794,10101,4,2,1,2.0,0.19403384986379724,0.19403384986379724,0.1044746126021533,
6794,10101,4,5,1,5.0,0.19403384986379724,0.17910731032018945,0.07462153351493783,
6794,10101,4,8,1,8.0,0.19403384986379724,0.14925423123297532,0.0597061581744297,
6794,10101,4,13,1,13.0,0.19403384986379724,0.1044746126021533,0.0597061581744297,
6794,10101,4,20,1,20.0,0.19403384986379724,0.1044746126021533,0.1044746126021533,
6794,10101,4,35,1,35.0,0.19403384986379724,0.1044746126021533,0.08954807305854562,
6794,10101,4,50,1,50.0,0.19403384986379724,0.0597061581744297,0.0597061581744297,
6794,9914,0,1,1,1.0,0.06076727710199381,0.038684667825159336,0.027616628792943798,
6794,9914,0,3,1,3.0,0.06076727710199381,0.04419195294746736,0.033150648309050124,
6794,9914,0,8,1,8.0,0.06076727710199381,0.038684667825159336,0.01657532415452656,
6794,9914,0,2,1,2.0,0.06076727710199381,0.038684667825159336,0.022109343670632886,
6794,9914,0,5,1,5.0,0.06076727710199381,0.038684667825159336,0.033150648309050124,
6794,9914,0,13,1,13.0,0.06076727710199381,0.033150648309050124,0.033150648309050124,
6794,9914,0,20,1,20.0,0.06076727710199381,0.038684667825159336,0.022109343670632886,
6794,9914,0,35,1,35.0,0.06076727710199381,0.04419195294746736,0.033150648309050124,
6794,9914,0,50,1,50.0,0.06076727710199381,0.022109343670632886,0.022109343670632886,
6794,9914,1,1,1,1.0,0.06076727710199381,0.04972597246357657,0.027616628792943798,
6794,9914,1,2,1,2.0,0.06076727710199381,0.06076727710199381,0.04419195294746736,
6794,9914,1,3,1,3.0,0.06076727710199381,0.04419195294746736,0.038684667825159336,
6794,9914,1,5,1,5.0,0.06076727710199381,0.04419195294746736,0.022109343670632886,
6794,9914,1,8,1,8.0,0.06076727710199381,0.04419195294746736,0.038684667825159336,
6794,9914,1,13,1,13.0,0.06076727710199381,0.04419195294746736,0.04419195294746736,
6794,9914,1,20,1,20.0,0.06076727710199381,0.04972597246357657,0.033150648309050124,
6794,9914,1,35,1,35.0,0.06076727710199381,0.038684667825159336,0.033150648309050124,
6794,9914,1,50,1,50.0,0.06076727710199381,0.038684667825159336,0.033150648309050124,
6794,9914,2,2,1,2.0,0.04419195294746736,0.04419195294746736,0.022109343670632886,
6794,9914,2,1,1,1.0,0.04419195294746736,0.04419195294746736,0.027616628792943798,
6794,9914,2,3,1,3.0,0.04419195294746736,0.033150648309050124,0.022109343670632886,
6794,9914,2,5,1,5.0,0.04419195294746736,0.04419195294746736,0.033150648309050124,
6794,9914,2,8,1,8.0,0.04419195294746736,0.04419195294746736,0.04419195294746736,
6794,9914,2,13,1,13.0,0.04419195294746736,0.04419195294746736,0.027616628792943798,
6794,9914,2,20,1,20.0,0.04419195294746736,0.04419195294746736,0.027616628792943798,
6794,9914,2,35,1,35.0,0.04419195294746736,0.04419195294746736,0.04419195294746736,
6794,9914,2,50,1,50.0,0.04419195294746736,0.038684667825159336,0.027616628792943798,
6794,9914,3,1,1,1.0,0.0828766207726237,0.033150648309050124,0.033150648309050124,
6794,9914,3,2,1,2.0,0.0828766207726237,0.033150648309050124,0.027616628792943798,
6794,9914,3,3,1,3.0,0.0828766207726237,0.07734260125651737,0.04419195294746736,
6794,9914,3,5,1,5.0,0.0828766207726237,0.06076727710199381,0.033150648309050124,
6794,9914,3,8,1,8.0,0.0828766207726237,0.06076727710199381,0.027616628792943798,
6794,9914,3,20,1,20.0,0.0828766207726237,0.0828766207726237,0.027616628792943798,
6794,9914,3,13,1,13.0,0.0828766207726237,0.027616628792943798,0.027616628792943798,
6794,9914,3,35,1,35.0,0.0828766207726237,0.033150648309050124,0.033150648309050124,
6794,9914,3,50,1,50.0,0.0828766207726237,0.06630129661810014,0.027616628792943798,
6794,9914,4,1,1,1.0,0.038684667825159336,0.038684667825159336,0.038684667825159336,
6794,9914,4,2,1,2.0,0.038684667825159336,0.038684667825159336,0.027616628792943798,
6794,9914,4,3,1,3.0,0.038684667825159336,0.038684667825159336,0.027616628792943798,
6794,9914,4,5,1,5.0,0.038684667825159336,0.038684667825159336,0.027616628792943798,
6794,9914,4,8,1,8.0,0.038684667825159336,0.038684667825159336,0.033150648309050124,
6794,9914,4,13,1,13.0,0.038684667825159336,0.033150648309050124,0.033150648309050124,
6794,9914,4,35,1,35.0,0.038684667825159336,0.038684667825159336,0.027616628792943798,
6794,9914,4,20,1,20.0,0.038684667825159336,0.038684667825159336,0.038684667825159336,
6794,9914,4,50,1,50.0,0.038684667825159336,0.033150648309050124,0.022109343670632886,
6794,31,0,1,1,1.0,0.0625,0.0625,0.0625,
6794,31,0,2,1,2.0,0.0625,0.0625,0.0625,
6794,31,0,3,1,3.0,0.0625,0.0625,0.0625,
6794,31,0,5,1,5.0,0.0625,0.0625,0.0625,
6794,31,0,8,1,8.0,0.0625,0.0625,0.0625,
6794,31,0,13,1,13.0,0.0625,0.0625,0.0625,
6794,31,0,20,1,20.0,0.0625,0.0625,0.0625,
6794,31,0,35,1,35.0,0.0625,0.0625,0.05625000000000002,
6794,31,0,50,1,50.0,0.0625,0.0625,0.0625,
6794,31,1,1,1,1.0,0.10625000000000007,0.08125000000000004,0.08125000000000004,
6794,31,1,2,1,2.0,0.10625000000000007,0.08125000000000004,0.07500000000000007,
6794,31,1,3,1,3.0,0.10625000000000007,0.08125000000000004,0.04375000000000007,
6794,31,1,5,1,5.0,0.10625000000000007,0.10000000000000009,0.10000000000000009,
6794,31,1,8,1,8.0,0.10625000000000007,0.10000000000000009,0.050000000000000044,
6794,31,1,13,1,13.0,0.10625000000000007,0.06875000000000009,0.05625000000000002,
6794,31,1,20,1,20.0,0.10625000000000007,0.07500000000000007,0.0625,
6794,31,1,35,1,35.0,0.10625000000000007,0.10625000000000007,0.10000000000000009,
6794,31,1,50,1,50.0,0.10625000000000007,0.08750000000000002,0.08125000000000004,
6794,31,2,2,1,2.0,0.04375000000000007,0.04375000000000007,0.04375000000000007,
6794,31,2,1,1,1.0,0.04375000000000007,0.04375000000000007,0.04375000000000007,
6794,31,2,3,1,3.0,0.04375000000000007,0.04375000000000007,0.04375000000000007,
6794,31,2,5,1,5.0,0.04375000000000007,0.04375000000000007,0.04375000000000007,
6794,31,2,8,1,8.0,0.04375000000000007,0.04375000000000007,0.04375000000000007,
6794,31,2,20,1,20.0,0.04375000000000007,0.04375000000000007,0.04375000000000007,
6794,31,2,13,1,13.0,0.04375000000000007,0.04375000000000007,0.04375000000000007,
6794,31,2,35,1,35.0,0.04375000000000007,0.04375000000000007,0.04375000000000007,
6794,31,2,50,1,50.0,0.04375000000000007,0.04375000000000007,0.04375000000000007,
6794,31,3,1,1,1.0,0.06875000000000009,0.06875000000000009,0.06875000000000009,
6794,31,3,3,1,3.0,0.06875000000000009,0.06875000000000009,0.06875000000000009,
6794,31,3,2,1,2.0,0.06875000000000009,0.06875000000000009,0.06875000000000009,
6794,31,3,8,1,8.0,0.06875000000000009,0.06875000000000009,0.06875000000000009,
6794,31,3,5,1,5.0,0.06875000000000009,0.06875000000000009,0.06875000000000009,
6794,31,3,13,1,13.0,0.06875000000000009,0.06875000000000009,0.06875000000000009,
6794,31,3,20,1,20.0,0.06875000000000009,0.06875000000000009,0.06875000000000009,
6794,31,3,35,1,35.0,0.06875000000000009,0.06875000000000009,0.05625000000000002,
6794,31,3,50,1,50.0,0.06875000000000009,0.06875000000000009,0.06875000000000009,
6794,31,4,1,1,1.0,0.08125000000000004,0.08125000000000004,0.08125000000000004,
6794,31,4,2,1,2.0,0.08125000000000004,0.08125000000000004,0.08125000000000004,
6794,31,4,3,1,3.0,0.08125000000000004,0.08125000000000004,0.04375000000000007,
6794,31,4,5,1,5.0,0.08125000000000004,0.08125000000000004,0.08125000000000004,
7607,14965,0,1,1,1.0,0.028976302941293497,0.028976302941293497,0.028976302941293497,
6794,31,4,8,1,8.0,0.08125000000000004,0.08125000000000004,0.06875000000000009,
7607,14965,0,2,1,2.0,0.028976302941293497,0.009645536458539827,0.009645536458539827,
6794,31,4,13,1,13.0,0.08125000000000004,0.08125000000000004,0.08125000000000004,
6794,31,4,35,1,35.0,0.08125000000000004,0.08125000000000004,0.08125000000000004,
6794,31,4,20,1,20.0,0.08125000000000004,0.07500000000000007,0.07500000000000007,
7607,14965,0,3,1,3.0,0.028976302941293497,0.028976302941293497,0.021950541817172486,
7607,14965,0,5,1,5.0,0.028976302941293497,0.027190092486009898,0.0236970587067864,
6794,31,4,50,1,50.0,0.08125000000000004,0.08125000000000004,0.08125000000000004,
7607,14965,0,8,1,8.0,0.028976302941293497,0.014051522248242132,0.009645536458539827,
7607,14965,0,13,1,13.0,0.028976302941293497,0.024570317151591192,0.013178263803437451,
7607,14965,0,20,1,20.0,0.028976302941293497,0.015798039137856157,0.009645536458539827,
7607,14965,0,35,1,35.0,0.028976302941293497,0.028976302941293497,0.028976302941293497,
7607,14965,0,50,1,50.0,0.028976302941293497,0.011392053348153741,0.011392053348153741,
7607,14965,1,3,1,3.0,0.04036835628944724,0.0236970587067864,0.022823800261977167,
7607,14965,1,2,1,2.0,0.04036835628944724,0.021077283372367694,0.021077283372367694,
7607,14965,1,1,1,1.0,0.04036835628944724,0.021077283372367694,0.021077283372367694,
7607,14965,1,5,1,5.0,0.04036835628944724,0.025443575596395873,0.013178263803437451,
7607,14965,1,8,1,8.0,0.04036835628944724,0.02984956138609829,0.005279244234511538,
7607,14965,1,13,1,13.0,0.04036835628944724,0.04036835628944724,0.009645536458539827,
7607,14965,1,20,1,20.0,0.04036835628944724,0.04036835628944724,0.014051522248242132,
7607,14965,1,50,1,50.0,0.04036835628944724,0.04036835628944724,0.014924780693051365,
7607,14965,1,35,1,35.0,0.04036835628944724,0.04036835628944724,0.01754455602747007,
7607,14965,2,1,1,1.0,0.028976302941293497,0.028976302941293497,0.021950541817172486,
7607,14965,2,3,1,3.0,0.028976302941293497,0.028976302941293497,0.021950541817172486,
7607,14965,2,5,1,5.0,0.028976302941293497,0.028976302941293497,0.015798039137856157,
7607,14965,2,2,1,2.0,0.028976302941293497,0.028976302941293497,0.021950541817172486,
7607,14965,2,8,1,8.0,0.028976302941293497,0.0236970587067864,0.021077283372367694,
7607,14965,2,13,1,13.0,0.028976302941293497,0.028976302941293497,0.015798039137856157,
7607,14965,2,20,1,20.0,0.028976302941293497,0.028976302941293497,0.021077283372367694,
7607,14965,2,35,1,35.0,0.028976302941293497,0.028976302941293497,0.024570317151591192,
7607,14965,2,50,1,50.0,0.028976302941293497,0.028976302941293497,0.021077283372367694,
7607,14965,3,1,1,1.0,0.11499225975469518,0.021077283372367694,0.021077283372367694,
7607,14965,3,2,1,2.0,0.11499225975469518,0.0236970587067864,0.009645536458539827,
7607,14965,3,3,1,3.0,0.11499225975469518,0.0236970587067864,0.009645536458539827,
7607,14965,3,5,1,5.0,0.11499225975469518,0.04036835628944724,0.0,
7607,14965,3,8,1,8.0,0.11499225975469518,0.011392053348153741,0.011392053348153741,
7607,14965,3,13,1,13.0,0.11499225975469518,0.07287738657563836,0.03072281983090741,
7607,14965,3,20,1,20.0,0.11499225975469518,0.04390108363434486,0.02020402492755846,
7607,14965,3,35,1,35.0,0.11499225975469518,0.052673361648075456,0.0,
7607,14965,3,50,1,50.0,0.11499225975469518,0.11499225975469518,0.026316834041200665,
7607,14965,4,1,1,1.0,0.07899019568928056,0.04652085896876357,0.038621839399833324,
7607,14965,4,2,1,2.0,0.07899019568928056,0.02020402492755846,0.02020402492755846,
7607,14965,4,3,1,3.0,0.07899019568928056,0.0,0.0,
7607,14965,4,5,1,5.0,0.07899019568928056,0.015798039137856157,0.015798039137856157,
7607,14965,4,13,1,13.0,0.07899019568928056,0.06672488389632203,0.021077283372367694,
7607,14965,4,8,1,8.0,0.07899019568928056,0.0236970587067864,0.0236970587067864,
7607,14965,4,20,1,20.0,0.07899019568928056,0.0,0.0,
7607,14965,4,35,1,35.0,0.07899019568928056,0.02020402492755846,0.02020402492755846,
7607,14965,4,50,1,50.0,0.07899019568928056,0.045647600523954446,0.045647600523954446,
7607,145976,0,1,1,1.0,0.08000276480707802,0.07000337920865063,0.07000337920865063,
7607,145976,0,2,1,2.0,0.08000276480707802,0.08000276480707802,0.029998156795281172,
7607,145976,0,3,1,3.0,0.08000276480707802,0.08000276480707802,0.08000276480707802,
7607,145976,0,5,1,5.0,0.08000276480707802,0.08000276480707802,0.0,
7607,145976,0,13,1,13.0,0.08000276480707802,0.05999631359056312,0.00999938559842728,
7607,145976,0,8,1,8.0,0.08000276480707802,0.0,0.0,
7607,145976,0,20,1,20.0,0.08000276480707802,0.04999692799213573,0.00999938559842728,
7607,145976,0,35,1,35.0,0.08000276480707802,0.03999754239370845,0.03999754239370845,
7607,145976,0,50,1,50.0,0.08000276480707802,0.07000337920865063,0.03999754239370845,
7607,145976,1,1,1,1.0,0.07000337920865063,0.04999692799213573,0.00999938559842728,
7607,145976,1,2,1,2.0,0.07000337920865063,0.04999692799213573,0.029998156795281172,
7607,145976,1,3,1,3.0,0.07000337920865063,0.03999754239370845,0.03999754239370845,
7607,145976,1,5,1,5.0,0.07000337920865063,0.04999692799213573,0.04999692799213573,
7607,145976,1,8,1,8.0,0.07000337920865063,0.07000337920865063,0.029998156795281172,
7607,145976,1,20,1,20.0,0.07000337920865063,0.01999877119685467,0.01999877119685467,
7607,145976,1,13,1,13.0,0.07000337920865063,0.04999692799213573,0.04999692799213573,
7607,145976,1,35,1,35.0,0.07000337920865063,0.07000337920865063,0.03999754239370845,
7607,145976,1,50,1,50.0,0.07000337920865063,0.04999692799213573,0.03999754239370845,
7607,145976,2,1,1,1.0,0.11000092160235908,0.11000092160235908,0.07000337920865063,
7607,145976,2,2,1,2.0,0.11000092160235908,0.07000337920865063,0.0,
7607,145976,2,3,1,3.0,0.11000092160235908,0.04999692799213573,0.04999692799213573,
7607,145976,2,5,1,5.0,0.11000092160235908,0.1000015360039318,0.029998156795281172,
7607,145976,2,8,1,8.0,0.11000092160235908,0.0900021504055053,0.01999877119685467,
7607,145976,2,13,1,13.0,0.11000092160235908,0.11000092160235908,0.05999631359056312,
7607,145976,2,20,1,20.0,0.11000092160235908,0.0900021504055053,0.05999631359056312,
7607,145976,2,35,1,35.0,0.11000092160235908,0.07000337920865063,0.05999631359056312,
7607,145976,3,1,1,1.0,0.05999631359056312,0.05999631359056312,0.029998156795281172,
7607,145976,2,50,1,50.0,0.11000092160235908,0.08000276480707802,0.029998156795281172,
7607,145976,3,2,1,2.0,0.05999631359056312,0.05999631359056312,0.04999692799213573,
7607,145976,3,3,1,3.0,0.05999631359056312,0.04999692799213573,0.029998156795281172,
7607,145976,3,5,1,5.0,0.05999631359056312,0.05999631359056312,0.03999754239370845,
7607,145976,3,8,1,8.0,0.05999631359056312,0.04999692799213573,0.029998156795281172,
7607,145976,3,13,1,13.0,0.05999631359056312,0.04999692799213573,0.04999692799213573,
7607,145976,3,20,1,20.0,0.05999631359056312,0.05999631359056312,0.04999692799213573,
7607,145976,3,35,1,35.0,0.05999631359056312,0.05999631359056312,0.03999754239370845,
7607,145976,3,50,1,50.0,0.05999631359056312,0.01999877119685467,0.01999877119685467,
7607,145976,4,1,1,1.0,0.1000015360039318,0.03999754239370845,0.03999754239370845,
7607,145976,4,2,1,2.0,0.1000015360039318,0.05999631359056312,0.029998156795281172,
7607,145976,4,3,1,3.0,0.1000015360039318,0.04999692799213573,0.01999877119685467,
7607,145976,4,5,1,5.0,0.1000015360039318,0.029998156795281172,0.029998156795281172,
7607,145976,4,8,1,8.0,0.1000015360039318,0.08000276480707802,0.029998156795281172,
7607,145976,4,13,1,13.0,0.1000015360039318,0.07000337920865063,0.00999938559842728,
7607,145976,4,20,1,20.0,0.1000015360039318,0.0900021504055053,0.08000276480707802,
7607,145976,4,35,1,35.0,0.1000015360039318,0.0900021504055053,0.03999754239370845,
7607,145976,4,50,1,50.0,0.1000015360039318,0.1000015360039318,0.05999631359056312,
7607,3896,0,1,1,1.0,0.05473439555901316,0.05473439555901316,0.0,
7607,3896,0,2,1,2.0,0.05473439555901316,0.03788861036678459,0.029475321981156433,
7607,3896,0,3,1,3.0,0.05473439555901316,0.03788861036678459,0.029475321981156433,
7607,3896,0,5,1,5.0,0.05473439555901316,0.018949107288635414,0.010526214692521019,
7607,3896,0,8,1,8.0,0.05473439555901316,0.023155751481448883,0.018949107288635414,
7607,3896,0,20,1,20.0,0.05473439555901316,0.03788861036678459,0.035785288270377746,
7607,3896,0,13,1,13.0,0.05473439555901316,0.046311502962898876,0.010526214692521019,
7607,3896,0,35,1,35.0,0.05473439555901316,0.018949107288635414,0.018949107288635414,
7607,3896,0,50,1,50.0,0.05473439555901316,0.0421048587700843,0.023155751481448883,
7607,3896,1,3,1,3.0,0.09473593223269061,0.09473593223269061,0.03157864407756317,
7607,3896,1,1,1,1.0,0.09473593223269061,0.03788861036678459,0.03788861036678459,
7607,3896,1,2,1,2.0,0.09473593223269061,0.0421048587700843,0.035785288270377746,
7607,3896,1,5,1,5.0,0.09473593223269061,0.02105242938504215,0.018949107288635414,
7607,3896,1,8,1,8.0,0.09473593223269061,0.07368350284764846,0.016836180981742443,
7607,3896,1,13,1,13.0,0.09473593223269061,0.016836180981742443,0.016836180981742443,
7607,3896,1,20,1,20.0,0.09473593223269061,0.008422892596114284,0.008422892596114284,
7607,3896,1,35,1,35.0,0.09473593223269061,0.03788861036678459,0.03788861036678459,
7607,3896,1,50,1,50.0,0.09473593223269061,0.016836180981742443,0.012629536788927864,
7607,3896,2,3,1,3.0,0.00420664419281358,0.00420664419281358,0.0,
7607,3896,2,2,1,2.0,0.00420664419281358,0.00420664419281358,0.00420664419281358,
7607,3896,2,1,1,1.0,0.00420664419281358,0.00420664419281358,0.00420664419281358,
7607,3896,2,5,1,5.0,0.00420664419281358,0.00420664419281358,0.00420664419281358,
7607,3896,2,8,1,8.0,0.00420664419281358,0.00420664419281358,0.00420664419281358,
7607,3896,2,13,1,13.0,0.00420664419281358,0.00420664419281358,0.00420664419281358,
7607,3896,2,20,1,20.0,0.00420664419281358,0.00420664419281358,0.00420664419281358,
7607,3896,2,50,1,50.0,0.00420664419281358,0.00420664419281358,0.00420664419281358,
7607,3896,2,35,1,35.0,0.00420664419281358,0.00420664419281358,0.0,
7607,3896,3,1,1,1.0,0.0421048587700843,0.0421048587700843,0.035785288270377746,
7607,3896,3,5,1,5.0,0.0421048587700843,0.010526214692521019,0.010526214692521019,
7607,3896,3,2,1,2.0,0.0421048587700843,0.029475321981156433,0.029475321981156433,
7607,3896,3,3,1,3.0,0.0421048587700843,0.016836180981742443,0.0,
7607,3896,3,8,1,8.0,0.0421048587700843,0.0421048587700843,0.03368196617397001,
7607,3896,3,13,1,13.0,0.0421048587700843,0.018949107288635414,0.018949107288635414,
7607,3896,3,20,1,20.0,0.0421048587700843,0.0421048587700843,0.016836180981742443,
7607,3896,3,35,1,35.0,0.0421048587700843,0.03157864407756317,0.03157864407756317,
7607,3896,3,50,1,50.0,0.0421048587700843,0.035785288270377746,0.016836180981742443,
7607,3896,4,1,1,1.0,0.03788861036678459,0.029475321981156433,0.029475321981156433,
7607,3896,4,2,1,2.0,0.03788861036678459,0.03788861036678459,0.023155751481448883,
7607,3896,4,3,1,3.0,0.03788861036678459,0.010526214692521019,0.010526214692521019,
7607,3896,4,13,1,13.0,0.03788861036678459,0.029475321981156433,0.014732858885334599,
7607,3896,4,5,1,5.0,0.03788861036678459,0.03788861036678459,0.016836180981742443,
7607,3896,4,8,1,8.0,0.03788861036678459,0.03788861036678459,0.029475321981156433,
7607,3896,4,20,1,20.0,0.03788861036678459,0.018949107288635414,0.018949107288635414,
7607,3896,4,35,1,35.0,0.03788861036678459,0.012629536788927864,0.012629536788927864,
7607,3896,4,50,1,50.0,0.03788861036678459,0.03788861036678459,0.029475321981156433,
7607,3913,0,1,1,1.0,0.1333194132693003,0.1333194132693003,0.1333194132693003,
7607,3913,0,2,1,2.0,0.1333194132693003,0.06665970663464915,0.06665970663464915,
7607,3913,0,3,1,3.0,0.1333194132693003,0.1333194132693003,0.06665970663464915,
7607,3913,0,5,1,5.0,0.1333194132693003,0.1333194132693003,0.1333194132693003,
7607,3913,0,8,1,8.0,0.1333194132693003,0.1333194132693003,0.06665970663464915,
7607,3913,0,20,1,20.0,0.1333194132693003,0.1333194132693003,0.0,
7607,3913,0,13,1,13.0,0.1333194132693003,0.1333194132693003,0.09999825999199519,
7607,3913,0,35,1,35.0,0.1333194132693003,0.1333194132693003,0.1333194132693003,
7607,3913,0,50,1,50.0,0.1333194132693003,0.06665970663464915,0.033321153277305116,
7607,3913,1,1,1,1.0,0.16665796662664623,0.16665796662664623,0.16665796662664623,
7607,3913,1,2,1,2.0,0.16665796662664623,0.1333194132693003,0.1333194132693003,
7607,3913,1,3,1,3.0,0.16665796662664623,0.16665796662664623,0.06665970663464915,
7607,3913,1,5,1,5.0,0.16665796662664623,0.16665796662664623,0.1333194132693003,
7607,3913,1,13,1,13.0,0.16665796662664623,0.16665796662664623,0.1333194132693003,
7607,3913,1,8,1,8.0,0.16665796662664623,0.1333194132693003,0.09999825999199519,
7607,3913,1,20,1,20.0,0.16665796662664623,0.16665796662664623,0.06665970663464915,
7607,3913,1,35,1,35.0,0.16665796662664623,0.1333194132693003,0.09999825999199519,
7607,3913,2,1,1,1.0,0.16665796662664623,0.16665796662664623,0.09999825999199519,
7607,3913,1,50,1,50.0,0.16665796662664623,0.16665796662664623,0.06665970663464915,
7607,3913,2,2,1,2.0,0.16665796662664623,0.09999825999199519,0.06665970663464915,
7607,3913,2,5,1,5.0,0.16665796662664623,0.16665796662664623,0.06665970663464915,
7607,3913,2,3,1,3.0,0.16665796662664623,0.09999825999199519,0.06665970663464915,
7607,3913,2,8,1,8.0,0.16665796662664623,0.16665796662664623,0.1333194132693003,
7607,3913,2,20,1,20.0,0.16665796662664623,0.1333194132693003,0.1333194132693003,
7607,3913,2,13,1,13.0,0.16665796662664623,0.06665970663464915,0.06665970663464915,
7607,3913,2,35,1,35.0,0.16665796662664623,0.16665796662664623,0.1333194132693003,
7607,3913,2,50,1,50.0,0.16665796662664623,0.16665796662664623,0.16665796662664623,
7607,3913,3,1,1,1.0,0.06665970663464915,0.06665970663464915,0.06665970663464915,
7607,3913,3,2,1,2.0,0.06665970663464915,0.06665970663464915,0.06665970663464915,
7607,3913,3,3,1,3.0,0.06665970663464915,0.06665970663464915,0.06665970663464915,
7607,3913,3,5,1,5.0,0.06665970663464915,0.06665970663464915,0.0,
7607,3913,3,8,1,8.0,0.06665970663464915,0.06665970663464915,0.06665970663464915,
7607,3913,3,13,1,13.0,0.06665970663464915,0.06665970663464915,0.06665970663464915,
7607,3913,3,20,1,20.0,0.06665970663464915,0.06665970663464915,0.06665970663464915,
7607,3913,3,50,1,50.0,0.06665970663464915,0.06665970663464915,0.06665970663464915,
7607,3913,3,35,1,35.0,0.06665970663464915,0.06665970663464915,0.06665970663464915,
7607,3913,4,1,1,1.0,0.1333194132693003,0.1333194132693003,0.09999825999199519,
7607,3913,4,2,1,2.0,0.1333194132693003,0.1333194132693003,0.09999825999199519,
7607,3913,4,3,1,3.0,0.1333194132693003,0.1333194132693003,0.09999825999199519,
7607,3913,4,5,1,5.0,0.1333194132693003,0.06665970663464915,0.06665970663464915,
7607,3913,4,8,1,8.0,0.1333194132693003,0.1333194132693003,0.06665970663464915,
7607,3913,4,13,1,13.0,0.1333194132693003,0.1333194132693003,0.09999825999199519,
7607,3913,4,20,1,20.0,0.1333194132693003,0.1333194132693003,0.09999825999199519,
7607,3913,4,35,1,35.0,0.1333194132693003,0.09999825999199519,0.09999825999199519,
7607,3913,4,50,1,50.0,0.1333194132693003,0.1333194132693003,0.09999825999199519,
7607,3903,0,1,1,1.0,0.18746641918624496,0.18746641918624496,0.18746641918624496,
7607,3903,0,2,1,2.0,0.18746641918624496,0.18746641918624496,0.1562057343818699,
7607,3903,0,3,1,3.0,0.18746641918624496,0.18746641918624496,0.09373320959312248,
7607,3903,0,5,1,5.0,0.18746641918624496,0.1562057343818699,0.1562057343818699,
7607,3903,0,8,1,8.0,0.18746641918624496,0.18746641918624496,0.0,
7607,3903,0,13,1,13.0,0.18746641918624496,0.1562057343818699,0.09373320959312248,
7607,3903,0,20,1,20.0,0.18746641918624496,0.18746641918624496,0.0,
7607,3903,0,35,1,35.0,0.18746641918624496,0.18746641918624496,0.12499389439750308,
7607,3903,0,50,1,50.0,0.18746641918624496,0.06247252478874743,0.06247252478874743,
7607,3903,1,1,1,1.0,0.3437209983881232,0.3124603135837426,0.2499877887950006,
7607,3903,1,3,1,3.0,0.3437209983881232,0.3124603135837426,0.21872710399062012,
7607,3903,1,2,1,2.0,0.3437209983881232,0.1562057343818699,0.1562057343818699,
7607,3903,1,5,1,5.0,0.3437209983881232,0.28124847359937577,0.2499877887950006,
7607,3903,1,8,1,8.0,0.3437209983881232,0.21872710399062012,0.12499389439750308,
7607,3903,1,13,1,13.0,0.3437209983881232,0.12499389439750308,0.12499389439750308,
7607,3903,1,20,1,20.0,0.3437209983881232,0.18746641918624496,0.0,
7607,3903,1,35,1,35.0,0.3437209983881232,0.1562057343818699,0.12499389439750308,
7607,3903,1,50,1,50.0,0.3437209983881232,0.21872710399062012,0.12499389439750308,
7607,3903,2,1,1,1.0,0.3437209983881232,0.3124603135837426,0.18746641918624496,
7607,3903,2,2,1,2.0,0.3437209983881232,0.21872710399062012,0.21872710399062012,
7607,3903,2,3,1,3.0,0.3437209983881232,0.18746641918624496,0.12499389439750308,
7607,3903,2,5,1,5.0,0.3437209983881232,0.21872710399062012,0.0,
7607,3903,2,8,1,8.0,0.3437209983881232,0.3437209983881232,0.1562057343818699,
7607,3903,2,13,1,13.0,0.3437209983881232,0.12499389439750308,0.0,
7607,3903,2,20,1,20.0,0.3437209983881232,0.12499389439750308,0.06247252478874743,
7607,3903,2,35,1,35.0,0.3437209983881232,0.3437209983881232,0.12499389439750308,
7607,3903,2,50,1,50.0,0.3437209983881232,0.2499877887950006,0.0,
7607,3903,3,1,1,1.0,0.3124603135837426,0.3124603135837426,0.3124603135837426,
7607,3903,3,2,1,2.0,0.3124603135837426,0.3124603135837426,0.2499877887950006,
7607,3903,3,5,1,5.0,0.3124603135837426,0.3124603135837426,0.0,
7607,3903,3,3,1,3.0,0.3124603135837426,0.3124603135837426,0.06247252478874743,
7607,3903,3,8,1,8.0,0.3124603135837426,0.3124603135837426,0.0,
7607,3903,3,13,1,13.0,0.3124603135837426,0.28124847359937577,0.1562057343818699,
7607,3903,3,20,1,20.0,0.3124603135837426,0.28124847359937577,0.1562057343818699,
7607,3903,3,35,1,35.0,0.3124603135837426,0.3124603135837426,0.06247252478874743,
7607,3903,3,50,1,50.0,0.3124603135837426,0.28124847359937577,0.1562057343818699,
7607,3903,4,1,1,1.0,0.3437209983881232,0.3124603135837426,0.1562057343818699,
7607,3903,4,2,1,2.0,0.3437209983881232,0.28124847359937577,0.12499389439750308,
7607,3903,4,3,1,3.0,0.3437209983881232,0.2499877887950006,0.12499389439750308,
7607,3903,4,8,1,8.0,0.3437209983881232,0.12499389439750308,0.0,
7607,3903,4,5,1,5.0,0.3437209983881232,0.3124603135837426,0.12499389439750308,
7607,3903,4,13,1,13.0,0.3437209983881232,0.3124603135837426,0.12499389439750308,
7607,3903,4,20,1,20.0,0.3437209983881232,0.12499389439750308,0.12499389439750308,
7607,3903,4,35,1,35.0,0.3437209983881232,0.3437209983881232,0.12499389439750308,
7607,9946,0,1,1,1.0,0.030928379317727628,0.030928379317727628,0.0,
7607,3903,4,50,1,50.0,0.3437209983881232,0.06247252478874743,0.06247252478874743,
7607,9946,0,2,1,2.0,0.030928379317727628,0.030928379317727628,0.01546565615385287,
7607,9946,0,3,1,3.0,0.030928379317727628,0.030928379317727628,0.010309459772575802,
7607,9946,0,5,1,5.0,0.030928379317727628,0.030928379317727628,0.005156196381276734,
7607,9946,0,8,1,8.0,0.030928379317727628,0.02577511592642856,0.02577511592642856,
7607,9946,0,13,1,13.0,0.030928379317727628,0.030928379317727628,0.030928379317727628,
7607,9946,0,20,1,20.0,0.030928379317727628,0.030928379317727628,0.030928379317727628,
7607,9946,0,35,1,35.0,0.030928379317727628,0.030928379317727628,0.030928379317727628,
7607,9946,0,50,1,50.0,0.030928379317727628,0.030928379317727628,0.030928379317727628,
7607,9946,1,1,1,1.0,0.030928379317727628,0.030928379317727628,0.0,
7607,9946,1,2,1,2.0,0.030928379317727628,0.02577511592642856,0.010309459772575802,
7607,9946,1,3,1,3.0,0.030928379317727628,0.02577511592642856,0.01546565615385287,
7607,9946,1,5,1,5.0,0.030928379317727628,0.020618919545151826,0.01546565615385287,
7607,9946,1,8,1,8.0,0.030928379317727628,0.005156196381276734,0.005156196381276734,
7607,9946,1,13,1,13.0,0.030928379317727628,0.02577511592642856,0.0,
7607,9946,1,20,1,20.0,0.030928379317727628,0.030928379317727628,0.020618919545151826,
7607,9946,1,35,1,35.0,0.030928379317727628,0.02577511592642856,0.01546565615385287,
7607,9946,1,50,1,50.0,0.030928379317727628,0.01546565615385287,0.01546565615385287,
7607,9946,2,1,1,1.0,0.0,0.0,0.0,
7607,9946,2,2,1,2.0,0.0,0.0,0.0,
7607,9946,2,3,1,3.0,0.0,0.0,0.0,
7607,9946,2,5,1,5.0,0.0,0.0,0.0,
7607,9946,2,8,1,8.0,0.0,0.0,0.0,
7607,9946,2,13,1,13.0,0.0,0.0,0.0,
7607,9946,2,20,1,20.0,0.0,0.0,0.0,
7607,9946,2,35,1,35.0,0.0,0.0,0.0,
7607,9946,2,50,1,50.0,0.0,0.0,0.0,
7607,9946,3,2,1,2.0,0.036084575699004695,0.030928379317727628,0.02577511592642856,
7607,9946,3,1,1,1.0,0.036084575699004695,0.036084575699004695,0.02577511592642856,
7607,9946,3,3,1,3.0,0.036084575699004695,0.030928379317727628,0.030928379317727628,
7607,9946,3,5,1,5.0,0.036084575699004695,0.030928379317727628,0.010309459772575802,
7607,9946,3,8,1,8.0,0.036084575699004695,0.020618919545151826,0.020618919545151826,
7607,9946,3,13,1,13.0,0.036084575699004695,0.036084575699004695,0.020618919545151826,
7607,9946,3,20,1,20.0,0.036084575699004695,0.036084575699004695,0.010309459772575802,
7607,9946,3,35,1,35.0,0.036084575699004695,0.02577511592642856,0.02577511592642856,
7607,9946,3,50,1,50.0,0.036084575699004695,0.020618919545151826,0.0,
7607,9946,4,1,1,1.0,0.030928379317727628,0.030928379317727628,0.02577511592642856,
7607,9946,4,2,1,2.0,0.030928379317727628,0.030928379317727628,0.01546565615385287,
7607,9946,4,3,1,3.0,0.030928379317727628,0.02577511592642856,0.010309459772575802,
7607,9946,4,5,1,5.0,0.030928379317727628,0.02577511592642856,0.020618919545151826,
7607,9946,4,8,1,8.0,0.030928379317727628,0.010309459772575802,0.010309459772575802,
7607,9946,4,13,1,13.0,0.030928379317727628,0.030928379317727628,0.02577511592642856,
7607,9946,4,20,1,20.0,0.030928379317727628,0.02577511592642856,0.02577511592642856,
7607,9946,4,35,1,35.0,0.030928379317727628,0.0,0.0,
7607,9946,4,50,1,50.0,0.030928379317727628,0.030928379317727628,0.0,
7607,9967,0,1,1,1.0,0.0,0.0,0.0,
7607,9967,0,2,1,2.0,0.0,0.0,0.0,
7607,9967,0,5,1,5.0,0.0,0.0,0.0,
7607,9967,0,3,1,3.0,0.0,0.0,0.0,
7607,9967,0,8,1,8.0,0.0,0.0,0.0,
7607,9967,0,13,1,13.0,0.0,0.0,0.0,
7607,9967,0,20,1,20.0,0.0,0.0,0.0,
7607,9967,0,35,1,35.0,0.0,0.0,0.0,
7607,9967,0,50,1,50.0,0.0,0.0,0.0,
7607,9967,1,1,1,1.0,0.0,0.0,0.0,
7607,9967,1,2,1,2.0,0.0,0.0,0.0,
7607,9967,1,3,1,3.0,0.0,0.0,0.0,
7607,9967,1,5,1,5.0,0.0,0.0,0.0,
7607,9967,1,8,1,8.0,0.0,0.0,0.0,
7607,9967,1,13,1,13.0,0.0,0.0,0.0,
7607,9967,1,20,1,20.0,0.0,0.0,0.0,
7607,9967,1,35,1,35.0,0.0,0.0,0.0,
7607,9967,1,50,1,50.0,0.0,0.0,0.0,
7607,9967,2,1,1,1.0,0.0,0.0,0.0,
7607,9967,2,2,1,2.0,0.0,0.0,0.0,
7607,9967,2,3,1,3.0,0.0,0.0,0.0,
7607,9967,2,5,1,5.0,0.0,0.0,0.0,
7607,9967,2,8,1,8.0,0.0,0.0,0.0,
7607,9967,2,20,1,20.0,0.0,0.0,0.0,
7607,9967,2,13,1,13.0,0.0,0.0,0.0,
7607,9967,2,35,1,35.0,0.0,0.0,0.0,
7607,9967,2,50,1,50.0,0.0,0.0,0.0,
7607,9967,3,1,1,1.0,0.0,0.0,0.0,
7607,9967,3,2,1,2.0,0.0,0.0,0.0,
7607,9967,3,3,1,3.0,0.0,0.0,0.0,
7607,9967,3,5,1,5.0,0.0,0.0,0.0,
7607,9967,3,8,1,8.0,0.0,0.0,0.0,
7607,9967,3,13,1,13.0,0.0,0.0,0.0,
7607,9967,3,35,1,35.0,0.0,0.0,0.0,
7607,9967,3,50,1,50.0,0.0,0.0,0.0,
7607,9967,3,20,1,20.0,0.0,0.0,0.0,
7607,9967,4,1,1,1.0,0.0,0.0,0.0,
7607,9967,4,2,1,2.0,0.0,0.0,0.0,
7607,9967,4,5,1,5.0,0.0,0.0,0.0,
7607,9967,4,8,1,8.0,0.0,0.0,0.0,
7607,9967,4,3,1,3.0,0.0,0.0,0.0,
7607,9967,4,13,1,13.0,0.0,0.0,0.0,
7607,9967,4,20,1,20.0,0.0,0.0,0.0,
7607,9967,4,50,1,50.0,0.0,0.0,0.0,
7609,145854,0,1,1,1.0,0.007361378911952099,0.0036260450738088146,0.0036260450738088146,
7607,9967,4,35,1,35.0,0.0,0.0,0.0,
7609,145854,0,2,1,2.0,0.007361378911952099,0.0036260450738088146,0.0036260450738088146,
7609,145854,0,3,1,3.0,0.007361378911952099,0.0021506467552945274,0.0021506467552945274,
7609,145854,0,5,1,5.0,0.007361378911952099,0.0021506467552945274,0.00011319193448899867,
7609,145854,0,8,1,8.0,0.007361378911952099,0.0021506467552945274,0.0021506467552945274,
7609,145854,0,13,1,13.0,0.007361378911952099,0.003965620877276588,0.003965620877276588,
7609,145854,0,20,1,20.0,0.007361378911952099,0.006342651501549557,0.0,
7609,145854,0,35,1,35.0,0.007361378911952099,0.005550307960124901,0.0016978790173377556,
7609,145854,0,50,1,50.0,0.007361378911952099,0.00226383868978397,0.00045276773795677183,
7609,145854,1,1,1,1.0,0.006342651501549557,0.006342651501549557,0.006342651501549557,
7609,145854,1,2,1,2.0,0.006342651501549557,0.006342651501549557,0.006342651501549557,
7609,145854,1,3,1,3.0,0.006342651501549557,0.006342651501549557,0.0010187274104025423,
7609,145854,1,5,1,5.0,0.006342651501549557,0.006342651501549557,0.005889883763592674,
7609,145854,1,8,1,8.0,0.006342651501549557,0.004078812811765586,0.004078812811765586,
7609,145854,1,13,1,13.0,0.006342651501549557,0.005097540222168129,0.00272050959789516,
7609,145854,1,20,1,20.0,0.006342651501549557,0.004305196680743917,0.004305196680743917,
7609,145854,1,35,1,35.0,0.006342651501549557,0.006342651501549557,0.004305196680743917,
7609,145854,1,50,1,50.0,0.006342651501549557,0.006342651501549557,0.006342651501549557,
7609,145854,2,2,1,2.0,0.003965620877276588,0.003965620877276588,0.003965620877276588,
7609,145854,2,1,1,1.0,0.003965620877276588,0.003965620877276588,0.003965620877276588,
7609,145854,2,3,1,3.0,0.003965620877276588,0.003965620877276588,0.0024902225587618565,
7609,145854,2,5,1,5.0,0.003965620877276588,0.0024902225587618565,0.00011319193448899867,
7609,145854,2,8,1,8.0,0.003965620877276588,0.003965620877276588,0.003965620877276588,
7609,145854,2,13,1,13.0,0.003965620877276588,0.0016978790173377556,0.0016978790173377556,
7609,145854,2,20,1,20.0,0.003965620877276588,0.003965620877276588,0.003965620877276588,
7609,145854,2,35,1,35.0,0.003965620877276588,0.003965620877276588,0.00045276773795677183,
7609,145854,2,50,1,50.0,0.003965620877276588,0.003965620877276588,0.0021506467552945274,
7609,145854,3,1,1,1.0,0.023216056080748615,0.021065409325454088,0.0071349950429736575,
7609,145854,3,2,1,2.0,0.023216056080748615,0.0071349950429736575,0.0071349950429736575,
7609,145854,3,5,1,5.0,0.023216056080748615,0.010761040116782916,0.007700954715419872,
7609,145854,3,3,1,3.0,0.023216056080748615,0.023216056080748615,0.00011319193448899867,
7609,145854,3,13,1,13.0,0.023216056080748615,0.004531580549722358,0.0016978790173377556,
7609,145854,3,8,1,8.0,0.023216056080748615,0.023216056080748615,0.005889883763592674,
7609,145854,3,20,1,20.0,0.023216056080748615,0.011779767527185458,0.005550307960124901,
7609,145854,3,35,1,35.0,0.023216056080748615,0.0010187274104025423,0.0010187274104025423,
7609,145854,3,50,1,50.0,0.023216056080748615,0.023216056080748615,0.003965620877276588,
7609,145854,4,1,1,1.0,0.007361378911952099,0.007361378911952099,0.0024902225587618565,
7609,145854,4,2,1,2.0,0.007361378911952099,0.007361378911952099,0.00011319193448899867,
7609,145854,4,3,1,3.0,0.007361378911952099,0.007361378911952099,0.006569035370527887,
7609,145854,4,5,1,5.0,0.007361378911952099,0.007361378911952099,0.007361378911952099,
7609,145854,4,8,1,8.0,0.007361378911952099,0.007361378911952099,0.0010187274104025423,
7609,145854,4,20,1,20.0,0.007361378911952099,0.0032864692703413745,0.00045276773795677183,
7609,145854,4,13,1,13.0,0.007361378911952099,0.007361378911952099,0.007361378911952099,
7609,145854,4,50,1,50.0,0.007361378911952099,0.007361378911952099,0.006569035370527887,
7609,145854,4,35,1,35.0,0.007361378911952099,0.007361378911952099,0.0071349950429736575,
7609,3903,0,1,1,1.0,0.29269594388532905,0.07319304666056836,0.07319304666056836,
7609,3903,0,2,1,2.0,0.29269594388532905,0.1707456541628547,0.14634797194266247,
7609,3903,0,3,1,3.0,0.29269594388532905,0.12195028972247435,0.07319304666056836,
7609,3903,0,5,1,5.0,0.29269594388532905,0.21950289722476068,0.14634797194266247,
7609,3903,0,8,1,8.0,0.29269594388532905,0.14634797194266247,0.04879536444037613,
7609,3903,0,13,1,13.0,0.29269594388532905,0.07319304666056836,0.0,
7609,3903,0,20,1,20.0,0.29269594388532905,0.1707456541628547,0.07319304666056836,
7609,3903,0,35,1,35.0,0.29269594388532905,0.04879536444037613,0.0,
7609,3903,0,50,1,50.0,0.29269594388532905,0.21950289722476068,0.02439768222018801,
7609,3903,1,1,1,1.0,0.21950289722476068,0.21950289722476068,0.09755260750228634,
7609,3903,1,2,1,2.0,0.21950289722476068,0.21950289722476068,0.02439768222018801,
7609,3903,1,3,1,3.0,0.21950289722476068,0.21950289722476068,0.14634797194266247,
7609,3903,1,5,1,5.0,0.21950289722476068,0.14634797194266247,0.0,
7609,3903,1,8,1,8.0,0.21950289722476068,0.09755260750228634,0.09755260750228634,
7609,3903,1,13,1,13.0,0.21950289722476068,0.09755260750228634,0.04879536444037613,
7609,3903,1,20,1,20.0,0.21950289722476068,0.09755260750228634,0.07319304666056836,
7609,3903,1,35,1,35.0,0.21950289722476068,0.07319304666056836,0.0,
7609,3903,1,50,1,50.0,0.21950289722476068,0.14634797194266247,0.04879536444037613,
7609,3903,2,1,1,1.0,0.19514333638304282,0.19514333638304282,0.19514333638304282,
7609,3903,2,2,1,2.0,0.19514333638304282,0.19514333638304282,0.07319304666056836,
7609,3903,2,3,1,3.0,0.19514333638304282,0.1707456541628547,0.1707456541628547,
7609,3903,2,5,1,5.0,0.19514333638304282,0.19514333638304282,0.14634797194266247,
7609,3903,2,8,1,8.0,0.19514333638304282,0.04879536444037613,0.04879536444037613,
7609,3903,2,13,1,13.0,0.19514333638304282,0.09755260750228634,0.0,
7609,3903,2,20,1,20.0,0.19514333638304282,0.09755260750228634,0.02439768222018801,
7609,3903,2,35,1,35.0,0.19514333638304282,0.09755260750228634,0.04879536444037613,
7609,3903,2,50,1,50.0,0.19514333638304282,0.04879536444037613,0.04879536444037613,
7609,3903,3,1,1,1.0,0.07319304666056836,0.07319304666056836,0.07319304666056836,
7609,3903,3,2,1,2.0,0.07319304666056836,0.07319304666056836,0.07319304666056836,
7609,3903,3,3,1,3.0,0.07319304666056836,0.07319304666056836,0.07319304666056836,
7609,3903,3,5,1,5.0,0.07319304666056836,0.07319304666056836,0.04879536444037613,
7609,3903,3,8,1,8.0,0.07319304666056836,0.07319304666056836,0.0,
7609,3903,3,13,1,13.0,0.07319304666056836,0.07319304666056836,0.0,
7609,3903,3,20,1,20.0,0.07319304666056836,0.07319304666056836,0.0,
7609,3903,3,35,1,35.0,0.07319304666056836,0.04879536444037613,0.04879536444037613,
7609,3903,3,50,1,50.0,0.07319304666056836,0.02439768222018801,0.0,
7609,3903,4,8,1,8.0,0.24390057944495303,0.07319304666056836,0.07319304666056836,
7609,3903,4,1,1,1.0,0.24390057944495303,0.24390057944495303,0.07319304666056836,
7609,3903,4,2,1,2.0,0.24390057944495303,0.1707456541628547,0.09755260750228634,
7609,3903,4,5,1,5.0,0.24390057944495303,0.07319304666056836,0.07319304666056836,
7609,3903,4,3,1,3.0,0.24390057944495303,0.14634797194266247,0.09755260750228634,
7609,3903,4,13,1,13.0,0.24390057944495303,0.02439768222018801,0.0,
7609,3903,4,20,1,20.0,0.24390057944495303,0.0,0.0,
7609,3903,4,35,1,35.0,0.24390057944495303,0.21950289722476068,0.07319304666056836,
7609,3903,4,50,1,50.0,0.24390057944495303,0.1707456541628547,0.0,
7609,9967,0,1,1,1.0,0.0,0.0,0.0,
7609,9967,0,2,1,2.0,0.0,0.0,0.0,
7609,9967,0,5,1,5.0,0.0,0.0,0.0,
7609,9967,0,3,1,3.0,0.0,0.0,0.0,
7609,9967,0,13,1,13.0,0.0,0.0,0.0,
7609,9967,0,8,1,8.0,0.0,0.0,0.0,
7609,9967,0,20,1,20.0,0.0,0.0,0.0,
7609,9967,0,50,1,50.0,0.0,0.0,0.0,
7609,9967,0,35,1,35.0,0.0,0.0,0.0,
7609,9967,1,2,1,2.0,0.0,0.0,0.0,
7609,9967,1,1,1,1.0,0.0,0.0,0.0,
7609,9967,1,3,1,3.0,0.0,0.0,0.0,
7609,9967,1,5,1,5.0,0.0,0.0,0.0,
7609,9967,1,13,1,13.0,0.0,0.0,0.0,
7609,9967,1,8,1,8.0,0.0,0.0,0.0,
7609,9967,1,20,1,20.0,0.0,0.0,0.0,
7609,9967,1,35,1,35.0,0.0,0.0,0.0,
7609,9967,1,50,1,50.0,0.0,0.0,0.0,
7609,9967,2,1,1,1.0,0.0,0.0,0.0,
7609,9967,2,2,1,2.0,0.0,0.0,0.0,
7609,9967,2,3,1,3.0,0.0,0.0,0.0,
7609,9967,2,5,1,5.0,0.0,0.0,0.0,
7609,9967,2,8,1,8.0,0.0,0.0,0.0,
7609,9967,2,20,1,20.0,0.0,0.0,0.0,
7609,9967,2,13,1,13.0,0.0,0.0,0.0,
7609,9967,2,35,1,35.0,0.0,0.0,0.0,
7609,9967,3,2,1,2.0,0.0,0.0,0.0,
7609,9967,3,1,1,1.0,0.0,0.0,0.0,
7609,9967,2,50,1,50.0,0.0,0.0,0.0,
7609,9967,3,3,1,3.0,0.0,0.0,0.0,
7609,9967,3,5,1,5.0,0.0,0.0,0.0,
7609,9967,3,8,1,8.0,0.0,0.0,0.0,
7609,9967,3,13,1,13.0,0.0,0.0,0.0,
7609,9967,3,20,1,20.0,0.0,0.0,0.0,
7609,9967,3,50,1,50.0,0.0,0.0,0.0,
7609,9967,3,35,1,35.0,0.0,0.0,0.0,
7609,9967,4,2,1,2.0,0.0,0.0,0.0,
7609,9967,4,1,1,1.0,0.0,0.0,0.0,
7609,9967,4,3,1,3.0,0.0,0.0,0.0,
7609,9967,4,5,1,5.0,0.0,0.0,0.0,
7609,9967,4,8,1,8.0,0.0,0.0,0.0,
7609,9967,4,13,1,13.0,0.0,0.0,0.0,
7609,9967,4,20,1,20.0,0.0,0.0,0.0,
7609,9967,4,50,1,50.0,0.0,0.0,0.0,
7609,145853,0,1,1,1.0,0.1514527913606586,0.10580981689407698,0.06535336017843996,
7609,9967,4,35,1,35.0,0.0,0.0,0.0,
7609,145853,0,2,1,2.0,0.1514527913606586,0.06535336017843996,0.05394194228751603,
7609,145853,0,3,1,3.0,0.1514527913606586,0.0612025277194157,0.0612025277194157,
7609,145853,0,5,1,5.0,0.1514527913606586,0.028006656435678456,0.028006656435678456,
7609,145853,0,8,1,8.0,0.1514527913606586,0.0715755632213051,0.0238585210737684,
7609,145853,0,13,1,13.0,0.1514527913606586,0.1514527913606586,0.0238585210737684,
7609,145853,0,20,1,20.0,0.1514527913606586,0.034231556575657685,0.016597935641868622,
7609,145853,0,35,1,35.0,0.1514527913606586,0.10788388457503195,0.0238585210737684,
7609,145853,0,50,1,50.0,0.1514527913606586,0.09128594893316333,0.026970971143758016,
7609,145853,1,1,1,1.0,0.08194859872319415,0.08194859872319415,0.08194859872319415,
7609,145853,1,2,1,2.0,0.08194859872319415,0.08194859872319415,0.050829492217526306,
7609,145853,1,5,1,5.0,0.08194859872319415,0.017633620933789063,0.017633620933789063,
7609,145853,1,3,1,3.0,0.08194859872319415,0.08194859872319415,0.028006656435678456,
7609,145853,1,8,1,8.0,0.08194859872319415,0.0715755632213051,0.020746071003778677,
7609,145853,1,13,1,13.0,0.08194859872319415,0.0612025277194157,0.0238585210737684,
7609,145853,1,20,1,20.0,0.08194859872319415,0.08194859872319415,0.06535336017843996,
7609,145853,1,35,1,35.0,0.08194859872319415,0.08194859872319415,0.020746071003778677,
7609,145853,1,50,1,50.0,0.08194859872319415,0.08194859872319415,0.0612025277194157,
7609,145853,2,1,1,1.0,0.3246873390170161,0.11203201993694178,0.05912846003846062,
7609,145853,2,2,1,2.0,0.3246873390170161,0.10269736682408726,0.05186787460656095,
7609,145853,2,3,1,3.0,0.3246873390170161,0.21991590451197374,0.009334653112854752,
7609,145853,2,8,1,8.0,0.3246873390170161,0.025932588754723374,0.024896903462802933,
7609,145853,2,5,1,5.0,0.3246873390170161,0.10269736682408726,0.016597935641868622,
7609,145853,2,13,1,13.0,0.3246873390170161,0.005186517750944697,0.005186517750944697,
7609,145853,2,20,1,20.0,0.3246873390170161,0.025932588754723374,0.009334653112854752,
7609,145853,2,35,1,35.0,0.3246873390170161,0.05290355989848139,0.005186517750944697,
7609,145853,2,50,1,50.0,0.3246873390170161,0.1680480299054128,0.03941807432660238,
7609,145853,3,1,1,1.0,0.3392112069779297,0.11929530246595599,0.06846311315131515,
7609,145853,3,2,1,2.0,0.3392112069779297,0.08713511647413885,0.060164145330380836,
7609,145853,3,3,1,3.0,0.3392112069779297,0.10995795225598703,0.056016009968471,
7609,145853,3,5,1,5.0,0.3392112069779297,0.04667865975850183,0.04667865975850183,
7609,145853,3,8,1,8.0,0.3392112069779297,0.08713511647413885,0.020746071003778677,
7609,145853,3,13,1,13.0,0.3392112069779297,0.2582982935466557,0.06327659540037078,
7609,145853,3,20,1,20.0,0.3392112069779297,0.07364963090225984,0.017633620933789063,
7609,145853,3,35,1,35.0,0.3392112069779297,0.03941807432660238,0.025932588754723374,
7609,145853,4,1,1,1.0,0.07572639568032935,0.07572639568032935,0.07572639568032935,
7609,145853,3,50,1,50.0,0.3392112069779297,0.10995795225598703,0.02282013868473376,
7609,145853,4,2,1,2.0,0.07572639568032935,0.07572639568032935,0.058090077649426086,
7609,145853,4,3,1,3.0,0.07572639568032935,0.07364963090225984,0.04667865975850183,
7609,145853,4,5,1,5.0,0.07572639568032935,0.029045038824712988,0.029045038824712988,
7609,145853,4,8,1,8.0,0.07572639568032935,0.06950149554035001,0.06950149554035001,
7609,145853,4,20,1,20.0,0.07572639568032935,0.048755424536571335,0.026970971143758016,
7609,145853,4,13,1,13.0,0.07572639568032935,0.040456456715637024,0.016597935641868622,
7609,145853,4,35,1,35.0,0.07572639568032935,0.07572639568032935,0.04667865975850183,
7609,145853,4,50,1,50.0,0.07572639568032935,0.0612025277194157,0.024896903462802933,
7609,34537,0,1,1,1.0,0.09225069228812632,0.09225069228812632,0.017797923855504938,
7609,34537,0,2,1,2.0,0.09225069228812632,0.006728512672352194,0.0034722388861959663,
7609,34537,0,8,1,8.0,0.09225069228812632,0.0034722388861959663,0.0034722388861959663,
7609,34537,0,3,1,3.0,0.09225069228812632,0.034729587698628106,0.004124933410760923,
7609,34537,0,13,1,13.0,0.09225069228812632,0.014975979881651225,0.001084624724644545,
7609,34537,0,5,1,5.0,0.09225069228812632,0.0047752283231030646,0.002603579261591382,
7609,34537,0,20,1,20.0,0.09225069228812632,0.007813137396996739,0.0023876141615514213,
7609,34537,0,35,1,35.0,0.09225069228812632,0.0162789693185581,0.0043408985108007725,
7609,34537,1,1,1,1.0,0.03776749677252167,0.0032562737861563384,0.0032562737861563384,
7609,34537,0,50,1,50.0,0.09225069228812632,0.003906568698498258,0.0032562737861563384,
7609,34537,1,3,1,3.0,0.03776749677252167,0.0032562737861563384,0.0032562737861563384,
7609,34537,1,2,1,2.0,0.03776749677252167,0.0032562737861563384,0.0032562737861563384,
7609,34537,1,8,1,8.0,0.03776749677252167,0.022357187078568153,0.0030379090738936743,
7609,34537,1,5,1,5.0,0.03776749677252167,0.0030379090738936743,0.0030379090738936743,
7609,34537,1,13,1,13.0,0.03776749677252167,0.03255793863711631,0.0032562737861563384,
7609,34537,1,20,1,20.0,0.03776749677252167,0.004559263223063215,0.002603579261591382,
7609,34537,1,35,1,35.0,0.03776749677252167,0.0030379090738936743,0.0,
7609,34537,1,50,1,50.0,0.03776749677252167,0.03776749677252167,0.0030379090738936743,
7609,34537,2,1,1,1.0,0.08790979377732555,0.0651182768864551,0.0047752283231030646,
7609,34537,2,2,1,2.0,0.08790979377732555,0.0047752283231030646,0.003906568698498258,
7609,34537,2,3,1,3.0,0.08790979377732555,0.004559263223063215,0.0032562737861563384,
7609,34537,2,5,1,5.0,0.08790979377732555,0.002169249449288979,0.002169249449288979,
7609,34537,2,8,1,8.0,0.08790979377732555,0.02582942596476412,0.0043408985108007725,
7609,34537,2,13,1,13.0,0.08790979377732555,0.013457025344704387,0.004124933410760923,
7609,34537,2,20,1,20.0,0.08790979377732555,0.0,0.0,
7609,34537,2,35,1,35.0,0.08790979377732555,0.005643887947707649,0.005643887947707649,
7609,34537,2,50,1,50.0,0.08790979377732555,0.006294182860049902,0.0030379090738936743,
7609,34537,3,1,1,1.0,0.05166125154175094,0.007162842484654486,0.002169249449288979,
7609,34537,3,3,1,3.0,0.05166125154175094,0.013457025344704387,0.0034722388861959663,
7609,34537,3,2,1,2.0,0.05166125154175094,0.009766421746245868,0.0034722388861959663,
7609,34537,3,5,1,5.0,0.05166125154175094,0.014975979881651225,0.014975979881651225,
7609,34537,3,8,1,8.0,0.05166125154175094,0.007813137396996739,0.005643887947707649,
7609,34537,3,13,1,13.0,0.05166125154175094,0.001084624724644545,0.001084624724644545,
7609,34537,3,20,1,20.0,0.05166125154175094,0.019100913292411814,0.00933449154616628,
7609,34537,3,35,1,35.0,0.05166125154175094,0.010853446083113116,0.009550456646205907,
7609,34537,3,50,1,50.0,0.05166125154175094,0.01389135515700668,0.00803150210925907,
7609,34537,4,1,1,1.0,0.002603579261591382,0.002603579261591382,0.002603579261591382,
7609,34537,4,2,1,2.0,0.002603579261591382,0.002603579261591382,0.002603579261591382,
7609,34537,4,3,1,3.0,0.002603579261591382,0.002603579261591382,0.002603579261591382,
7609,34537,4,5,1,5.0,0.002603579261591382,0.002603579261591382,0.001953284349249129,
7609,34537,4,8,1,8.0,0.002603579261591382,0.002603579261591382,0.002603579261591382,
7609,34537,4,13,1,13.0,0.002603579261591382,0.002603579261591382,0.002603579261591382,
7609,34537,4,20,1,20.0,0.002603579261591382,0.002603579261591382,0.002603579261591382,
7609,34537,4,35,1,35.0,0.002603579261591382,0.002603579261591382,0.0,
7609,34537,4,50,1,50.0,0.002603579261591382,0.002603579261591382,0.002603579261591382,
7609,125923,0,1,1,1.0,0.01809922257953711,0.01809922257953711,0.01809922257953711,
7609,125923,0,3,1,3.0,0.01809922257953711,0.01809922257953711,0.004524025102250806,
7609,125923,0,2,1,2.0,0.01809922257953711,0.01809922257953711,0.009048050204502056,
7609,125923,0,5,1,5.0,0.01809922257953711,0.01809922257953711,0.01809922257953711,
7609,125923,0,8,1,8.0,0.01809922257953711,0.01809922257953711,0.004524025102250806,
7609,125923,0,13,1,13.0,0.01809922257953711,0.01809922257953711,0.01809922257953711,
7609,125923,0,20,1,20.0,0.01809922257953711,0.01809922257953711,0.009048050204502056,
7609,125923,0,35,1,35.0,0.01809922257953711,0.01809922257953711,0.004524025102250806,
7609,125923,1,1,1,1.0,0.0271472727840395,0.013575197477286305,0.009048050204502056,
7609,125923,0,50,1,50.0,0.01809922257953711,0.01809922257953711,0.01809922257953711,
7609,125923,1,2,1,2.0,0.0271472727840395,0.013575197477286305,0.013575197477286305,
7609,125923,1,3,1,3.0,0.0271472727840395,0.01809922257953711,0.004524025102250806,
7609,125923,1,5,1,5.0,0.0271472727840395,0.004524025102250806,0.004524025102250806,
7609,125923,1,8,1,8.0,0.0271472727840395,0.004524025102250806,0.004524025102250806,
7609,125923,1,13,1,13.0,0.0271472727840395,0.01809922257953711,0.01809922257953711,
7609,125923,1,20,1,20.0,0.0271472727840395,0.01809922257953711,0.013575197477286305,
7609,125923,1,35,1,35.0,0.0271472727840395,0.013575197477286305,0.013575197477286305,
7609,125923,1,50,1,50.0,0.0271472727840395,0.0271472727840395,0.013575197477286305,
7609,125923,2,1,1,1.0,0.01809922257953711,0.013575197477286305,0.009048050204502056,
7609,125923,2,2,1,2.0,0.01809922257953711,0.009048050204502056,0.009048050204502056,
7609,125923,2,3,1,3.0,0.01809922257953711,0.009048050204502056,0.009048050204502056,
7609,125923,2,5,1,5.0,0.01809922257953711,0.013575197477286305,0.013575197477286305,
7609,125923,2,8,1,8.0,0.01809922257953711,0.013575197477286305,0.013575197477286305,
7609,125923,2,13,1,13.0,0.01809922257953711,0.01809922257953711,0.009048050204502056,
7609,125923,2,20,1,20.0,0.01809922257953711,0.01809922257953711,0.009048050204502056,
7609,125923,2,35,1,35.0,0.01809922257953711,0.01809922257953711,0.01809922257953711,
7609,125923,2,50,1,50.0,0.01809922257953711,0.01809922257953711,0.009048050204502056,
7609,125923,3,1,1,1.0,0.040722470261325805,0.02262324768178825,0.013575197477286305,
7609,125923,3,3,1,3.0,0.040722470261325805,0.01809922257953711,0.01809922257953711,
7609,125923,3,5,1,5.0,0.040722470261325805,0.031674420056823416,0.013575197477286305,
7609,125923,3,2,1,2.0,0.040722470261325805,0.02262324768178825,0.01809922257953711,
7609,125923,3,8,1,8.0,0.040722470261325805,0.02262324768178825,0.01809922257953711,
7609,125923,3,13,1,13.0,0.040722470261325805,0.009048050204502056,0.009048050204502056,
7609,125923,3,20,1,20.0,0.040722470261325805,0.02262324768178825,0.004524025102250806,
7609,125923,3,35,1,35.0,0.040722470261325805,0.02262324768178825,0.013575197477286305,
7609,125923,3,50,1,50.0,0.040722470261325805,0.031674420056823416,0.02262324768178825,
7609,125923,4,1,1,1.0,0.0271472727840395,0.02262324768178825,0.013575197477286305,
7609,125923,4,5,1,5.0,0.0271472727840395,0.02262324768178825,0.009048050204502056,
7609,125923,4,2,1,2.0,0.0271472727840395,0.02262324768178825,0.013575197477286305,
7609,125923,4,3,1,3.0,0.0271472727840395,0.02262324768178825,0.01809922257953711,
7609,125923,4,8,1,8.0,0.0271472727840395,0.013575197477286305,0.013575197477286305,
7609,125923,4,13,1,13.0,0.0271472727840395,0.013575197477286305,0.009048050204502056,
7609,125923,4,20,1,20.0,0.0271472727840395,0.009048050204502056,0.009048050204502056,
7609,125923,4,35,1,35.0,0.0271472727840395,0.01809922257953711,0.01809922257953711,
7609,125923,4,50,1,50.0,0.0271472727840395,0.02262324768178825,0.013575197477286305,
7609,145878,0,1,1,1.0,0.010256604786609946,0.010256604786609946,0.010256604786609946,
7609,145878,0,5,1,5.0,0.010256604786609946,0.010256604786609946,0.010256604786609946,
7609,145878,0,2,1,2.0,0.010256604786609946,0.010256604786609946,0.005126843416806248,
7609,145878,0,8,1,8.0,0.010256604786609946,0.010256604786609946,0.010256604786609946,
7609,145878,0,13,1,13.0,0.010256604786609946,0.010256604786609946,0.005126843416806248,
7609,145878,0,3,1,3.0,0.010256604786609946,0.010256604786609946,0.010256604786609946,
7609,145878,0,35,1,35.0,0.010256604786609946,0.010256604786609946,0.010256604786609946,
7609,145878,0,20,1,20.0,0.010256604786609946,0.010256604786609946,0.010256604786609946,
7609,145878,0,50,1,50.0,0.010256604786609946,0.010256604786609946,0.010256604786609946,
7609,145878,1,1,1,1.0,0.020513209573220115,0.015383448203416195,0.015383448203416195,
7609,145878,1,2,1,2.0,0.020513209573220115,0.020513209573220115,0.015383448203416195,
7609,145878,1,3,1,3.0,0.020513209573220115,0.020513209573220115,0.020513209573220115,
7609,145878,1,5,1,5.0,0.020513209573220115,0.015383448203416195,0.015383448203416195,
7609,145878,1,8,1,8.0,0.020513209573220115,0.020513209573220115,0.020513209573220115,
7609,145878,1,13,1,13.0,0.020513209573220115,0.020513209573220115,0.010256604786609946,
7609,145878,1,20,1,20.0,0.020513209573220115,0.020513209573220115,0.0,
7609,145878,1,35,1,35.0,0.020513209573220115,0.020513209573220115,0.0,
7609,145878,1,50,1,50.0,0.020513209573220115,0.020513209573220115,0.005126843416806248,
7609,145878,2,1,1,1.0,0.03076981435983006,0.03076981435983006,0.025640052990026363,
7609,145878,2,2,1,2.0,0.03076981435983006,0.03076981435983006,0.015383448203416195,
7609,145878,2,3,1,3.0,0.03076981435983006,0.020513209573220115,0.015383448203416195,
7609,145878,2,5,1,5.0,0.03076981435983006,0.03076981435983006,0.03076981435983006,
7609,145878,2,8,1,8.0,0.03076981435983006,0.005126843416806248,0.005126843416806248,
7609,145878,2,13,1,13.0,0.03076981435983006,0.0,0.0,
7609,145878,2,20,1,20.0,0.03076981435983006,0.010256604786609946,0.005126843416806248,
7609,145878,2,35,1,35.0,0.03076981435983006,0.0,0.0,
7609,145878,2,50,1,50.0,0.03076981435983006,0.015383448203416195,0.005126843416806248,
7609,145878,3,1,1,1.0,0.010256604786609946,0.010256604786609946,0.010256604786609946,
7609,145878,3,2,1,2.0,0.010256604786609946,0.010256604786609946,0.010256604786609946,
7609,145878,3,3,1,3.0,0.010256604786609946,0.010256604786609946,0.010256604786609946,
7609,145878,3,5,1,5.0,0.010256604786609946,0.010256604786609946,0.010256604786609946,
7609,145878,3,20,1,20.0,0.010256604786609946,0.010256604786609946,0.010256604786609946,
7609,145878,3,8,1,8.0,0.010256604786609946,0.010256604786609946,0.010256604786609946,
7609,145878,3,13,1,13.0,0.010256604786609946,0.010256604786609946,0.010256604786609946,
7609,145878,3,35,1,35.0,0.010256604786609946,0.010256604786609946,0.010256604786609946,
7609,145878,3,50,1,50.0,0.010256604786609946,0.010256604786609946,0.010256604786609946,
7609,145878,4,1,1,1.0,0.025640052990026363,0.010256604786609946,0.0,
7609,145878,4,2,1,2.0,0.025640052990026363,0.025640052990026363,0.020513209573220115,
7609,145878,4,3,1,3.0,0.025640052990026363,0.010256604786609946,0.010256604786609946,
7609,145878,4,5,1,5.0,0.025640052990026363,0.020513209573220115,0.020513209573220115,
7609,145878,4,13,1,13.0,0.025640052990026363,0.020513209573220115,0.020513209573220115,
7609,145878,4,8,1,8.0,0.025640052990026363,0.015383448203416195,0.015383448203416195,
7609,145878,4,35,1,35.0,0.025640052990026363,0.015383448203416195,0.015383448203416195,
7609,145878,4,20,1,20.0,0.025640052990026363,0.020513209573220115,0.020513209573220115,
7609,145878,4,50,1,50.0,0.025640052990026363,0.015383448203416195,0.015383448203416195,
5527,146064,0,1,1,1.0,0.01944455598765682,0.005555366790119254,0.0,
5527,146064,0,2,1,2.0,0.01944455598765682,0.0,0.0,
5527,146064,0,3,1,3.0,0.01944455598765682,0.0,0.0,
5527,146064,0,5,1,5.0,0.01944455598765682,0.0,0.0,
5527,146064,0,8,1,8.0,0.01944455598765682,0.0,0.0,
5527,146064,0,13,1,13.0,0.01944455598765682,0.0,0.0,
5527,146064,0,20,1,20.0,0.01944455598765682,0.0,0.0,
5527,146064,0,35,1,35.0,0.01944455598765682,0.0,0.0,
5527,146064,0,50,1,50.0,0.01944455598765682,0.0,0.0,
5527,146064,1,1,1,1.0,0.12222270271606006,0.01944455598765682,0.0,
5527,146064,1,2,1,2.0,0.12222270271606006,0.01944455598765682,0.0,
5527,146064,1,3,1,3.0,0.12222270271606006,0.12222270271606006,0.0,
5527,146064,1,5,1,5.0,0.12222270271606006,0.0,0.0,
5527,146064,1,8,1,8.0,0.12222270271606006,0.0,0.0,
5527,146064,1,13,1,13.0,0.12222270271606006,0.0,0.0,
5527,146064,1,35,1,35.0,0.12222270271606006,0.0,0.0,
5527,146064,1,20,1,20.0,0.12222270271606006,0.0,0.0,
5527,146064,1,50,1,50.0,0.12222270271606006,0.0,0.0,
5527,146064,2,1,1,1.0,0.0,0.0,0.0,
5527,146064,2,2,1,2.0,0.0,0.0,0.0,
5527,146064,2,3,1,3.0,0.0,0.0,0.0,
5527,146064,2,5,1,5.0,0.0,0.0,0.0,
5527,146064,2,13,1,13.0,0.0,0.0,0.0,
5527,146064,2,8,1,8.0,0.0,0.0,0.0,
5527,146064,2,20,1,20.0,0.0,0.0,0.0,
5527,146064,2,35,1,35.0,0.0,0.0,0.0,
5527,146064,3,3,1,3.0,0.0,0.0,0.0,
5527,146064,2,50,1,50.0,0.0,0.0,0.0,
5527,146064,3,2,1,2.0,0.0,0.0,0.0,
5527,146064,3,1,1,1.0,0.0,0.0,0.0,
5527,146064,3,5,1,5.0,0.0,0.0,0.0,
5527,146064,3,8,1,8.0,0.0,0.0,0.0,
5527,146064,3,20,1,20.0,0.0,0.0,0.0,
5527,146064,3,13,1,13.0,0.0,0.0,0.0,
5527,146064,3,35,1,35.0,0.0,0.0,0.0,
5527,146064,3,50,1,50.0,0.0,0.0,0.0,
5527,146064,4,1,1,1.0,0.0,0.0,0.0,
5527,146064,4,3,1,3.0,0.0,0.0,0.0,
5527,146064,4,2,1,2.0,0.0,0.0,0.0,
5527,146064,4,5,1,5.0,0.0,0.0,0.0,
5527,146064,4,8,1,8.0,0.0,0.0,0.0,
5527,146064,4,13,1,13.0,0.0,0.0,0.0,
5527,146064,4,35,1,35.0,0.0,0.0,0.0,
5527,146064,4,20,1,20.0,0.0,0.0,0.0,
5527,146064,4,50,1,50.0,0.0,0.0,0.0,
5527,146065,0,1,1,1.0,0.344262173945171,0.344262173945171,0.344262173945171,
5527,146065,0,2,1,2.0,0.344262173945171,0.0,0.0,
5527,146065,0,3,1,3.0,0.344262173945171,0.0,0.0,
5527,146065,0,5,1,5.0,0.344262173945171,0.0,0.0,
5527,146065,0,8,1,8.0,0.344262173945171,0.0,0.0,
5527,146065,0,13,1,13.0,0.344262173945171,0.344262173945171,0.344262173945171,
5527,146065,0,20,1,20.0,0.344262173945171,0.19672159412793422,0.13114855045690776,
5527,146065,0,35,1,35.0,0.344262173945171,0.344262173945171,0.0,
5527,146065,0,50,1,50.0,0.344262173945171,0.344262173945171,0.344262173945171,
5527,146065,1,1,1,1.0,0.8442621739451712,0.790982536515678,0.6967215941279341,
5527,146065,1,2,1,2.0,0.8442621739451712,0.8442621739451712,0.0,
5527,146065,1,3,1,3.0,0.8442621739451712,0.8442621739451712,0.0,
5527,146065,1,8,1,8.0,0.8442621739451712,0.8360649277075791,0.20491884036552632,
5527,146065,1,5,1,5.0,0.8442621739451712,0.344262173945171,0.0,
5527,146065,1,13,1,13.0,0.8442621739451712,0.344262173945171,0.344262173945171,
5527,146065,1,20,1,20.0,0.8442621739451712,0.344262173945171,0.0,
5527,146065,1,35,1,35.0,0.8442621739451712,0.8442621739451712,0.8442621739451712,
5527,146065,1,50,1,50.0,0.8442621739451712,0.8442621739451712,0.0,
5527,146065,2,1,1,1.0,0.024589275597921012,0.024589275597921012,0.024589275597921012,
5527,146065,2,2,1,2.0,0.024589275597921012,0.024589275597921012,0.0,
5527,146065,2,3,1,3.0,0.024589275597921012,0.024589275597921012,0.024589275597921012,
5527,146065,2,5,1,5.0,0.024589275597921012,0.024589275597921012,0.024589275597921012,
5527,146065,2,13,1,13.0,0.024589275597921012,0.024589275597921012,0.0,
5527,146065,2,8,1,8.0,0.024589275597921012,0.016394492475184097,0.0,
5527,146065,2,20,1,20.0,0.024589275597921012,0.0,0.0,
5527,146065,2,35,1,35.0,0.024589275597921012,0.0,0.0,
5527,146065,2,50,1,50.0,0.024589275597921012,0.024589275597921012,0.0,
5527,146065,3,1,1,1.0,0.8442621739451712,0.8442621739451712,0.344262173945171,
5527,146065,3,2,1,2.0,0.8442621739451712,0.35655804330155916,0.19672159412793422,
5527,146065,3,3,1,3.0,0.8442621739451712,0.35655804330155916,0.0,
5527,146065,3,5,1,5.0,0.8442621739451712,0.344262173945171,0.0696716667898225,
5527,146065,3,8,1,8.0,0.8442621739451712,0.344262173945171,0.344262173945171,
5527,146065,3,20,1,20.0,0.8442621739451712,0.8442621739451712,0.0,
5527,146065,3,13,1,13.0,0.8442621739451712,0.8442621739451712,0.2950811596344738,
5527,146065,3,35,1,35.0,0.8442621739451712,0.344262173945171,0.344262173945171,
5527,146065,3,50,1,50.0,0.8442621739451712,0.8401635508263752,0.344262173945171,
5527,146065,4,1,1,1.0,0.0,0.0,0.0,
5527,146065,4,2,1,2.0,0.0,0.0,0.0,
5527,146065,4,3,1,3.0,0.0,0.0,0.0,
5527,146065,4,5,1,5.0,0.0,0.0,0.0,
5527,146065,4,8,1,8.0,0.0,0.0,0.0,
5527,146065,4,13,1,13.0,0.0,0.0,0.0,
5527,146065,4,20,1,20.0,0.0,0.0,0.0,
5527,146065,4,35,1,35.0,0.0,0.0,0.0,
5527,146065,4,50,1,50.0,0.0,0.0,0.0,
5527,9914,0,1,1,1.0,0.003171756932269121,0.003171756932269121,0.003171756932269121,
5527,9914,0,3,1,3.0,0.003171756932269121,0.003171756932269121,0.0,
5527,9914,0,2,1,2.0,0.003171756932269121,0.003171756932269121,0.003171756932269121,
5527,9914,0,5,1,5.0,0.003171756932269121,0.003171756932269121,0.003171756932269121,
5527,9914,0,13,1,13.0,0.003171756932269121,0.003171756932269121,0.003171756932269121,
5527,9914,0,8,1,8.0,0.003171756932269121,0.003171756932269121,0.003171756932269121,
5527,9914,0,35,1,35.0,0.003171756932269121,0.003171756932269121,0.003171756932269121,
5527,9914,0,20,1,20.0,0.003171756932269121,0.003171756932269121,0.003171756932269121,
5527,9914,0,50,1,50.0,0.003171756932269121,0.003171756932269121,0.003171756932269121,
5527,9914,1,1,1,1.0,0.01649743465351694,0.008250252543085868,0.003807336491785107,
5527,9914,1,2,1,2.0,0.01649743465351694,0.008250252543085868,0.007614672983569881,
5527,9914,1,3,1,3.0,0.01649743465351694,0.003807336491785107,0.003807336491785107,
5527,9914,1,5,1,5.0,0.01649743465351694,0.015861855094001287,0.00444291605130076,
5527,9914,1,8,1,8.0,0.01649743465351694,0.01649743465351694,0.005075425178161952,
5527,9914,1,20,1,20.0,0.01649743465351694,0.015229345967140095,0.015229345967140095,
5527,9914,1,13,1,13.0,0.01649743465351694,0.015861855094001287,0.006346584297193147,
5527,9914,2,1,1,1.0,0.02855195325573312,0.02855195325573312,0.02855195325573312,
5527,9914,1,35,1,35.0,0.01649743465351694,0.01649743465351694,0.00444291605130076,
5527,9914,1,50,1,50.0,0.01649743465351694,0.015861855094001287,0.015861855094001287,
5527,9914,2,2,1,2.0,0.02855195325573312,0.008882761669946726,0.003171756932269121,
5527,9914,2,3,1,3.0,0.02855195325573312,0.017765523339893674,0.001903668245892387,
5527,9914,2,8,1,8.0,0.02855195325573312,0.011422009475354988,0.008250252543085868,
5527,9914,2,5,1,5.0,0.02855195325573312,0.013958186848108567,0.003171756932269121,
5527,9914,2,13,1,13.0,0.02855195325573312,0.009518341229462601,0.009518341229462601,
5527,9914,2,35,1,35.0,0.02855195325573312,0.006979093424054339,0.00444291605130076,
5527,9914,2,20,1,20.0,0.02855195325573312,0.01966919158578606,0.001903668245892387,
5527,9914,3,1,1,1.0,0.015861855094001287,0.015861855094001287,0.015861855094001287,
5527,9914,3,2,1,2.0,0.015861855094001287,0.015861855094001287,0.003807336491785107,
5527,9914,2,50,1,50.0,0.02855195325573312,0.008250252543085868,0.003807336491785107,
5527,9914,3,3,1,3.0,0.015861855094001287,0.015861855094001287,0.013958186848108567,
5527,9914,3,5,1,5.0,0.015861855094001287,0.014593766407624553,0.00444291605130076,
5527,9914,3,8,1,8.0,0.015861855094001287,0.015229345967140095,0.005075425178161952,
5527,9914,3,13,1,13.0,0.015861855094001287,0.015861855094001287,0.0025392478054083734,
5527,9914,3,20,1,20.0,0.015861855094001287,0.015861855094001287,0.006346584297193147,
5527,9914,3,50,1,50.0,0.015861855094001287,0.015861855094001287,0.015229345967140095,
5527,9914,3,35,1,35.0,0.015861855094001287,0.0025392478054083734,0.0025392478054083734,
5527,9914,4,1,1,1.0,0.01015085035632346,0.008882761669946726,0.008882761669946726,
5527,9914,4,2,1,2.0,0.01015085035632346,0.01015085035632346,0.005075425178161952,
5527,9914,4,3,1,3.0,0.01015085035632346,0.01015085035632346,0.01015085035632346,
5527,9914,4,5,1,5.0,0.01015085035632346,0.008882761669946726,0.008882761669946726,
5527,9914,4,8,1,8.0,0.01015085035632346,0.008882761669946726,0.00444291605130076,
5527,9914,4,20,1,20.0,0.01015085035632346,0.01015085035632346,0.01015085035632346,
5527,9914,4,13,1,13.0,0.01015085035632346,0.01015085035632346,0.0025392478054083734,
5527,9914,4,35,1,35.0,0.01015085035632346,0.009518341229462601,0.009518341229462601,
5527,9914,4,50,1,50.0,0.01015085035632346,0.006979093424054339,0.006979093424054339,
5527,145804,0,1,1,1.0,0.0030125088369812314,0.0,0.0,
5527,145804,0,2,1,2.0,0.0030125088369812314,0.0030125088369812314,0.0,
5527,145804,0,3,1,3.0,0.0030125088369812314,0.0,0.0,
5527,145804,0,8,1,8.0,0.0030125088369812314,0.0030125088369812314,0.0,
5527,145804,0,5,1,5.0,0.0030125088369812314,0.0,0.0,
5527,145804,0,13,1,13.0,0.0030125088369812314,0.0030125088369812314,0.0,
5527,145804,0,20,1,20.0,0.0030125088369812314,0.0030125088369812314,0.0,
5527,145804,0,35,1,35.0,0.0030125088369812314,0.0,0.0,
5527,145804,0,50,1,50.0,0.0030125088369812314,0.0,0.0,
5527,145804,1,2,1,2.0,0.0,0.0,0.0,
5527,145804,1,1,1,1.0,0.0,0.0,0.0,
5527,145804,1,3,1,3.0,0.0,0.0,0.0,
5527,145804,1,5,1,5.0,0.0,0.0,0.0,
5527,145804,1,13,1,13.0,0.0,0.0,0.0,
5527,145804,1,8,1,8.0,0.0,0.0,0.0,
5527,145804,1,20,1,20.0,0.0,0.0,0.0,
5527,145804,1,35,1,35.0,0.0,0.0,0.0,
5527,145804,1,50,1,50.0,0.0,0.0,0.0,
5527,145804,2,1,1,1.0,0.015059658640042661,0.015059658640042661,0.0,
5527,145804,2,2,1,2.0,0.015059658640042661,0.0,0.0,
5527,145804,2,3,1,3.0,0.015059658640042661,0.0030125088369812314,0.0,
5527,145804,2,5,1,5.0,0.015059658640042661,0.0030125088369812314,0.0030125088369812314,
5527,145804,2,8,1,8.0,0.015059658640042661,0.0,0.0,
5527,145804,2,13,1,13.0,0.015059658640042661,0.015059658640042661,0.0,
5527,145804,2,20,1,20.0,0.015059658640042661,0.0,0.0,
5527,145804,2,35,1,35.0,0.015059658640042661,0.0,0.0,
5527,145804,2,50,1,50.0,0.015059658640042661,0.0030125088369812314,0.0,
5527,145804,3,1,1,1.0,0.0,0.0,0.0,
5527,145804,3,3,1,3.0,0.0,0.0,0.0,
5527,145804,3,2,1,2.0,0.0,0.0,0.0,
5527,145804,3,5,1,5.0,0.0,0.0,0.0,
5527,145804,3,8,1,8.0,0.0,0.0,0.0,
5527,145804,3,20,1,20.0,0.0,0.0,0.0,
5527,145804,3,13,1,13.0,0.0,0.0,0.0,
5527,145804,3,35,1,35.0,0.0,0.0,0.0,
5527,145804,4,1,1,1.0,0.0,0.0,0.0,
5527,145804,3,50,1,50.0,0.0,0.0,0.0,
5527,145804,4,2,1,2.0,0.0,0.0,0.0,
5527,145804,4,5,1,5.0,0.0,0.0,0.0,
5527,145804,4,3,1,3.0,0.0,0.0,0.0,
5527,145804,4,8,1,8.0,0.0,0.0,0.0,
5527,145804,4,13,1,13.0,0.0,0.0,0.0,
5527,145804,4,20,1,20.0,0.0,0.0,0.0,
5527,145804,4,35,1,35.0,0.0,0.0,0.0,
5527,145804,4,50,1,50.0,0.0,0.0,0.0,
5527,31,0,1,1,1.0,0.273972602739726,0.273972602739726,0.04109589041095896,
5527,31,0,2,1,2.0,0.273972602739726,0.273972602739726,0.1643835616438356,
5527,31,0,3,1,3.0,0.273972602739726,0.1917808219178082,0.15068493150684936,
5527,31,0,5,1,5.0,0.273972602739726,0.1643835616438356,0.1643835616438356,
5527,31,0,13,1,13.0,0.273972602739726,0.2465753424657534,0.2191780821917808,
5527,31,0,8,1,8.0,0.273972602739726,0.273972602739726,0.17808219178082196,
5527,31,0,35,1,35.0,0.273972602739726,0.273972602739726,0.12328767123287676,
5527,31,0,20,1,20.0,0.273972602739726,0.20547945205479456,0.1643835616438356,
5527,31,0,50,1,50.0,0.273972602739726,0.273972602739726,0.12328767123287676,
5527,31,1,2,1,2.0,0.31506849315068497,0.31506849315068497,0.15068493150684936,
5527,31,1,1,1,1.0,0.31506849315068497,0.2465753424657534,0.136986301369863,
5527,31,1,3,1,3.0,0.31506849315068497,0.28767123287671237,0.15068493150684936,
5527,31,1,5,1,5.0,0.31506849315068497,0.1917808219178082,0.1917808219178082,
5527,31,1,13,1,13.0,0.31506849315068497,0.273972602739726,0.1917808219178082,
5527,31,1,8,1,8.0,0.31506849315068497,0.31506849315068497,0.15068493150684936,
5527,31,1,20,1,20.0,0.31506849315068497,0.136986301369863,0.0821917808219178,
5527,31,1,50,1,50.0,0.31506849315068497,0.31506849315068497,0.273972602739726,
5527,31,1,35,1,35.0,0.31506849315068497,0.23287671232876717,0.15068493150684936,
5527,31,2,1,1,1.0,0.28767123287671237,0.2465753424657534,0.1095890410958904,
5527,31,2,2,1,2.0,0.28767123287671237,0.2465753424657534,0.09589041095890416,
5527,31,2,3,1,3.0,0.28767123287671237,0.1095890410958904,0.1095890410958904,
5527,31,2,5,1,5.0,0.28767123287671237,0.273972602739726,0.17808219178082196,
5527,31,2,8,1,8.0,0.28767123287671237,0.273972602739726,0.26027397260273977,
5527,31,2,13,1,13.0,0.28767123287671237,0.28767123287671237,0.12328767123287676,
5527,31,2,35,1,35.0,0.28767123287671237,0.2465753424657534,0.2191780821917808,
5527,31,2,20,1,20.0,0.28767123287671237,0.28767123287671237,0.273972602739726,
5527,31,2,50,1,50.0,0.28767123287671237,0.17808219178082196,0.15068493150684936,
5527,31,3,2,1,2.0,0.3561643835616438,0.31506849315068497,0.1643835616438356,
5527,31,3,1,1,1.0,0.3561643835616438,0.20547945205479456,0.1643835616438356,
5527,31,3,3,1,3.0,0.3561643835616438,0.1917808219178082,0.1643835616438356,
5527,31,3,5,1,5.0,0.3561643835616438,0.1643835616438356,0.1643835616438356,
5527,31,3,8,1,8.0,0.3561643835616438,0.23287671232876717,0.136986301369863,
5527,31,3,13,1,13.0,0.3561643835616438,0.26027397260273977,0.17808219178082196,
5527,31,3,20,1,20.0,0.3561643835616438,0.2191780821917808,0.1917808219178082,
5527,31,3,35,1,35.0,0.3561643835616438,0.1643835616438356,0.15068493150684936,
5527,31,3,50,1,50.0,0.3561643835616438,0.273972602739726,0.2465753424657534,
5527,31,4,1,1,1.0,0.12328767123287676,0.12328767123287676,0.12328767123287676,
5527,31,4,2,1,2.0,0.12328767123287676,0.12328767123287676,0.12328767123287676,
5527,31,4,3,1,3.0,0.12328767123287676,0.12328767123287676,0.12328767123287676,
5527,31,4,5,1,5.0,0.12328767123287676,0.12328767123287676,0.12328767123287676,
5527,31,4,8,1,8.0,0.12328767123287676,0.12328767123287676,0.12328767123287676,
5527,31,4,13,1,13.0,0.12328767123287676,0.12328767123287676,0.1095890410958904,
5527,31,4,20,1,20.0,0.12328767123287676,0.12328767123287676,0.12328767123287676,
5527,31,4,35,1,35.0,0.12328767123287676,0.12328767123287676,0.06849315068493156,
5527,31,4,50,1,50.0,0.12328767123287676,0.12328767123287676,0.12328767123287676,
5527,10101,0,1,1,1.0,0.33333333333333426,0.28571089344019096,0.22222617987533377,
5527,10101,0,2,1,2.0,0.33333333333333426,0.22222617987533377,0.20635203324428686,
5527,10101,0,3,1,3.0,0.33333333333333426,0.1746037399821906,0.14285544672009554,
5527,10101,0,8,1,8.0,0.33333333333333426,0.28571089344019096,0.07937073315523957,
5527,10101,0,5,1,5.0,0.33333333333333426,0.2381003265063819,0.20635203324428686,
5527,10101,0,20,1,20.0,0.33333333333333426,0.20635203324428686,0.15872959335114367,
5527,10101,0,13,1,13.0,0.33333333333333426,0.28571089344019096,0.0952448797862877,
5527,10101,0,35,1,35.0,0.33333333333333426,0.11110715345800048,0.11110715345800048,
5527,10101,0,50,1,50.0,0.33333333333333426,0.20635203324428686,0.20635203324428686,
5527,10101,1,1,1,1.0,0.34920747996438106,0.22222617987533377,0.22222617987533377,
5527,10101,1,2,1,2.0,0.34920747996438106,0.33333333333333426,0.2381003265063819,
5527,10101,1,3,1,3.0,0.34920747996438106,0.2381003265063819,0.2381003265063819,
5527,10101,1,5,1,5.0,0.34920747996438106,0.3015850400712379,0.06349658652419143,
5527,10101,1,8,1,8.0,0.34920747996438106,0.25397447313743016,0.1269813000890473,
5527,10101,1,13,1,13.0,0.34920747996438106,0.19047788661323872,0.07937073315523957,
5527,10101,1,20,1,20.0,0.34920747996438106,0.25397447313743016,0.07937073315523957,
5527,10101,1,35,1,35.0,0.34920747996438106,0.1746037399821906,0.15872959335114367,
5527,10101,1,50,1,50.0,0.34920747996438106,0.25397447313743016,0.1746037399821906,
5527,10101,2,1,1,1.0,0.22222617987533377,0.22222617987533377,0.11110715345800048,
5527,10101,2,2,1,2.0,0.22222617987533377,0.20635203324428686,0.20635203324428686,
5527,10101,2,3,1,3.0,0.22222617987533377,0.22222617987533377,0.22222617987533377,
5527,10101,2,5,1,5.0,0.22222617987533377,0.22222617987533377,0.20635203324428686,
5527,10101,2,8,1,8.0,0.22222617987533377,0.1269813000890473,0.1269813000890473,
5527,10101,2,13,1,13.0,0.22222617987533377,0.22222617987533377,0.22222617987533377,
5527,10101,2,20,1,20.0,0.22222617987533377,0.22222617987533377,0.19047788661323872,
5527,10101,2,35,1,35.0,0.22222617987533377,0.22222617987533377,0.0952448797862877,
5527,10101,2,50,1,50.0,0.22222617987533377,0.22222617987533377,0.20635203324428686,
5527,10101,3,1,1,1.0,0.2698367468091428,0.2381003265063819,0.2381003265063819,
5527,10101,3,2,1,2.0,0.2698367468091428,0.19047788661323872,0.19047788661323872,
5527,10101,3,3,1,3.0,0.2698367468091428,0.1746037399821906,0.1746037399821906,
5527,10101,3,5,1,5.0,0.2698367468091428,0.2381003265063819,0.22222617987533377,
5527,10101,3,8,1,8.0,0.2698367468091428,0.1746037399821906,0.14285544672009554,
5527,10101,3,13,1,13.0,0.2698367468091428,0.2698367468091428,0.03174829326209638,
5527,10101,3,20,1,20.0,0.2698367468091428,0.25397447313743016,0.20635203324428686,
5527,10101,3,35,1,35.0,0.2698367468091428,0.2698367468091428,0.11110715345800048,
5527,10101,3,50,1,50.0,0.2698367468091428,0.2698367468091428,0.1746037399821906,
5527,10101,4,1,1,1.0,0.11110715345800048,0.11110715345800048,0.11110715345800048,
5527,10101,4,2,1,2.0,0.11110715345800048,0.11110715345800048,0.11110715345800048,
5527,10101,4,3,1,3.0,0.11110715345800048,0.11110715345800048,0.11110715345800048,
5891,9889,0,1,1,1.0,0.04331199417554976,0.0007574726886968586,0.0007574726886968586,
5527,10101,4,5,1,5.0,0.11110715345800048,0.11110715345800048,0.11110715345800048,
5891,9889,0,2,1,2.0,0.04331199417554976,0.0007574726886968586,0.0007574726886968586,
5527,10101,4,8,1,8.0,0.11110715345800048,0.11110715345800048,0.11110715345800048,
5527,10101,4,13,1,13.0,0.11110715345800048,0.11110715345800048,0.11110715345800048,
5527,10101,4,20,1,20.0,0.11110715345800048,0.11110715345800048,0.11110715345800048,
5527,10101,4,35,1,35.0,0.11110715345800048,0.11110715345800048,0.11110715345800048,
5527,10101,4,50,1,50.0,0.11110715345800048,0.0952448797862877,0.0952448797862877,
5891,9889,0,3,1,3.0,0.04331199417554976,0.0007574726886968586,0.0007574726886968586,
5891,9889,0,5,1,5.0,0.04331199417554976,0.0007574726886968586,0.0007574726886968586,
5891,9889,0,8,1,8.0,0.04331199417554976,0.0007574726886968586,0.0007574726886968586,
5891,9889,0,13,1,13.0,0.04331199417554976,0.019756799788201662,0.0007574726886968586,
5891,9889,0,20,1,20.0,0.04331199417554976,0.015197255448471392,0.0015186224292811357,
5891,9889,0,35,1,35.0,0.04331199417554976,0.0030372448585621603,0.0015186224292811357,
5891,9889,1,1,1,1.0,0.06838948804406553,0.034954055236673054,0.004559544339729826,
5891,9889,0,50,1,50.0,0.04331199417554976,0.015954728137168694,0.0007574726886968586,
5891,9889,1,2,1,2.0,0.06838948804406553,0.019756799788201662,0.0030372448585621603,
5891,9889,1,3,1,3.0,0.06838948804406553,0.013674955967303393,0.0030372448585621603,
5891,9889,1,5,1,5.0,0.06838948804406553,0.0676283383034817,0.06534856613361639,
5891,9889,1,8,1,8.0,0.06838948804406553,0.06610971587420056,0.06610971587420056,
5891,9889,1,13,1,13.0,0.06838948804406553,0.018234500307033552,0.006839316509595128,
5891,9889,1,20,1,20.0,0.06838948804406553,0.06686718856289742,0.06610971587420056,
5891,9889,1,35,1,35.0,0.06838948804406553,0.06686718856289742,0.06534856613361639,
5891,9889,2,1,1,1.0,0.004559544339729826,0.004559544339729826,0.004559544339729826,
5891,9889,1,50,1,50.0,0.06838948804406553,0.06534856613361639,0.06458741639303256,
5891,9889,2,2,1,2.0,0.004559544339729826,0.004559544339729826,0.0015186224292811357,
5891,9889,2,3,1,3.0,0.004559544339729826,0.0022797721698649687,0.0022797721698649687,
5891,9889,2,5,1,5.0,0.004559544339729826,0.004559544339729826,0.0007574726886968586,
5891,9889,2,8,1,8.0,0.004559544339729826,0.004559544339729826,0.0015186224292811357,
5891,9889,2,13,1,13.0,0.004559544339729826,0.0037983945991459933,0.0037983945991459933,
5891,9889,2,20,1,20.0,0.004559544339729826,0.004559544339729826,0.004559544339729826,
5891,9889,2,35,1,35.0,0.004559544339729826,0.004559544339729826,0.004559544339729826,
5891,9889,3,1,1,1.0,0.0015186224292811357,0.0015186224292811357,0.0015186224292811357,
5891,9889,3,3,1,3.0,0.0015186224292811357,0.0015186224292811357,0.0015186224292811357,
5891,9889,3,2,1,2.0,0.0015186224292811357,0.0015186224292811357,0.0015186224292811357,
5891,9889,2,50,1,50.0,0.004559544339729826,0.004559544339729826,0.0037983945991459933,
5891,9889,3,5,1,5.0,0.0015186224292811357,0.0015186224292811357,0.0015186224292811357,
5891,9889,3,8,1,8.0,0.0015186224292811357,0.0007574726886968586,0.0007574726886968586,
5891,9889,3,13,1,13.0,0.0015186224292811357,0.0015186224292811357,0.0015186224292811357,
5891,9889,3,20,1,20.0,0.0015186224292811357,0.0015186224292811357,0.0007574726886968586,
5891,9889,3,35,1,35.0,0.0015186224292811357,0.0015186224292811357,0.0007574726886968586,
5891,9889,3,50,1,50.0,0.0015186224292811357,0.0015186224292811357,0.0015186224292811357,
5891,9889,4,1,1,1.0,0.0676283383034817,0.013674955967303393,0.005317017028427129,
5891,9889,4,3,1,3.0,0.0676283383034817,0.012156333538022257,0.006078166769010962,
5891,9889,4,2,1,2.0,0.0676283383034817,0.037991300095235325,0.0037983945991459933,
5891,9889,4,8,1,8.0,0.0676283383034817,0.015954728137168694,0.0,
5891,9889,4,5,1,5.0,0.0676283383034817,0.024316344127931933,0.0015186224292811357,
5891,9889,4,13,1,13.0,0.0676283383034817,0.011395183797438424,0.004559544339729826,
5891,9889,4,20,1,20.0,0.0676283383034817,0.06610971587420056,0.0022797721698649687,
5891,9889,4,35,1,35.0,0.0676283383034817,0.06686718856289742,0.004559544339729826,
5891,9889,4,50,1,50.0,0.0676283383034817,0.018234500307033552,0.0007574726886968586,
5891,3899,0,1,1,1.0,0.08940489667641038,0.08940489667641038,0.02853437642566259,
5891,3899,0,2,1,2.0,0.08940489667641038,0.03125052802325001,0.01739097375935672,
5891,3899,0,8,1,8.0,0.08940489667641038,0.08940489667641038,0.007882331074802074,
5891,3899,0,3,1,3.0,0.08940489667641038,0.08940489667641038,0.02581822482807561,
5891,3899,0,5,1,5.0,0.08940489667641038,0.08940489667641038,0.009512866870554193,
5891,3899,0,13,1,13.0,0.08940489667641038,0.08940489667641038,0.02907929641957996,
5891,3899,0,20,1,20.0,0.08940489667641038,0.0807072977037323,0.0,
5891,3899,0,35,1,35.0,0.08940489667641038,0.05027203757835885,0.04157866279168021,
5891,3899,1,1,1,1.0,0.19456600713042593,0.16277478329925799,0.02554365273811743,
5891,3899,0,50,1,50.0,0.08940489667641038,0.06630704763192119,0.02092661744081925,
5891,3899,1,2,1,2.0,0.19456600713042593,0.03722775121234123,0.03206579592112602,
5891,3899,1,3,1,3.0,0.19456600713042593,0.19456600713042593,0.0323403680110842,
5891,3899,1,5,1,5.0,0.19456600713042593,0.19456600713042593,0.015219742155686666,
5891,3899,1,8,1,8.0,0.19456600713042593,0.19456600713042593,0.0470109659868545,
5891,3899,1,13,1,13.0,0.19456600713042593,0.02038169744690188,0.005706875285132473,
5891,3899,1,20,1,20.0,0.19456600713042593,0.19456600713042593,0.005706875285132473,
5891,3899,1,35,1,35.0,0.19456600713042593,0.19456600713042593,0.014404474257810662,
5891,3899,1,50,1,50.0,0.19456600713042593,0.16304513120321718,0.16304513120321718,
5891,3899,2,1,1,1.0,0.270111349542943,0.16712147069259753,0.12228596049541252,
5891,3899,2,2,1,2.0,0.270111349542943,0.12228596049541252,0.0323403680110842,
5891,3899,2,3,1,3.0,0.270111349542943,0.2671206258553974,0.022012233242654,
5891,3899,2,5,1,5.0,0.270111349542943,0.022012233242654,0.015219742155686666,
5891,3899,2,8,1,8.0,0.270111349542943,0.2668502779514387,0.026358920635993544,
5891,3899,2,13,1,13.0,0.270111349542943,0.08994559248432832,0.007882331074802074,
5891,3899,2,20,1,20.0,0.270111349542943,0.09212104827399781,0.08396836929523654,
5891,3899,2,35,1,35.0,0.270111349542943,0.2255461872497172,0.03505651960867162,
5891,3899,2,50,1,50.0,0.270111349542943,0.22717672304546932,0.016305357957521527,
5891,3899,3,1,1,1.0,0.27065204535086085,0.19891269452376548,0.1298937194802564,
5891,3899,3,2,1,2.0,0.27065204535086085,0.2676655458493148,0.04538043019110238,
5891,3899,3,3,1,3.0,0.27065204535086085,0.24266258891911519,0.01603501005356278,
5891,3899,3,5,1,5.0,0.27065204535086085,0.16793673859047364,0.02228258114661319,
5891,3899,3,8,1,8.0,0.27065204535086085,0.06766301133771513,0.013044286366017177,
5891,3899,3,20,1,20.0,0.27065204535086085,0.01603501005356278,0.01603501005356278,
5891,3899,3,35,1,35.0,0.27065204535086085,0.02038169744690188,0.012229018468141062,
5891,3899,3,13,1,13.0,0.27065204535086085,0.03424125171079562,0.012773938462058432,
5891,3899,3,50,1,50.0,0.27065204535086085,0.0032610715915043498,0.0032610715915043498,
5891,3899,4,1,1,1.0,0.08940489667641038,0.02228258114661319,0.02228258114661319,
5891,3899,4,2,1,2.0,0.08940489667641038,0.08940489667641038,0.0038059915854216086,
5891,3899,4,3,1,3.0,0.08940489667641038,0.0038059915854216086,0.0038059915854216086,
5891,3899,4,5,1,5.0,0.08940489667641038,0.08940489667641038,0.014404474257810662,
5891,3899,4,8,1,8.0,0.08940489667641038,0.014404474257810662,0.0032610715915043498,
5891,3899,4,13,1,13.0,0.08940489667641038,0.05462294915769739,0.014129902167852482,
5891,3899,4,35,1,35.0,0.08940489667641038,0.026358920635993544,0.012499366372100251,
5891,3899,4,20,1,20.0,0.08940489667641038,0.012773938462058432,0.007337411080884704,
5891,3899,4,50,1,50.0,0.08940489667641038,0.012773938462058432,0.005706875285132473,
5891,6566,0,1,1,1.0,0.16845111474138152,0.14694371643141635,0.06092587586822862,
5891,6566,0,2,1,2.0,0.16845111474138152,0.1612819819713931,0.04658761032825187,
5891,6566,0,3,1,3.0,0.16845111474138152,0.06092587586822862,0.04300304394325771,
5891,6566,0,5,1,5.0,0.16845111474138152,0.028664778403280966,0.028664778403280966,
5891,6566,0,8,1,8.0,0.16845111474138152,0.06092587586822862,0.014338265539976747,
5891,6566,0,13,1,13.0,0.16845111474138152,0.1075252388731529,0.025080212018286807,
5891,6566,0,20,1,20.0,0.16845111474138152,0.16845111474138152,0.028664778403280966,
5891,6566,0,35,1,35.0,0.16845111474138152,0.16486654835638725,0.007169132769988318,
5891,6566,1,1,1,1.0,0.09318697333317616,0.09318697333317616,0.039418477558263554,
5891,6566,0,50,1,50.0,0.16845111474138152,0.13978633633810045,0.028664778403280966,
5891,6566,1,2,1,2.0,0.09318697333317616,0.09318697333317616,0.04300304394325771,
5891,6566,1,3,1,3.0,0.09318697333317616,0.09318697333317616,0.04300304394325771,
5891,6566,1,5,1,5.0,0.09318697333317616,0.09318697333317616,0.035833911173269284,
5891,6566,1,8,1,8.0,0.09318697333317616,0.07884870779319941,0.035833911173269284,
5891,6566,1,13,1,13.0,0.09318697333317616,0.09318697333317616,0.017922831924970906,
5891,6566,1,20,1,20.0,0.09318697333317616,0.035833911173269284,0.035833911173269284,
5891,6566,1,35,1,35.0,0.09318697333317616,0.035833911173269284,0.017922831924970906,
5891,6566,1,50,1,50.0,0.09318697333317616,0.04300304394325771,0.035833911173269284,
5891,6566,2,1,1,1.0,0.089602406948182,0.089602406948182,0.07526414140820525,
5891,6566,2,2,1,2.0,0.089602406948182,0.089602406948182,0.04300304394325771,
5891,6566,2,3,1,3.0,0.089602406948182,0.05017217671324603,0.035833911173269284,
5891,6566,2,5,1,5.0,0.089602406948182,0.0716795750232111,0.039418477558263554,
5891,6566,2,8,1,8.0,0.089602406948182,0.039418477558263554,0.039418477558263554,
5891,6566,2,13,1,13.0,0.089602406948182,0.05017217671324603,0.032249344788275125,
5891,6566,2,20,1,20.0,0.089602406948182,0.04300304394325771,0.032249344788275125,
5891,6566,2,35,1,35.0,0.089602406948182,0.014338265539976747,0.007169132769988318,
5891,6566,2,50,1,50.0,0.089602406948182,0.089602406948182,0.017922831924970906,
5891,6566,3,1,1,1.0,0.12903263718311797,0.12903263718311797,0.04300304394325771,
5891,6566,3,2,1,2.0,0.12903263718311797,0.07884870779319941,0.039418477558263554,
5891,6566,3,3,1,3.0,0.12903263718311797,0.12186350441312965,0.039418477558263554,
5891,6566,3,5,1,5.0,0.12903263718311797,0.039418477558263554,0.039418477558263554,
5891,6566,3,8,1,8.0,0.12903263718311797,0.1254480707981238,0.089602406948182,
5891,6566,3,13,1,13.0,0.12903263718311797,0.07884870779319941,0.032249344788275125,
5891,6566,3,20,1,20.0,0.12903263718311797,0.08243327417819368,0.007169132769988318,
5891,6566,3,35,1,35.0,0.12903263718311797,0.04300304394325771,0.028664778403280966,
5891,6566,3,50,1,50.0,0.12903263718311797,0.08601784056318784,0.028664778403280966,
5891,6566,4,2,1,2.0,0.07884870779319941,0.07884870779319941,0.06451044225322278,
5891,6566,4,1,1,1.0,0.07884870779319941,0.07884870779319941,0.06092587586822862,
5891,6566,4,5,1,5.0,0.07884870779319941,0.039418477558263554,0.007169132769988318,
5891,6566,4,3,1,3.0,0.07884870779319941,0.06092587586822862,0.04658761032825187,
5891,6566,4,8,1,8.0,0.07884870779319941,0.05017217671324603,0.04658761032825187,
5891,6566,4,13,1,13.0,0.07884870779319941,0.07884870779319941,0.0,
5891,6566,4,20,1,20.0,0.07884870779319941,0.04300304394325771,0.035833911173269284,
5891,6566,4,35,1,35.0,0.07884870779319941,0.07884870779319941,0.032249344788275125,
5891,6566,4,50,1,50.0,0.07884870779319941,0.017922831924970906,0.007169132769988318,
5891,9980,0,1,1,1.0,0.09091355358106923,0.09091355358106923,0.09091355358106923,
5891,9980,0,2,1,2.0,0.09091355358106923,0.09091355358106923,0.09091355358106923,
5891,9980,0,3,1,3.0,0.09091355358106923,0.09091355358106923,0.09091355358106923,
5891,9980,0,5,1,5.0,0.09091355358106923,0.09091355358106923,0.09091355358106923,
5891,9980,0,8,1,8.0,0.09091355358106923,0.09091355358106923,0.09091355358106923,
5891,9980,0,13,1,13.0,0.09091355358106923,0.09091355358106923,0.0,
5891,9980,0,20,1,20.0,0.09091355358106923,0.09091355358106923,0.09091355358106923,
5891,9980,0,35,1,35.0,0.09091355358106923,0.09091355358106923,0.09091355358106923,
5891,9980,0,50,1,50.0,0.09091355358106923,0.09091355358106923,0.09091355358106923,
5891,9980,1,1,1,1.0,0.09091355358106923,0.09091355358106923,0.09091355358106923,
5891,9980,1,2,1,2.0,0.09091355358106923,0.09091355358106923,0.09091355358106923,
5891,9980,1,3,1,3.0,0.09091355358106923,0.09091355358106923,0.09091355358106923,
5891,9980,1,8,1,8.0,0.09091355358106923,0.09091355358106923,0.09091355358106923,
5891,9980,1,5,1,5.0,0.09091355358106923,0.09091355358106923,0.09091355358106923,
5891,9980,1,13,1,13.0,0.09091355358106923,0.09091355358106923,0.09091355358106923,
5891,9980,1,20,1,20.0,0.09091355358106923,0.09091355358106923,0.09091355358106923,
5891,9980,1,35,1,35.0,0.09091355358106923,0.09091355358106923,0.09091355358106923,
5891,9980,2,1,1,1.0,0.09091355358106923,0.09091355358106923,0.09091355358106923,
5891,9980,1,50,1,50.0,0.09091355358106923,0.09091355358106923,0.09091355358106923,
5891,9980,2,2,1,2.0,0.09091355358106923,0.09091355358106923,0.09091355358106923,
5891,9980,2,3,1,3.0,0.09091355358106923,0.09091355358106923,0.09091355358106923,
5891,9980,2,5,1,5.0,0.09091355358106923,0.09091355358106923,0.09091355358106923,
5891,9980,2,8,1,8.0,0.09091355358106923,0.09091355358106923,0.09091355358106923,
5891,9980,2,20,1,20.0,0.09091355358106923,0.09091355358106923,0.09091355358106923,
5891,9980,2,13,1,13.0,0.09091355358106923,0.09091355358106923,0.09091355358106923,
5891,9980,2,35,1,35.0,0.09091355358106923,0.09091355358106923,0.09091355358106923,
5891,9980,2,50,1,50.0,0.09091355358106923,0.09091355358106923,0.09091355358106923,
5891,9980,3,1,1,1.0,0.09091355358106923,0.09091355358106923,0.09091355358106923,
5891,9980,3,2,1,2.0,0.09091355358106923,0.09091355358106923,0.09091355358106923,
5891,9980,3,3,1,3.0,0.09091355358106923,0.09091355358106923,0.09091355358106923,
5891,9980,3,5,1,5.0,0.09091355358106923,0.09091355358106923,0.09091355358106923,
5891,9980,3,20,1,20.0,0.09091355358106923,0.09091355358106923,0.09091355358106923,
5891,9980,3,8,1,8.0,0.09091355358106923,0.09091355358106923,0.09091355358106923,
5891,9980,3,13,1,13.0,0.09091355358106923,0.09091355358106923,0.09091355358106923,
5891,9980,3,35,1,35.0,0.09091355358106923,0.09091355358106923,0.09091355358106923,
5891,9980,3,50,1,50.0,0.09091355358106923,0.09091355358106923,0.09091355358106923,
5891,9980,4,1,1,1.0,0.09091355358106923,0.09091355358106923,0.09091355358106923,
5891,9980,4,3,1,3.0,0.09091355358106923,0.09091355358106923,0.09091355358106923,
5891,9980,4,2,1,2.0,0.09091355358106923,0.09091355358106923,0.09091355358106923,
5891,9980,4,5,1,5.0,0.09091355358106923,0.09091355358106923,0.09091355358106923,
5891,9980,4,8,1,8.0,0.09091355358106923,0.09091355358106923,0.09091355358106923,
5891,9980,4,13,1,13.0,0.09091355358106923,0.09091355358106923,0.09091355358106923,
5891,9980,4,20,1,20.0,0.09091355358106923,0.09091355358106923,0.09091355358106923,
5891,9980,4,35,1,35.0,0.09091355358106923,0.09091355358106923,0.09091355358106923,
5891,9980,4,50,1,50.0,0.09091355358106923,0.09091355358106923,0.09091355358106923,
5891,3891,0,1,1,1.0,0.08722046751127255,0.08722046751127255,0.025694595881079585,
5891,3891,0,5,1,5.0,0.08722046751127255,0.08722046751127255,0.008113095614942,
5891,3891,0,2,1,2.0,0.08722046751127255,0.08722046751127255,0.08722046751127255,
5891,3891,0,3,1,3.0,0.08722046751127255,0.07640378829979044,0.010819024036804348,
5891,3891,0,8,1,8.0,0.08722046751127255,0.07707909799259482,0.008114061131251349,
5891,3891,0,13,1,13.0,0.08722046751127255,0.07843206220352605,0.008113095614942,
5891,3891,0,20,1,20.0,0.08722046751127255,0.07843206220352605,0.02366509412187001,
5891,3891,0,35,1,35.0,0.08722046751127255,0.08722046751127255,0.002705928421862236,
5891,3891,0,50,1,50.0,0.08722046751127255,0.025693489729341934,0.008113095614942,
5891,3891,1,1,1,1.0,0.07707909799259482,0.07707909799259482,0.007437785922137619,
5891,3891,1,2,1,2.0,0.07707909799259482,0.07707909799259482,0.07707909799259482,
5891,3891,1,8,1,8.0,0.07707909799259482,0.008113095614942,0.008113095614942,
5891,3891,1,3,1,3.0,0.07707909799259482,0.07707909799259482,0.012847297940539737,
5891,3891,1,5,1,5.0,0.07707909799259482,0.07707909799259482,0.025693489729341934,
5891,3891,1,13,1,13.0,0.07707909799259482,0.07707909799259482,0.008113095614942,
5891,3891,1,35,1,35.0,0.07707909799259482,0.07707909799259482,0.004734202325597736,
5891,3891,1,20,1,20.0,0.07707909799259482,0.07707909799259482,0.007437785922137619,
5891,3891,1,50,1,50.0,0.07707909799259482,0.008113095614942,0.001352964210931007,
5891,3891,2,1,1,1.0,0.5720084132332561,0.07437551439605494,0.008113095614942,
5891,3891,2,2,1,2.0,0.5720084132332561,0.008113095614942,0.007437785922137619,
5891,3891,2,3,1,3.0,0.5720084132332561,0.008113095614942,0.001352964210931007,
5891,3891,2,8,1,8.0,0.5720084132332561,0.007437785922137619,0.007437785922137619,
5891,3891,2,5,1,5.0,0.5720084132332561,0.07707909799259482,0.008114061131251349,
5891,3891,2,13,1,13.0,0.5720084132332561,0.17579389923347644,0.008114061131251349,
5891,3891,2,20,1,20.0,0.5720084132332561,0.002705928421862236,0.002705928421862236,
5891,3891,2,35,1,35.0,0.5720084132332561,0.008113095614942,0.008113095614942,
5891,3891,3,1,1,1.0,0.17106204173320094,0.1223811232182257,0.03989251320722853,
5891,3891,2,50,1,50.0,0.5720084132332561,0.07843206220352605,0.008113095614942,
5891,3891,3,2,1,2.0,0.17106204173320094,0.08857343172220378,0.002705928421862236,
5891,3891,3,3,1,3.0,0.17106204173320094,0.06693772847391732,0.025694595881079585,
5891,3891,3,5,1,5.0,0.17106204173320094,0.1223811232182257,0.008113095614942,
5891,3891,3,8,1,8.0,0.17106204173320094,0.1223811232182257,0.025693489729341934,
5891,3891,3,35,1,35.0,0.17106204173320094,0.12778829041130568,0.008113095614942,
5891,3891,3,13,1,13.0,0.17106204173320094,0.002705928421862236,0.002705928421862236,
5891,3891,3,20,1,20.0,0.17106204173320094,0.02366509412187001,0.001352964210931007,
5891,3891,3,50,1,50.0,0.17106204173320094,0.12373174260383457,0.12373174260383457,
5891,3891,4,1,1,1.0,0.010141369518677501,0.010141369518677501,0.008114061131251349,
5891,3891,4,3,1,3.0,0.010141369518677501,0.008114061131251349,0.001352964210931007,
5891,3891,4,2,1,2.0,0.010141369518677501,0.010141369518677501,0.010141369518677501,
5891,3891,4,5,1,5.0,0.010141369518677501,0.010141369518677501,0.008113095614942,
5891,3891,4,8,1,8.0,0.010141369518677501,0.010141369518677501,0.008113095614942,
5891,3891,4,13,1,13.0,0.010141369518677501,0.010141369518677501,0.007437785922137619,
5891,3891,4,20,1,20.0,0.010141369518677501,0.010141369518677501,0.004056547807470889,
5891,3891,4,35,1,35.0,0.010141369518677501,0.008113095614942,0.003381238114666507,
5891,3891,4,50,1,50.0,0.010141369518677501,0.008113095614942,0.008113095614942,
5891,3492,0,1,1,1.0,0.42857094572328114,0.42857094572328114,0.0,
5891,3492,0,2,1,2.0,0.42857094572328114,0.0,0.0,
5891,3492,0,3,1,3.0,0.42857094572328114,0.0,0.0,
5891,3492,0,5,1,5.0,0.42857094572328114,0.42857094572328114,0.0,
5891,3492,0,8,1,8.0,0.42857094572328114,0.02127670361501166,0.0,
5891,3492,0,13,1,13.0,0.42857094572328114,0.0,0.0,
5891,3492,0,20,1,20.0,0.42857094572328114,0.42857094572328114,0.0,
5891,3492,0,50,1,50.0,0.42857094572328114,0.0,0.0,
5891,3492,1,1,1,1.0,0.0,0.0,0.0,
5891,3492,0,35,1,35.0,0.42857094572328114,0.42857094572328114,0.0,
5891,3492,1,2,1,2.0,0.0,0.0,0.0,
5891,3492,1,3,1,3.0,0.0,0.0,0.0,
5891,3492,1,5,1,5.0,0.0,0.0,0.0,
5891,3492,1,8,1,8.0,0.0,0.0,0.0,
5891,3492,1,13,1,13.0,0.0,0.0,0.0,
5891,3492,1,20,1,20.0,0.0,0.0,0.0,
5891,3492,1,35,1,35.0,0.0,0.0,0.0,
5891,3492,1,50,1,50.0,0.0,0.0,0.0,
5891,3492,2,1,1,1.0,0.42857094572328114,0.0881453778516107,0.0,
5891,3492,2,2,1,2.0,0.42857094572328114,0.0,0.0,
5891,3492,2,3,1,3.0,0.42857094572328114,0.0,0.0,
5891,3492,2,5,1,5.0,0.42857094572328114,0.0,0.0,
5891,3492,2,8,1,8.0,0.42857094572328114,0.0,0.0,
5891,3492,2,13,1,13.0,0.42857094572328114,0.0,0.0,
5891,3492,2,20,1,20.0,0.42857094572328114,0.0,0.0,
5891,3492,2,35,1,35.0,0.42857094572328114,0.13373903844171386,0.0,
5891,3492,2,50,1,50.0,0.42857094572328114,0.0,0.0,
5891,3492,3,1,1,1.0,0.0,0.0,0.0,
5891,3492,3,2,1,2.0,0.0,0.0,0.0,
5891,3492,3,3,1,3.0,0.0,0.0,0.0,
5891,3492,3,5,1,5.0,0.0,0.0,0.0,
5891,3492,3,8,1,8.0,0.0,0.0,0.0,
5891,3492,3,13,1,13.0,0.0,0.0,0.0,
5891,3492,3,20,1,20.0,0.0,0.0,0.0,
5891,3492,3,35,1,35.0,0.0,0.0,0.0,
5891,3492,3,50,1,50.0,0.0,0.0,0.0,
5891,3492,4,1,1,1.0,0.319148864256659,0.0,0.0,
5891,3492,4,2,1,2.0,0.319148864256659,0.0,0.0,
5891,3492,4,3,1,3.0,0.319148864256659,0.0,0.0,
5891,3492,4,5,1,5.0,0.319148864256659,0.0,0.0,
5891,3492,4,8,1,8.0,0.319148864256659,0.0,0.0,
5891,3492,4,13,1,13.0,0.319148864256659,0.0,0.0,
5891,3492,4,20,1,20.0,0.319148864256659,0.0,0.0,
5891,3492,4,35,1,35.0,0.319148864256659,0.0,0.0,
5891,3492,4,50,1,50.0,0.319148864256659,0.0,0.0,
5636,146064,0,1,1,1.0,0.2679988435192596,0.2679988435192596,0.2679988435192596,
5636,146064,0,2,1,2.0,0.2679988435192596,0.2679988435192596,0.2679988435192596,
5636,146064,0,3,1,3.0,0.2679988435192596,0.2679988435192596,0.1760008006405125,
5636,146064,0,8,1,8.0,0.2679988435192596,0.1760008006405125,0.1760008006405125,
5636,146064,0,5,1,5.0,0.2679988435192596,0.2679988435192596,0.2679988435192596,
5636,146064,0,13,1,13.0,0.2679988435192596,0.2679988435192596,0.2079997331198291,
5636,146064,0,20,1,20.0,0.2679988435192596,0.2679988435192596,0.2679988435192596,
5636,146064,0,35,1,35.0,0.2679988435192596,0.2679988435192596,0.2400008896005692,
5636,146064,0,50,1,50.0,0.2679988435192596,0.2679988435192596,0.2400008896005692,
5636,146064,1,1,1,1.0,0.4439996441597721,0.2840005337603416,0.2840005337603416,
5636,146064,1,2,1,2.0,0.4439996441597721,0.28799928831954447,0.24800062272039836,
5636,146064,1,3,1,3.0,0.4439996441597721,0.4439996441597721,0.12800017792011387,
5636,146064,1,5,1,5.0,0.4439996441597721,0.4439996441597721,0.10799973311982913,
5636,146064,1,8,1,8.0,0.4439996441597721,0.4439996441597721,0.2640000889600568,
5636,146064,1,20,1,20.0,0.4439996441597721,0.3239991993594876,0.235999911039943,
5636,146064,1,13,1,13.0,0.4439996441597721,0.4439996441597721,0.4439996441597721,
5636,146064,1,35,1,35.0,0.4439996441597721,0.4439996441597721,0.4439996441597721,
5636,146064,1,50,1,50.0,0.4439996441597721,0.4439996441597721,0.18799928831954438,
5636,146064,2,1,1,1.0,0.24399964415977204,0.24399964415977204,0.24399964415977204,
5636,146064,2,2,1,2.0,0.24399964415977204,0.24399964415977204,0.24399964415977204,
5636,146064,2,3,1,3.0,0.24399964415977204,0.24399964415977204,0.24399964415977204,
5636,146064,2,5,1,5.0,0.24399964415977204,0.24399964415977204,0.24399964415977204,
5636,146064,2,8,1,8.0,0.24399964415977204,0.24399964415977204,0.24399964415977204,
5636,146064,2,35,1,35.0,0.24399964415977204,0.24399964415977204,0.2400008896005692,
5636,146064,2,20,1,20.0,0.24399964415977204,0.24399964415977204,0.24399964415977204,
5636,146064,2,13,1,13.0,0.24399964415977204,0.24399964415977204,0.24399964415977204,
5636,146064,2,50,1,50.0,0.24399964415977204,0.2039987545592029,0.2039987545592029,
5636,146064,3,1,1,1.0,0.4439996441597721,0.4439996441597721,0.29200026688017067,
5636,146064,3,2,1,2.0,0.4439996441597721,0.29200026688017067,0.2599991103994306,
5636,146064,3,3,1,3.0,0.4439996441597721,0.4439996441597721,0.4439996441597721,
5636,146064,3,5,1,5.0,0.4439996441597721,0.4439996441597721,0.28799928831954447,
5636,146064,3,8,1,8.0,0.4439996441597721,0.4120007116804554,0.29200026688017067,
5636,146064,3,13,1,13.0,0.4439996441597721,0.4439996441597721,0.4120007116804554,
5636,146064,3,20,1,20.0,0.4439996441597721,0.4439996441597721,0.14800062272039838,
5636,146064,3,35,1,35.0,0.4439996441597721,0.2519993772796014,0.24399964415977204,
5636,146064,4,1,1,1.0,0.4439996441597721,0.4439996441597721,0.2679988435192596,
5636,146064,3,50,1,50.0,0.4439996441597721,0.29200026688017067,0.2640000889600568,
5636,146064,4,2,1,2.0,0.4439996441597721,0.2679988435192596,0.2519993772796014,
5636,146064,4,3,1,3.0,0.4439996441597721,0.4439996441597721,0.4120007116804554,
5636,146064,4,5,1,5.0,0.4439996441597721,0.4439996441597721,0.29200026688017067,
5636,146064,4,8,1,8.0,0.4439996441597721,0.4439996441597721,0.29200026688017067,
5636,146064,4,13,1,13.0,0.4439996441597721,0.27199982207988616,0.2519993772796014,
5636,146064,4,20,1,20.0,0.4439996441597721,0.4439996441597721,0.2519993772796014,
5636,146064,4,50,1,50.0,0.4439996441597721,0.4120007116804554,0.2799995551997153,
5636,146064,4,35,1,35.0,0.4439996441597721,0.4120007116804554,0.4120007116804554,
5636,145804,0,1,1,1.0,0.8475182003172951,0.5496444865693039,0.5496444865693039,
5636,145804,0,3,1,3.0,0.8475182003172951,0.8475182003172951,0.0,
5636,145804,0,2,1,2.0,0.8475182003172951,0.8475182003172951,0.836878276142042,
5636,145804,0,5,1,5.0,0.8475182003172951,0.8475182003172951,0.6702133080584174,
5636,145804,0,8,1,8.0,0.8475182003172951,0.836878276142042,0.1276587071065317,
5636,145804,0,20,1,20.0,0.8475182003172951,0.836878276142042,0.2198577946277217,
5636,145804,0,13,1,13.0,0.8475182003172951,0.1276587071065317,0.1276587071065317,
5636,145804,0,35,1,35.0,0.8475182003172951,0.7411359443951855,0.08155916334593694,
5636,145804,0,50,1,50.0,0.8475182003172951,0.836878276142042,0.06028271216151493,
5636,145804,1,3,1,3.0,0.9432639292302358,0.9432639292302358,0.836878276142042,
5636,145804,1,1,1,1.0,0.9432639292302358,0.07092263633676799,0.07092263633676799,
5636,145804,1,2,1,2.0,0.9432639292302358,0.9432639292302358,0.836878276142042,
5636,145804,1,5,1,5.0,0.9432639292302358,0.9432639292302358,0.5390079595601349,
5636,145804,1,8,1,8.0,0.9432639292302358,0.836878276142042,0.2836871481809874,
5636,145804,1,13,1,13.0,0.9432639292302358,0.836878276142042,0.14893515829095372,
5636,145804,1,20,1,20.0,0.9432639292302358,0.13120534849828291,0.1063822559221097,
5636,145804,1,35,1,35.0,0.9432639292302358,0.18085153365062845,0.11347553870561167,
5636,145804,1,50,1,50.0,0.9432639292302358,0.2836871481809874,0.07446588056243497,
5636,145804,2,1,1,1.0,0.9929067172164977,0.836878276142042,0.836878276142042,
5636,145804,2,13,1,13.0,0.9929067172164977,0.836878276142042,0.1985813434432997,
5636,145804,2,3,1,3.0,0.9929067172164977,0.7411359443951855,0.6737599494501686,
5636,145804,2,5,1,5.0,0.9929067172164977,0.9929067172164977,0.5638310521363077,
5636,145804,2,2,1,2.0,0.9929067172164977,0.18085153365062845,0.18085153365062845,
5636,145804,2,8,1,8.0,0.9929067172164977,0.9929067172164977,0.4290790622462741,
5636,145804,2,20,1,20.0,0.9929067172164977,0.9929067172164977,0.1950347020515485,
5636,145804,2,35,1,35.0,0.9929067172164977,0.836878276142042,0.053189429378012965,
5636,145804,2,50,1,50.0,0.9929067172164977,0.9929067172164977,0.1063822559221097,
5636,145804,3,1,1,1.0,0.836878276142042,0.836878276142042,0.6347502913069916,
5636,145804,3,2,1,2.0,0.836878276142042,0.836878276142042,0.6595733838831648,
5636,145804,3,3,1,3.0,0.836878276142042,0.836878276142042,0.26950397978006724,
5636,145804,3,5,1,5.0,0.836878276142042,0.6737599494501686,0.15957508246620677,
5636,145804,3,8,1,8.0,0.836878276142042,0.2553174142130634,0.15957508246620677,
5636,145804,3,13,1,13.0,0.836878276142042,0.7375893030034343,0.14893515829095372,
5636,145804,3,20,1,20.0,0.836878276142042,0.5886507475463967,0.1276587071065317,
5636,145804,3,35,1,35.0,0.836878276142042,0.7269493788281816,0.1950347020515485,
5636,145804,3,50,1,50.0,0.836878276142042,0.14893515829095372,0.1241120657147805,
5636,145804,4,1,1,1.0,0.9929067172164977,0.6737599494501686,0.6631200252749155,
5636,145804,4,2,1,2.0,0.9929067172164977,0.836878276142042,0.6631200252749155,
5636,145804,4,3,1,3.0,0.9929067172164977,0.836878276142042,0.11347553870561167,
5636,145804,4,8,1,8.0,0.9929067172164977,0.9929067172164977,0.31914676776632944,
5636,145804,4,13,1,13.0,0.9929067172164977,0.9929067172164977,0.08865244612943879,
5636,145804,4,5,1,5.0,0.9929067172164977,0.9929067172164977,0.836878276142042,
5636,145804,4,50,1,50.0,0.9929067172164977,0.9929067172164977,0.11347553870561167,
5636,145804,4,20,1,20.0,0.9929067172164977,0.9929067172164977,0.9929067172164977,
5636,145804,4,35,1,35.0,0.9929067172164977,0.8687946515017171,0.06382935355326602,
5636,9914,0,1,1,1.0,1.0,0.36665949782246476,0.29445131458680796,
5636,9914,0,2,1,2.0,1.0,0.36665949782246476,0.36665949782246476,
5636,9914,0,3,1,3.0,1.0,0.36665949782246476,0.20554868541319504,
5636,9914,0,8,1,8.0,1.0,0.24998655841712025,0.24998655841712025,
5636,9914,0,13,1,13.0,1.0,1.0,0.20554868541319504,
5636,9914,0,20,1,20.0,1.0,1.0,0.3055540620463487,
5636,9914,0,5,1,5.0,1.0,0.27221893650196416,0.22778106349803884,
5636,9914,0,35,1,35.0,1.0,0.2555513737297703,0.20554868541319504,
5636,9914,0,50,1,50.0,1.0,1.0,0.36665949782246476,
5636,9914,1,1,1,1.0,1.0,0.27778375181461423,0.20554868541319504,
5636,9914,1,2,1,2.0,1.0,0.36665949782246476,0.36665949782246476,
5636,9914,1,3,1,3.0,1.0,0.36665949782246476,0.1666756277219228,
5636,9914,1,5,1,5.0,1.0,1.0,0.27221893650196416,
5636,9914,1,20,1,20.0,1.0,0.36665949782246476,0.11110812409269444,
5636,9914,1,8,1,8.0,1.0,0.36665949782246476,0.3055540620463487,
5636,9914,1,13,1,13.0,1.0,0.36665949782246476,0.1888811226410042,
5636,9914,1,35,1,35.0,1.0,1.0,0.36665949782246476,
5636,9914,2,1,1,1.0,0.36665949782246476,0.24444862627022967,0.24444862627022967,
5636,9914,1,50,1,50.0,1.0,0.3055540620463487,0.3055540620463487,
5636,9914,2,2,1,2.0,0.36665949782246476,0.36665949782246476,0.36665949782246476,
5636,9914,2,3,1,3.0,0.36665949782246476,0.24444862627022967,0.24444862627022967,
5636,9914,2,5,1,5.0,0.36665949782246476,0.24444862627022967,0.24444862627022967,
5636,9914,2,13,1,13.0,0.36665949782246476,0.21111350072584512,0.21111350072584512,
5636,9914,2,20,1,20.0,0.36665949782246476,0.36665949782246476,0.07223506640142219,
5636,9914,2,35,1,35.0,0.36665949782246476,0.36665949782246476,0.36665949782246476,
5636,9914,2,8,1,8.0,0.36665949782246476,0.20554868541319504,0.20001075326630435,
5636,9914,2,50,1,50.0,0.36665949782246476,0.36665949782246476,0.36665949782246476,
5636,9914,3,1,1,1.0,1.0,0.36665949782246476,0.2555513737297703,
5636,9914,3,2,1,2.0,1.0,0.36665949782246476,0.36665949782246476,
5636,9914,3,3,1,3.0,1.0,0.36665949782246476,0.21667831603849808,
5636,9914,3,5,1,5.0,1.0,0.36665949782246476,0.08333781386096284,
5636,9914,3,8,1,8.0,1.0,0.36665949782246476,0.144443249637079,
5636,9914,3,13,1,13.0,1.0,0.144443249637079,0.144443249637079,
5636,9914,3,20,1,20.0,1.0,0.36665949782246476,0.20554868541319504,
5636,9914,3,50,1,50.0,1.0,0.21111350072584512,0.03333512554438456,
5636,9914,3,35,1,35.0,1.0,0.36665949782246476,0.21667831603849808,
5636,9914,4,1,1,1.0,0.36665949782246476,0.36665949782246476,0.24998655841712025,
5636,9914,4,5,1,5.0,0.36665949782246476,0.36665949782246476,0.11110812409269444,
5636,9914,4,2,1,2.0,0.36665949782246476,0.36665949782246476,0.24998655841712025,
5636,9914,4,3,1,3.0,0.36665949782246476,0.24998655841712025,0.20554868541319504,
5636,9914,4,8,1,8.0,0.36665949782246476,0.36665949782246476,0.15554599709661965,
5636,9914,4,13,1,13.0,0.36665949782246476,0.36665949782246476,0.144443249637079,
5636,9914,4,20,1,20.0,0.36665949782246476,0.36665949782246476,0.20554868541319504,
5636,9914,4,35,1,35.0,0.36665949782246476,0.21111350072584512,0.11110812409269444,
5636,146065,0,2,1,2.0,0.8450692700544568,0.8450692700544568,0.8450692700544568,
5636,9914,4,50,1,50.0,0.36665949782246476,0.20554868541319504,0.055567503629228354,
5636,146065,0,1,1,1.0,0.8450692700544568,0.8450692700544568,0.8450692700544568,
5636,146065,0,3,1,3.0,0.8450692700544568,0.8450692700544568,0.6525803447983972,
5636,146065,0,5,1,5.0,0.8450692700544568,0.8450692700544568,0.8450692700544568,
5636,146065,0,8,1,8.0,0.8450692700544568,0.8450692700544568,0.8450692700544568,
5636,146065,0,13,1,13.0,0.8450692700544568,0.8450692700544568,0.8450692700544568,
5636,146065,0,20,1,20.0,0.8450692700544568,0.8450692700544568,0.8450692700544568,
5636,146065,0,50,1,50.0,0.8450692700544568,0.4413137326824865,0.4413137326824865,
5636,146065,0,35,1,35.0,0.8450692700544568,0.8450692700544568,0.8450692700544568,
5636,146065,1,1,1,1.0,0.8450692700544568,0.8450692700544568,0.8450692700544568,
5636,146065,1,2,1,2.0,0.8450692700544568,0.8450692700544568,0.8450692700544568,
5636,146065,1,3,1,3.0,0.8450692700544568,0.8450692700544568,0.8450692700544568,
5636,146065,1,5,1,5.0,0.8450692700544568,0.8450692700544568,0.8450692700544568,
5636,146065,1,8,1,8.0,0.8450692700544568,0.8450692700544568,0.8450692700544568,
5636,146065,1,13,1,13.0,0.8450692700544568,0.8450692700544568,0.8450692700544568,
5636,146065,1,20,1,20.0,0.8450692700544568,0.8450692700544568,0.5117378177816653,
5636,146065,1,35,1,35.0,0.8450692700544568,0.8450692700544568,0.8450692700544568,
5636,146065,2,1,1,1.0,0.7887305662932763,0.7887305662932763,0.7887305662932763,
5636,146065,1,50,1,50.0,0.8450692700544568,0.8450692700544568,0.8450692700544568,
5636,146065,2,2,1,2.0,0.7887305662932763,0.7887305662932763,0.7887305662932763,
5636,146065,2,5,1,5.0,0.7887305662932763,0.7887305662932763,0.7887305662932763,
5636,146065,2,3,1,3.0,0.7887305662932763,0.7887305662932763,0.7887305662932763,
5636,146065,2,8,1,8.0,0.7887305662932763,0.7887305662932763,0.6760559803617279,
5636,146065,2,13,1,13.0,0.7887305662932763,0.3286391467509383,0.3286391467509383,
5636,146065,2,20,1,20.0,0.7887305662932763,0.708919048559578,0.17370841680539473,
5636,146065,2,35,1,35.0,0.7887305662932763,0.7887305662932763,0.7605626252080923,
5636,146065,2,50,1,50.0,0.7887305662932763,0.7887305662932763,0.7887305662932763,
5636,146065,3,1,1,1.0,0.713614175672244,0.713614175672244,0.4788719279930025,
5636,146065,3,2,1,2.0,0.713614175672244,0.4788719279930025,0.4788719279930025,
5636,146065,3,3,1,3.0,0.713614175672244,0.713614175672244,0.713614175672244,
5636,146065,3,8,1,8.0,0.713614175672244,0.713614175672244,0.713614175672244,
5636,146065,3,5,1,5.0,0.713614175672244,0.713614175672244,0.713614175672244,
5636,146065,3,13,1,13.0,0.713614175672244,0.4788719279930025,0.21126661211591102,
5636,146065,3,20,1,20.0,0.713614175672244,0.713614175672244,0.5352106317541829,
5636,146065,3,35,1,35.0,0.713614175672244,0.713614175672244,0.5352106317541829,
5636,146065,4,1,1,1.0,0.8450692700544568,0.37089246917412044,0.37089246917412044,
5636,146065,3,50,1,50.0,0.713614175672244,0.6103270223752151,0.4272311729353008,
5636,146065,4,5,1,5.0,0.8450692700544568,0.8450692700544568,0.8450692700544568,
5636,146065,4,3,1,3.0,0.8450692700544568,0.8450692700544568,0.4272311729353008,
5636,146065,4,2,1,2.0,0.8450692700544568,0.8450692700544568,0.7840354391806101,
5636,146065,4,13,1,13.0,0.8450692700544568,0.8450692700544568,0.8450692700544568,
5636,146065,4,20,1,20.0,0.8450692700544568,0.8450692700544568,0.8450692700544568,
5636,146065,4,35,1,35.0,0.8450692700544568,0.8450692700544568,0.8450692700544568,
5636,146065,4,8,1,8.0,0.8450692700544568,0.8450692700544568,0.8450692700544568,
5636,146065,4,50,1,50.0,0.8450692700544568,0.8450692700544568,0.3004683840749416,
5636,10101,0,1,1,1.0,0.6279094040288062,0.6279094040288062,0.11627178791357762,
5636,10101,0,3,1,3.0,0.6279094040288062,0.6279094040288062,0.6279094040288062,
5636,10101,0,5,1,5.0,0.6279094040288062,0.6279094040288062,0.6279094040288062,
5636,10101,0,2,1,2.0,0.6279094040288062,0.6279094040288062,0.6279094040288062,
5636,10101,0,8,1,8.0,0.6279094040288062,0.6279094040288062,0.6279094040288062,
5636,10101,0,35,1,35.0,0.6279094040288062,0.6279094040288062,0.6279094040288062,
5636,10101,0,13,1,13.0,0.6279094040288062,0.6279094040288062,0.11627178791357762,
5636,10101,0,20,1,20.0,0.6279094040288062,0.6279094040288062,0.11627178791357762,
5636,10101,0,50,1,50.0,0.6279094040288062,0.6279094040288062,0.11627178791357762,
5636,10101,1,1,1,1.0,0.6279094040288062,0.27905924920850333,0.09301395122290645,
5636,10101,1,3,1,3.0,0.6279094040288062,0.6279094040288062,0.6279094040288062,
5636,10101,1,2,1,2.0,0.6279094040288062,0.09301395122290645,0.09301395122290645,
5636,10101,1,5,1,5.0,0.6279094040288062,0.6279094040288062,0.6279094040288062,
5636,10101,1,8,1,8.0,0.6279094040288062,0.32557492258984755,0.11627178791357762,
5636,10101,1,13,1,13.0,0.6279094040288062,0.6279094040288062,0.16278746129492383,
5636,10101,1,35,1,35.0,0.6279094040288062,0.6279094040288062,0.11627178791357762,
5636,10101,1,20,1,20.0,0.6279094040288062,0.6279094040288062,0.11627178791357762,
5636,10101,2,1,1,1.0,0.6279094040288062,0.6279094040288062,0.6279094040288062,
5636,10101,1,50,1,50.0,0.6279094040288062,0.6279094040288062,0.6279094040288062,
5636,10101,2,2,1,2.0,0.6279094040288062,0.6279094040288062,0.6279094040288062,
5636,10101,2,3,1,3.0,0.6279094040288062,0.6279094040288062,0.186045297985595,
5636,10101,2,5,1,5.0,0.6279094040288062,0.6279094040288062,0.11627178791357762,
5636,10101,2,13,1,13.0,0.6279094040288062,0.6279094040288062,0.11627178791357762,
5636,10101,2,8,1,8.0,0.6279094040288062,0.6279094040288062,0.6279094040288062,
5636,10101,2,20,1,20.0,0.6279094040288062,0.6279094040288062,0.6279094040288062,
5636,10101,2,50,1,50.0,0.6279094040288062,0.6279094040288062,0.6279094040288062,
5636,10101,3,1,1,1.0,0.6279094040288062,0.6279094040288062,0.3488327592805207,
5636,10101,3,2,1,2.0,0.6279094040288062,0.6279094040288062,0.20930313467626804,
5636,10101,2,35,1,35.0,0.6279094040288062,0.6279094040288062,0.11627178791357762,
5636,10101,3,3,1,3.0,0.6279094040288062,0.6279094040288062,0.6279094040288062,
5636,10101,3,5,1,5.0,0.6279094040288062,0.6279094040288062,0.11627178791357762,
5636,10101,3,13,1,13.0,0.6279094040288062,0.20930313467626804,0.11627178791357762,
5636,10101,3,8,1,8.0,0.6279094040288062,0.6279094040288062,0.20930313467626804,
5636,10101,3,20,1,20.0,0.6279094040288062,0.6279094040288062,0.11627178791357762,
5636,10101,3,50,1,50.0,0.6279094040288062,0.6279094040288062,0.6279094040288062,
5636,10101,4,1,1,1.0,0.3023170858991745,0.3023170858991745,0.3023170858991745,
5636,10101,3,35,1,35.0,0.6279094040288062,0.6279094040288062,0.11627178791357762,
5636,10101,4,3,1,3.0,0.3023170858991745,0.3023170858991745,0.11627178791357762,
5636,10101,4,2,1,2.0,0.3023170858991745,0.3023170858991745,0.3023170858991745,
5636,10101,4,5,1,5.0,0.3023170858991745,0.3023170858991745,0.11627178791357762,
5636,10101,4,8,1,8.0,0.3023170858991745,0.11627178791357762,0.11627178791357762,
5636,10101,4,35,1,35.0,0.3023170858991745,0.11627178791357762,0.11627178791357762,
5636,10101,4,13,1,13.0,0.3023170858991745,0.27905924920850333,0.11627178791357762,
5636,10101,4,20,1,20.0,0.3023170858991745,0.11627178791357762,0.11627178791357762,
5636,10101,4,50,1,50.0,0.3023170858991745,0.11627178791357762,0.11627178791357762,
5636,31,0,1,1,1.0,0.9310344827586207,0.9310344827586207,0.15517241379310343,
5636,31,0,2,1,2.0,0.9310344827586207,0.6379310344827587,0.3620689655172413,
5636,31,0,5,1,5.0,0.9310344827586207,0.9310344827586207,0.1724137931034483,
5636,31,0,3,1,3.0,0.9310344827586207,0.9310344827586207,0.9310344827586207,
5636,31,0,8,1,8.0,0.9310344827586207,0.9310344827586207,0.3620689655172413,
5636,31,0,20,1,20.0,0.9310344827586207,0.9310344827586207,0.2586206896551724,
5636,31,0,13,1,13.0,0.9310344827586207,0.4137931034482759,0.27586206896551724,
5636,31,0,50,1,50.0,0.9310344827586207,0.9310344827586207,0.15517241379310343,
5636,31,0,35,1,35.0,0.9310344827586207,0.9310344827586207,0.9310344827586207,
5636,31,1,1,1,1.0,0.5,0.5,0.3275862068965517,
5636,31,1,2,1,2.0,0.5,0.5,0.4482758620689655,
5636,31,1,3,1,3.0,0.5,0.5,0.5,
5636,31,1,5,1,5.0,0.5,0.4482758620689655,0.3793103448275862,
5636,31,1,13,1,13.0,0.5,0.5,0.06896551724137934,
5636,31,1,8,1,8.0,0.5,0.4482758620689655,0.15517241379310343,
5636,31,1,20,1,20.0,0.5,0.2068965517241379,0.2068965517241379,
5636,31,1,35,1,35.0,0.5,0.3620689655172413,0.18965517241379315,
5636,31,2,1,1,1.0,0.9310344827586207,0.9310344827586207,0.4137931034482759,
5636,31,1,50,1,50.0,0.5,0.2586206896551724,0.15517241379310343,
5636,31,2,2,1,2.0,0.9310344827586207,0.9310344827586207,0.9310344827586207,
5636,31,2,3,1,3.0,0.9310344827586207,0.4137931034482759,0.4137931034482759,
5636,31,2,5,1,5.0,0.9310344827586207,0.3620689655172413,0.3620689655172413,
5636,31,2,8,1,8.0,0.9310344827586207,0.9310344827586207,0.1724137931034483,
5636,31,2,13,1,13.0,0.9310344827586207,0.9310344827586207,0.9310344827586207,
5636,31,2,20,1,20.0,0.9310344827586207,0.9310344827586207,0.9310344827586207,
5636,31,2,35,1,35.0,0.9310344827586207,0.9310344827586207,0.3448275862068966,
5636,31,2,50,1,50.0,0.9310344827586207,0.9310344827586207,0.2586206896551724,
5636,31,3,1,1,1.0,0.9310344827586207,0.9310344827586207,0.27586206896551724,
5636,31,3,2,1,2.0,0.9310344827586207,0.27586206896551724,0.27586206896551724,
5636,31,3,3,1,3.0,0.9310344827586207,0.9310344827586207,0.2068965517241379,
5636,31,3,5,1,5.0,0.9310344827586207,0.27586206896551724,0.27586206896551724,
5636,31,3,8,1,8.0,0.9310344827586207,0.9310344827586207,0.2586206896551724,
5636,31,3,13,1,13.0,0.9310344827586207,0.4137931034482759,0.2586206896551724,
5636,31,3,35,1,35.0,0.9310344827586207,0.2068965517241379,0.08620689655172409,
5636,31,3,20,1,20.0,0.9310344827586207,0.4137931034482759,0.18965517241379315,
5636,31,3,50,1,50.0,0.9310344827586207,0.9310344827586207,0.9310344827586207,
5636,31,4,1,1,1.0,0.4137931034482759,0.4137931034482759,0.4137931034482759,
5636,31,4,2,1,2.0,0.4137931034482759,0.4137931034482759,0.4137931034482759,
5636,31,4,3,1,3.0,0.4137931034482759,0.4137931034482759,0.27586206896551724,
5636,31,4,5,1,5.0,0.4137931034482759,0.24137931034482762,0.24137931034482762,
5636,31,4,8,1,8.0,0.4137931034482759,0.4137931034482759,0.1724137931034483,
5636,31,4,13,1,13.0,0.4137931034482759,0.27586206896551724,0.22413793103448276,
5636,31,4,20,1,20.0,0.4137931034482759,0.27586206896551724,0.18965517241379315,
5636,31,4,35,1,35.0,0.4137931034482759,0.15517241379310343,0.15517241379310343,
5636,31,4,50,1,50.0,0.4137931034482759,0.24137931034482762,0.15517241379310343,
5859,9983,0,1,1,1.0,0.9999985010051162,0.8453231243934665,0.8453231243934665,
5859,9983,0,2,1,2.0,0.9999985010051162,0.9999985010051162,0.9999985010051162,
5859,9983,0,3,1,3.0,0.9999985010051162,0.8453231243934665,0.15995756295182406,
5859,9983,0,8,1,8.0,0.9999985010051162,0.9999985010051162,0.32218322588709025,
5859,9983,0,5,1,5.0,0.9999985010051162,0.9999985010051162,0.9999985010051162,
5859,9983,0,13,1,13.0,0.9999985010051162,0.5503005841884873,0.0,
5859,9983,0,20,1,20.0,0.9999985010051162,0.9999985010051162,0.5714293295491859,
5859,9983,0,35,1,35.0,0.9999985010051162,0.9999985010051162,0.1267611693403552,
5859,9983,0,50,1,50.0,0.9999985010051162,0.0,0.0,
5859,9983,1,1,1,1.0,0.9999985010051162,0.9999985010051162,0.33928439835360436,
5859,9983,1,2,1,2.0,0.9999985010051162,0.5714293295491859,0.5503005841884873,
5859,9983,1,3,1,3.0,0.9999985010051162,0.3367714038536783,0.206992380548644,
5859,9983,1,5,1,5.0,0.9999985010051162,0.8453231243934665,0.5503005841884873,
5859,9983,1,8,1,8.0,0.9999985010051162,0.9999985010051162,0.5548292489394784,
5859,9983,1,13,1,13.0,0.9999985010051162,0.5548292489394784,0.20522914002995496,
5859,9983,1,20,1,20.0,0.9999985010051162,0.6929083125493667,0.38707273753960736,
5859,9983,1,35,1,35.0,0.9999985010051162,0.48792783464384215,0.0,
5859,9983,1,50,1,50.0,0.9999985010051162,0.5503005841884873,0.09683129181799588,
5859,9983,2,1,1,1.0,0.9999985010051162,0.6488913489172261,0.5503005841884873,
5859,9983,2,2,1,2.0,0.9999985010051162,0.9999985010051162,0.19265663231443209,
5859,9983,2,3,1,3.0,0.9999985010051162,0.6488913489172261,0.3656953300544782,
5859,9983,2,5,1,5.0,0.9999985010051162,0.9999985010051162,0.4464276331195737,
5859,9983,2,8,1,8.0,0.9999985010051162,0.8453231243934665,0.53043398748967,
5859,9983,2,13,1,13.0,0.9999985010051162,0.9999985010051162,0.5503005841884873,
5859,9983,2,20,1,20.0,0.9999985010051162,0.7394382706814335,0.21805784508580017,
5859,9983,2,35,1,35.0,0.9999985010051162,0.9999985010051162,0.0958253404964362,
5859,9983,2,50,1,50.0,0.9999985010051162,0.9999985010051162,0.9999985010051162,
5859,9983,3,1,1,1.0,0.5714293295491859,0.19265663231443209,0.19265663231443209,
5859,9983,3,2,1,2.0,0.5714293295491859,0.19265663231443209,0.15995756295182406,
5859,9983,3,3,1,3.0,0.5714293295491859,0.3656953300544782,0.3526141952662566,
5859,9983,3,5,1,5.0,0.5714293295491859,0.19265663231443209,0.19265663231443209,
5859,9983,3,8,1,8.0,0.5714293295491859,0.3656953300544782,0.0,
5859,9983,3,13,1,13.0,0.5714293295491859,0.140592058109814,0.09683129181799588,
5859,9983,3,20,1,20.0,0.5714293295491859,0.410462047667856,0.1267611693403552,
5859,9983,3,35,1,35.0,0.5714293295491859,0.5503005841884873,0.3111177613499341,
5859,9983,3,50,1,50.0,0.5714293295491859,0.2615699492531881,0.1267611693403552,
5859,9983,4,1,1,1.0,0.5503005841884873,0.5503005841884873,0.5503005841884873,
5859,9983,4,3,1,3.0,0.5503005841884873,0.5503005841884873,0.0,
5859,9983,4,2,1,2.0,0.5503005841884873,0.5503005841884873,0.0,
5859,9983,4,5,1,5.0,0.5503005841884873,0.32218322588709025,0.32218322588709025,
5859,9983,4,8,1,8.0,0.5503005841884873,0.0,0.0,
5859,9983,4,13,1,13.0,0.5503005841884873,0.47585641878512586,0.4036728181493149,
5859,9983,4,20,1,20.0,0.5503005841884873,0.5503005841884873,0.0,
5859,9983,4,35,1,35.0,0.5503005841884873,0.5503005841884873,0.19265663231443209,
5859,9983,4,50,1,50.0,0.5503005841884873,0.5503005841884873,0.0,
5859,31,0,1,1,1.0,0.9272727272727272,0.9272727272727272,0.9272727272727272,
5859,31,0,2,1,2.0,0.9272727272727272,0.2545454545454545,0.2545454545454545,
5859,31,0,3,1,3.0,0.9272727272727272,0.9272727272727272,0.1454545454545455,
5859,31,0,5,1,5.0,0.9272727272727272,0.9272727272727272,0.9272727272727272,
5859,31,0,8,1,8.0,0.9272727272727272,0.9272727272727272,0.9272727272727272,
5859,31,0,13,1,13.0,0.9272727272727272,0.9272727272727272,0.21818181818181615,
5859,31,0,20,1,20.0,0.9272727272727272,0.36363636363636365,0.1636363636363637,
5859,31,0,35,1,35.0,0.9272727272727272,0.9272727272727272,0.18181818181818177,
5859,31,0,50,1,50.0,0.9272727272727272,0.9272727272727272,0.18181818181818177,
5859,31,1,1,1,1.0,0.9272727272727272,0.9272727272727272,0.4545454545454546,
5859,31,1,2,1,2.0,0.9272727272727272,0.7818181818181819,0.18181818181818177,
5859,31,1,3,1,3.0,0.9272727272727272,0.9272727272727272,0.9272727272727272,
5859,31,1,5,1,5.0,0.9272727272727272,0.9272727272727272,0.1454545454545455,
5859,31,1,8,1,8.0,0.9272727272727272,0.23636363636363633,0.1454545454545455,
5859,31,1,13,1,13.0,0.9272727272727272,0.9272727272727272,0.18181818181818177,
5859,31,1,20,1,20.0,0.9272727272727272,0.21818181818181615,0.18181818181818177,
5859,31,1,35,1,35.0,0.9272727272727272,0.32727272727272727,0.0,
5859,31,1,50,1,50.0,0.9272727272727272,0.9272727272727272,0.9272727272727272,
5859,31,2,1,1,1.0,0.9272727272727272,0.9272727272727272,0.9272727272727272,
5859,31,2,3,1,3.0,0.9272727272727272,0.9272727272727272,0.509090909090909,
5859,31,2,2,1,2.0,0.9272727272727272,0.4363636363636364,0.2545454545454545,
5859,31,2,5,1,5.0,0.9272727272727272,0.9272727272727272,0.23636363636363633,
5859,31,2,13,1,13.0,0.9272727272727272,0.9272727272727272,0.1636363636363637,
5859,31,2,8,1,8.0,0.9272727272727272,0.9272727272727272,0.1636363636363637,
5859,31,2,20,1,20.0,0.9272727272727272,0.9272727272727272,0.12727272727272732,
5859,31,2,35,1,35.0,0.9272727272727272,0.9272727272727272,0.9272727272727272,
5859,31,2,50,1,50.0,0.9272727272727272,0.9272727272727272,0.9272727272727272,
5859,31,3,1,1,1.0,0.9272727272727272,0.5272727272727273,0.5272727272727273,
5859,31,3,2,1,2.0,0.9272727272727272,0.9272727272727272,0.2909090909090909,
5859,31,3,3,1,3.0,0.9272727272727272,0.9272727272727272,0.6363636363636364,
5859,31,3,5,1,5.0,0.9272727272727272,0.9272727272727272,0.23636363636363633,
5859,31,3,8,1,8.0,0.9272727272727272,0.9272727272727272,0.9272727272727272,
5859,31,3,13,1,13.0,0.9272727272727272,0.32727272727272727,0.12727272727272732,
5859,31,3,20,1,20.0,0.9272727272727272,0.9272727272727272,0.10909090909090913,
5859,31,3,35,1,35.0,0.9272727272727272,0.18181818181818177,0.12727272727272732,
5859,31,3,50,1,50.0,0.9272727272727272,0.9272727272727272,0.2727272727272727,
5859,31,4,1,1,1.0,0.9272727272727272,0.34545454545454546,0.34545454545454546,
5859,31,4,2,1,2.0,0.9272727272727272,0.9272727272727272,0.34545454545454546,
5859,31,4,3,1,3.0,0.9272727272727272,0.9272727272727272,0.21818181818181814,
5859,31,4,5,1,5.0,0.9272727272727272,0.9272727272727272,0.21818181818181814,
5859,31,4,8,1,8.0,0.9272727272727272,0.32727272727272727,0.32727272727272727,
5859,31,4,13,1,13.0,0.9272727272727272,0.9272727272727272,0.3090909090909091,
5859,31,4,20,1,20.0,0.9272727272727272,0.1636363636363637,0.12727272727272732,
5859,31,4,35,1,35.0,0.9272727272727272,0.9272727272727272,0.12727272727272732,
5859,31,4,50,1,50.0,0.9272727272727272,0.9272727272727272,0.1454545454545455,
5859,37,0,2,1,2.0,1.0,0.4269663890926353,0.19100832722095196,
5859,37,0,1,1,1.0,1.0,0.19100832722095196,0.19100832722095196,
5859,37,0,3,1,3.0,1.0,0.0,0.0,
5859,37,0,5,1,5.0,1.0,1.0,0.07865556370539739,
5859,37,0,8,1,8.0,1.0,0.19100832722095196,0.07865556370539739,
5859,37,0,13,1,13.0,1.0,0.4269663890926353,0.07865556370539739,
5859,37,0,20,1,20.0,1.0,0.280899167277905,0.07865556370539739,
5859,37,0,35,1,35.0,1.0,1.0,0.0,
5859,37,0,50,1,50.0,1.0,0.08989084005695314,0.0,
5859,37,1,2,1,2.0,0.4269663890926353,0.07865556370539739,0.07865556370539739,
5859,37,1,1,1,1.0,0.4269663890926353,0.19100832722095196,0.19100832722095196,
5859,37,1,3,1,3.0,0.4269663890926353,0.19100832722095196,0.19100832722095196,
5859,37,1,5,1,5.0,0.4269663890926353,0.13483194546317467,0.13483194546317467,
5859,37,1,8,1,8.0,0.4269663890926353,0.19100832722095196,0.06741165810933292,
5859,37,1,13,1,13.0,0.4269663890926353,0.1123613927600644,0.1123613927600644,
5859,37,1,20,1,20.0,0.4269663890926353,0.19100832722095196,0.19100832722095196,
5859,37,1,35,1,35.0,0.4269663890926353,0.34831945463174685,0.07865556370539739,
5859,37,1,50,1,50.0,0.4269663890926353,0.07865556370539739,0.07865556370539739,
5859,37,2,1,1,1.0,1.0,0.280899167277905,0.15730249816628594,
5859,37,2,2,1,2.0,1.0,0.19100832722095196,0.19100832722095196,
5859,37,2,3,1,3.0,1.0,0.19100832722095196,0.19100832722095196,
5859,37,2,5,1,5.0,1.0,0.9438236182422227,0.07865556370539739,
5859,37,2,8,1,8.0,1.0,0.4269663890926353,0.19100832722095196,
5859,37,2,13,1,13.0,1.0,0.12359666911161904,0.10112611640850877,
5859,37,2,20,1,20.0,1.0,1.0,0.4269663890926353,
5859,37,2,35,1,35.0,1.0,1.0,0.06741165810933292,
5859,37,2,50,1,50.0,1.0,0.15730249816628594,0.08989084005695314,
5859,37,3,1,1,1.0,1.0,0.34831945463174685,0.19100832722095196,
5859,37,3,2,1,2.0,1.0,1.0,0.19100832722095196,
5859,37,3,3,1,3.0,1.0,0.19100832722095196,0.19100832722095196,
5859,37,3,5,1,5.0,1.0,0.19100832722095196,0.19100832722095196,
5859,37,3,8,1,8.0,1.0,0.1460672218147303,0.07865556370539739,
5859,37,3,20,1,20.0,1.0,0.4269663890926353,0.07865556370539739,
5859,37,3,13,1,13.0,1.0,0.4269663890926353,0.1460672218147303,
5859,37,3,35,1,35.0,1.0,0.19100832722095196,0.0337058290546669,
5859,37,3,50,1,50.0,1.0,0.685395003667429,0.02247055270311127,
5859,37,4,1,1,1.0,0.07865556370539739,0.07865556370539739,0.07865556370539739,
5859,37,4,2,1,2.0,0.07865556370539739,0.07865556370539739,0.07865556370539739,
5859,37,4,3,1,3.0,0.07865556370539739,0.07865556370539739,0.07865556370539739,
5859,37,4,5,1,5.0,0.07865556370539739,0.02247055270311127,0.02247055270311127,
5859,37,4,8,1,8.0,0.07865556370539739,0.07865556370539739,0.0337058290546669,
5859,37,4,13,1,13.0,0.07865556370539739,0.07865556370539739,0.0337058290546669,
5859,37,4,20,1,20.0,0.07865556370539739,0.07865556370539739,0.07865556370539739,
5859,37,4,35,1,35.0,0.07865556370539739,0.07865556370539739,0.07865556370539739,
5859,37,4,50,1,50.0,0.07865556370539739,0.07865556370539739,0.06741165810933292,
5859,3902,0,1,1,1.0,1.0,1.0,0.3055364302782386,
5859,3902,0,2,1,2.0,1.0,1.0,1.0,
5859,3902,0,3,1,3.0,1.0,1.0,0.1666599165687893,
5859,3902,0,5,1,5.0,1.0,0.05552630513142487,0.05552630513142487,
5859,3902,0,13,1,13.0,1.0,1.0,0.08330970799076476,
5859,3902,0,20,1,20.0,1.0,0.05552630513142487,0.05552630513142487,
5859,3902,0,8,1,8.0,1.0,1.0,0.05552630513142487,
5859,3902,0,35,1,35.0,1.0,1.0,0.36110323599692307,
5859,3902,0,50,1,50.0,1.0,1.0,1.0,
5859,3902,1,1,1,1.0,1.0,0.2777530274188986,0.2777530274188986,
5859,3902,1,2,1,2.0,1.0,0.2777530274188986,0.05552630513142487,
5859,3902,1,3,1,3.0,1.0,1.0,1.0,
5859,3902,1,5,1,5.0,1.0,0.2777530274188986,0.2777530274188986,
5859,3902,1,8,1,8.0,1.0,1.0,0.11109311085010931,
5859,3902,1,13,1,13.0,1.0,1.0,1.0,
5859,3902,1,20,1,20.0,1.0,1.0,0.05552630513142487,
5859,3902,1,35,1,35.0,1.0,0.05552630513142487,0.05552630513142487,
5859,3902,1,50,1,50.0,1.0,0.05552630513142487,0.05552630513142487,
5859,3902,2,1,1,1.0,1.0,1.0,0.2777530274188986,
5859,3902,2,2,1,2.0,1.0,1.0,0.05552630513142487,
5859,3902,2,3,1,3.0,1.0,1.0,0.2777530274188986,
5859,3902,2,5,1,5.0,1.0,0.2777530274188986,0.05552630513142487,
5859,3902,2,13,1,13.0,1.0,0.05552630513142487,0.05552630513142487,
5859,3902,2,8,1,8.0,1.0,0.4444534445749476,0.33331983313758307,
5859,3902,2,20,1,20.0,1.0,1.0,1.0,
5859,3902,2,35,1,35.0,1.0,1.0,0.05552630513142487,
5859,3902,3,1,1,1.0,1.0,1.0,1.0,
5859,3902,3,2,1,2.0,1.0,1.0,0.8333400834312107,
5859,3902,2,50,1,50.0,1.0,0.2777530274188986,0.05552630513142487,
5859,3902,3,3,1,3.0,1.0,1.0,0.2777530274188986,
5859,3902,3,5,1,5.0,1.0,1.0,0.47219634684702794,
5859,3902,3,8,1,8.0,1.0,0.2777530274188986,0.05552630513142487,
5859,3902,3,13,1,13.0,1.0,1.0,1.0,
5859,3902,3,20,1,20.0,1.0,0.36110323599692307,0.05552630513142487,
5859,3902,3,50,1,50.0,1.0,1.0,0.05552630513142487,
5859,3902,3,35,1,35.0,1.0,1.0,0.08330970799076476,
5859,3902,4,1,1,1.0,1.0,1.0,0.2777530274188986,
5859,3902,4,3,1,3.0,1.0,1.0,0.19444331942813375,
5859,3902,4,2,1,2.0,1.0,0.5555465554250524,0.4999797497063724,
5859,3902,4,5,1,5.0,1.0,0.2777530274188986,0.2777530274188986,
5859,3902,4,8,1,8.0,1.0,1.0,0.2777530274188986,
5859,3902,4,13,1,13.0,1.0,1.0,1.0,
5859,3902,4,20,1,20.0,1.0,1.0,0.05552630513142487,
5859,3902,4,35,1,35.0,1.0,0.11109311085010931,0.05552630513142487,
5859,9977,0,2,1,2.0,0.2278295772881216,0.2278295772881216,0.13890538110967132,
5859,9977,0,3,1,3.0,0.2278295772881216,0.2278295772881216,0.22006522557176922,
5859,9977,0,1,1,1.0,0.2278295772881216,0.2278295772881216,0.2278295772881216,
5859,3902,4,50,1,50.0,1.0,0.05552630513142487,0.05552630513142487,
5859,9977,0,5,1,5.0,0.2278295772881216,0.2278295772881216,0.19592340176443523,
5859,9977,0,8,1,8.0,0.2278295772881216,0.2278295772881216,0.03736672659614537,
5859,9977,0,13,1,13.0,0.2278295772881216,0.1782121503533055,0.05604799933101978,
5859,9977,0,20,1,20.0,0.2278295772881216,0.1782121503533055,0.13890538110967132,
5859,9977,0,35,1,35.0,0.2278295772881216,0.19592340176443523,0.03348246017477119,
5859,9977,0,50,1,50.0,0.2278295772881216,0.1260442363172639,0.013831166116152094,
5859,9977,1,1,1,1.0,0.19592340176443523,0.19592340176443523,0.082493623782247,
5859,9977,1,3,1,3.0,0.19592340176443523,0.19592340176443523,0.19592340176443523,
5859,9977,1,2,1,2.0,0.19592340176443523,0.082493623782247,0.013831166116152094,
5859,9977,1,5,1,5.0,0.19592340176443523,0.19592340176443523,0.19592340176443523,
5859,9977,1,8,1,8.0,0.19592340176443523,0.1782121503533055,0.13890538110967132,
5859,9977,1,13,1,13.0,0.19592340176443523,0.16159217293138783,0.11937533971651959,
5859,9977,1,20,1,20.0,0.19592340176443523,0.07266797675293746,0.07266797675293746,
5859,9977,1,35,1,35.0,0.19592340176443523,0.19592340176443523,0.0,
5859,9977,1,50,1,50.0,0.19592340176443523,0.013831166116152094,0.013831166116152094,
5859,9977,2,1,1,1.0,1.0,0.4195091357611742,0.2278295772881216,
5859,9977,2,2,1,2.0,1.0,0.19592340176443523,0.07109169210185218,
5859,9977,2,3,1,3.0,1.0,0.3011038173683993,0.19289208512773348,
5859,9977,2,5,1,5.0,1.0,0.2278295772881216,0.07109169210185218,
5859,9977,2,13,1,13.0,1.0,0.1782121503533055,0.07618430405151166,
5859,9977,2,8,1,8.0,1.0,0.19592340176443523,0.05410795668353041,
5859,9977,2,20,1,20.0,1.0,0.2278295772881216,0.11876907638917944,
5859,9977,2,35,1,35.0,1.0,0.04537358364343391,0.013831166116152094,
5859,9977,2,50,1,50.0,1.0,0.18476397541497702,0.04537358364343391,
5859,9977,3,1,1,1.0,0.2278295772881216,0.2278295772881216,0.1043316469456872,
5859,9977,3,2,1,2.0,0.2278295772881216,0.2278295772881216,0.2278295772881216,
5859,9977,3,3,1,3.0,0.2278295772881216,0.2278295772881216,0.19592340176443523,
5859,9977,3,5,1,5.0,0.2278295772881216,0.19592340176443523,0.11876907638917944,
5859,9977,3,8,1,8.0,0.2278295772881216,0.2278295772881216,0.0050967930760550395,
5859,9977,3,13,1,13.0,0.2278295772881216,0.19592340176443523,0.024263076472801792,
5859,9977,3,20,1,20.0,0.2278295772881216,0.2278295772881216,0.042095580549400324,
5859,9977,3,35,1,35.0,0.2278295772881216,0.024263076472801792,0.013831166116152094,
5859,9977,3,50,1,50.0,0.2278295772881216,0.15916711962202612,0.15916711962202612,
5859,9977,4,1,1,1.0,0.2278295772881216,0.2278295772881216,0.2278295772881216,
5859,9977,4,2,1,2.0,0.2278295772881216,0.2278295772881216,0.1782121503533055,
5859,9977,4,3,1,3.0,0.2278295772881216,0.2278295772881216,0.1782121503533055,
5859,9977,4,5,1,5.0,0.2278295772881216,0.2278295772881216,0.07849228582180057,
5859,9977,4,8,1,8.0,0.2278295772881216,0.18925032403729591,0.12810971275661664,
5859,9977,4,13,1,13.0,0.2278295772881216,0.2278295772881216,0.15916711962202612,
5859,9977,4,20,1,20.0,0.2278295772881216,0.2278295772881216,0.11876907638917944,
5859,9977,4,35,1,35.0,0.2278295772881216,0.2278295772881216,0.13890538110967132,
5859,9977,4,50,1,50.0,0.2278295772881216,0.2278295772881216,0.042095580549400324,
5859,125923,0,1,1,1.0,0.032710506376049775,0.032710506376049775,0.032710506376049775,
5859,125923,0,2,1,2.0,0.032710506376049775,0.032710506376049775,0.032710506376049775,
5859,125923,0,3,1,3.0,0.032710506376049775,0.032710506376049775,0.032709011049296466,
5859,125923,0,5,1,5.0,0.032710506376049775,0.032709011049296466,0.032709011049296466,
5859,125923,0,8,1,8.0,0.032710506376049775,0.032709011049296466,0.032709011049296466,
5859,125923,0,20,1,20.0,0.032710506376049775,0.032709011049296466,0.01401602476261099,
5859,125923,0,13,1,13.0,0.032710506376049775,0.032710506376049775,0.032710506376049775,
5859,125923,0,35,1,35.0,0.032710506376049775,0.014017426631442675,0.014017426631442675,
5859,125923,0,50,1,50.0,0.032710506376049775,0.032709011049296466,0.032709011049296466,
5859,125923,1,1,1,1.0,0.032710506376049775,0.032710506376049775,0.032709011049296466,
5859,125923,1,2,1,2.0,0.032710506376049775,0.032710506376049775,0.032709011049296466,
5859,125923,1,3,1,3.0,0.032710506376049775,0.032710506376049775,0.032709011049296466,
5859,125923,1,5,1,5.0,0.032710506376049775,0.032710506376049775,0.032709011049296466,
5859,125923,1,13,1,13.0,0.032710506376049775,0.032710506376049775,0.032709011049296466,
5859,125923,1,8,1,8.0,0.032710506376049775,0.032710506376049775,0.032710506376049775,
5859,125923,1,35,1,35.0,0.032710506376049775,0.032709011049296466,0.032709011049296466,
5859,125923,1,20,1,20.0,0.032710506376049775,0.032709011049296466,0.032709011049296466,
5859,125923,1,50,1,50.0,0.032710506376049775,0.032710506376049775,0.032709011049296466,
5859,125923,2,1,1,1.0,0.032709011049296466,0.032709011049296466,0.032709011049296466,
5859,125923,2,2,1,2.0,0.032709011049296466,0.032709011049296466,0.032709011049296466,
5859,125923,2,3,1,3.0,0.032709011049296466,0.032709011049296466,0.032709011049296466,
5859,125923,2,5,1,5.0,0.032709011049296466,0.032709011049296466,0.032709011049296466,
5859,125923,2,8,1,8.0,0.032709011049296466,0.032709011049296466,0.032709011049296466,
5859,125923,2,13,1,13.0,0.032709011049296466,0.032709011049296466,0.032709011049296466,
5859,125923,2,20,1,20.0,0.032709011049296466,0.032709011049296466,0.032709011049296466,
5859,125923,2,35,1,35.0,0.032709011049296466,0.032709011049296466,0.032709011049296466,
5859,125923,2,50,1,50.0,0.032709011049296466,0.032709011049296466,0.032709011049296466,
5859,125923,3,1,1,1.0,0.032709011049296466,0.032709011049296466,0.032709011049296466,
5859,125923,3,2,1,2.0,0.032709011049296466,0.032709011049296466,0.032709011049296466,
5859,125923,3,3,1,3.0,0.032709011049296466,0.032709011049296466,0.032709011049296466,
5859,125923,3,5,1,5.0,0.032709011049296466,0.032709011049296466,0.032709011049296466,
5859,125923,3,8,1,8.0,0.032709011049296466,0.032709011049296466,0.032709011049296466,
5859,125923,3,13,1,13.0,0.032709011049296466,0.032709011049296466,0.032709011049296466,
5859,125923,3,20,1,20.0,0.032709011049296466,0.032709011049296466,0.032709011049296466,
5859,125923,3,35,1,35.0,0.032709011049296466,0.032709011049296466,0.032709011049296466,
5859,125923,3,50,1,50.0,0.032709011049296466,0.032709011049296466,0.032709011049296466,
5859,125923,4,2,1,2.0,0.032710506376049775,0.032710506376049775,0.032710506376049775,
5859,125923,4,1,1,1.0,0.032710506376049775,0.032710506376049775,0.032710506376049775,
5859,125923,4,3,1,3.0,0.032710506376049775,0.032709011049296466,0.032709011049296466,
5859,125923,4,5,1,5.0,0.032710506376049775,0.032710506376049775,0.032709011049296466,
5859,125923,4,8,1,8.0,0.032710506376049775,0.032710506376049775,0.032709011049296466,
5859,125923,4,13,1,13.0,0.032710506376049775,0.032710506376049775,0.032710506376049775,
5859,125923,4,20,1,20.0,0.032710506376049775,0.032710506376049775,0.032709011049296466,
5859,125923,4,35,1,35.0,0.032710506376049775,0.032709011049296466,0.032709011049296466,
5859,125923,4,50,1,50.0,0.032710506376049775,0.032710506376049775,0.032709011049296466,
5889,9971,0,1,1,1.0,0.13952763165030546,0.13952763165030546,0.13952763165030546,
5889,9971,0,2,1,2.0,0.13952763165030546,0.13952763165030546,0.0,
5889,9971,0,3,1,3.0,0.13952763165030546,0.13952763165030546,0.13952763165030546,
5889,9971,0,5,1,5.0,0.13952763165030546,0.13952763165030546,0.13952763165030546,
5889,9971,0,8,1,8.0,0.13952763165030546,0.13952763165030546,0.0,
5889,9971,0,13,1,13.0,0.13952763165030546,0.13952763165030546,0.13952763165030546,
5889,9971,0,20,1,20.0,0.13952763165030546,0.13952763165030546,0.13952763165030546,
5889,9971,0,35,1,35.0,0.13952763165030546,0.13952763165030546,0.13952763165030546,
5889,9971,0,50,1,50.0,0.13952763165030546,0.13952763165030546,0.13952763165030546,
5889,9971,1,1,1,1.0,0.3953441075980263,0.04650469114377187,0.04650469114377187,
5889,9971,1,2,1,2.0,0.3953441075980263,0.2558164759477193,0.2558164759477193,
5889,9971,1,5,1,5.0,0.3953441075980263,0.0,0.0,
5889,9971,1,3,1,3.0,0.3953441075980263,0.18604588101307018,0.04650469114377187,
5889,9971,1,8,1,8.0,0.3953441075980263,0.0,0.0,
5889,9971,1,13,1,13.0,0.3953441075980263,0.2558164759477193,0.11627528607842108,
5889,9971,1,20,1,20.0,0.3953441075980263,0.2790688215196052,0.0,
5889,9971,1,35,1,35.0,0.3953441075980263,0.32557351266337564,0.11627528607842108,
5889,9971,1,50,1,50.0,0.3953441075980263,0.0,0.0,
5889,9971,2,1,1,1.0,0.2790688215196052,0.20929822658495612,0.20929822658495612,
5889,9971,2,3,1,3.0,0.2790688215196052,0.0,0.0,
5889,9971,2,2,1,2.0,0.2790688215196052,0.2325505721568406,0.18604588101307018,
5889,9971,2,5,1,5.0,0.2790688215196052,0.2790688215196052,0.2790688215196052,
5889,9971,2,8,1,8.0,0.2790688215196052,0.2790688215196052,0.13952763165030546,
5889,9971,2,13,1,13.0,0.2790688215196052,0.2790688215196052,0.04650469114377187,
5889,9971,2,20,1,20.0,0.2790688215196052,0.20929822658495612,0.04650469114377187,
5889,9971,2,35,1,35.0,0.2790688215196052,0.04650469114377187,0.0,
5889,9971,2,50,1,50.0,0.2790688215196052,0.2790688215196052,0.0,
5889,9971,3,1,1,1.0,0.16279353544118425,0.16279353544118425,0.16279353544118425,
5889,9971,3,2,1,2.0,0.16279353544118425,0.16279353544118425,0.13952763165030546,
5889,9971,3,5,1,5.0,0.16279353544118425,0.16279353544118425,0.0,
5889,9971,3,3,1,3.0,0.16279353544118425,0.16279353544118425,0.0,
5889,9971,3,8,1,8.0,0.16279353544118425,0.16279353544118425,0.0,
5889,9971,3,13,1,13.0,0.16279353544118425,0.04650469114377187,0.0,
5889,9971,3,20,1,20.0,0.16279353544118425,0.16279353544118425,0.13952763165030546,
5889,9971,3,35,1,35.0,0.16279353544118425,0.04650469114377187,0.0,
5889,9971,3,50,1,50.0,0.16279353544118425,0.0,0.0,
5889,9971,4,1,1,1.0,0.37209176202614036,0.30232116709149126,0.30232116709149126,
5889,9971,4,2,1,2.0,0.37209176202614036,0.32557351266337564,0.11627528607842108,
5889,9971,4,3,1,3.0,0.37209176202614036,0.2790688215196052,0.13952763165030546,
5889,9971,4,8,1,8.0,0.37209176202614036,0.32557351266337564,0.04650469114377187,
5889,9971,4,5,1,5.0,0.37209176202614036,0.13952763165030546,0.04650469114377187,
5889,9971,4,13,1,13.0,0.37209176202614036,0.32557351266337564,0.04650469114377187,
5889,9971,4,20,1,20.0,0.37209176202614036,0.2790688215196052,0.0,
5889,9971,4,35,1,35.0,0.37209176202614036,0.0,0.0,
5889,9971,4,50,1,50.0,0.37209176202614036,0.16279353544118425,0.13952763165030546,
5889,3918,0,1,1,1.0,0.1333086876155266,0.1333086876155266,0.1333086876155266,
5889,3918,0,2,1,2.0,0.1333086876155266,0.1333086876155266,0.0,
5889,3918,0,3,1,3.0,0.1333086876155266,0.06661737523104838,0.0,
5889,3918,0,5,1,5.0,0.1333086876155266,0.06661737523104838,0.0,
5889,3918,0,8,1,8.0,0.1333086876155266,0.06661737523104838,0.0,
5889,3918,0,13,1,13.0,0.1333086876155266,0.1333086876155266,0.0,
5889,3918,0,20,1,20.0,0.1333086876155266,0.1333086876155266,0.0,
5889,3918,0,35,1,35.0,0.1333086876155266,0.06661737523104838,0.06661737523104838,
5889,3918,0,50,1,50.0,0.1333086876155266,0.06661737523104838,0.0,
5889,3918,1,1,1,1.0,0.1333086876155266,0.06661737523104838,0.06661737523104838,
5889,3918,1,2,1,2.0,0.1333086876155266,0.06661737523104838,0.06661737523104838,
5889,3918,1,3,1,3.0,0.1333086876155266,0.1333086876155266,0.1333086876155266,
5889,3918,1,5,1,5.0,0.1333086876155266,0.1333086876155266,0.06661737523104838,
5889,3918,1,8,1,8.0,0.1333086876155266,0.1333086876155266,0.0,
5889,3918,1,13,1,13.0,0.1333086876155266,0.1333086876155266,0.06661737523104838,
5889,3918,1,20,1,20.0,0.1333086876155266,0.06661737523104838,0.0,
5889,3918,1,35,1,35.0,0.1333086876155266,0.0,0.0,
5889,3918,1,50,1,50.0,0.1333086876155266,0.1333086876155266,0.0,
5889,3918,2,1,1,1.0,0.26669131238446675,0.26669131238446675,0.0,
5889,3918,2,2,1,2.0,0.26669131238446675,0.19999999999999674,0.0,
5889,3918,2,3,1,3.0,0.26669131238446675,0.06661737523104838,0.0,
5889,3918,2,5,1,5.0,0.26669131238446675,0.26669131238446675,0.06661737523104838,
5889,3918,2,13,1,13.0,0.26669131238446675,0.0,0.0,
5889,3918,2,8,1,8.0,0.26669131238446675,0.06661737523104838,0.0,
5889,3918,2,20,1,20.0,0.26669131238446675,0.1333086876155266,0.06661737523104838,
5889,3918,2,35,1,35.0,0.26669131238446675,0.19999999999999674,0.06661737523104838,
5889,3918,2,50,1,50.0,0.26669131238446675,0.19999999999999674,0.0,
5889,3918,3,1,1,1.0,0.1333086876155266,0.1333086876155266,0.06661737523104838,
5889,3918,3,2,1,2.0,0.1333086876155266,0.06661737523104838,0.06661737523104838,
5889,3918,3,3,1,3.0,0.1333086876155266,0.1333086876155266,0.0,
5889,3918,3,5,1,5.0,0.1333086876155266,0.06661737523104838,0.06661737523104838,
5889,3918,3,8,1,8.0,0.1333086876155266,0.1333086876155266,0.0,
5889,3918,3,13,1,13.0,0.1333086876155266,0.06661737523104838,0.06661737523104838,
5889,3918,3,20,1,20.0,0.1333086876155266,0.1333086876155266,0.0,
5889,3918,3,35,1,35.0,0.1333086876155266,0.1333086876155266,0.1333086876155266,
5889,3918,4,2,1,2.0,0.1333086876155266,0.1333086876155266,0.1333086876155266,
5889,3918,3,50,1,50.0,0.1333086876155266,0.06661737523104838,0.06661737523104838,
5889,3918,4,1,1,1.0,0.1333086876155266,0.1333086876155266,0.1333086876155266,
5889,3918,4,3,1,3.0,0.1333086876155266,0.1333086876155266,0.06661737523104838,
5889,3918,4,5,1,5.0,0.1333086876155266,0.1333086876155266,0.1333086876155266,
5889,3918,4,8,1,8.0,0.1333086876155266,0.1333086876155266,0.06661737523104838,
5889,3918,4,13,1,13.0,0.1333086876155266,0.1333086876155266,0.0,
5889,3918,4,20,1,20.0,0.1333086876155266,0.1333086876155266,0.0,
5889,3918,4,35,1,35.0,0.1333086876155266,0.1333086876155266,0.0,
5889,3918,4,50,1,50.0,0.1333086876155266,0.1333086876155266,0.0,
4796,3549,0,3,1,3.0,0.0,0.0,0.0,
4796,3549,0,1,1,1.0,0.0,0.0,0.0,
4796,3549,0,2,1,2.0,0.0,0.0,0.0,
4796,3549,0,5,1,5.0,0.0,0.0,0.0,
4796,3549,0,8,1,8.0,0.0,0.0,0.0,
4796,3549,0,13,1,13.0,0.0,0.0,0.0,
4796,3549,0,20,1,20.0,0.0,0.0,0.0,
4796,3549,0,35,1,35.0,0.0,0.0,0.0,
4796,3549,1,1,1,1.0,0.16521745489648354,0.16521745489648354,0.017390541242202295,
4796,3549,0,50,1,50.0,0.0,0.0,0.0,
4796,3549,1,2,1,2.0,0.16521745489648354,0.0,0.0,
4796,3549,1,5,1,5.0,0.16521745489648354,0.0,0.0,
4796,3549,1,8,1,8.0,0.16521745489648354,0.16521745489648354,0.0,
4796,3549,1,3,1,3.0,0.16521745489648354,0.13912432993761958,0.0,
4796,3549,1,13,1,13.0,0.16521745489648354,0.017390541242202295,0.0,
4796,3549,1,20,1,20.0,0.16521745489648354,0.0,0.0,
4796,3549,1,35,1,35.0,0.16521745489648354,0.13912432993761958,0.0,
4796,3549,1,50,1,50.0,0.16521745489648354,0.0347810824844047,0.0,
4796,3549,2,2,1,2.0,0.0347810824844047,0.0347810824844047,0.017390541242202295,
4796,3549,2,1,1,1.0,0.0347810824844047,0.0347810824844047,0.0,
4796,3549,2,5,1,5.0,0.0347810824844047,0.017390541242202295,0.0,
4796,3549,2,3,1,3.0,0.0347810824844047,0.0,0.0,
4796,3549,2,8,1,8.0,0.0347810824844047,0.0,0.0,
4796,3549,2,13,1,13.0,0.0347810824844047,0.017390541242202295,0.0,
4796,3549,2,20,1,20.0,0.0347810824844047,0.0347810824844047,0.0,
4796,3549,2,35,1,35.0,0.0347810824844047,0.017390541242202295,0.0,
4796,3549,2,50,1,50.0,0.0347810824844047,0.0260858118633035,0.0,
4796,3549,3,1,1,1.0,0.0260858118633035,0.0,0.0,
4796,3549,3,2,1,2.0,0.0260858118633035,0.0260858118633035,0.0,
4796,3549,3,5,1,5.0,0.0260858118633035,0.0260858118633035,0.0,
4796,3549,3,3,1,3.0,0.0260858118633035,0.0260858118633035,0.017390541242202295,
4796,3549,3,8,1,8.0,0.0260858118633035,0.017390541242202295,0.008695270621101203,
4796,3549,3,20,1,20.0,0.0260858118633035,0.0,0.0,
4796,3549,3,13,1,13.0,0.0260858118633035,0.017390541242202295,0.0,
4796,3549,3,35,1,35.0,0.0260858118633035,0.0260858118633035,0.0,
4796,3549,3,50,1,50.0,0.0260858118633035,0.0260858118633035,0.0,
4796,3549,4,1,1,1.0,0.24347489048639415,0.017390541242202295,0.017390541242202295,
4796,3549,4,2,1,2.0,0.24347489048639415,0.16521745489648354,0.0,
4796,3549,4,5,1,5.0,0.24347489048639415,0.0,0.0,
4796,3549,4,3,1,3.0,0.24347489048639415,0.07825743558991138,0.0,
4796,3549,4,8,1,8.0,0.24347489048639415,0.18260799613868595,0.017390541242202295,
4796,3549,4,13,1,13.0,0.24347489048639415,0.0347810824844047,0.0,
4796,3549,4,20,1,20.0,0.24347489048639415,0.0,0.0,
4796,3549,4,35,1,35.0,0.24347489048639415,0.11303851807431609,0.0,
4796,3549,4,50,1,50.0,0.24347489048639415,0.06086689434770898,0.008695270621101203,
4796,3918,0,1,1,1.0,0.3103632887189296,0.3103632887189296,0.17242829827916228,
4796,3918,0,2,1,2.0,0.3103632887189296,0.17242829827916228,0.17242829827916228,
4796,3918,0,3,1,3.0,0.3103632887189296,0.17242829827916228,0.17242829827916228,
4796,3918,0,8,1,8.0,0.3103632887189296,0.17242829827916228,0.17242829827916228,
4796,3918,0,5,1,5.0,0.3103632887189296,0.17242829827916228,0.17242829827916228,
4796,3918,0,13,1,13.0,0.3103632887189296,0.103441682600385,0.06898661567877729,
4796,3918,0,20,1,20.0,0.3103632887189296,0.17242829827916228,0.17242829827916228,
4796,3918,0,35,1,35.0,0.3103632887189296,0.20692160611854893,0.17242829827916228,
4796,3918,0,50,1,50.0,0.3103632887189296,0.0,0.0,
4796,3918,1,1,1,1.0,0.17242829827916228,0.17242829827916228,0.17242829827916228,
4796,3918,1,2,1,2.0,0.17242829827916228,0.17242829827916228,0.17242829827916228,
4796,3918,1,3,1,3.0,0.17242829827916228,0.17242829827916228,0.17242829827916228,
4796,3918,1,5,1,5.0,0.17242829827916228,0.17242829827916228,0.17242829827916228,
4796,3918,1,8,1,8.0,0.17242829827916228,0.17242829827916228,0.0,
4796,3918,1,13,1,13.0,0.17242829827916228,0.103441682600385,0.103441682600385,
4796,3918,1,35,1,35.0,0.17242829827916228,0.17242829827916228,0.17242829827916228,
4796,3918,1,20,1,20.0,0.17242829827916228,0.17242829827916228,0.0,
4796,3918,1,50,1,50.0,0.17242829827916228,0.17242829827916228,0.17242829827916228,
4796,3918,2,1,1,1.0,0.17242829827916228,0.17242829827916228,0.17242829827916228,
4796,3918,2,2,1,2.0,0.17242829827916228,0.17242829827916228,0.17242829827916228,
4796,3918,2,3,1,3.0,0.17242829827916228,0.17242829827916228,0.103441682600385,
4796,3918,2,5,1,5.0,0.17242829827916228,0.17242829827916228,0.0,
4796,3918,2,8,1,8.0,0.17242829827916228,0.17242829827916228,0.17242829827916228,
4796,3918,2,13,1,13.0,0.17242829827916228,0.17242829827916228,0.17242829827916228,
4796,3918,2,20,1,20.0,0.17242829827916228,0.17242829827916228,0.17242829827916228,
4796,3918,2,50,1,50.0,0.17242829827916228,0.17242829827916228,0.17242829827916228,
4796,3918,2,35,1,35.0,0.17242829827916228,0.17242829827916228,0.17242829827916228,
4796,3918,3,1,1,1.0,0.17242829827916228,0.17242829827916228,0.103441682600385,
4796,3918,3,2,1,2.0,0.17242829827916228,0.17242829827916228,0.17242829827916228,
4796,3918,3,3,1,3.0,0.17242829827916228,0.17242829827916228,0.17242829827916228,
4796,3918,3,5,1,5.0,0.17242829827916228,0.17242829827916228,0.17242829827916228,
4796,3918,3,8,1,8.0,0.17242829827916228,0.17242829827916228,0.17242829827916228,
4796,3918,3,13,1,13.0,0.17242829827916228,0.17242829827916228,0.17242829827916228,
4796,3918,3,20,1,20.0,0.17242829827916228,0.17242829827916228,0.17242829827916228,
4796,3918,3,35,1,35.0,0.17242829827916228,0.17242829827916228,0.17242829827916228,
4796,3918,3,50,1,50.0,0.17242829827916228,0.17242829827916228,0.17242829827916228,
4796,3918,4,1,1,1.0,0.20692160611854893,0.17242829827916228,0.06898661567877729,
4796,3918,4,2,1,2.0,0.20692160611854893,0.20692160611854893,0.17242829827916228,
4796,3918,4,3,1,3.0,0.20692160611854893,0.17242829827916228,0.17242829827916228,
4796,3918,4,5,1,5.0,0.20692160611854893,0.20692160611854893,0.17242829827916228,
4796,3918,4,8,1,8.0,0.20692160611854893,0.17242829827916228,0.0,
4796,3918,4,13,1,13.0,0.20692160611854893,0.17242829827916228,0.17242829827916228,
4796,3918,4,20,1,20.0,0.20692160611854893,0.17242829827916228,0.17242829827916228,
4796,3918,4,35,1,35.0,0.20692160611854893,0.17242829827916228,0.17242829827916228,
4796,9903,0,1,1,1.0,0.22535211267605648,0.22535211267605648,0.05633802816901412,
4796,3918,4,50,1,50.0,0.20692160611854893,0.17242829827916228,0.17242829827916228,
4796,9903,0,2,1,2.0,0.22535211267605648,0.14084507042253536,0.05633802816901412,
4796,9903,0,5,1,5.0,0.22535211267605648,0.05633802816901412,0.05633802816901412,
4796,9903,0,3,1,3.0,0.22535211267605648,0.07042253521126762,0.0,
4796,9903,0,8,1,8.0,0.22535211267605648,0.22535211267605648,0.14084507042253536,
4796,9903,0,13,1,13.0,0.22535211267605648,0.04225352112676062,0.04225352112676062,
4796,9903,0,20,1,20.0,0.22535211267605648,0.07042253521126762,0.05633802816901412,
4796,9903,0,35,1,35.0,0.22535211267605648,0.05633802816901412,0.05633802816901412,
4796,9903,0,50,1,50.0,0.22535211267605648,0.22535211267605648,0.04225352112676062,
4796,9903,1,2,1,2.0,0.12676056338028174,0.09859154929577474,0.04225352112676062,
4796,9903,1,1,1,1.0,0.12676056338028174,0.11267605633802824,0.05633802816901412,
4796,9903,1,3,1,3.0,0.12676056338028174,0.04225352112676062,0.04225352112676062,
4796,9903,1,5,1,5.0,0.12676056338028174,0.12676056338028174,0.07042253521126762,
4796,9903,1,8,1,8.0,0.12676056338028174,0.12676056338028174,0.05633802816901412,
4796,9903,1,13,1,13.0,0.12676056338028174,0.12676056338028174,0.04225352112676062,
4796,9903,1,20,1,20.0,0.12676056338028174,0.07042253521126762,0.05633802816901412,
4796,9903,1,35,1,35.0,0.12676056338028174,0.12676056338028174,0.0,
4796,9903,1,50,1,50.0,0.12676056338028174,0.07042253521126762,0.04225352112676062,
4796,9903,2,1,1,1.0,0.3098591549295777,0.2535211267605636,0.05633802816901412,
4796,9903,2,2,1,2.0,0.3098591549295777,0.2535211267605636,0.11267605633802824,
4796,9903,2,3,1,3.0,0.3098591549295777,0.05633802816901412,0.05633802816901412,
4796,9903,2,5,1,5.0,0.3098591549295777,0.05633802816901412,0.04225352112676062,
4796,9903,2,8,1,8.0,0.3098591549295777,0.22535211267605648,0.11267605633802824,
4796,9903,2,13,1,13.0,0.3098591549295777,0.2535211267605636,0.09859154929577474,
4796,9903,2,20,1,20.0,0.3098591549295777,0.22535211267605648,0.04225352112676062,
4796,9903,2,35,1,35.0,0.3098591549295777,0.22535211267605648,0.04225352112676062,
4796,9903,2,50,1,50.0,0.3098591549295777,0.05633802816901412,0.05633802816901412,
4796,9903,3,1,1,1.0,0.2535211267605636,0.19718309859154948,0.11267605633802824,
4796,9903,3,3,1,3.0,0.2535211267605636,0.2535211267605636,0.0,
4796,9903,3,5,1,5.0,0.2535211267605636,0.19718309859154948,0.04225352112676062,
4796,9903,3,8,1,8.0,0.2535211267605636,0.12676056338028174,0.0,
4796,9903,3,2,1,2.0,0.2535211267605636,0.05633802816901412,0.04225352112676062,
4796,9903,3,13,1,13.0,0.2535211267605636,0.14084507042253536,0.05633802816901412,
4796,9903,3,35,1,35.0,0.2535211267605636,0.12676056338028174,0.07042253521126762,
4796,9903,3,20,1,20.0,0.2535211267605636,0.12676056338028174,0.0,
4796,9903,3,50,1,50.0,0.2535211267605636,0.19718309859154948,0.05633802816901412,
4796,9903,4,1,1,1.0,0.22535211267605648,0.21126760563380298,0.12676056338028174,
4796,9903,4,2,1,2.0,0.22535211267605648,0.05633802816901412,0.05633802816901412,
4796,9903,4,3,1,3.0,0.22535211267605648,0.22535211267605648,0.05633802816901412,
4796,9903,4,8,1,8.0,0.22535211267605648,0.22535211267605648,0.05633802816901412,
4796,9903,4,5,1,5.0,0.22535211267605648,0.05633802816901412,0.05633802816901412,
4796,9903,4,13,1,13.0,0.22535211267605648,0.22535211267605648,0.05633802816901412,
4796,9903,4,20,1,20.0,0.22535211267605648,0.22535211267605648,0.05633802816901412,
4796,9903,4,35,1,35.0,0.22535211267605648,0.22535211267605648,0.04225352112676062,
4796,9903,4,50,1,50.0,0.22535211267605648,0.22535211267605648,0.05633802816901412,
4796,23,0,1,1,1.0,0.08163173281427338,0.08163173281427338,0.010198330089207563,
4796,23,0,2,1,2.0,0.08163173281427338,0.010198330089207563,0.010198330089207563,
4796,23,0,3,1,3.0,0.08163173281427338,0.07652881009461865,0.010198330089207563,
4796,23,0,5,1,5.0,0.08163173281427338,0.03061002096782761,0.010198330089207563,
4796,23,0,8,1,8.0,0.08163173281427338,0.010198330089207563,0.010198330089207563,
4796,23,0,13,1,13.0,0.08163173281427338,0.03061002096782761,0.010198330089207563,
4796,23,0,20,1,20.0,0.08163173281427338,0.08163173281427338,0.010198330089207563,
4796,23,0,35,1,35.0,0.08163173281427338,0.02550709824817199,0.010198330089207563,
4796,23,0,50,1,50.0,0.08163173281427338,0.020404175528517143,0.010198330089207563,
4796,23,1,1,1,1.0,0.11734467650175495,0.11734467650175495,0.05101419649634387,
4796,23,1,2,1,2.0,0.11734467650175495,0.02550709824817199,0.010198330089207563,
4796,23,1,3,1,3.0,0.11734467650175495,0.11734467650175495,0.010198330089207563,
4796,23,1,5,1,5.0,0.11734467650175495,0.02550709824817199,0.010198330089207563,
4796,23,1,8,1,8.0,0.11734467650175495,0.010198330089207563,0.010198330089207563,
4796,23,1,20,1,20.0,0.11734467650175495,0.10203590834279053,0.0,
4796,23,1,13,1,13.0,0.11734467650175495,0.10713883106244537,0.07652881009461865,
4796,23,1,35,1,35.0,0.11734467650175495,0.11734467650175495,0.010198330089207563,
4796,23,1,50,1,50.0,0.11734467650175495,0.010198330089207563,0.010198330089207563,
4796,23,2,1,1,1.0,0.035712943687482346,0.035712943687482346,0.010198330089207563,
4796,23,2,2,1,2.0,0.035712943687482346,0.035712943687482346,0.010198330089207563,
4796,23,2,3,1,3.0,0.035712943687482346,0.035712943687482346,0.010198330089207563,
4796,23,2,5,1,5.0,0.035712943687482346,0.035712943687482346,0.010198330089207563,
4796,23,2,8,1,8.0,0.035712943687482346,0.02550709824817199,0.010198330089207563,
4796,23,2,13,1,13.0,0.035712943687482346,0.035712943687482346,0.010198330089207563,
4796,23,2,20,1,20.0,0.035712943687482346,0.035712943687482346,0.010198330089207563,
4796,23,2,35,1,35.0,0.035712943687482346,0.010198330089207563,0.010198330089207563,
4796,23,3,1,1,1.0,0.05611711921599871,0.010198330089207563,0.010198330089207563,
4796,23,2,50,1,50.0,0.035712943687482346,0.035712943687482346,0.010198330089207563,
4796,23,3,2,1,2.0,0.05611711921599871,0.010198330089207563,0.010198330089207563,
4796,23,3,3,1,3.0,0.05611711921599871,0.05611711921599871,0.010198330089207563,
4796,23,3,5,1,5.0,0.05611711921599871,0.010198330089207563,0.010198330089207563,
4796,23,3,8,1,8.0,0.05611711921599871,0.010198330089207563,0.0,
4796,23,3,13,1,13.0,0.05611711921599871,0.010198330089207563,0.0,
4796,23,3,20,1,20.0,0.05611711921599871,0.0,0.0,
4796,23,3,50,1,50.0,0.05611711921599871,0.04081586640713708,0.010198330089207563,
4796,23,3,35,1,35.0,0.05611711921599871,0.03061002096782761,0.010198330089207563,
4796,23,4,1,1,1.0,0.07652881009461865,0.07652881009461865,0.010198330089207563,
4796,23,4,2,1,2.0,0.07652881009461865,0.010198330089207563,0.010198330089207563,
4796,23,4,5,1,5.0,0.07652881009461865,0.07652881009461865,0.0,
4796,23,4,3,1,3.0,0.07652881009461865,0.07652881009461865,0.010198330089207563,
4796,23,4,8,1,8.0,0.07652881009461865,0.010198330089207563,0.0,
4796,23,4,13,1,13.0,0.07652881009461865,0.045918789126791926,0.010198330089207563,
4796,23,4,20,1,20.0,0.07652881009461865,0.07652881009461865,0.010198330089207563,
4796,23,4,50,1,50.0,0.07652881009461865,0.010198330089207563,0.010198330089207563,
4796,23,4,35,1,35.0,0.07652881009461865,0.010198330089207563,0.010198330089207563,
6766,3903,0,1,1,1.0,0.2856983364965926,0.2856983364965926,0.2856983364965926,
6766,3903,0,2,1,2.0,0.2856983364965926,0.2856983364965926,0.2856983364965926,
6766,3903,0,3,1,3.0,0.2856983364965926,0.2856983364965926,0.2856983364965926,
6766,3903,0,5,1,5.0,0.2856983364965926,0.2856983364965926,0.2856983364965926,
6766,3903,0,8,1,8.0,0.2856983364965926,0.2856983364965926,0.2856983364965926,
6766,3903,0,13,1,13.0,0.2856983364965926,0.2856983364965926,0.2856983364965926,
6766,3903,0,20,1,20.0,0.2856983364965926,0.2856983364965926,0.2856983364965926,
6766,3903,0,35,1,35.0,0.2856983364965926,0.2856983364965926,0.2856983364965926,
6766,3903,0,50,1,50.0,0.2856983364965926,0.2856983364965926,0.2856983364965926,
6766,3903,1,1,1,1.0,0.2142458412414877,0.2142458412414877,0.2142458412414877,
6766,3903,1,2,1,2.0,0.2142458412414877,0.2142458412414877,0.14290499051020977,
6766,3903,1,3,1,3.0,0.2142458412414877,0.2142458412414877,0.2142458412414877,
6766,3903,1,5,1,5.0,0.2142458412414877,0.2142458412414877,0.2142458412414877,
6766,3903,1,8,1,8.0,0.2142458412414877,0.2142458412414877,0.14290499051020977,
6766,3903,1,13,1,13.0,0.2142458412414877,0.2142458412414877,0.07145249525510489,
6766,3903,1,20,1,20.0,0.2142458412414877,0.07145249525510489,0.07145249525510489,
6766,3903,1,35,1,35.0,0.2142458412414877,0.14290499051020977,0.0,
6766,3903,1,50,1,50.0,0.2142458412414877,0.14290499051020977,0.07145249525510489,
6766,3903,2,1,1,1.0,0.2856983364965926,0.2856983364965926,0.2856983364965926,
6766,3903,2,2,1,2.0,0.2856983364965926,0.2856983364965926,0.2856983364965926,
6766,3903,2,3,1,3.0,0.2856983364965926,0.2856983364965926,0.2856983364965926,
6766,3903,2,5,1,5.0,0.2856983364965926,0.2856983364965926,0.2856983364965926,
6766,3903,2,8,1,8.0,0.2856983364965926,0.2856983364965926,0.2856983364965926,
6766,3903,2,13,1,13.0,0.2856983364965926,0.2856983364965926,0.2856983364965926,
6766,3903,2,20,1,20.0,0.2856983364965926,0.2856983364965926,0.2856983364965926,
6766,3903,2,35,1,35.0,0.2856983364965926,0.2856983364965926,0.2856983364965926,
6766,3903,2,50,1,50.0,0.2856983364965926,0.2856983364965926,0.2856983364965926,
6766,3903,3,1,1,1.0,0.2856983364965926,0.14290499051020977,0.07145249525510489,
6766,3903,3,2,1,2.0,0.2856983364965926,0.2856983364965926,0.2142458412414877,
6766,3903,3,3,1,3.0,0.2856983364965926,0.2856983364965926,0.14290499051020977,
6766,3903,3,5,1,5.0,0.2856983364965926,0.2856983364965926,0.2856983364965926,
6766,3903,3,8,1,8.0,0.2856983364965926,0.2856983364965926,0.2856983364965926,
6766,3903,3,13,1,13.0,0.2856983364965926,0.2856983364965926,0.14290499051020977,
6766,3903,3,35,1,35.0,0.2856983364965926,0.2856983364965926,0.2856983364965926,
6766,3903,3,20,1,20.0,0.2856983364965926,0.2856983364965926,0.2856983364965926,
6766,3903,3,50,1,50.0,0.2856983364965926,0.2856983364965926,0.2856983364965926,
6766,3903,4,1,1,1.0,0.2856983364965926,0.2856983364965926,0.2856983364965926,
6766,3903,4,2,1,2.0,0.2856983364965926,0.2856983364965926,0.2856983364965926,
6766,3903,4,3,1,3.0,0.2856983364965926,0.2856983364965926,0.2856983364965926,
6766,3903,4,5,1,5.0,0.2856983364965926,0.2856983364965926,0.2142458412414877,
6766,3903,4,8,1,8.0,0.2856983364965926,0.2856983364965926,0.2856983364965926,
6766,3903,4,13,1,13.0,0.2856983364965926,0.2142458412414877,0.2142458412414877,
6766,3903,4,50,1,50.0,0.2856983364965926,0.2856983364965926,0.2856983364965926,
6766,3903,4,20,1,20.0,0.2856983364965926,0.2856983364965926,0.2856983364965926,
6766,3903,4,35,1,35.0,0.2856983364965926,0.2856983364965926,0.2856983364965926,
6766,146064,0,1,1,1.0,0.007140644484864733,0.007140644484864733,0.007140644484864733,
6766,146064,0,2,1,2.0,0.007140644484864733,0.007140644484864733,0.007140644484864733,
6766,146064,0,3,1,3.0,0.007140644484864733,0.007140644484864733,0.007140644484864733,
6766,146064,0,5,1,5.0,0.007140644484864733,0.007140644484864733,0.007140644484864733,
6766,146064,0,13,1,13.0,0.007140644484864733,0.007140644484864733,0.007140644484864733,
6766,146064,0,8,1,8.0,0.007140644484864733,0.007140644484864733,0.007140644484864733,
6766,146064,0,20,1,20.0,0.007140644484864733,0.007140644484864733,0.007140644484864733,
6766,146064,0,50,1,50.0,0.007140644484864733,0.007140644484864733,0.007140644484864733,
6766,146064,0,35,1,35.0,0.007140644484864733,0.007140644484864733,0.007140644484864733,
6766,146064,1,1,1,1.0,0.007140644484864733,0.007140644484864733,0.007140644484864733,
6766,146064,1,3,1,3.0,0.007140644484864733,0.007140644484864733,0.007140644484864733,
6766,146064,1,2,1,2.0,0.007140644484864733,0.007140644484864733,0.007140644484864733,
6766,146064,1,5,1,5.0,0.007140644484864733,0.007140644484864733,0.007140644484864733,
6766,146064,1,8,1,8.0,0.007140644484864733,0.007140644484864733,0.007140644484864733,
6766,146064,1,13,1,13.0,0.007140644484864733,0.007140644484864733,0.007140644484864733,
6766,146064,1,20,1,20.0,0.007140644484864733,0.007140644484864733,0.007140644484864733,
6766,146064,1,35,1,35.0,0.007140644484864733,0.007140644484864733,0.007140644484864733,
6766,146064,1,50,1,50.0,0.007140644484864733,0.007140644484864733,0.007140644484864733,
6766,146064,2,1,1,1.0,0.007140644484864733,0.007140644484864733,0.007140644484864733,
6766,146064,2,2,1,2.0,0.007140644484864733,0.007140644484864733,0.007140644484864733,
6766,146064,2,3,1,3.0,0.007140644484864733,0.007140644484864733,0.007140644484864733,
6766,146064,2,5,1,5.0,0.007140644484864733,0.007140644484864733,0.007140644484864733,
6766,146064,2,8,1,8.0,0.007140644484864733,0.007140644484864733,0.007140644484864733,
6766,146064,2,13,1,13.0,0.007140644484864733,0.007140644484864733,0.007140644484864733,
6766,146064,2,20,1,20.0,0.007140644484864733,0.007140644484864733,0.007140644484864733,
6766,146064,2,35,1,35.0,0.007140644484864733,0.007140644484864733,0.007140644484864733,
6766,146064,3,1,1,1.0,0.007140644484864733,0.007140644484864733,0.007140644484864733,
6766,146064,2,50,1,50.0,0.007140644484864733,0.007140644484864733,0.007140644484864733,
6766,146064,3,2,1,2.0,0.007140644484864733,0.007140644484864733,0.007140644484864733,
6766,146064,3,3,1,3.0,0.007140644484864733,0.007140644484864733,0.007140644484864733,
6766,146064,3,5,1,5.0,0.007140644484864733,0.007140644484864733,0.007140644484864733,
6766,146064,3,8,1,8.0,0.007140644484864733,0.007140644484864733,0.007140644484864733,
6766,146064,3,13,1,13.0,0.007140644484864733,0.007140644484864733,0.007140644484864733,
6766,146064,3,20,1,20.0,0.007140644484864733,0.007140644484864733,0.007140644484864733,
6766,146064,3,35,1,35.0,0.007140644484864733,0.007140644484864733,0.007140644484864733,
6766,146064,3,50,1,50.0,0.007140644484864733,0.007140644484864733,0.007140644484864733,
6766,146064,4,1,1,1.0,0.007140644484864733,0.007140644484864733,0.007140644484864733,
6766,146064,4,2,1,2.0,0.007140644484864733,0.007140644484864733,0.007140644484864733,
6766,146064,4,5,1,5.0,0.007140644484864733,0.007140644484864733,0.007140644484864733,
6766,146064,4,3,1,3.0,0.007140644484864733,0.007140644484864733,0.007140644484864733,
6766,146064,4,8,1,8.0,0.007140644484864733,0.007140644484864733,0.007140644484864733,
6766,146064,4,13,1,13.0,0.007140644484864733,0.007140644484864733,0.007140644484864733,
6766,146064,4,20,1,20.0,0.007140644484864733,0.007140644484864733,0.007140644484864733,
6766,146064,4,35,1,35.0,0.007140644484864733,0.007140644484864733,0.007140644484864733,
6766,146064,4,50,1,50.0,0.007140644484864733,0.007140644484864733,0.007140644484864733,
6766,145953,0,1,1,1.0,0.07122929964736868,0.009076909342498829,0.009076909342498829,
6766,145953,0,2,1,2.0,0.07122929964736868,0.026536624559210686,0.0006985671561844375,
6766,145953,0,3,1,3.0,0.07122929964736868,0.014663214748024789,0.01117261081105203,
6766,145953,0,5,1,5.0,0.07122929964736868,0.0006985671561844375,0.0006985671561844375,
6766,145953,0,8,1,8.0,0.07122929964736868,0.0006985671561844375,0.0006985671561844375,
6766,145953,0,13,1,13.0,0.07122929964736868,0.015361781904209226,0.009775476498683378,
6766,145953,0,20,1,20.0,0.07122929964736868,0.014663214748024789,0.014663214748024789,
6766,145953,0,35,1,35.0,0.07122929964736868,0.007679775030129954,0.006983439717895057,
6766,145953,0,50,1,50.0,0.07122929964736868,0.005586305405526071,0.0,
6766,145953,1,1,1,1.0,0.01396464759184024,0.01396464759184024,0.01396464759184024,
6766,145953,1,2,1,2.0,0.01396464759184024,0.01396464759184024,0.003490603936972758,
6766,145953,1,3,1,3.0,0.01396464759184024,0.01396464759184024,0.006983439717895057,
6766,145953,1,5,1,5.0,0.01396464759184024,0.01396464759184024,0.006983439717895057,
6766,145953,1,8,1,8.0,0.01396464759184024,0.005586305405526071,0.005586305405526071,
6766,145953,1,13,1,13.0,0.01396464759184024,0.006983439717895057,0.006983439717895057,
6766,145953,1,20,1,20.0,0.01396464759184024,0.005586305405526071,0.0006985671561844375,
6766,145953,1,35,1,35.0,0.01396464759184024,0.01396464759184024,0.0006985671561844375,
6766,145953,1,50,1,50.0,0.01396464759184024,0.006284872561710619,0.003490603936972758,
6766,145953,2,1,1,1.0,0.07122929964736868,0.015361781904209226,0.013268312279605343,
6766,145953,2,2,1,2.0,0.07122929964736868,0.006284872561710619,0.005586305405526071,
6766,145953,2,3,1,3.0,0.07122929964736868,0.005586305405526071,0.0027920367807883206,
6766,145953,2,5,1,5.0,0.07122929964736868,0.014663214748024789,0.01396464759184024,
6766,145953,2,8,1,8.0,0.07122929964736868,0.047484711868945984,0.005586305405526071,
6766,145953,2,20,1,20.0,0.07122929964736868,0.011871177967236468,0.011871177967236468,
6766,145953,2,13,1,13.0,0.07122929964736868,0.016060349060393664,0.01396464759184024,
6766,145953,2,35,1,35.0,0.07122929964736868,0.03142436280855243,0.005586305405526071,
6766,145953,2,50,1,50.0,0.07122929964736868,0.004887738249341633,0.004887738249341633,
6766,145953,3,1,1,1.0,0.07122929964736868,0.008378342186314391,0.008378342186314391,
6766,145953,3,2,1,2.0,0.07122929964736868,0.008378342186314391,0.0027920367807883206,
6766,145953,3,3,1,3.0,0.07122929964736868,0.02304378877828872,0.0027920367807883206,
6766,145953,3,5,1,5.0,0.07122929964736868,0.0027920367807883206,0.0027920367807883206,
6766,145953,3,8,1,8.0,0.07122929964736868,0.04818327902513053,0.006983439717895057,
6766,145953,3,13,1,13.0,0.07122929964736868,0.005586305405526071,0.002093469624603883,
6766,145953,3,20,1,20.0,0.07122929964736868,0.01117261081105203,0.005586305405526071,
6766,145953,3,35,1,35.0,0.07122929964736868,0.04818327902513053,0.04818327902513053,
6766,145953,3,50,1,50.0,0.07122929964736868,0.01117261081105203,0.005586305405526071,
6766,145953,4,1,1,1.0,0.04888184618131497,0.004189171093157196,0.004189171093157196,
6766,145953,4,2,1,2.0,0.04888184618131497,0.036312101057894064,0.012569745123420906,
6766,145953,4,3,1,3.0,0.04888184618131497,0.022345221622104283,0.013268312279605343,
6766,145953,4,5,1,5.0,0.04888184618131497,0.04259697361960457,0.0027920367807883206,
6766,145953,4,8,1,8.0,0.04888184618131497,0.03142436280855243,0.0013949024684193345,
6766,145953,4,13,1,13.0,0.04888184618131497,0.022345221622104283,0.005586305405526071,
6766,145953,4,20,1,20.0,0.04888184618131497,0.003490603936972758,0.003490603936972758,
6766,145953,4,35,1,35.0,0.04888184618131497,0.006284872561710619,0.006284872561710619,
6766,145953,4,50,1,50.0,0.04888184618131497,0.007679775030129954,0.004887738249341633,
6766,145804,0,1,1,1.0,0.6937490644552886,0.6937490644552886,0.0,
6766,145804,0,2,1,2.0,0.6937490644552886,0.6937490644552886,0.0,
6766,145804,0,3,1,3.0,0.6937490644552886,0.29999999999999993,0.0,
6766,145804,0,5,1,5.0,0.6937490644552886,0.0,0.0,
6766,145804,0,8,1,8.0,0.6937490644552886,0.0,0.0,
6766,145804,0,13,1,13.0,0.6937490644552886,0.0,0.0,
6766,145804,0,20,1,20.0,0.6937490644552886,0.0,0.0,
6766,145804,0,35,1,35.0,0.6937490644552886,0.0,0.0,
6766,145804,0,50,1,50.0,0.6937490644552886,0.0,0.0,
6766,145804,1,1,1,1.0,0.1562524324162502,0.0,0.0,
6766,145804,1,2,1,2.0,0.1562524324162502,0.0,0.0,
6766,145804,1,3,1,3.0,0.1562524324162502,0.0,0.0,
6766,145804,1,5,1,5.0,0.1562524324162502,0.0,0.0,
6766,145804,1,8,1,8.0,0.1562524324162502,0.0,0.0,
6766,145804,1,13,1,13.0,0.1562524324162502,0.0,0.0,
6766,145804,1,20,1,20.0,0.1562524324162502,0.0,0.0,
6766,145804,1,35,1,35.0,0.1562524324162502,0.0,0.0,
6766,145804,1,50,1,50.0,0.1562524324162502,0.0,0.0,
6766,145804,2,1,1,1.0,0.5781247193365866,0.40000000000000013,0.0,
6766,145804,2,2,1,2.0,0.5781247193365866,0.5781247193365866,0.0,
6766,145804,2,3,1,3.0,0.5781247193365866,0.0,0.0,
6766,145804,2,5,1,5.0,0.5781247193365866,0.0,0.0,
6766,145804,2,8,1,8.0,0.5781247193365866,0.0,0.0,
6766,145804,2,13,1,13.0,0.5781247193365866,0.006250935544711456,0.0,
6766,145804,2,20,1,20.0,0.5781247193365866,0.0,0.0,
6766,145804,2,50,1,50.0,0.5781247193365866,0.5781247193365866,0.0,
6766,145804,2,35,1,35.0,0.5781247193365866,0.0,0.0,
6766,145804,3,1,1,1.0,0.0,0.0,0.0,
6766,145804,3,2,1,2.0,0.0,0.0,0.0,
6766,145804,3,3,1,3.0,0.0,0.0,0.0,
6766,145804,3,5,1,5.0,0.0,0.0,0.0,
6766,145804,3,8,1,8.0,0.0,0.0,0.0,
6766,145804,3,13,1,13.0,0.0,0.0,0.0,
6766,145804,3,20,1,20.0,0.0,0.0,0.0,
6766,145804,3,35,1,35.0,0.0,0.0,0.0,
6766,145804,4,1,1,1.0,0.0,0.0,0.0,
6766,145804,3,50,1,50.0,0.0,0.0,0.0,
6766,145804,4,2,1,2.0,0.0,0.0,0.0,
6766,145804,4,3,1,3.0,0.0,0.0,0.0,
6766,145804,4,5,1,5.0,0.0,0.0,0.0,
6766,145804,4,8,1,8.0,0.0,0.0,0.0,
6766,145804,4,13,1,13.0,0.0,0.0,0.0,
6766,145804,4,20,1,20.0,0.0,0.0,0.0,
6766,145804,4,35,1,35.0,0.0,0.0,0.0,
6766,145804,4,50,1,50.0,0.0,0.0,0.0,
6766,31,0,1,1,1.0,1.0,0.15384615384615385,0.07692307692307687,
6766,31,0,2,1,2.0,1.0,0.07692307692307687,0.07692307692307687,
6766,31,0,3,1,3.0,1.0,0.07692307692307687,0.0461538461538461,
6766,31,0,5,1,5.0,1.0,0.10769230769230764,0.07692307692307687,
6766,31,0,8,1,8.0,1.0,0.09230769230769231,0.06153846153846154,
6766,31,0,13,1,13.0,1.0,0.6923076923076923,0.09230769230769231,
6766,31,0,20,1,20.0,1.0,0.06153846153846154,0.03076923076923077,
6766,31,0,35,1,35.0,1.0,0.07692307692307687,0.0461538461538461,
6766,31,0,50,1,50.0,1.0,0.07692307692307687,0.07692307692307687,
6766,31,1,1,1,1.0,1.0,0.01538461538461533,0.01538461538461533,
6766,31,1,2,1,2.0,1.0,0.10769230769230764,0.07692307692307687,
6766,31,1,3,1,3.0,1.0,0.18461538461538463,0.07692307692307687,
6766,31,1,5,1,5.0,1.0,0.12307692307692308,0.0,
6766,31,1,8,1,8.0,1.0,0.07692307692307687,0.0461538461538461,
6766,31,1,13,1,13.0,1.0,1.0,0.06153846153846154,
6766,31,1,20,1,20.0,1.0,0.10769230769230764,0.03076923076923077,
6766,31,1,35,1,35.0,1.0,0.0,0.0,
6766,31,1,50,1,50.0,1.0,0.06153846153846154,0.06153846153846154,
6766,31,2,1,1,1.0,0.07692307692307687,0.07692307692307687,0.06153846153846154,
6766,31,2,2,1,2.0,0.07692307692307687,0.06153846153846154,0.03076923076923077,
6766,31,2,3,1,3.0,0.07692307692307687,0.06153846153846154,0.0461538461538461,
6766,31,2,5,1,5.0,0.07692307692307687,0.07692307692307687,0.07692307692307687,
6766,31,2,8,1,8.0,0.07692307692307687,0.07692307692307687,0.06153846153846154,
6766,31,2,13,1,13.0,0.07692307692307687,0.07692307692307687,0.0461538461538461,
6766,31,2,20,1,20.0,0.07692307692307687,0.07692307692307687,0.07692307692307687,
6766,31,2,35,1,35.0,0.07692307692307687,0.07692307692307687,0.07692307692307687,
6766,31,2,50,1,50.0,0.07692307692307687,0.07692307692307687,0.07692307692307687,
6766,31,3,1,1,1.0,0.12307692307692308,0.10769230769230764,0.03076923076923077,
6766,31,3,2,1,2.0,0.12307692307692308,0.12307692307692308,0.01538461538461533,
6766,31,3,3,1,3.0,0.12307692307692308,0.07692307692307687,0.01538461538461533,
6766,31,3,5,1,5.0,0.12307692307692308,0.0461538461538461,0.0461538461538461,
6766,31,3,8,1,8.0,0.12307692307692308,0.10769230769230764,0.0461538461538461,
6766,31,3,13,1,13.0,0.12307692307692308,0.09230769230769231,0.06153846153846154,
6766,31,3,20,1,20.0,0.12307692307692308,0.09230769230769231,0.03076923076923077,
6766,31,3,35,1,35.0,0.12307692307692308,0.10769230769230764,0.0461538461538461,
6766,31,3,50,1,50.0,0.12307692307692308,0.07692307692307687,0.01538461538461533,
6766,31,4,1,1,1.0,0.15384615384615385,0.15384615384615385,0.07692307692307687,
6766,31,4,2,1,2.0,0.15384615384615385,0.12307692307692308,0.06153846153846154,
6766,31,4,3,1,3.0,0.15384615384615385,0.1384615384615384,0.07692307692307687,
6766,31,4,5,1,5.0,0.15384615384615385,0.1384615384615384,0.0461538461538461,
6766,31,4,8,1,8.0,0.15384615384615385,0.09230769230769231,0.06153846153846154,
6766,31,4,13,1,13.0,0.15384615384615385,0.06153846153846154,0.0461538461538461,
6766,31,4,20,1,20.0,0.15384615384615385,0.12307692307692308,0.0461538461538461,
6766,31,4,35,1,35.0,0.15384615384615385,0.06153846153846154,0.03076923076923077,
6766,31,4,50,1,50.0,0.15384615384615385,0.01538461538461533,0.01538461538461533,
6766,10101,0,1,1,1.0,0.9090847273221792,0.18183054535563403,0.18183054535563403,
6766,10101,0,2,1,2.0,0.9090847273221792,0.2727458180334549,0.2727458180334549,
6766,10101,0,3,1,3.0,0.9090847273221792,0.2727458180334549,0.09091527267782085,
6766,10101,0,5,1,5.0,0.9090847273221792,0.18183054535563403,0.0,
6766,10101,0,8,1,8.0,0.9090847273221792,0.09091527267782085,0.09091527267782085,
6766,10101,0,13,1,13.0,0.9090847273221792,0.18183054535563403,0.09091527267782085,
6766,10101,0,20,1,20.0,0.9090847273221792,0.2727458180334549,0.0,
6766,10101,0,35,1,35.0,0.9090847273221792,0.18183054535563403,0.0,
6766,10101,0,50,1,50.0,0.9090847273221792,0.18183054535563403,0.0,
6766,10101,1,1,1,1.0,0.3636610907112757,0.2727458180334549,0.2727458180334549,
6766,10101,1,2,1,2.0,0.3636610907112757,0.18183054535563403,0.09091527267782085,
6766,10101,1,3,1,3.0,0.3636610907112757,0.2727458180334549,0.18183054535563403,
6766,10101,1,5,1,5.0,0.3636610907112757,0.18183054535563403,0.09091527267782085,
6766,10101,1,8,1,8.0,0.3636610907112757,0.2727458180334549,0.0,
6766,10101,1,13,1,13.0,0.3636610907112757,0.18183054535563403,0.09091527267782085,
6766,10101,1,20,1,20.0,0.3636610907112757,0.18183054535563403,0.0,
6766,10101,1,35,1,35.0,0.3636610907112757,0.18183054535563403,0.18183054535563403,
6766,10101,1,50,1,50.0,0.3636610907112757,0.2727458180334549,0.09091527267782085,
6766,10101,2,1,1,1.0,0.09091527267782085,0.09091527267782085,0.09091527267782085,
6766,10101,2,3,1,3.0,0.09091527267782085,0.09091527267782085,0.0,
6766,10101,2,2,1,2.0,0.09091527267782085,0.0,0.0,
6766,10101,2,5,1,5.0,0.09091527267782085,0.09091527267782085,0.0,
6766,10101,2,8,1,8.0,0.09091527267782085,0.09091527267782085,0.0,
6766,10101,2,13,1,13.0,0.09091527267782085,0.09091527267782085,0.09091527267782085,
6766,10101,2,20,1,20.0,0.09091527267782085,0.0,0.0,
6766,10101,2,35,1,35.0,0.09091527267782085,0.0,0.0,
6766,10101,2,50,1,50.0,0.09091527267782085,0.09091527267782085,0.0,
6766,10101,3,1,1,1.0,0.3636610907112757,0.09091527267782085,0.09091527267782085,
6766,10101,3,2,1,2.0,0.3636610907112757,0.18183054535563403,0.09091527267782085,
6766,10101,3,3,1,3.0,0.3636610907112757,0.18183054535563403,0.0,
6766,10101,3,5,1,5.0,0.3636610907112757,0.09091527267782085,0.09091527267782085,
6766,10101,3,8,1,8.0,0.3636610907112757,0.2727458180334549,0.09091527267782085,
6766,10101,3,13,1,13.0,0.3636610907112757,0.18183054535563403,0.18183054535563403,
6766,10101,3,20,1,20.0,0.3636610907112757,0.09091527267782085,0.09091527267782085,
6766,10101,3,35,1,35.0,0.3636610907112757,0.09091527267782085,0.0,
6766,10101,4,1,1,1.0,0.3636610907112757,0.09091527267782085,0.09091527267782085,
6766,10101,3,50,1,50.0,0.3636610907112757,0.2727458180334549,0.0,
6766,10101,4,2,1,2.0,0.3636610907112757,0.09091527267782085,0.09091527267782085,
6766,10101,4,3,1,3.0,0.3636610907112757,0.09091527267782085,0.09091527267782085,
6766,10101,4,5,1,5.0,0.3636610907112757,0.2727458180334549,0.09091527267782085,
6766,10101,4,8,1,8.0,0.3636610907112757,0.2727458180334549,0.09091527267782085,
6766,10101,4,13,1,13.0,0.3636610907112757,0.18183054535563403,0.09091527267782085,
6766,10101,4,20,1,20.0,0.3636610907112757,0.18183054535563403,0.09091527267782085,
6766,10101,4,35,1,35.0,0.3636610907112757,0.09091527267782085,0.0,
6766,10101,4,50,1,50.0,0.3636610907112757,0.2727458180334549,0.09091527267782085,
